owner_firm_id,owner_firm_name,owner_firm_state,company_id,company_name,sector,location,acquired_date,acquisition_type,exit_date,exit_type,hold_years,is_current,revenue_millions_usd,acquisitions_during_hold,divestitures_during_hold,mergr_url,_fetched_at
5308,Regent,California,260348,Avon North America,Consumer Products,"New York, New York, United States",2026-08-24,Divestiture,,,0,True,,0,0,https://mergr.com/company/260348,2026-09-04T00:08:04Z
5308,Regent,California,348300,Petit Bateau,Apparel/Textiles,"Troyes, France",2025-09-04,Divestiture,,,0.9,True,,0,0,https://mergr.com/company/348300,2026-09-04T00:08:04Z
5308,Regent,California,103901,TechCrunch,Digital Media,"San Francisco, California, United States",2025-03-21,Divestiture,,,1.4,True,,0,0,https://mergr.com/company/103901,2026-09-04T00:08:04Z
5308,Regent,California,335003,Foundry,Marketing,"Needham, Massachusetts, United States",2025-03-20,Divestiture,,,1.4,True,,0,0,https://mergr.com/company/335003,2026-09-04T00:08:04Z
5308,Regent,California,347862,InfoWorld,Digital Media,"San Francisco, California, United States",2025-03-01,Divestiture,,,1.5,True,,0,0,https://mergr.com/company/347862,2026-09-04T00:08:04Z
5308,Regent,California,7314,Scantron,Software,"Eagan, Minnesota, United States",2024-08-30,Secondary Buyout,,,2,True,,0,0,https://mergr.com/company/7314,2026-09-04T00:08:04Z
5308,Regent,California,147961,CrossKnowledge,Education,"Rueil-Malmaison, United Kingdom",2024-08-30,Divestiture,,,2,True,37,0,0,https://mergr.com/company/147961,2026-09-04T00:08:04Z
5308,Regent,California,260429,Cheddar Media,Digital Media,"New York City, New York, United States",2023-12-29,Divestiture,,,2.7,True,,0,0,https://mergr.com/company/260429,2026-09-04T00:08:04Z
5308,Regent,California,347864,Thermagenix,Manufacturing,"Neuenkirchen, Germany",2023-09-01,"Buyout (LBO, MBO, MBI)",,,3,True,,0,0,https://mergr.com/company/347864,2026-09-04T00:08:04Z
5308,Regent,California,6937,Intermix,Retail,"New York City, New York, United States",2023-03-27,Secondary Buyout,,,3.4,True,,0,0,https://mergr.com/company/6937,2026-09-04T00:08:04Z
5308,Regent,California,312026,POLS,Education,"London, United Kingdom",2023-03-21,Divestiture,,,3.4,True,,0,0,https://mergr.com/company/312026,2026-09-04T00:08:04Z
5308,Regent,California,309941,Lydall Thermal Acoustical Solutions,Manufacturing,"Hamptonville, North Carolina, United States",2023-02-09,Divestiture,,,3.5,True,,0,0,https://mergr.com/company/309941,2026-09-04T00:08:04Z
5308,Regent,California,323981,DBI,Apparel/Textiles,"Rueil-Malmaison, France",2022-03-09,Divestiture,,,4.4,True,,0,0,https://mergr.com/company/323981,2026-09-04T00:08:04Z
5308,Regent,California,129889,Club Monaco,Apparel/Textiles,"New York City, New York, United States",2021-05-13,Divestiture,,,5.3,True,,0,0,https://mergr.com/company/129889,2026-09-04T00:08:04Z
5308,Regent,California,265912,ESCADA,Apparel/Textiles,"Aschheim, Germany",2019-11-04,Divestiture,,,6.8,True,,0,0,https://mergr.com/company/265912,2026-09-04T00:08:04Z
5308,Regent,California,264983,Brands4Friends,E-Commerce,"Berlin, Germany",2019-08-31,Divestiture,2023-06-30,Shut Down,3.8,False,,0,0,https://mergr.com/company/264983,2026-09-04T00:08:04Z
5308,Regent,California,264980,Diamondback,Consumer Products,"Kent, Washington, United States",2019-08-07,Divestiture,,,7,True,,0,0,https://mergr.com/company/264980,2026-09-04T00:08:04Z
5308,Regent,California,268179,Mavic,Consumer Products,"Epagny Metz-Tessy, France",2019-07-11,Divestiture,,,7.1,True,,0,0,https://mergr.com/company/268179,2026-09-04T00:08:04Z
5308,Regent,California,268181,Plainville Farms,Agriculture,"New Oxford, Pennsylvania, United States",2019-02-22,Divestiture,2024-08-02,Divestiture,5.4,False,,0,0,https://mergr.com/company/268181,2026-09-04T00:08:04Z
5308,Regent,California,256884,La Senza,Apparel/Textiles,"Columbus, Ohio, United States",2018-12-13,Divestiture,,,7.7,True,,0,0,https://mergr.com/company/256884,2026-09-04T00:08:04Z
5308,Regent,California,268186,Sassoon Salon,Education,"London, United Kingdom",2018-12-01,Divestiture,,,7.8,True,,0,0,https://mergr.com/company/268186,2026-09-04T00:08:04Z
5308,Regent,California,245901,Sunset,Publishing,"Oakland, California, United States",2017-11-30,Divestiture,,,8.8,True,,0,0,https://mergr.com/company/245901,2026-09-04T00:08:04Z
5308,Regent,California,268192,Regis Salons,Consumer Services,"Birmingham, United Kingdom",2017-10-30,Divestiture,,,8.8,True,,0,0,https://mergr.com/company/268192,2026-09-04T00:08:04Z
5308,Regent,California,217732,Sightline Media Group,Publishing,"Vienna, Virginia, United States",2016-03-21,Divestiture,,,10.4,True,,0,0,https://mergr.com/company/217732,2026-09-04T00:08:04Z
5308,Regent,California,268207,Current,Consumer Products,"Colorado Springs, Colorado, United States",2015-12-04,Divestiture,,,10.7,True,,0,0,https://mergr.com/company/268207,2026-09-04T00:08:04Z
5308,Regent,California,230055,Lillian Vernon,E-Commerce,"Colorado Springs, Colorado, United States",2015-10-01,Divestiture,,,10.9,True,,0,0,https://mergr.com/company/230055,2026-09-04T00:08:04Z
5308,Regent,California,268211,HistoryNet,Publishing,"Beverly Hills, California, United States",2015-02-01,"Buyout (LBO, MBO, MBI)",,,11.6,True,,0,0,https://mergr.com/company/268211,2026-09-04T00:08:04Z
7114,BVP Forge,California,353099,Nevvon,Education,"New York, New York, United States",2026-08-24,Growth Capital,,,0,True,,0,0,https://mergr.com/company/353099,2026-09-04T00:08:04Z
927,Industrial Growth Partners,California,352352,Lamart,Manufacturing,"Clifton, New Jersey, United States",2026-08-03,"Buyout (LBO, MBO, MBI)",,,0.1,True,,0,0,https://mergr.com/company/352352,2026-09-04T00:08:04Z
927,Industrial Growth Partners,California,315876,Marki Microwave,Semiconductors,"Morgan Hill, California, United States",2025-12-02,"Buyout (LBO, MBO, MBI)",,,0.8,True,,2,0,https://mergr.com/company/315876,2026-09-04T00:08:04Z
927,Industrial Growth Partners,California,334825,Stored Energy Systems,Electrical Equipment,"Longmont, Colorado, United States",2025-03-10,"Buyout (LBO, MBO, MBI)",,,1.4,True,,0,0,https://mergr.com/company/334825,2026-09-04T00:08:04Z
927,Industrial Growth Partners,California,326327,AMG,Manufacturing,"Danbury, Connecticut, United States",2024-07-29,"Buyout (LBO, MBO, MBI)",,,2.1,True,,1,0,https://mergr.com/company/326327,2026-09-04T00:08:04Z
927,Industrial Growth Partners,California,267169,Process Insights,Test/Measurement Equipment,"Houston, Texas, United States",2023-07-18,Secondary Buyout,,,3.1,True,,0,0,https://mergr.com/company/267169,2026-09-04T00:08:04Z
927,Industrial Growth Partners,California,312599,Hultec,Distribution,"Fort Worth, Texas, United States",2023-04-20,"Buyout (LBO, MBO, MBI)",,,3.3,True,,0,0,https://mergr.com/company/312599,2026-09-04T00:08:04Z
927,Industrial Growth Partners,California,301945,Prince & Izant,Manufacturing,"Cleveland, Ohio, United States",2022-06-29,"Buyout (LBO, MBO, MBI)",2026-07-27,Divestiture,4,False,,1,0,https://mergr.com/company/301945,2026-09-04T00:08:04Z
927,Industrial Growth Partners,California,3426,Double E,Machinery,"West Bridgewater, Massachusetts, United States",2022-06-22,Secondary Buyout,,,4.2,True,35,1,0,https://mergr.com/company/3426,2026-09-04T00:08:04Z
927,Industrial Growth Partners,California,83209,AdvancedPCB,Semiconductors,"Aurora, Colorado, United States",2021-10-05,Secondary Buyout,,,4.8,True,,2,0,https://mergr.com/company/83209,2026-09-04T00:08:04Z
927,Industrial Growth Partners,California,290250,AEM,Electrical Equipment,"San Diego, California, United States",2021-09-13,"Buyout (LBO, MBO, MBI)",,,4.9,True,,2,0,https://mergr.com/company/290250,2026-09-04T00:08:04Z
927,Industrial Growth Partners,California,299630,Voltyx,Electrical Equipment,"Nashville, Tennessee, United States",2021-04-21,Consolidation,2024-05-28,Divestiture,3.1,False,,2,0,https://mergr.com/company/299630,2026-09-04T00:08:04Z
927,Industrial Growth Partners,California,219170,Hydromax,Information Services,"Coppell, Texas, United States",2020-12-30,Secondary Buyout,,,5.7,True,,0,0,https://mergr.com/company/219170,2026-09-04T00:08:04Z
927,Industrial Growth Partners,California,194026,ASPEQ Heating Group,Electrical Equipment,"St. Louis, Mississippi, United States",2019-11-12,Secondary Buyout,2023-05-01,Divestiture,3.4,False,120,4,0,https://mergr.com/company/194026,2026-09-04T00:08:04Z
927,Industrial Growth Partners,California,278179,Great North,Energy Services and Equipment,"Edmonton, Alberta, Canada",2019-01-01,"Buyout (LBO, MBO, MBI)",2023-07-31,Divestiture,4.5,False,,1,0,https://mergr.com/company/278179,2026-09-04T00:08:04Z
927,Industrial Growth Partners,California,255900,EPSII,Engineering,"Maryland Heights, Missouri, United States",2018-11-13,"Buyout (LBO, MBO, MBI)",2021-04-21,Divestiture,2.4,False,,0,0,https://mergr.com/company/255900,2026-09-04T00:08:04Z
927,Industrial Growth Partners,California,212258,BMG,Machinery,"Beaverton, Michigan, United States",2018-10-09,Secondary Buyout,,,7.8,True,,2,0,https://mergr.com/company/212258,2026-09-04T00:08:04Z
927,Industrial Growth Partners,California,239010,Royal Power Solutions,Manufacturing,"Carol Stream, Illinois, United States",2017-05-03,"Buyout (LBO, MBO, MBI)",2022-01-05,Divestiture,4.7,False,,1,0,https://mergr.com/company/239010,2026-09-04T00:08:04Z
927,Industrial Growth Partners,California,237048,IOTA Engineering LLC,Electrical Equipment,"Tucson, Arizona, United States",2017-03-02,"Buyout (LBO, MBO, MBI)",2018-05-01,Divestiture,1.1,False,,0,0,https://mergr.com/company/237048,2026-09-04T00:08:04Z
927,Industrial Growth Partners,California,188055,SPL,Business Services,"Houston, Texas, United States",2016-09-01,Secondary Buyout,2022-04-08,Trade Sale - Public Company,5.6,False,,5,0,https://mergr.com/company/188055,2026-09-04T00:08:04Z
927,Industrial Growth Partners,California,109189,Des-Case,Machinery,"Goodlettsville, Tennessee, United States",2016-07-06,Secondary Buyout,2023-09-05,Divestiture,7.1,False,,1,0,https://mergr.com/company/109189,2026-09-04T00:08:04Z
927,Industrial Growth Partners,California,203023,FMH Aerospace Corp.,Aerospace,"Irvine, California, United States",2015-05-05,"Buyout (LBO, MBO, MBI)",2018-02-01,Divestiture,2.7,False,,0,0,https://mergr.com/company/203023,2026-09-04T00:08:04Z
927,Industrial Growth Partners,California,13313,North American Substation Services,Business Services,"Alamonte Springs, Florida, United States",2015-01-08,Secondary Buyout,2021-04-21,Divestiture,6.3,False,,1,0,https://mergr.com/company/13313,2026-09-04T00:08:04Z
927,Industrial Growth Partners,California,228157,Grakon LLC,Automotive,"Seattle, Washington, United States",2014-10-31,Secondary Buyout,2018-08-20,Divestiture,3.8,False,159,2,0,https://mergr.com/company/228157,2026-09-04T00:08:04Z
927,Industrial Growth Partners,California,98945,"Sanders Industries, Inc.",Manufacturing,"Long Beach, California, United States",2014-06-06,"Buyout (LBO, MBO, MBI)",,,12.2,True,,0,0,https://mergr.com/company/98945,2026-09-04T00:08:04Z
927,Industrial Growth Partners,California,262562,Integrated Polymer Solutions,Manufacturing,"Long Beach, California, United States",2014-05-30,"Buyout (LBO, MBO, MBI)",2019-07-15,Trade Sale - Public Company,5.1,False,,0,0,https://mergr.com/company/262562,2026-09-04T00:08:04Z
927,Industrial Growth Partners,California,32857,Integrated Global Services,Chemicals,"Richmond, Virginia, United States",2014-05-15,Secondary Buyout,2020-02-04,Trade Sale - Public Company,5.7,False,,1,0,https://mergr.com/company/32857,2026-09-04T00:08:04Z
927,Industrial Growth Partners,California,203076,"International Polymer Solutions, Inc.",Plastics,"Irvine, California, United States",2014-03-26,"Buyout (LBO, MBO, MBI)",,,12.4,True,,0,0,https://mergr.com/company/203076,2026-09-04T00:08:04Z
927,Industrial Growth Partners,California,3025,Climax Portable Machine Tools,Machinery,"Newberg, Oregon, United States",2013-09-06,Secondary Buyout,2023-10-19,Divestiture,10.1,False,,2,0,https://mergr.com/company/3025,2026-09-04T00:08:04Z
927,Industrial Growth Partners,California,13906,"Cambridge International, Inc.",Metals/Mining,"Cambridge, Maryland, United States",2012-04-11,Secondary Buyout,2016-05-18,Divestiture,4.1,False,,1,0,https://mergr.com/company/13906,2026-09-04T00:08:04Z
927,Industrial Growth Partners,California,30183,Ideal Tridon,Machinery,"Smyrna, Tennessee, United States",2011-11-02,"Buyout (LBO, MBO, MBI)",2017-08-01,Trade Sale - Public Company,5.7,False,,2,0,https://mergr.com/company/30183,2026-09-04T00:08:04Z
927,Industrial Growth Partners,California,30184,QSR,Plastics,"Pepper Pike, Ohio, United States",2011-08-18,Secondary Buyout,2014-11-05,Trade Sale - Public Company,3.2,False,,1,0,https://mergr.com/company/30184,2026-09-04T00:08:04Z
927,Industrial Growth Partners,California,30181,"Controls Southeast, Inc.",Machinery,"Pineville, North Carolina, United States",2010-07-13,"Buyout (LBO, MBO, MBI)",2013-08-07,Divestiture,3,False,,0,0,https://mergr.com/company/30181,2026-09-04T00:08:04Z
927,Industrial Growth Partners,California,16056,O'Brien Corp.,Electrical Equipment,"St. Louis, Missouri, United States",2009-01-08,"Buyout (LBO, MBO, MBI)",2012-01-26,Divestiture,3,False,,0,0,https://mergr.com/company/16056,2026-09-04T00:08:04Z
927,Industrial Growth Partners,California,208,Xaloy,Plastics,"New Castle, Pennsylvania, United States",2008-11-07,Secondary Buyout,2012-06-21,Divestiture,3.6,False,,0,1,https://mergr.com/company/208,2026-09-04T00:08:04Z
927,Industrial Growth Partners,California,16055,Atlas Material Testing Technology LLC,Test/Measurement Equipment,"Mount Prospect, Illinois, United States",2007-11-06,"Buyout (LBO, MBO, MBI)",2010-11-09,Divestiture,3,False,,0,0,https://mergr.com/company/16055,2026-09-04T00:08:04Z
927,Industrial Growth Partners,California,16054,API Heat Transfer,Machinery,"Buffalo, New York, United States",2007-07-12,Secondary Buyout,2012-04-05,Trade Sale - Public Company,4.7,False,,0,0,https://mergr.com/company/16054,2026-09-04T00:08:04Z
927,Industrial Growth Partners,California,965,TASI,Test/Measurement Equipment,"Harrison, Ohio, United States",2007-05-31,Recapitalization,2007-05-31,Merger,0,False,,0,0,https://mergr.com/company/965,2026-09-04T00:08:04Z
927,Industrial Growth Partners,California,16057,"Seaboard International, Inc.",Energy Services and Equipment,"Houston, Texas, United States",2007-04-17,Recapitalization,2011-11-23,Divestiture,4.6,False,,0,0,https://mergr.com/company/16057,2026-09-04T00:08:04Z
927,Industrial Growth Partners,California,174513,Microporous,Chemicals,"Piney Flats, Tennessee, United States",2006-11-15,"Buyout (LBO, MBO, MBI)",2008-03-02,Divestiture,1.3,False,,0,0,https://mergr.com/company/174513,2026-09-04T00:08:04Z
927,Industrial Growth Partners,California,22969,CPP,Aerospace,"Cleveland, Ohio, United States",2005-06-15,Secondary Buyout,2008-04-21,Trade Sale - Public Company,2.8,False,,0,0,https://mergr.com/company/22969,2026-09-04T00:08:04Z
927,Industrial Growth Partners,California,21095,AmerCable,Electrical Equipment,"El Dorado, Arkansas, United States",2005-05-23,Secondary Buyout,2007-06-29,Trade Sale - Public Company,2.1,False,,0,0,https://mergr.com/company/21095,2026-09-04T00:08:04Z
927,Industrial Growth Partners,California,16063,"Global Power Systems, LLC",Marine,"Bossier City, Louisiana, United States",2005-02-01,"Buyout (LBO, MBO, MBI)",2006-06-26,Trade Sale,1.3,False,,0,0,https://mergr.com/company/16063,2026-09-04T00:08:04Z
927,Industrial Growth Partners,California,23854,Jonathan Engineered Solutions,Manufacturing,"Irvine, California, United States",2004-01-01,"Buyout (LBO, MBO, MBI)",2007-07-29,Trade Sale - Public Company,3.5,False,,0,0,https://mergr.com/company/23854,2026-09-04T00:08:04Z
927,Industrial Growth Partners,California,965,TASI,Test/Measurement Equipment,"Harrison, Ohio, United States",2003-09-25,Secondary Buyout,2007-05-31,Merger,3.7,False,,1,0,https://mergr.com/company/965,2026-09-04T00:08:04Z
927,Industrial Growth Partners,California,13357,We Are Alexander,Marketing,"St. Louis, Missouri, United States",2003-04-01,"Buyout (LBO, MBO, MBI)",2008-08-01,Trade Sale - Public Company,5.3,False,,0,0,https://mergr.com/company/13357,2026-09-04T00:08:04Z
927,Industrial Growth Partners,California,19956,"Weasler Engineering, Inc.",Electrical Equipment,"West Bend, Wisconsin, United States",2003-02-04,Secondary Buyout,2005-10-17,Trade Sale - Public Company,2.7,False,,0,0,https://mergr.com/company/19956,2026-09-04T00:08:04Z
927,Industrial Growth Partners,California,7089,The Felters Group,Apparel/Textiles,"Roebuck, South Carolina, United States",2001-10-31,"Buyout (LBO, MBO, MBI)",,,24.8,True,,0,0,https://mergr.com/company/7089,2026-09-04T00:08:04Z
927,Industrial Growth Partners,California,16061,"West American Rubber Co., LLC",Plastics,"Orange, California, United States",1998-06-26,"Buyout (LBO, MBO, MBI)",,,28.2,True,,0,0,https://mergr.com/company/16061,2026-09-04T00:08:04Z
6568,Emerald Lake Capital Management,California,351622,Electrical Cable Specialists,Electrical Equipment,"Norcross, Georgia, United States",2026-07-15,Secondary Buyout,,,0.1,True,,0,0,https://mergr.com/company/351622,2026-09-04T00:08:04Z
6568,Emerald Lake Capital Management,California,351308,WECS,Distribution,"Thousand Palms, California, United States",2026-07-08,"Buyout (LBO, MBO, MBI)",,,0.1,True,,0,0,https://mergr.com/company/351308,2026-09-04T00:08:04Z
6568,Emerald Lake Capital Management,California,353148,Compass Rail,Automotive,"Plano, Texas, United States",2025-06-01,"Buyout (LBO, MBO, MBI)",,,1.3,True,,0,0,https://mergr.com/company/353148,2026-09-04T00:08:04Z
6568,Emerald Lake Capital Management,California,353131,Five Star Energy Services,Construction,"Waukesha, Wisconsin, United States",2024-07-29,"Buyout (LBO, MBO, MBI)",,,2.1,True,,0,0,https://mergr.com/company/353131,2026-09-04T00:08:04Z
6568,Emerald Lake Capital Management,California,322561,Mission Critical Group,Electrical Equipment,"Frisco, Texas, United States",2023-07-10,Consolidation,,,3.1,True,,5,0,https://mergr.com/company/322561,2026-09-04T00:08:04Z
6568,Emerald Lake Capital Management,California,244902,US Salt,Chemicals,"Watkins Glen, New York, United States",2021-07-01,Divestiture,2025-12-08,Divestiture,4.4,False,,0,0,https://mergr.com/company/244902,2026-09-04T00:08:04Z
6568,Emerald Lake Capital Management,California,272022,Pacific Defense,Electronics,"El Segundo, California, United States",2020-01-01,Growth Capital,,,6.7,True,,1,0,https://mergr.com/company/272022,2026-09-04T00:08:04Z
6568,Emerald Lake Capital Management,California,319379,Inno-Pak,Packaging,"Delaware, Ohio, United States",2020-01-01,Growth Capital,2025-02-12,Divestiture,5.1,False,,1,0,https://mergr.com/company/319379,2026-09-04T00:08:04Z
6568,Emerald Lake Capital Management,California,30515,City Ventures,Real Estate,"Irvine, California, United States",2019-01-01,"Buyout (LBO, MBO, MBI)",,,7.7,True,,0,0,https://mergr.com/company/30515,2026-09-04T00:08:04Z
1342,VMG Partners,California,350193,Stars + Honey,Food,"Grosse Pointe Park, Michigan, United States",2026-06-09,Growth Capital,,,0.2,True,,0,0,https://mergr.com/company/350193,2026-09-04T00:08:04Z
1342,VMG Partners,California,352219,Scenthound,Consumer Services,"Jupiter, Florida, United States",2025-10-06,Growth Capital,,,0.8,True,,0,0,https://mergr.com/company/352219,2026-09-04T00:08:04Z
1342,VMG Partners,California,20912,Milton's,Food,"Carlsbad, California, United States",2020-12-01,Growth Capital,,,5.8,True,,0,0,https://mergr.com/company/20912,2026-09-04T00:08:04Z
1342,VMG Partners,California,264991,Velocity Snack Brands,Food,"Playa Vista, California, United States",2019-10-09,"Buyout (LBO, MBO, MBI)",2022-12-08,Divestiture,3.1,False,,1,0,https://mergr.com/company/264991,2026-09-04T00:08:04Z
1342,VMG Partners,California,287440,nutpods,Food,"Bellevue, Washington, United States",2019-07-29,Growth Capital,2024-01-16,Divestiture,4.4,False,,0,0,https://mergr.com/company/287440,2026-09-04T00:08:04Z
1342,VMG Partners,California,287392,Briogeo Haircare,Consumer Products,"New York, New York, United States",2019-07-26,Growth Capital,2022-04-29,Divestiture,2.8,False,,0,0,https://mergr.com/company/287392,2026-09-04T00:08:04Z
1342,VMG Partners,California,287439,Little Freddie,Food,"London, United Kingdom",2018-11-01,Stake Purchase,,,7.8,True,,0,0,https://mergr.com/company/287439,2026-09-04T00:08:04Z
1342,VMG Partners,California,251013,Ancient Nutrition,Consumer Products,"Franklin, Florida, United States",2018-03-08,Growth Capital,2025-01-07,Divestiture,6.8,False,,0,0,https://mergr.com/company/251013,2026-09-04T00:08:04Z
1342,VMG Partners,California,244535,Solidcore,Consumer Services,"Washington, District of Columbia, United States",2017-10-18,Growth Capital,2024-09-25,Trade Sale - Public Company,6.9,False,,0,0,https://mergr.com/company/244535,2026-09-04T00:08:04Z
1342,VMG Partners,California,251048,Drunk Elephant LLC,Consumer Products,"Houston, Texas, United States",2017-03-06,Stake Purchase,2019-10-08,Divestiture,2.6,False,,0,0,https://mergr.com/company/251048,2026-09-04T00:08:04Z
1342,VMG Partners,California,287390,Stone Brewing,Beverages,"Escondido, California, United States",2016-07-04,Stake Purchase,,,10.1,True,,0,0,https://mergr.com/company/287390,2026-09-04T00:08:04Z
1342,VMG Partners,California,213464,Sonoma Brands,Consumer Products,"Sonoma, California, United States",2016-01-05,Growth Capital,,,10.6,True,,2,0,https://mergr.com/company/213464,2026-09-04T00:08:04Z
1342,VMG Partners,California,198690,Perfect Snacks,Food,"Sorrento Valley, California, United States",2015-07-17,Growth Capital,2019-07-16,Divestiture,3.9,False,,0,0,https://mergr.com/company/198690,2026-09-04T00:08:04Z
1342,VMG Partners,California,251052,Quest Nutrition LLC,Food,"El Segundo, California, United States",2015-01-01,Stake Purchase,2019-08-21,Divestiture,4.6,False,,0,0,https://mergr.com/company/251052,2026-09-04T00:08:04Z
1342,VMG Partners,California,187019,Bare Snacks,Food,"San Francisco, California, United States",2014-09-03,Secondary Buyout,2018-05-25,Bankruptcy,3.7,False,,0,0,https://mergr.com/company/187019,2026-09-04T00:08:04Z
1342,VMG Partners,California,220479,Justin’s,Food,"Boulder, Colorado, United States",2014-03-07,"Buyout (LBO, MBO, MBI)",2016-05-18,Divestiture,2.2,False,,0,0,https://mergr.com/company/220479,2026-09-04T00:08:04Z
1342,VMG Partners,California,123293,Solid Gold Health Products For Pets,Food,"El Cajon, California, United States",2013-11-01,Growth Capital,2020-11-12,Divestiture,7,False,,0,0,https://mergr.com/company/123293,2026-09-04T00:08:04Z
1342,VMG Partners,California,43593,Kernel Season's,Food,"Elk Grove Village, Illinois, United States",2012-11-01,"Buyout (LBO, MBO, MBI)",2018-01-16,Trade Sale - Public Company,5.2,False,,0,0,https://mergr.com/company/43593,2026-09-04T00:08:04Z
1342,VMG Partners,California,59290,KAS Direct LLC (BabyGanics),Consumer Products,"Hicksville, New York, United States",2011-09-12,Growth Capital,2016-07-26,Divestiture,4.8,False,,0,0,https://mergr.com/company/59290,2026-09-04T00:08:04Z
1342,VMG Partners,California,15522,Snack Factory LLC,Food,"Skillman, New Jersey, United States",2009-09-22,"Buyout (LBO, MBO, MBI)",2012-10-11,Divestiture,3,False,,0,0,https://mergr.com/company/15522,2026-09-04T00:08:04Z
1342,VMG Partners,California,15521,Robert's American Gourmet Food LLC (dba Pirate Brands),Food,"Sea Cliff, New York, United States",2008-11-13,"Buyout (LBO, MBO, MBI)",2013-06-10,Divestiture,4.5,False,,0,0,https://mergr.com/company/15521,2026-09-04T00:08:04Z
1342,VMG Partners,California,15523,KIND Snacks,Food,"New York, New York, United States",2008-01-01,"Buyout (LBO, MBO, MBI)",2014-09-01,Sold to Management,6.7,False,,0,0,https://mergr.com/company/15523,2026-09-04T00:08:04Z
1342,VMG Partners,California,10959,Waggin' Train LLC,Food,"Anderson, South Carolina, United States",2007-12-11,"Buyout (LBO, MBO, MBI)",2010-09-17,Divestiture,2.8,False,200,0,0,https://mergr.com/company/10959,2026-09-04T00:08:04Z
1342,VMG Partners,California,10958,Mighty Leaf Tea Co.,Beverages,"San Rafael, California, United States",2007-12-06,Stake Purchase,2014-08-01,Divestiture,6.6,False,,0,0,https://mergr.com/company/10958,2026-09-04T00:08:04Z
1342,VMG Partners,California,29799,Colorescience,Consumer Products,"Carlsbad, California, United States",2007-11-19,"Buyout (LBO, MBO, MBI)",2012-01-09,Divestiture,4.1,False,,0,0,https://mergr.com/company/29799,2026-09-04T00:08:04Z
1342,VMG Partners,California,278964,Natural Balance,Food,"San Diego, California, United States",2006-01-02,Stake Purchase,2013-07-15,Divestiture,7.5,False,,0,0,https://mergr.com/company/278964,2026-09-04T00:08:04Z
1342,VMG Partners,California,10960,Timbuk2,Consumer Products,"San Francisco, California, United States",2005-10-04,Secondary Buyout,2019-08-14,Divestiture,13.8,False,,0,0,https://mergr.com/company/10960,2026-09-04T00:08:04Z
3133,Sageview Capital,California,349373,Alacriti,Information Technology,"Bridgewater, New Jersey, United States",2026-05-20,Growth Capital,,,0.3,True,,0,0,https://mergr.com/company/349373,2026-09-04T00:08:04Z
3133,Sageview Capital,California,321316,LoanStar,Information Technology,"Swarthmore, Pennsylvania, United States",2024-01-30,Growth Capital,,,2.6,True,,0,0,https://mergr.com/company/321316,2026-09-04T00:08:04Z
3133,Sageview Capital,California,309906,User Interviews,Internet Software and Services,"New York, New York, United States",2022-12-22,Venture,,,3.7,True,,0,0,https://mergr.com/company/309906,2026-09-04T00:08:04Z
3133,Sageview Capital,California,309901,Elemental Machines,Information Technology,"Cambridge, Massachusetts, United States",2022-11-10,Venture,,,3.8,True,,0,0,https://mergr.com/company/309901,2026-09-04T00:08:04Z
3133,Sageview Capital,California,309356,Grocery TV,Marketing,"Austin, Texas, United States",2022-04-29,Venture,,,4.3,True,,1,0,https://mergr.com/company/309356,2026-09-04T00:08:04Z
3133,Sageview Capital,California,309894,Anitian,Internet Software and Services,"Beaverton, Oregon, United States",2022-01-20,Venture,2026-04-01,Spin Off,4.2,False,,0,0,https://mergr.com/company/309894,2026-09-04T00:08:04Z
3133,Sageview Capital,California,294569,Atmosphere,Media,"Austin, Texas, United States",2022-01-04,Venture,,,4.6,True,,0,0,https://mergr.com/company/294569,2026-09-04T00:08:04Z
3133,Sageview Capital,California,286621,Disqo,Internet Software and Services,"Glendale, California, United States",2021-08-26,Venture,,,5,True,,1,0,https://mergr.com/company/286621,2026-09-04T00:08:04Z
3133,Sageview Capital,California,309903,Specright,Software,"Los Angeles, California, United States",2021-07-13,Venture,,,5.1,True,,0,0,https://mergr.com/company/309903,2026-09-04T00:08:04Z
3133,Sageview Capital,California,309900,Carewell,E-Commerce,"Coral Gables, Florida, United States",2021-05-13,Venture,,,5.3,True,,0,0,https://mergr.com/company/309900,2026-09-04T00:08:04Z
3133,Sageview Capital,California,280221,Pax8,Internet Software and Services,"Greenwood Village, Colorado, United States",2021-01-06,Venture,,,5.6,True,,5,0,https://mergr.com/company/280221,2026-09-04T00:08:04Z
3133,Sageview Capital,California,277331,XSELL Technologies,Information Technology,"Chicago, Illinois, United States",2020-10-15,Growth Capital,,,5.8,True,,0,0,https://mergr.com/company/277331,2026-09-04T00:08:04Z
3133,Sageview Capital,California,213637,Drivewyze,Software,"Edmonton, Alberta, Canada",2020-07-14,Secondary Buyout,2024-08-07,Divestiture,4,False,,0,0,https://mergr.com/company/213637,2026-09-04T00:08:04Z
3133,Sageview Capital,California,276191,Theatro Labs,Internet Software and Services,"Richardson, Texas, United States",2019-12-12,Venture,2025-01-10,Divestiture,5,False,,0,0,https://mergr.com/company/276191,2026-09-04T00:08:04Z
3133,Sageview Capital,California,235156,Ezoic,Internet Software and Services,"Carlsbad, California, United States",2019-08-06,Growth Capital,,,7,True,,0,0,https://mergr.com/company/235156,2026-09-04T00:08:04Z
3133,Sageview Capital,California,186602,Pantheon Systems,Internet Software and Services,"San Francisco, California, United States",2019-03-05,Venture,,,7.4,True,,1,0,https://mergr.com/company/186602,2026-09-04T00:08:04Z
3133,Sageview Capital,California,276187,Aceable,Education,"Austin, Texas, United States",2018-12-04,Venture,,,7.7,True,,1,0,https://mergr.com/company/276187,2026-09-04T00:08:04Z
3133,Sageview Capital,California,276188,Elastic Path,Software,"Vancouver, British Columbia, Canada",2018-06-19,Venture,,,8.2,True,,1,0,https://mergr.com/company/276188,2026-09-04T00:08:04Z
3133,Sageview Capital,California,243806,CallRail,Software,"Atlanta, Georgia, United States",2017-09-27,Growth Capital,,,8.9,True,,1,0,https://mergr.com/company/243806,2026-09-04T00:08:04Z
3133,Sageview Capital,California,203037,Demandbase,Internet Software and Services,"San Francisco, California, United States",2017-05-25,Growth Capital,,,9.3,True,,3,1,https://mergr.com/company/203037,2026-09-04T00:08:04Z
3133,Sageview Capital,California,236471,RAPID RTC,Information Technology,"Plano, Texas, United States",2017-02-21,Growth Capital,2021-03-02,Divestiture,4,False,,0,0,https://mergr.com/company/236471,2026-09-04T00:08:04Z
3133,Sageview Capital,California,234677,National Arbitration and Mediation,Business Services,"New York, New York, United States",2017-01-20,Growth Capital,2024-07-17,Trade Sale - Public Company,7.4,False,,0,0,https://mergr.com/company/234677,2026-09-04T00:08:04Z
3133,Sageview Capital,California,230629,Womply,Internet Software and Services,"Wilmington, Delaware, United States",2016-11-15,Growth Capital,,,9.8,True,,0,0,https://mergr.com/company/230629,2026-09-04T00:08:04Z
3133,Sageview Capital,California,285874,360Insights,Information Technology,"Whitby, Ontario, Canada",2016-10-19,Growth Capital,,,9.8,True,,8,0,https://mergr.com/company/285874,2026-09-04T00:08:04Z
3133,Sageview Capital,California,216614,"Crimson Hexagon, Inc.",Software,"Boston, Massachusetts, United States",2016-03-08,Growth Capital,2018-10-04,Spin Off,2.5,False,,0,0,https://mergr.com/company/216614,2026-09-04T00:08:04Z
3133,Sageview Capital,California,13247,MetricStream,Software,"San Jose, California, United States",2014-09-04,Venture,,,11.9,True,,0,0,https://mergr.com/company/13247,2026-09-04T00:08:04Z
3133,Sageview Capital,California,217068,"Alfresco Software, Inc.",Software,"Wellesley, Massachusetts, United States",2014-08-21,Growth Capital,2018-02-08,Trade Sale - Public Company,3.4,False,,0,0,https://mergr.com/company/217068,2026-09-04T00:08:04Z
3133,Sageview Capital,California,15754,Avalara,Internet Software and Services,"Durham, North Carolina, United States",2014-02-12,Growth Capital,2018-06-15,IPO,4.3,False,699,3,0,https://mergr.com/company/15754,2026-09-04T00:08:04Z
3133,Sageview Capital,California,84581,"Reflexis Systems, Inc.",Business Services,"Dedham, Massachusetts, United States",2014-01-07,Growth Capital,2020-07-28,Divestiture,6.5,False,,0,0,https://mergr.com/company/84581,2026-09-04T00:08:04Z
3133,Sageview Capital,California,9422,United Captial Fiancial Partners,Financial Services,"Newport Beach, California, United States",2013-10-21,Growth Capital,2019-05-16,Trade Sale - Public Company,5.5,False,,1,0,https://mergr.com/company/9422,2026-09-04T00:08:04Z
3133,Sageview Capital,California,84577,Quindell Plc,Software,"Fareham, United Kingdom",2013-09-01,"Buyout (LBO, MBO, MBI)",,,13,True,,0,0,https://mergr.com/company/84577,2026-09-04T00:08:04Z
3133,Sageview Capital,California,71525,Unit4,Internet Software and Services,"Sliedrecht, Netherlands",2012-04-30,Stake Purchase,,,14.3,True,,6,1,https://mergr.com/company/71525,2026-09-04T00:08:04Z
3133,Sageview Capital,California,27175,"Pernix Therapeutics Holdings, Inc.",Life Science,"Morristown, New Jersey, United States",2012-04-01,Stake Purchase,,,14.4,True,176,1,0,https://mergr.com/company/27175,2026-09-04T00:08:04Z
3133,Sageview Capital,California,84561,Exaro Energy III LLC,Oil/Gas Exploration,"Houston, Texas, United States",2012-04-01,Growth Capital,,,14.4,True,,0,0,https://mergr.com/company/84561,2026-09-04T00:08:04Z
3133,Sageview Capital,California,6383,comScore,Information Services,"Reston, Virginia, United States",2011-08-01,Stake Purchase,,,15.1,True,357,5,2,https://mergr.com/company/6383,2026-09-04T00:08:04Z
3133,Sageview Capital,California,70018,GoPro,Electronics,"San Mateo, California, United States",2011-05-05,Growth Capital,2014-06-26,IPO,3.1,False,652,1,0,https://mergr.com/company/70018,2026-09-04T00:08:04Z
3133,Sageview Capital,California,84589,Southern Pacific Resource Corp.,Oil/Gas Exploration,"Calgary, Alberta, Canada",2011-04-01,"Buyout (LBO, MBO, MBI)",,,15.4,True,,0,0,https://mergr.com/company/84589,2026-09-04T00:08:04Z
3133,Sageview Capital,California,27832,Cadence Bancorporation,Financial Services,"Houston, Texas, United States",2010-07-01,"Buyout (LBO, MBO, MBI)",2017-04-13,IPO,6.8,False,924,0,0,https://mergr.com/company/27832,2026-09-04T00:08:04Z
3133,Sageview Capital,California,84657,GfK,Marketing,"Nuremberg, Germany",2010-05-21,Stake Purchase,,,16.3,True,1739,10,2,https://mergr.com/company/84657,2026-09-04T00:08:04Z
3133,Sageview Capital,California,26457,Cineverse,Media,"New York, New York, United States",2009-08-11,Stake Purchase,,,17,True,78,7,0,https://mergr.com/company/26457,2026-09-04T00:08:04Z
3133,Sageview Capital,California,84661,Hologic,Medical Products,"Marlborough, Massachusetts, United States",2008-10-01,Stake Purchase,,,17.9,True,4030,16,3,https://mergr.com/company/84661,2026-09-04T00:08:04Z
3133,Sageview Capital,California,20299,EverBank,Financial Services,"Jacksonville, Florida, United States",2008-05-01,Stake Purchase,2012-05-03,IPO,4,False,1094,1,0,https://mergr.com/company/20299,2026-09-04T00:08:04Z
3133,Sageview Capital,California,84585,The Wolff Co. LLC,Real Estate,"Scottsdale, Arizona, United States",2008-04-01,"Buyout (LBO, MBO, MBI)",,,18.4,True,,0,0,https://mergr.com/company/84585,2026-09-04T00:08:04Z
3133,Sageview Capital,California,953,Sally Beauty Holdings,Retail,"Denton, Texas, United States",2006-11-01,PIPE,,,19.8,True,3701,5,0,https://mergr.com/company/953,2026-09-04T00:08:04Z
3133,Sageview Capital,California,2337,Gartmore Group Ltd.,Financial Services,"Grand Cayman, Cayman Islands",2006-05-25,"Buyout (LBO, MBO, MBI)",2011-04-04,Divestiture,4.8,False,,0,0,https://mergr.com/company/2337,2026-09-04T00:08:04Z
3133,Sageview Capital,California,84617,R1 RCM,Information Services,"Murray, Utah, United States",2006-01-01,"Buyout (LBO, MBO, MBI)",2010-04-20,IPO,4.3,False,2254,0,0,https://mergr.com/company/84617,2026-09-04T00:08:04Z
3133,Sageview Capital,California,84917,Petrohawk Energy Corp.,Oil/Gas Exploration,"Houston, Texas, United States",2003-05-01,Stake Purchase,2005-01-03,IPO,1.7,False,,1,0,https://mergr.com/company/84917,2026-09-04T00:08:04Z
3133,Sageview Capital,California,21871,Envivio,Media,"San Francisco, California, United States",2003-01-01,Venture,2012-04-25,IPO,9.3,False,,0,0,https://mergr.com/company/21871,2026-09-04T00:08:04Z
5177,Sunstone Partners,California,276714,Peloton Consulting Group,Business Services,"Boston, Massachusetts, United States",2026-05-13,Growth Capital,,,0.3,True,,0,0,https://mergr.com/company/276714,2026-09-04T00:08:04Z
5177,Sunstone Partners,California,258580,Clearwater,Information Technology,"Nashville, Tennessee, United States",2025-09-30,Secondary Buyout,,,0.9,True,,0,0,https://mergr.com/company/258580,2026-09-04T00:08:04Z
5177,Sunstone Partners,California,331004,KMS Technology,Information Technology,"Atlanta, Georgia, United States",2024-11-22,Growth Capital,,,1.8,True,,1,0,https://mergr.com/company/331004,2026-09-04T00:08:04Z
5177,Sunstone Partners,California,323897,Tellihealth,Healthcare Services,"Miami, Florida, United States",2024-04-16,Growth Capital,,,2.3,True,,1,0,https://mergr.com/company/323897,2026-09-04T00:08:04Z
5177,Sunstone Partners,California,60838,UserTesting,Internet Software and Services,"San Francisco, California, United States",2022-10-27,Going Private,,,3.8,True,147,2,0,https://mergr.com/company/60838,2026-09-04T00:08:04Z
5177,Sunstone Partners,California,285498,OSF Digital,Information Technology,"Quebec City, Quebec, Canada",2022-04-13,Venture,,,4.3,True,,4,0,https://mergr.com/company/285498,2026-09-04T00:08:04Z
5177,Sunstone Partners,California,293140,Vcheck Global,Business Services,"New York, New York, United States",2021-11-30,Growth Capital,,,4.8,True,,0,0,https://mergr.com/company/293140,2026-09-04T00:08:04Z
5177,Sunstone Partners,California,286704,Stova,Information Technology,"Frederick, Maryland, United States",2021-06-17,Growth Capital,,,5.2,True,,2,0,https://mergr.com/company/286704,2026-09-04T00:08:04Z
5177,Sunstone Partners,California,277414,66degrees,Internet Software and Services,"Chicago, Illinois, United States",2020-10-20,Growth Capital,,,5.8,True,,2,0,https://mergr.com/company/277414,2026-09-04T00:08:04Z
5177,Sunstone Partners,California,276106,Knowtion Health,Business Services,"Boca Raton, Florida, United States",2020-09-09,Growth Capital,2024-08-22,Trade Sale - Public Company,3.9,False,,1,0,https://mergr.com/company/276106,2026-09-04T00:08:04Z
5177,Sunstone Partners,California,272653,Med Tech Solutions,Information Technology,"Valencia, California, United States",2020-05-27,Growth Capital,,,6.3,True,,1,0,https://mergr.com/company/272653,2026-09-04T00:08:04Z
5177,Sunstone Partners,California,265774,Avertium,Information Technology,"Knoxville, Tennessee, United States",2019-05-30,Consolidation,,,7.3,True,,2,0,https://mergr.com/company/265774,2026-09-04T00:08:04Z
5177,Sunstone Partners,California,265772,EverService,Business Services,"Phoenix, Arizona, United States",2018-10-16,Growth Capital,,,7.8,True,,6,0,https://mergr.com/company/265772,2026-09-04T00:08:04Z
5177,Sunstone Partners,California,248165,ProgenyHealth,Healthcare Services,"Plymouth Meeting, Pennsylvania, United States",2018-02-01,Growth Capital,,,8.6,True,,0,0,https://mergr.com/company/248165,2026-09-04T00:08:04Z
5177,Sunstone Partners,California,244886,Onica Group LLC,Internet Software and Services,"Santa Monica, California, United States",2017-10-31,Growth Capital,2019-11-04,Divestiture,2,False,,1,0,https://mergr.com/company/244886,2026-09-04T00:08:04Z
5177,Sunstone Partners,California,238941,NetSPI,Information Technology,"Minneapolis, Minnesota, United States",2017-04-18,Growth Capital,2022-10-05,Trade Sale - Public Company,5.4,False,,1,0,https://mergr.com/company/238941,2026-09-04T00:08:04Z
5177,Sunstone Partners,California,216669,UserZoom,Information Technology,"Los Gatos, California, United States",2015-01-01,Growth Capital,2023-04-03,Spin Off,8.3,False,,5,0,https://mergr.com/company/216669,2026-09-04T00:08:04Z
6410,Knox Lane,California,137453,Cross Country Healthcare,Staffing,"Boca Raton, Florida, United States",2026-05-06,Going Private,,,0.3,True,1054,0,1,https://mergr.com/company/137453,2026-09-04T00:08:04Z
6410,Knox Lane,California,335129,HCEsquared,Education,"Vail, Colorado, United States",2025-03-19,Growth Capital,,,1.4,True,,1,0,https://mergr.com/company/335129,2026-09-04T00:08:04Z
6410,Knox Lane,California,305871,HighGround,Construction,"Irving, Texas, United States",2025-03-10,Secondary Buyout,,,1.4,True,,0,0,https://mergr.com/company/305871,2026-09-04T00:08:04Z
6410,Knox Lane,California,324604,All Star,Staffing,"Deerfield Beach, Florida, United States",2024-05-01,"Buyout (LBO, MBO, MBI)",,,2.3,True,,2,0,https://mergr.com/company/324604,2026-09-04T00:08:04Z
6410,Knox Lane,California,319162,Guardian Fire Protection Services,Safety/Security,"Rockville, Maryland, United States",2024-01-18,Secondary Buyout,,,2.6,True,,2,0,https://mergr.com/company/319162,2026-09-04T00:08:04Z
6410,Knox Lane,California,307880,Ruppert,Business Services,"Laytonsville, Maryland, United States",2022-12-07,"Buyout (LBO, MBO, MBI)",,,3.7,True,,8,0,https://mergr.com/company/307880,2026-09-04T00:08:04Z
6410,Knox Lane,California,253712,Elevation Labs,Consumer Products,"Idaho Falls, Idaho, United States",2022-06-30,Secondary Buyout,,,4.2,True,,1,0,https://mergr.com/company/253712,2026-09-04T00:08:04Z
6410,Knox Lane,California,300910,Spectrum Science,Marketing,"Washington, District of Columbia, United States",2022-06-07,Acquisition Financing,,,4.2,True,,7,0,https://mergr.com/company/300910,2026-09-04T00:08:04Z
6410,Knox Lane,California,276167,Pattern,Marketing,"Lehi, Utah, United States",2021-09-01,Venture,,,5,True,,4,0,https://mergr.com/company/276167,2026-09-04T00:08:04Z
6410,Knox Lane,California,302163,Any Hour,Business Services,"Orem, Utah, United States",2021-07-07,Growth Capital,,,5.1,True,,4,0,https://mergr.com/company/302163,2026-09-04T00:08:04Z
6410,Knox Lane,California,209452,Fingerpaint,Marketing,"Saratoga Springs, New York, United States",2020-12-16,Growth Capital,,,5.7,True,,8,0,https://mergr.com/company/209452,2026-09-04T00:08:04Z
5589,Pacific Avenue Capital Partners,California,25190,ESE World,Plastics,"Nuenen, Netherlands",2026-05-04,Divestiture,,,0.3,True,224,0,0,https://mergr.com/company/25190,2026-09-04T00:08:04Z
5589,Pacific Avenue Capital Partners,California,195924,GardenCore,Building Materials,"Atlanta, Georgia, United States",2026-04-30,Divestiture,,,0.3,True,,0,0,https://mergr.com/company/195924,2026-09-04T00:08:04Z
5589,Pacific Avenue Capital Partners,California,103877,Care.com,Internet Software and Services,"Waltham, Massachusetts, United States",2026-03-02,Divestiture,,,0.5,True,192,0,0,https://mergr.com/company/103877,2026-09-04T00:08:04Z
5589,Pacific Avenue Capital Partners,California,344866,Stuart Rush,Machinery,"Charlotte, North Carolina, United States",2026-01-14,Divestiture,,,0.6,True,,0,0,https://mergr.com/company/344866,2026-09-04T00:08:04Z
5589,Pacific Avenue Capital Partners,California,344509,Therm-All,Building Materials,"Westlake, Ohio, United States",2026-01-06,"Buyout (LBO, MBO, MBI)",,,0.6,True,,0,0,https://mergr.com/company/344509,2026-09-04T00:08:04Z
5589,Pacific Avenue Capital Partners,California,339565,PYP,Automotive,"Chula Vista, California, United States",2025-08-26,Divestiture,,,1,True,,0,0,https://mergr.com/company/339565,2026-09-04T00:08:04Z
5589,Pacific Avenue Capital Partners,California,337797,Fuller Technologies,Building Materials,"Allentown, Pennsylvania, United States",2025-06-20,Divestiture,,,1.2,True,,0,0,https://mergr.com/company/337797,2026-09-04T00:08:04Z
5589,Pacific Avenue Capital Partners,California,331234,TEC Specialty Products,Building Materials,"Aurora, Illinois, United States",2024-12-02,Divestiture,,,1.8,True,,0,0,https://mergr.com/company/331234,2026-09-04T00:08:04Z
5589,Pacific Avenue Capital Partners,California,326681,KiddeFenwal,Safety/Security,"Ashland, Massachusetts, United States",2024-07-02,Special Situations/Distressed,,,2.2,True,,0,0,https://mergr.com/company/326681,2026-09-04T00:08:04Z
5589,Pacific Avenue Capital Partners,California,346954,Purflux Group,Automotive,"Guyancourt, France",2024-02-23,Divestiture,,,2.5,True,,0,0,https://mergr.com/company/346954,2026-09-04T00:08:04Z
5589,Pacific Avenue Capital Partners,California,346956,Resin Solutions,Chemicals,"Exton, Pennsylvania, United States",2023-04-13,Consolidation,,,3.3,True,,3,0,https://mergr.com/company/346956,2026-09-04T00:08:04Z
5589,Pacific Avenue Capital Partners,California,317022,Sunrich Products,Food,"Crookston, Minnesota, United States",2022-10-18,"Buyout (LBO, MBO, MBI)",,,3.8,True,,0,0,https://mergr.com/company/317022,2026-09-04T00:08:04Z
5589,Pacific Avenue Capital Partners,California,8428,AMICO,Manufacturing,"Birmingham, Alabama, United States",2021-02-23,Divestiture,,,5.5,True,,2,0,https://mergr.com/company/8428,2026-09-04T00:08:04Z
5589,Pacific Avenue Capital Partners,California,283884,Gibraltar - Industrial business,Building Materials,"Buffalo, New Hampshire, United States",2021-02-23,Divestiture,,,5.5,True,,0,0,https://mergr.com/company/283884,2026-09-04T00:08:04Z
5589,Pacific Avenue Capital Partners,California,271957,Unitec Elevator Co.,Business Services,"Ozone Park, New York, United States",2019-09-10,Divestiture,2020-05-07,Divestiture,0.6,False,,0,0,https://mergr.com/company/271957,2026-09-04T00:08:04Z
5589,Pacific Avenue Capital Partners,California,257752,Cameron Ashley Building Products,Building Materials,"Greer, South Carolina, United States",2018-04-01,"Buyout (LBO, MBO, MBI)",,,8.4,True,,6,0,https://mergr.com/company/257752,2026-09-04T00:08:04Z
5589,Pacific Avenue Capital Partners,California,317071,SPSA,Healthcare Services,"Long Beach, California, United States",2018-02-05,"Buyout (LBO, MBO, MBI)",2025-06-11,Divestiture,7.3,False,,0,0,https://mergr.com/company/317071,2026-09-04T00:08:04Z
5300,Kingswood Capital Management,California,348018,Soulshine Farms,Agriculture,"Gainesville, Georgia, United States",2026-04-14,Growth Capital,,,0.3,True,,0,0,https://mergr.com/company/348018,2026-09-04T00:08:04Z
5300,Kingswood Capital Management,California,345946,Paragon Print and Packaging,Packaging,"Spalding, United Kingdom",2026-02-10,Divestiture,,,0.5,True,,0,0,https://mergr.com/company/345946,2026-09-04T00:08:04Z
5300,Kingswood Capital Management,California,160493,Quipt Home Medical,Healthcare Services,"Wilder, Kentucky, United States",2025-12-15,Going Private,,,0.7,True,246,0,0,https://mergr.com/company/160493,2026-09-04T00:08:04Z
5300,Kingswood Capital Management,California,343820,Safran Passenger Innovations,Aerospace,"Brea, California, United States",2025-12-10,Divestiture,,,0.7,True,,0,0,https://mergr.com/company/343820,2026-09-04T00:08:04Z
5300,Kingswood Capital Management,California,74329,Daramic,Manufacturing,"Charlotte, North Carolina, United States",2025-12-02,Divestiture,,,0.8,True,,0,0,https://mergr.com/company/74329,2026-09-04T00:08:04Z
5300,Kingswood Capital Management,California,14246,Drive DeVilbiss Healthcare,Medical Products,"Port Washington, New York, United States",2025-10-16,Secondary Buyout,,,0.8,True,,0,0,https://mergr.com/company/14246,2026-09-04T00:08:04Z
5300,Kingswood Capital Management,California,13963,Vitamin Shoppe,Retail,"Secaucus, New Jersey, United States",2025-05-20,Divestiture,,,1.3,True,1114,0,0,https://mergr.com/company/13963,2026-09-04T00:08:04Z
5300,Kingswood Capital Management,California,348362,Infotree Global Solutions,Staffing,"Plymouth, Michigan, United States",2025-02-20,Growth Capital,,,1.5,True,,0,0,https://mergr.com/company/348362,2026-09-04T00:08:04Z
5300,Kingswood Capital Management,California,272287,IDX,Software,"Beaverton, Oregon, United States",2024-11-25,Divestiture,,,1.8,True,,0,0,https://mergr.com/company/272287,2026-09-04T00:08:04Z
5300,Kingswood Capital Management,California,330764,Branding Iron,Food,"Sauget, Illinois, United States",2024-11-14,"Buyout (LBO, MBO, MBI)",,,1.8,True,,0,0,https://mergr.com/company/330764,2026-09-04T00:08:04Z
5300,Kingswood Capital Management,California,247166,Kichler Lighting,Electrical Equipment,"Solon, Ohio, United States",2024-09-03,Divestiture,,,2,True,,0,0,https://mergr.com/company/247166,2026-09-04T00:08:04Z
5300,Kingswood Capital Management,California,348363,Kodak Alaris,Information Technology,"Rochester, New York, United States",2024-08-01,"Buyout (LBO, MBO, MBI)",,,2.1,True,,0,0,https://mergr.com/company/348363,2026-09-04T00:08:04Z
5300,Kingswood Capital Management,California,327220,Patco Products,Food,"Overland Park, Kansas, United States",2024-04-02,Divestiture,,,2.4,True,,0,0,https://mergr.com/company/327220,2026-09-04T00:08:04Z
5300,Kingswood Capital Management,California,321747,Progress Lighting,Electronics,"Greenville, South Carolina, United States",2024-02-12,Divestiture,,,2.5,True,,0,0,https://mergr.com/company/321747,2026-09-04T00:08:04Z
5300,Kingswood Capital Management,California,319102,G Fuel,Beverages,"Brentwood, New York, United States",2023-11-16,Growth Capital,,,2.8,True,,0,0,https://mergr.com/company/319102,2026-09-04T00:08:04Z
5300,Kingswood Capital Management,California,242741,One X,Energy Services and Equipment,"The Woodlands, Texas, United States",2023-10-24,Secondary Buyout,,,2.8,True,,1,0,https://mergr.com/company/242741,2026-09-04T00:08:04Z
5300,Kingswood Capital Management,California,315408,Obsession,Retail,"Miramar, Florida, United States",2023-07-24,"Buyout (LBO, MBO, MBI)",,,3.1,True,,0,0,https://mergr.com/company/315408,2026-09-04T00:08:04Z
5300,Kingswood Capital Management,California,314007,Turbo Tires,Distribution,"Irwindale, California, United States",2022-11-01,Growth Capital,,,3.8,True,,1,0,https://mergr.com/company/314007,2026-09-04T00:08:04Z
5300,Kingswood Capital Management,California,289568,Support Services Group,Business Services,"Waco, Texas, United States",2022-08-18,"Buyout (LBO, MBO, MBI)",,,4,True,,0,0,https://mergr.com/company/289568,2026-09-04T00:08:04Z
5300,Kingswood Capital Management,California,297872,Save Mart,Retail,"Modesto, California, United States",2022-03-28,"Buyout (LBO, MBO, MBI)",2024-06-27,Divestiture,2.2,False,,0,0,https://mergr.com/company/297872,2026-09-04T00:08:04Z
5300,Kingswood Capital Management,California,314024,Lind Marine,Transportation,"Vallejo, California, United States",2022-02-10,Growth Capital,,,4.5,True,,0,0,https://mergr.com/company/314024,2026-09-04T00:08:04Z
5300,Kingswood Capital Management,California,280800,Senture,Business Services,"London, Kentucky, United States",2021-01-21,"Buyout (LBO, MBO, MBI)",2021-12-28,Divestiture,0.9,False,192,0,0,https://mergr.com/company/280800,2026-09-04T00:08:04Z
5300,Kingswood Capital Management,California,15710,World Market,Retail,"Alameda, California, United States",2020-12-14,Divestiture,,,5.7,True,964,0,0,https://mergr.com/company/15710,2026-09-04T00:08:04Z
5300,Kingswood Capital Management,California,276609,MEC,Retail,"Vancouver, British Columbia, Canada",2020-09-15,"Buyout (LBO, MBO, MBI)",,,5.9,True,,0,0,https://mergr.com/company/276609,2026-09-04T00:08:04Z
5300,Kingswood Capital Management,California,89585,AutoAnything,E-Commerce,"San Diego, California, United States",2018-02-27,Divestiture,,,8.5,True,,1,0,https://mergr.com/company/89585,2026-09-04T00:08:04Z
5300,Kingswood Capital Management,California,187908,Versar,Business Services,"Washington, District of Columbia, United States",2017-11-14,Going Private,,,8.8,True,159,3,0,https://mergr.com/company/187908,2026-09-04T00:08:04Z
5300,Kingswood Capital Management,California,110561,AVAD,Distribution,"Calgary, Alberta, Canada",2016-07-05,Divestiture,2021-03-19,Shut Down,4.7,False,,1,1,https://mergr.com/company/110561,2026-09-04T00:08:04Z
5893,American Pacific Group,California,347649,Dossier,Consumer Products,"New York, New York, United States",2026-04-02,"Buyout (LBO, MBO, MBI)",,,0.4,True,,0,0,https://mergr.com/company/347649,2026-09-04T00:08:04Z
5893,American Pacific Group,California,333051,ServerLIFT,Machinery,"Phoenix, Arizona, United States",2025-01-21,Growth Capital,2026-09-01,Divestiture,1.6,False,,0,0,https://mergr.com/company/333051,2026-09-04T00:08:04Z
5893,American Pacific Group,California,334296,Coterie,Consumer Products,"New York, New York, United States",2024-08-01,"Buyout (LBO, MBO, MBI)",2025-10-16,Divestiture,1.2,False,,0,0,https://mergr.com/company/334296,2026-09-04T00:08:04Z
5893,American Pacific Group,California,334282,SoFlo Customs,Automotive,"Fort Lauderdale, Florida, United States",2024-08-01,"Buyout (LBO, MBO, MBI)",,,2.1,True,,0,0,https://mergr.com/company/334282,2026-09-04T00:08:04Z
5893,American Pacific Group,California,319583,Spark Power,Business Services,"Oakville, Ontario, Canada",2023-12-06,"Buyout (LBO, MBO, MBI)",,,2.7,True,,0,0,https://mergr.com/company/319583,2026-09-04T00:08:04Z
5893,American Pacific Group,California,334250,Fisher Textiles,Apparel/Textiles,"Matthews, North Carolina, United States",2023-11-01,"Buyout (LBO, MBO, MBI)",,,2.8,True,,0,0,https://mergr.com/company/334250,2026-09-04T00:08:04Z
5893,American Pacific Group,California,334236,XLR8 EMS,Electronics,"San Clemente, California, United States",2023-04-26,Growth Capital,,,3.3,True,,1,0,https://mergr.com/company/334236,2026-09-04T00:08:04Z
5893,American Pacific Group,California,334181,Media One,Distribution,"Garden Grove, California, United States",2023-02-15,Growth Capital,,,3.5,True,,0,0,https://mergr.com/company/334181,2026-09-04T00:08:04Z
5893,American Pacific Group,California,308591,Concisys,Electronics,"San Diego, California, United States",2022-08-09,Growth Capital,2025-01-13,Spin Off,2.4,False,,0,0,https://mergr.com/company/308591,2026-09-04T00:08:04Z
5893,American Pacific Group,California,308592,Gym Launch,Education,"Carrollton, Texas, United States",2022-01-11,Growth Capital,,,4.6,True,,0,0,https://mergr.com/company/308592,2026-09-04T00:08:04Z
5893,American Pacific Group,California,308598,Prestige Labs,Consumer Products,"Las Vegas, Nevada, United States",2022-01-11,Growth Capital,,,4.6,True,,0,0,https://mergr.com/company/308598,2026-09-04T00:08:04Z
5893,American Pacific Group,California,293519,Interwest,Distribution,"Littleton, Colorado, United States",2021-12-08,"Buyout (LBO, MBO, MBI)",,,4.7,True,,0,0,https://mergr.com/company/293519,2026-09-04T00:08:04Z
5893,American Pacific Group,California,293387,Fellers,Distribution,"Tulsa, Oklahoma, United States",2021-12-02,"Buyout (LBO, MBO, MBI)",,,4.8,True,,0,0,https://mergr.com/company/293387,2026-09-04T00:08:04Z
5893,American Pacific Group,California,308602,Aesop Auto Parts,Automotive,"Kansas City, Missouri, United States",2021-03-04,Consolidation,,,5.4,True,,1,0,https://mergr.com/company/308602,2026-09-04T00:08:04Z
5893,American Pacific Group,California,283427,Wellbeam Consumer Health,Consumer Products,"San Francisco, California, United States",2021-01-13,"Buyout (LBO, MBO, MBI)",,,5.6,True,,3,1,https://mergr.com/company/283427,2026-09-04T00:08:04Z
5893,American Pacific Group,California,221811,Fresche Solutions,Information Technology,"Montreal, Quebec, Canada",2020-12-10,"Buyout (LBO, MBO, MBI)",,,5.7,True,,5,0,https://mergr.com/company/221811,2026-09-04T00:08:04Z
5893,American Pacific Group,California,290151,Alete Active Nutrition,Consumer Products,"San Francisco, California, United States",2020-04-01,Growth Capital,,,6.4,True,,2,0,https://mergr.com/company/290151,2026-09-04T00:08:04Z
5893,American Pacific Group,California,222489,C.F. Stinson,Apparel/Textiles,"Rochester Hills, Michigan, United States",2016-06-22,Growth Capital,,,10.2,True,,1,0,https://mergr.com/company/222489,2026-09-04T00:08:04Z
4884,Main Post Partners,California,347397,Stellar Snacks,Food,"Carson City, Nevada, United States",2026-03-24,Growth Capital,,,0.4,True,,0,0,https://mergr.com/company/347397,2026-09-04T00:08:04Z
4884,Main Post Partners,California,345185,HomeWell Care Services,Consumer Services,"Burkburnett, Texas, United States",2026-01-21,"Buyout (LBO, MBO, MBI)",,,0.6,True,,0,0,https://mergr.com/company/345185,2026-09-04T00:08:04Z
4884,Main Post Partners,California,143497,Smoothie King,Restaurants,"Dallas, Texas, United States",2025-07-10,Growth Capital,,,1.1,True,,0,0,https://mergr.com/company/143497,2026-09-04T00:08:04Z
4884,Main Post Partners,California,335110,Rebel Athletic,Apparel/Textiles,"Carrollton, Texas, United States",2025-03-20,Growth Capital,,,1.4,True,,0,0,https://mergr.com/company/335110,2026-09-04T00:08:04Z
4884,Main Post Partners,California,342243,Platinum Dental Services,Healthcare Services,"West Jordan, Utah, United States",2024-08-30,Growth Capital,,,2,True,,0,0,https://mergr.com/company/342243,2026-09-04T00:08:04Z
4884,Main Post Partners,California,321657,HAE,Franchising,"Woodinville, Washington, United States",2024-02-06,Growth Capital,,,2.5,True,,1,0,https://mergr.com/company/321657,2026-09-04T00:08:04Z
4884,Main Post Partners,California,342254,Mishimoto,Automotive,"Garnet Valley, Pennsylvania, United States",2022-01-18,Growth Capital,,,4.6,True,,0,0,https://mergr.com/company/342254,2026-09-04T00:08:04Z
4884,Main Post Partners,California,293457,Krispy Krunchy Chicken,Restaurants,"Atlanta, Georgia, United States",2021-12-07,Growth Capital,,,4.7,True,,0,0,https://mergr.com/company/293457,2026-09-04T00:08:04Z
4884,Main Post Partners,California,284040,GPS Dental,Business Services,"Jonesboro, Arkansas, United States",2021-01-19,Growth Capital,,,5.6,True,,3,0,https://mergr.com/company/284040,2026-09-04T00:08:04Z
4884,Main Post Partners,California,279136,Duke Cannon,Consumer Products,"Minneapolis, Minnesota, United States",2020-12-10,Growth Capital,,,5.7,True,,0,0,https://mergr.com/company/279136,2026-09-04T00:08:04Z
4884,Main Post Partners,California,273713,Dr. Dennis Gross,Consumer Products,"New York, New York, United States",2020-06-29,Growth Capital,2023-12-22,Divestiture,3.4,False,,0,0,https://mergr.com/company/273713,2026-09-04T00:08:04Z
4884,Main Post Partners,California,266220,SUGARED + BRONZED,Consumer Services,"Santa Monica, California, United States",2019-11-11,Growth Capital,,,6.8,True,,0,0,https://mergr.com/company/266220,2026-09-04T00:08:04Z
4884,Main Post Partners,California,259710,Happy Planner,Media,"Cypress, California, United States",2019-04-02,Growth Capital,,,7.4,True,,0,0,https://mergr.com/company/259710,2026-09-04T00:08:04Z
4884,Main Post Partners,California,258377,Not Your Mother’s,Consumer Products,"Tampa, Florida, United States",2019-02-14,Growth Capital,2026-03-09,Divestiture,7,False,,0,0,https://mergr.com/company/258377,2026-09-04T00:08:04Z
4884,Main Post Partners,California,251468,Nulo Pet Food,Consumer Products,"Austin, Texas, United States",2018-06-07,Growth Capital,2021-05-13,Trade Sale - Public Company,2.9,False,,0,0,https://mergr.com/company/251468,2026-09-04T00:08:04Z
4884,Main Post Partners,California,233628,Fortis Solutions Group,Packaging,"Virginia Beach, Virginia, United States",2017-12-18,Growth Capital,2021-10-15,Trade Sale - Public Company,3.8,False,,9,0,https://mergr.com/company/233628,2026-09-04T00:08:04Z
4884,Main Post Partners,California,342283,Kuiu,Apparel/Textiles,"Dixon, California, United States",2017-04-20,Growth Capital,2025-12-08,Divestiture,8.6,False,,0,0,https://mergr.com/company/342283,2026-09-04T00:08:04Z
4884,Main Post Partners,California,234050,Milk Makeup,Consumer Products,"New York, New York, United States",2017-01-09,Growth Capital,2021-11-15,Divestiture,4.8,False,,0,0,https://mergr.com/company/234050,2026-09-04T00:08:04Z
4884,Main Post Partners,California,342285,Viva Chicken,Restaurants,"Charlotte, North Carolina, United States",2017-01-01,"Buyout (LBO, MBO, MBI)",,,9.7,True,,0,0,https://mergr.com/company/342285,2026-09-04T00:08:04Z
4884,Main Post Partners,California,218829,Chuze Fitness,Consumer Services,"San Diego, California, United States",2016-04-18,Growth Capital,,,10.3,True,,1,0,https://mergr.com/company/218829,2026-09-04T00:08:04Z
4884,Main Post Partners,California,215987,EagleRider,Consumer Services,"Hawthorne, California, United States",2016-02-23,Growth Capital,,,10.5,True,,0,0,https://mergr.com/company/215987,2026-09-04T00:08:04Z
4884,Main Post Partners,California,35393,The Beauty Health Company,Consumer Products,"Long Beach, California, United States",2014-01-01,"Buyout (LBO, MBO, MBI)",2016-12-01,Trade Sale - Public Company,2.9,False,334,0,0,https://mergr.com/company/35393,2026-09-04T00:08:04Z
3365,Diversis Capital,California,347299,LTi Technology Solutions,Financial Services,"Omaha, Nebraska, United States",2026-03-23,"Buyout (LBO, MBO, MBI)",,,0.4,True,,0,0,https://mergr.com/company/347299,2026-09-04T00:08:04Z
3365,Diversis Capital,California,343598,Genesis Automation Healthcare,Information Technology,"Cork, Ireland",2025-11-12,Consolidation,,,0.8,True,,2,0,https://mergr.com/company/343598,2026-09-04T00:08:04Z
3365,Diversis Capital,California,346580,Decision Lens,Software,"Arlington, Virginia, United States",2024-07-22,Growth Capital,,,2.1,True,,0,0,https://mergr.com/company/346580,2026-09-04T00:08:04Z
3365,Diversis Capital,California,327184,Infotech,Internet Software and Services,"Gainesville, Florida, United States",2024-07-17,"Buyout (LBO, MBO, MBI)",,,2.1,True,,0,0,https://mergr.com/company/327184,2026-09-04T00:08:04Z
3365,Diversis Capital,California,333364,InductiveHealth Informatics,Information Technology,"Atlanta, Georgia, United States",2022-06-21,Growth Capital,,,4.2,True,,2,0,https://mergr.com/company/333364,2026-09-04T00:08:04Z
3365,Diversis Capital,California,276674,GuestXM,Internet Software and Services,"Dallas, Texas, United States",2022-01-08,Secondary Buyout,,,4.6,True,,2,0,https://mergr.com/company/276674,2026-09-04T00:08:04Z
3365,Diversis Capital,California,294039,SalesRabbit,Software,"Lehi, Utah, United States",2021-12-21,Growth Capital,,,4.7,True,,2,0,https://mergr.com/company/294039,2026-09-04T00:08:04Z
3365,Diversis Capital,California,293200,Fishbowl,Software,"Orem, Utah, United States",2021-12-01,"Buyout (LBO, MBO, MBI)",,,4.8,True,,3,0,https://mergr.com/company/293200,2026-09-04T00:08:04Z
3365,Diversis Capital,California,287524,Adlib Software,Software,"Oakville, Ontario, Canada",2021-07-08,Growth Capital,,,5.1,True,,0,0,https://mergr.com/company/287524,2026-09-04T00:08:04Z
3365,Diversis Capital,California,70006,PDP,Technology Hardware,"Sherman Oaks, California, United States",2021-04-26,Secondary Buyout,2024-03-25,Divestiture,2.8,False,,0,0,https://mergr.com/company/70006,2026-09-04T00:08:04Z
3365,Diversis Capital,California,322950,RFI Global,Information Services,"London, United Kingdom",2020-11-16,Growth Capital,,,5.8,True,,1,0,https://mergr.com/company/322950,2026-09-04T00:08:04Z
3365,Diversis Capital,California,228668,Form,Internet Software and Services,"Quincy, Massachusetts, United States",2019-12-23,Secondary Buyout,2026-02-05,Trade Sale - Public Company,6.1,False,,3,0,https://mergr.com/company/228668,2026-09-04T00:08:04Z
3365,Diversis Capital,California,203211,PureCars,Marketing,"Atlanta, Georgia, United States",2019-05-07,Divestiture,,,7.3,True,,4,0,https://mergr.com/company/203211,2026-09-04T00:08:04Z
3365,Diversis Capital,California,256111,Tempo Software,Internet Software and Services,"Boston, Massachusetts, United States",2018-11-19,Stake Purchase,,,7.8,True,,6,0,https://mergr.com/company/256111,2026-09-04T00:08:04Z
3365,Diversis Capital,California,4406,Marketron,Software,"Hailey, Idaho, United States",2018-01-16,Secondary Buyout,,,8.6,True,,0,0,https://mergr.com/company/4406,2026-09-04T00:08:04Z
3365,Diversis Capital,California,235936,ServicePower,Software,"McLean, Virginia, United States",2017-02-10,Growth Capital,,,9.5,True,,2,0,https://mergr.com/company/235936,2026-09-04T00:08:04Z
3365,Diversis Capital,California,235263,Arrowstream,Information Technology,"Chicago, Illinois, United States",2017-01-31,"Buyout (LBO, MBO, MBI)",2020-12-16,Trade Sale - Public Company,3.8,False,,1,0,https://mergr.com/company/235263,2026-09-04T00:08:04Z
3365,Diversis Capital,California,218465,Caligor Coghlan,Distribution,"Bastrop, Texas, United States",2016-04-08,"Buyout (LBO, MBO, MBI)",,,10.3,True,,1,0,https://mergr.com/company/218465,2026-09-04T00:08:04Z
3365,Diversis Capital,California,176810,Blue Software LLC,Software,"Des Plaines, Illinois, United States",2014-12-22,Divestiture,2018-07-18,Divestiture,3.5,False,,0,0,https://mergr.com/company/176810,2026-09-04T00:08:04Z
3365,Diversis Capital,California,176808,"Nylon Media, Inc. ",Media,"New York, New York, United States",2014-05-23,"Buyout (LBO, MBO, MBI)",,,12.3,True,,1,0,https://mergr.com/company/176808,2026-09-04T00:08:04Z
3365,Diversis Capital,California,176807,"Martin Archery, Inc.",Manufacturing,"Walla Walla, Washington, United States",2013-10-22,"Buyout (LBO, MBO, MBI)",,,12.8,True,,0,0,https://mergr.com/company/176807,2026-09-04T00:08:04Z
1395,Transom Capital Group,California,28555,WellBiz Brands,Consumer Services," Denver, Colorado, United States",2026-01-22,Secondary Buyout,,,0.6,True,,0,0,https://mergr.com/company/28555,2026-09-04T00:08:04Z
1395,Transom Capital Group,California,34225,Binswanger Glass,Construction,"Memphis, Tennessee, United States",2025-11-12,Secondary Buyout,,,0.8,True,,0,0,https://mergr.com/company/34225,2026-09-04T00:08:04Z
1395,Transom Capital Group,California,132365,SigmaTron International,Semiconductors,"Elk Grove Village, Illinois, United States",2025-07-28,Going Private,,,1.1,True,374,0,0,https://mergr.com/company/132365,2026-09-04T00:08:04Z
1395,Transom Capital Group,California,329671,Artivo Surfaces,Building Materials,"Los Angeles, California, United States",2024-10-09,Consolidation,,,1.8,True,,5,0,https://mergr.com/company/329671,2026-09-04T00:08:04Z
1395,Transom Capital Group,California,321921,Ampure,Automotive,"Monrovia, California, United States",2024-02-12,Divestiture,,,2.5,True,,1,0,https://mergr.com/company/321921,2026-09-04T00:08:04Z
1395,Transom Capital Group,California,156841,Galleher,Distribution,"Santa Fe Springs, California, United States",2023-12-18,Secondary Buyout,2024-10-09,Divestiture,0.8,False,,0,0,https://mergr.com/company/156841,2026-09-04T00:08:04Z
1395,Transom Capital Group,California,24685,Aden & Anais,Consumer Products,"New York City, New York, United States",2023-06-13,Secondary Buyout,,,3.2,True,,0,0,https://mergr.com/company/24685,2026-09-04T00:08:04Z
1395,Transom Capital Group,California,312185,Bose Professional,Electronics,"Hopkinton, Massachusetts, United States",2023-04-11,Divestiture,,,3.3,True,,1,0,https://mergr.com/company/312185,2026-09-04T00:08:04Z
1395,Transom Capital Group,California,293302,Aspen Publishing,Publishing,"Boston, Massachusetts, United States",2021-09-27,Divestiture,2024-03-06,Bankruptcy,2.4,False,33,0,0,https://mergr.com/company/293302,2026-09-04T00:08:04Z
1395,Transom Capital Group,California,236813,BridgeTower Media,Media,"Greensboro, North Carolina, United States",2020-11-03,"Buyout (LBO, MBO, MBI)",,,5.8,True,,1,0,https://mergr.com/company/236813,2026-09-04T00:08:04Z
1395,Transom Capital Group,California,7314,Scantron,Software,"Eagan, Minnesota, United States",2019-12-04,Divestiture,2024-08-30,Trade Sale - Public Company,4.7,False,,3,1,https://mergr.com/company/7314,2026-09-04T00:08:04Z
1395,Transom Capital Group,California,262469,Beauty Quest Group,Consumer Products,"Stamford, Connecticut, United States",2019-07-09,Divestiture,,,7.1,True,,0,0,https://mergr.com/company/262469,2026-09-04T00:08:04Z
1395,Transom Capital Group,California,181791,"Pelco, Inc.",Electronics,"Clovis, California, United States",2019-05-29,Divestiture,2020-08-03,Divestiture,1.2,False,,0,0,https://mergr.com/company/181791,2026-09-04T00:08:04Z
1395,Transom Capital Group,California,103553,SemiTorr,Distribution,"Tualatin, Oregon, United States",2019-01-08,Secondary Buyout,2022-01-06,Divestiture,2.9,False,,3,0,https://mergr.com/company/103553,2026-09-04T00:08:04Z
1395,Transom Capital Group,California,15048,Gene Juarez Salons & Spas,Consumer Services,"Bellevue, Washington, United States",2018-10-15,Secondary Buyout,,,7.8,True,,0,0,https://mergr.com/company/15048,2026-09-04T00:08:04Z
1395,Transom Capital Group,California,166229,A.T. Cross,Consumer Products,"Providence, Rhode Island, United States",2017-11-16,"Buyout (LBO, MBO, MBI)",,,8.8,True,,0,0,https://mergr.com/company/166229,2026-09-04T00:08:04Z
1395,Transom Capital Group,California,7780,Mackie,Electronics,"Bothell, Washington, United States",2017-10-16,"Buyout (LBO, MBO, MBI)",2023-12-12,Divestiture,6.1,False,,0,2,https://mergr.com/company/7780,2026-09-04T00:08:04Z
1395,Transom Capital Group,California,244428,"American Driveline Systems, Inc.",Consumer Services,"Horsham, Pennsylvania, United States",2017-01-05,Secondary Buyout,2017-10-05,Divestiture,0.8,False,,0,0,https://mergr.com/company/244428,2026-09-04T00:08:04Z
1395,Transom Capital Group,California,28292,HeathZenith,Manufacturing,"Bowling Green, Kentucky, United States",2016-01-11,Divestiture,2021-11-10,Divestiture,5.8,False,,0,0,https://mergr.com/company/28292,2026-09-04T00:08:04Z
1395,Transom Capital Group,California,9142,Bravo Sports,Consumer Products,"Santa Monica, California, United States",2015-06-11,Secondary Buyout,,,11.2,True,,5,1,https://mergr.com/company/9142,2026-09-04T00:08:04Z
1395,Transom Capital Group,California,23718,Locana,Information Technology,"Seattle, Washington, United States",2015-05-07,Secondary Buyout,2024-01-10,Divestiture,8.7,False,,0,0,https://mergr.com/company/23718,2026-09-04T00:08:04Z
1395,Transom Capital Group,California,26075,One Industries,Apparel/Textiles,"San Clemente, California, United States",2013-07-10,Secondary Buyout,2016-07-06,Spin Off,2.9,False,,0,0,https://mergr.com/company/26075,2026-09-04T00:08:04Z
1395,Transom Capital Group,California,118577,Ritz Camera & Image LLC,Retail,"Beltsville, Maryland, United States",2011-09-08,Recapitalization,2012-09-01,Divestiture,0.9,False,,0,0,https://mergr.com/company/118577,2026-09-04T00:08:04Z
1395,Transom Capital Group,California,25651,Uncle Milton,Consumer Products,"Thousand Oaks, California, United States",2010-06-08,"Buyout (LBO, MBO, MBI)",2014-02-25,Trade Sale - Public Company,3.7,False,,0,0,https://mergr.com/company/25651,2026-09-04T00:08:04Z
1395,Transom Capital Group,California,18578,Cinder Block Merchandise,Apparel/Textiles,"Burbank, California, United States",2009-07-28,Consolidation,2014-02-01,Merger,4.5,False,,0,0,https://mergr.com/company/18578,2026-09-04T00:08:04Z
1395,Transom Capital Group,California,12573,Good Living Labs LLC,Consumer Products,"Oak Harbor, Washington, United States",2008-10-01,"Buyout (LBO, MBO, MBI)",,,17.9,True,,0,0,https://mergr.com/company/12573,2026-09-04T00:08:04Z
1395,Transom Capital Group,California,12572,Stresscenter,Consumer Services,"Ocean Park, Washington, United States",2008-10-01,"Buyout (LBO, MBO, MBI)",,,17.9,True,,0,0,https://mergr.com/company/12572,2026-09-04T00:08:04Z
1395,Transom Capital Group,California,11301,"Blue Microphones, Inc.",Electronics,"Westlake Village, California, United States",2008-04-01,"Buyout (LBO, MBO, MBI)",2013-07-23,Trade Sale - Public Company,5.3,False,,1,0,https://mergr.com/company/11301,2026-09-04T00:08:04Z
5324,Butterfly Equity,California,307151,ePac Flexible Packaging,Packaging,"Austin, Texas, United States",2026-01-15,"Buyout (LBO, MBO, MBI)",,,0.6,True,,0,0,https://mergr.com/company/307151,2026-09-04T00:08:04Z
5324,Butterfly Equity,California,1809,Duckhorn Portfolio,Beverages,"Saint Helena, California, United States",2024-12-24,Going Private,,,1.7,True,405,0,0,https://mergr.com/company/1809,2026-09-04T00:08:04Z
5324,Butterfly Equity,California,253343,Rise Baking,Food,"Minneapolis, Minnesota, United States",2024-09-17,Secondary Buyout,,,1.9,True,,1,0,https://mergr.com/company/253343,2026-09-04T00:08:04Z
5324,Butterfly Equity,California,346866,Bolthouse Fresh Foods,Agriculture,"Bakersfield, California, United States",2024-05-06,Divestiture,,,2.3,True,,0,0,https://mergr.com/company/346866,2026-09-04T00:08:04Z
5324,Butterfly Equity,California,338577,Generous Brands,Beverages,"Bakersfield, California, United States",2024-05-06,Divestiture,,,2.3,True,,1,0,https://mergr.com/company/338577,2026-09-04T00:08:04Z
5324,Butterfly Equity,California,16385,Actus Nutrition,Food,"Eden Prairie, Minnesota, United States",2022-12-23,Secondary Buyout,,,3.7,True,,0,0,https://mergr.com/company/16385,2026-09-04T00:08:04Z
5324,Butterfly Equity,California,21239,Qdoba Restaurant,Restaurants,"San Diego, California, United States",2022-08-09,Secondary Buyout,,,4,True,,1,0,https://mergr.com/company/21239,2026-09-04T00:08:04Z
5324,Butterfly Equity,California,290093,Chosen Foods,Food,"San Diego, California, United States",2021-09-07,Growth Capital,,,4.9,True,,0,0,https://mergr.com/company/290093,2026-09-04T00:08:04Z
5324,Butterfly Equity,California,288821,MaryRuth Organics,Consumer Products,"Los Angeles, California, United States",2021-08-05,Growth Capital,2024-08-15,Sold to Management,3,False,,0,0,https://mergr.com/company/288821,2026-09-04T00:08:04Z
5324,Butterfly Equity,California,284906,Pete and Gerry's Organics,Agriculture,"Monroe, New Hampshire, United States",2021-05-04,"Buyout (LBO, MBO, MBI)",,,5.3,True,,2,0,https://mergr.com/company/284906,2026-09-04T00:08:04Z
5324,Butterfly Equity,California,266160,Orgain,Food,"Irvine, California, United States",2019-11-08,"Buyout (LBO, MBO, MBI)",2022-02-02,Divestiture,2.2,False,,0,0,https://mergr.com/company/266160,2026-09-04T00:08:04Z
5324,Butterfly Equity,California,7369,Bolthouse Farms,Beverages,"Bakersfield, California, United States",2019-04-12,Divestiture,2024-05-06,Unknown,5,False,,2,2,https://mergr.com/company/7369,2026-09-04T00:08:04Z
5324,Butterfly Equity,California,248992,Modern Restaurant Concepts,Restaurants,"Denver, Colorado, United States",2018-02-27,"Buyout (LBO, MBO, MBI)",2022-08-09,Spin Off,4.4,False,,1,0,https://mergr.com/company/248992,2026-09-04T00:08:04Z
5324,Butterfly Equity,California,247233,Pacifico Aquaculture,Agriculture,"Baja California, Mexico",2018-01-09,"Buyout (LBO, MBO, MBI)",,,8.6,True,,0,0,https://mergr.com/company/247233,2026-09-04T00:08:04Z
1785,Banneker Partners,California,93781,Industrial Defender,Information Technology,"Foxborough, Massachusetts, United States",2026-01-08,Secondary Buyout,,,0.6,True,,0,0,https://mergr.com/company/93781,2026-09-04T00:08:04Z
1785,Banneker Partners,California,311411,Kuali,Internet Software and Services,"Lehi, Utah, United States",2025-07-01,Growth Capital,,,1.2,True,,0,0,https://mergr.com/company/311411,2026-09-04T00:08:04Z
1785,Banneker Partners,California,339177,Arkieva,Software,"Wilmington, Delaware, United States",2025-04-29,Growth Capital,,,1.3,True,,0,0,https://mergr.com/company/339177,2026-09-04T00:08:04Z
1785,Banneker Partners,California,269947,Remsoft,Software,"Fredericton, New Brunswick, Canada",2025-03-11,Growth Capital,,,1.4,True,,2,0,https://mergr.com/company/269947,2026-09-04T00:08:04Z
1785,Banneker Partners,California,344422,Silo,Internet Software and Services,"West Hollywood, California, United States",2025-01-15,Growth Capital,,,1.6,True,,0,0,https://mergr.com/company/344422,2026-09-04T00:08:04Z
1785,Banneker Partners,California,327056,XBE,Software,"Kansas City, Missouri, United States",2024-01-25,Growth Capital,,,2.6,True,,0,0,https://mergr.com/company/327056,2026-09-04T00:08:04Z
1785,Banneker Partners,California,327064,HS GovTech,Internet Software and Services,"Charlotte, North Carolina, United States",2023-09-18,Going Private,,,2.9,True,,0,0,https://mergr.com/company/327064,2026-09-04T00:08:04Z
1785,Banneker Partners,California,315516,Surgimate,Software,"New York, New York, United States",2022-09-20,Stake Purchase,,,3.9,True,,1,0,https://mergr.com/company/315516,2026-09-04T00:08:04Z
1785,Banneker Partners,California,344413,Texada Software,Internet Software and Services,"Mississauga, Ontario, Canada",2022-06-30,Divestiture,,,4.2,True,,0,0,https://mergr.com/company/344413,2026-09-04T00:08:04Z
1785,Banneker Partners,California,327074,L7 Informatics,Software,"Austin, Texas, United States",2022-06-07,Growth Capital,,,4.2,True,,0,0,https://mergr.com/company/327074,2026-09-04T00:08:04Z
1785,Banneker Partners,California,327075,Hint Health,Software,"San Francisco, California, United States",2022-06-01,Growth Capital,,,4.3,True,,1,0,https://mergr.com/company/327075,2026-09-04T00:08:04Z
1785,Banneker Partners,California,299904,Eyelit Technologies,Software,"Holmdel, New Jersey, United States",2022-03-22,Growth Capital,,,4.4,True,,3,0,https://mergr.com/company/299904,2026-09-04T00:08:04Z
1785,Banneker Partners,California,327052,SuccessKPI,Internet Software and Services,"Chantilly, Virginia, United States",2022-01-13,Growth Capital,,,4.6,True,,0,0,https://mergr.com/company/327052,2026-09-04T00:08:04Z
1785,Banneker Partners,California,327030,Fabric Data,Software,"Chatsworth, California, United States",2022-01-05,"Buyout (LBO, MBO, MBI)",,,4.6,True,,1,0,https://mergr.com/company/327030,2026-09-04T00:08:04Z
1785,Banneker Partners,California,292074,Fluence Technologies,Software,"Toronto, Ontario, Canada",2021-05-04,Growth Capital,2024-04-26,Divestiture,2.9,False,,2,0,https://mergr.com/company/292074,2026-09-04T00:08:04Z
1785,Banneker Partners,California,286548,Versaterm,Software,"Ottawa, Ontario, Canada",2020-12-08,"Buyout (LBO, MBO, MBI)",,,5.7,True,,11,0,https://mergr.com/company/286548,2026-09-04T00:08:04Z
1785,Banneker Partners,California,253857,Ever.Ag,Internet Software and Services,"Lewisville, Texas, United States",2019-08-29,"Buyout (LBO, MBO, MBI)",,,7,True,,4,1,https://mergr.com/company/253857,2026-09-04T00:08:04Z
1785,Banneker Partners,California,344424,Core Business Technologies,Software,"East Providence, Rhode Island, United States",2019-03-01,"Buyout (LBO, MBO, MBI)",,,7.5,True,,0,0,https://mergr.com/company/344424,2026-09-04T00:08:04Z
1785,Banneker Partners,California,283244,Routeware,Software,"Portland, Oregon, United States",2018-09-01,"Buyout (LBO, MBO, MBI)",,,8,True,,7,0,https://mergr.com/company/283244,2026-09-04T00:08:04Z
1785,Banneker Partners,California,23079,Ancestry,Information Services,"Lehi, Utah, United States",2016-04-01,Secondary Buyout,2020-08-05,Trade Sale - Public Company,4.3,False,,1,0,https://mergr.com/company/23079,2026-09-04T00:08:04Z
1785,Banneker Partners,California,225447,SMRT Systems,Internet Software and Services,"Raleigh, North Carolina, United States",2015-12-01,Growth Capital,,,10.8,True,,0,0,https://mergr.com/company/225447,2026-09-04T00:08:04Z
1785,Banneker Partners,California,130053,Pepperjam LLC,Marketing,"Wilkes-Barre, Pennsylvania, United States",2015-07-16,Divestiture,2020-07-29,Divestiture,5,False,,3,2,https://mergr.com/company/130053,2026-09-04T00:08:04Z
1785,Banneker Partners,California,93421,"Magento, Inc.",Internet Software and Services,"Campbell, California, United States",2015-07-16,Divestiture,2018-05-21,Divestiture,2.8,False,,1,0,https://mergr.com/company/93421,2026-09-04T00:08:04Z
1785,Banneker Partners,California,225435,IQMS.com,Software,"Paso Robles, California, United States",2014-08-04,Growth Capital,2018-12-11,Divestiture,4.3,False,,0,0,https://mergr.com/company/225435,2026-09-04T00:08:04Z
1785,Banneker Partners,California,31930,Genesys,Software,"Menlo Park, California, United States",2012-02-01,Divestiture,,,14.6,True,,19,0,https://mergr.com/company/31930,2026-09-04T00:08:04Z
1785,Banneker Partners,California,137901,iGrafx,Software,"Tualatin, Oregon, United States",2011-09-02,Divestiture,,,15,True,,1,0,https://mergr.com/company/137901,2026-09-04T00:08:04Z
580,Calera Capital,California,303658,ReVamp Companies,Building Materials,"Lena, Illinois, United States",2026-01-07,Secondary Buyout,,,0.6,True,,0,0,https://mergr.com/company/303658,2026-09-04T00:08:04Z
580,Calera Capital,California,286751,Nocturne Luxury Villas,Real Estate,"Jacksonville, Florida, United States",2025-03-01,Secondary Buyout,,,1.5,True,,0,0,https://mergr.com/company/286751,2026-09-04T00:08:04Z
580,Calera Capital,California,279032,C-4 Analytics,Marketing,"Wakefield, Massachusetts, United States",2024-05-01,Secondary Buyout,,,2.3,True,,0,0,https://mergr.com/company/279032,2026-09-04T00:08:04Z
580,Calera Capital,California,255539,ImageFIRST,Business Services,"King of Prussia, Pennsylvania, United States",2023-06-14,Recapitalization,2023-06-14,Merger,0,False,,0,0,https://mergr.com/company/255539,2026-09-04T00:08:04Z
580,Calera Capital,California,320994,F&I Sentinel,Business Services,"Tallahassee, Florida, United States",2022-02-28,Recapitalization,,,4.5,True,,1,0,https://mergr.com/company/320994,2026-09-04T00:08:04Z
580,Calera Capital,California,345017,Atrium Home Services,Business Services,"Warrensville Heights, Ohio, United States",2021-12-01,"Buyout (LBO, MBO, MBI)",,,4.8,True,,0,0,https://mergr.com/company/345017,2026-09-04T00:08:04Z
580,Calera Capital,California,279653,FitzMark,Transportation,"Indianapolis, Indiana, United States",2020-12-22,Recapitalization,,,5.7,True,,3,0,https://mergr.com/company/279653,2026-09-04T00:08:04Z
580,Calera Capital,California,22925,Thayer Power and Communications,Construction,"Pataskala, Ohio, United States",2020-03-30,"Buyout (LBO, MBO, MBI)",,,6.4,True,,0,0,https://mergr.com/company/22925,2026-09-04T00:08:04Z
580,Calera Capital,California,269223,Bay State Physical Therapy,Healthcare Services,"Braintree, Massachusetts, United States",2019-03-01,"Buyout (LBO, MBO, MBI)",,,7.5,True,,0,0,https://mergr.com/company/269223,2026-09-04T00:08:04Z
580,Calera Capital,California,255539,ImageFIRST,Business Services,"King of Prussia, Pennsylvania, United States",2018-10-31,"Buyout (LBO, MBO, MBI)",2023-06-14,Merger,4.6,False,,2,0,https://mergr.com/company/255539,2026-09-04T00:08:04Z
580,Calera Capital,California,269227,Arnott Suspension Products,Automotive,"Merritt Island, Florida, United States",2017-06-01,"Buyout (LBO, MBO, MBI)",2024-11-18,Trade Sale - Public Company,7.4,False,,0,0,https://mergr.com/company/269227,2026-09-04T00:08:04Z
580,Calera Capital,California,269228,United Dental Partners,Healthcare Services,"Chicago, Illinois, United States",2017-03-01,"Buyout (LBO, MBO, MBI)",,,9.5,True,,0,0,https://mergr.com/company/269228,2026-09-04T00:08:04Z
580,Calera Capital,California,99765,Evans,Transportation,"Schuylkill Haven, Pennsylvania, United States",2017-02-09,Secondary Buyout,,,9.5,True,,0,0,https://mergr.com/company/99765,2026-09-04T00:08:04Z
580,Calera Capital,California,234153,Carnegie Fabrics,Apparel/Textiles,"Rockville Centre, New York, United States",2017-01-10,"Buyout (LBO, MBO, MBI)",,,9.6,True,,0,0,https://mergr.com/company/234153,2026-09-04T00:08:04Z
580,Calera Capital,California,23881,Transaction Services Group,Software,"Auckland, New Zealand",2015-11-08,Stake Purchase,2019-06-27,Trade Sale - Public Company,3.6,False,,1,0,https://mergr.com/company/23881,2026-09-04T00:08:04Z
580,Calera Capital,California,264063,Risk Transfer Group Ltd.,Insurance,"Jersey, United Kingdom",2015-05-22,"Buyout (LBO, MBO, MBI)",2019-09-06,Divestiture,4.3,False,,1,0,https://mergr.com/company/264063,2026-09-04T00:08:04Z
580,Calera Capital,California,16693,United Site Services,Business Services,"Meridian, Idaho, United States",2014-08-06,Secondary Buyout,2017-07-24,Trade Sale - Public Company,2.9,False,,21,0,https://mergr.com/company/16693,2026-09-04T00:08:04Z
580,Calera Capital,California,1444,Competitor Group,Media,"San Diego, California, United States",2012-12-03,Secondary Buyout,2017-06-02,Divestiture,4.4,False,,0,0,https://mergr.com/company/1444,2026-09-04T00:08:04Z
580,Calera Capital,California,32200,"Sleepy’s, Inc.",Retail,"West Springfield, Massachusetts, United States",2012-04-02,Growth Capital,2015-11-30,Divestiture,3.6,False,,0,0,https://mergr.com/company/32200,2026-09-04T00:08:04Z
580,Calera Capital,California,1772,Sterling,Business Services,"Independence, Ohio, United States",2010-12-02,Secondary Buyout,2015-06-23,Trade Sale - Public Company,4.5,False,719,2,0,https://mergr.com/company/1772,2026-09-04T00:08:04Z
580,Calera Capital,California,25005,"Grandpoint Capital, Inc.",Financial Services,"Los Angeles,, California, United States",2010-06-30,"Buyout (LBO, MBO, MBI)",2018-07-02,Divestiture,8,False,,2,0,https://mergr.com/company/25005,2026-09-04T00:08:04Z
580,Calera Capital,California,27399,First Republic Bank,Financial Services,"San Francisco, California, United States",2010-06-01,Growth Capital,2010-12-14,IPO,0.5,False,5773,0,0,https://mergr.com/company/27399,2026-09-04T00:08:04Z
580,Calera Capital,California,13166,"LoopNet, Inc.",Internet Software and Services,"San Francisco, California, United States",2009-03-30,PIPE,,,17.4,True,,3,0,https://mergr.com/company/13166,2026-09-04T00:08:04Z
580,Calera Capital,California,4028,Rock-It,Transportation,"New York, New York, United States",2007-11-09,"Buyout (LBO, MBO, MBI)",2018-07-31,Trade Sale - Public Company,10.7,False,,0,0,https://mergr.com/company/4028,2026-09-04T00:08:04Z
580,Calera Capital,California,6323,ModSpace,Building Materials,"Berwyn, Pennsylvania, United States",2007-04-02,"Buyout (LBO, MBO, MBI)",2018-06-22,Divestiture,11.2,False,,0,0,https://mergr.com/company/6323,2026-09-04T00:08:04Z
580,Calera Capital,California,4351,Direct General Corp.,Insurance,"Nashville, Tennessee, United States",2007-03-30,Going Private,,,19.4,True,,0,1,https://mergr.com/company/4351,2026-09-04T00:08:04Z
580,Calera Capital,California,29171,"Ironshore, Inc.",Insurance,"Hamilton, Bermuda",2007-01-03,"Buyout (LBO, MBO, MBI)",2014-06-17,IPO,7.4,False,,5,0,https://mergr.com/company/29171,2026-09-04T00:08:04Z
580,Calera Capital,California,4352,IPS,Chemicals,"Compton, California, United States",2006-07-13,"Buyout (LBO, MBO, MBI)",2015-02-09,Trade Sale - Public Company,8.5,False,,1,0,https://mergr.com/company/4352,2026-09-04T00:08:04Z
580,Calera Capital,California,22315,Setco LLC,Packaging,"Anaheim, California, United States",2003-08-01,"Buyout (LBO, MBO, MBI)",2005-06-01,Trade Sale,1.8,False,,0,0,https://mergr.com/company/22315,2026-09-04T00:08:04Z
580,Calera Capital,California,17958,"Specialty Brands, Inc.",Food,"Lampasas, Texas, United States",2002-09-01,"Buyout (LBO, MBO, MBI)",2004-12-01,Trade Sale,2.3,False,,0,0,https://mergr.com/company/17958,2026-09-04T00:08:04Z
580,Calera Capital,California,22317,Vantage Building Products Corp.,Building Materials,"Wixom, Michigan, United States",2002-04-01,"Buyout (LBO, MBO, MBI)",2004-09-01,Trade Sale,2.4,False,,0,0,https://mergr.com/company/22317,2026-09-04T00:08:04Z
580,Calera Capital,California,4355,"Resun Leasing, Inc.",Business Services,"Dulles, Virginia, United States",2000-09-01,"Buyout (LBO, MBO, MBI)",2007-04-02,Merger,6.6,False,,0,0,https://mergr.com/company/4355,2026-09-04T00:08:04Z
580,Calera Capital,California,22321,"Software Architects, Inc.",Information Technology,"Westchester, Illinois, United States",2000-03-01,"Buyout (LBO, MBO, MBI)",2007-02-08,Divestiture,6.9,False,,0,0,https://mergr.com/company/22321,2026-09-04T00:08:04Z
580,Calera Capital,California,22318,"Juno Lighting, Inc.",Electrical Equipment,"Chicago, Illinois, United States",1999-06-01,"Buyout (LBO, MBO, MBI)",2005-06-30,Divestiture,6,False,,0,0,https://mergr.com/company/22318,2026-09-04T00:08:04Z
580,Calera Capital,California,22322,The Tapco Group,Building Materials,"Wixom, Michigan, United States",1999-06-01,"Buyout (LBO, MBO, MBI)",2004-09-01,Trade Sale,5.3,False,,0,0,https://mergr.com/company/22322,2026-09-04T00:08:04Z
580,Calera Capital,California,22320,"Kinetic Concepts, Inc.",Medical Products,"San Antonio, Texas, United States",1997-11-01,"Buyout (LBO, MBO, MBI)",,,28.8,True,,2,2,https://mergr.com/company/22320,2026-09-04T00:08:04Z
580,Calera Capital,California,22319,"Kerr Group, Inc.",Plastics,"Lancaster, Pennsylvania, United States",1997-08-01,"Buyout (LBO, MBO, MBI)",2005-06-01,Trade Sale,7.8,False,,0,0,https://mergr.com/company/22319,2026-09-04T00:08:04Z
580,Calera Capital,California,22323,Coldwell Banker Real Estate,Real Estate,"Parsippany, New Jersey, United States",1993-05-14,Divestiture,1996-05-01,Trade Sale - Public Company,2.9,False,,0,0,https://mergr.com/company/22323,2026-09-04T00:08:04Z
580,Calera Capital,California,21580,TA Operating LLC,Transportation,"West Lake, Ohio, United States",1992-05-01,"Buyout (LBO, MBO, MBI)",1996-10-24,Trade Sale - Public Company,4.4,False,,0,0,https://mergr.com/company/21580,2026-09-04T00:08:04Z
580,Calera Capital,California,4356,Crown Pacific Partners LP,Forest Products,"Portland, Oregon, United States",1991-08-01,"Buyout (LBO, MBO, MBI)",1994-12-01,IPO,3.3,False,,0,0,https://mergr.com/company/4356,2026-09-04T00:08:04Z
3053,Insignia Capital Group,California,344590,Trooh,Digital Media,"New York, United States",2026-01-07,Growth Capital,,,0.6,True,,0,0,https://mergr.com/company/344590,2026-09-04T00:08:04Z
3053,Insignia Capital Group,California,309467,Tidal Financial Group,Financial Services,"Milwaukee, Wisconsin, United States",2025-09-03,Recapitalization,,,1,True,,0,0,https://mergr.com/company/309467,2026-09-04T00:08:04Z
3053,Insignia Capital Group,California,342887,Oxford Road,Marketing,"Sherman Oaks, California, United States",2024-10-22,"Buyout (LBO, MBO, MBI)",,,1.8,True,,1,0,https://mergr.com/company/342887,2026-09-04T00:08:04Z
3053,Insignia Capital Group,California,301996,Chocolate Works,Food,"Freeport, New York, United States",2023-09-01,Secondary Buyout,,,3,True,,1,0,https://mergr.com/company/301996,2026-09-04T00:08:04Z
3053,Insignia Capital Group,California,324891,Dualboot Partners,Information Technology,"Charlotte, North Carolina, United States",2023-01-25,Growth Capital,,,3.6,True,,0,0,https://mergr.com/company/324891,2026-09-04T00:08:04Z
3053,Insignia Capital Group,California,324892,Fueled,Information Technology,"New York, New York, United States",2022-11-01,Growth Capital,,,3.8,True,,0,0,https://mergr.com/company/324892,2026-09-04T00:08:04Z
3053,Insignia Capital Group,California,293560,New Engen,Marketing,"Seattle, Washington, United States",2021-12-08,Growth Capital,,,4.7,True,,3,0,https://mergr.com/company/293560,2026-09-04T00:08:04Z
3053,Insignia Capital Group,California,320767,Market Performance Group,Business Services,"Princeton Junction, New Jersey, United States",2020-12-01,Growth Capital,2024-01-17,Trade Sale - Public Company,3.1,False,,0,0,https://mergr.com/company/320767,2026-09-04T00:08:04Z
3053,Insignia Capital Group,California,264779,Netrush,Retail,"Vancouver, Washington, United States",2019-10-03,Growth Capital,,,6.9,True,,1,0,https://mergr.com/company/264779,2026-09-04T00:08:04Z
3053,Insignia Capital Group,California,116381,MediaAlpha,Digital Media,"Los Angeles, California, United States",2019-02-04,Stake Purchase,2020-10-27,IPO,1.7,False,388,0,0,https://mergr.com/company/116381,2026-09-04T00:08:04Z
3053,Insignia Capital Group,California,276342,WillowTree,Information Technology,"Charlottesville, Virginia, United States",2018-10-09,Growth Capital,2022-10-27,Divestiture,4,False,,2,0,https://mergr.com/company/276342,2026-09-04T00:08:04Z
3053,Insignia Capital Group,California,239759,Tillamook Country Smoker,Food,"Bay City, Oregon, United States",2017-05-23,"Buyout (LBO, MBO, MBI)",2026-06-08,Divestiture,9,False,,0,0,https://mergr.com/company/239759,2026-09-04T00:08:04Z
3053,Insignia Capital Group,California,224119,Century Snacks,Food,"Commerce, California, United States",2016-07-20,"Buyout (LBO, MBO, MBI)",,,10.1,True,,0,0,https://mergr.com/company/224119,2026-09-04T00:08:04Z
3053,Insignia Capital Group,California,182729,MNG Health,Information Technology,"Bensalem, Pennsylvania, United States",2015-04-15,Secondary Buyout,,,11.3,True,,0,0,https://mergr.com/company/182729,2026-09-04T00:08:04Z
3053,Insignia Capital Group,California,20289,Truco Enterprises LP ,Food,"Dallas, Texas, United States",2014-07-07,Secondary Buyout,2020-11-12,Divestiture,6.3,False,,0,0,https://mergr.com/company/20289,2026-09-04T00:08:04Z
6267,Nexa Equity,California,346277,Cedar AI,Transportation,"Seattle, Washington, United States",2025-12-16,Growth Capital,,,0.7,True,,0,0,https://mergr.com/company/346277,2026-09-04T00:08:04Z
6267,Nexa Equity,California,339197,Facility Grid,Internet Software and Services,"Brookline, Massachusetts, United States",2025-08-13,Growth Capital,,,1,True,,1,0,https://mergr.com/company/339197,2026-09-04T00:08:04Z
6267,Nexa Equity,California,325261,Easy Metrics,Internet Software and Services,"Bellevue, Washington, United States",2024-05-21,Growth Capital,,,2.3,True,,1,0,https://mergr.com/company/325261,2026-09-04T00:08:04Z
6267,Nexa Equity,California,313250,Ladle,Software,"Boston, Massachusetts, United States",2023-05-09,Growth Capital,,,3.3,True,,3,0,https://mergr.com/company/313250,2026-09-04T00:08:04Z
6267,Nexa Equity,California,299105,Choice,Information Technology,"Hartford, Connecticut, United States",2022-04-26,"Buyout (LBO, MBO, MBI)",,,4.3,True,,1,0,https://mergr.com/company/299105,2026-09-04T00:08:04Z
6267,Nexa Equity,California,299127,HomeTown Ticketing,Software,"Dublin, Ohio, United States",2022-04-19,Growth Capital,,,4.3,True,,1,0,https://mergr.com/company/299127,2026-09-04T00:08:04Z
6267,Nexa Equity,California,293768,Leap,Software,"Columbia, Maryland, United States",2021-12-14,"Buyout (LBO, MBO, MBI)",,,4.7,True,,1,0,https://mergr.com/company/293768,2026-09-04T00:08:04Z
6267,Nexa Equity,California,57482,Autura,Internet Software and Services,"Boston, Massachusetts, United States",2021-08-17,Secondary Buyout,,,5,True,,0,0,https://mergr.com/company/57482,2026-09-04T00:08:04Z
5871,Seaside Equity Partners,California,341161,Enviracore Services,Environmental,"Dallas, Texas, United States",2025-09-30,Consolidation,,,0.9,True,,3,0,https://mergr.com/company/341161,2026-09-04T00:08:04Z
5871,Seaside Equity Partners,California,351488,Liberty Disposal,Environmental,"Oklahoma City, Oklahoma, United States",2025-01-01,"Buyout (LBO, MBO, MBI)",,,1.7,True,,0,0,https://mergr.com/company/351488,2026-09-04T00:08:04Z
5871,Seaside Equity Partners,California,338149,Ventex,Semiconductors,"San Jose, California, United States",2024-01-01,"Buyout (LBO, MBO, MBI)",,,2.7,True,,0,0,https://mergr.com/company/338149,2026-09-04T00:08:04Z
5871,Seaside Equity Partners,California,338152,Capstone Accounting and Tax,Business Services,"Bend, Oregon, United States",2024-01-01,"Buyout (LBO, MBO, MBI)",,,2.7,True,,1,0,https://mergr.com/company/338152,2026-09-04T00:08:04Z
5871,Seaside Equity Partners,California,338145,GovPath,Information Technology,"Southlake, Texas, United States",2023-01-01,"Buyout (LBO, MBO, MBI)",,,3.7,True,,0,0,https://mergr.com/company/338145,2026-09-04T00:08:04Z
5871,Seaside Equity Partners,California,338151,Frontier Services Group,Business Services,"Houston, Texas, United States",2023-01-01,"Buyout (LBO, MBO, MBI)",,,3.7,True,,2,0,https://mergr.com/company/338151,2026-09-04T00:08:04Z
5871,Seaside Equity Partners,California,305811,PayReel,Internet Software and Services,"Golden, Colorado, United States",2022-09-26,Growth Capital,,,3.9,True,,0,0,https://mergr.com/company/305811,2026-09-04T00:08:04Z
5871,Seaside Equity Partners,California,305802,BlueThread Services,Construction,"Englewood, Colorado, United States",2022-04-05,Growth Capital,,,4.3,True,,0,0,https://mergr.com/company/305802,2026-09-04T00:08:04Z
5871,Seaside Equity Partners,California,309456,FirstLine Road Solutions,Transportation,"Phoenix, Arizona, United States",2022-01-01,Growth Capital,,,4.7,True,,0,0,https://mergr.com/company/309456,2026-09-04T00:08:04Z
5871,Seaside Equity Partners,California,305800,ProCern,Information Technology,"Broomfield, Colorado, United States",2021-02-01,Recapitalization,,,5.6,True,,0,0,https://mergr.com/company/305800,2026-09-04T00:08:04Z
5871,Seaside Equity Partners,California,168861,Cascade Training Solutions,Education,"Seattle, Washington, United States",2021-02-01,Secondary Buyout,2026-03-18,Divestiture,5.1,False,,0,0,https://mergr.com/company/168861,2026-09-04T00:08:04Z
5871,Seaside Equity Partners,California,268337,TalentSmartEQ,Education,"San Diego, California, United States",2020-01-21,Growth Capital,,,6.6,True,,0,0,https://mergr.com/company/268337,2026-09-04T00:08:04Z
5871,Seaside Equity Partners,California,302415,Andersen Commercial Plumbing,Business Services,"La Verne, California, United States",2018-01-01,Growth Capital,2022-07-13,Trade Sale,4.5,False,,0,0,https://mergr.com/company/302415,2026-09-04T00:08:04Z
5871,Seaside Equity Partners,California,305810,Outdoor Dimensions,Marketing,"Anaheim, California, United States",2018-01-01,Growth Capital,,,8.7,True,,0,0,https://mergr.com/company/305810,2026-09-04T00:08:04Z
6308,Percheron Capital,California,340537,Solidaire,Business Services,"Atlanta, Georgia, United States",2025-09-16,Consolidation,,,0.9,True,,1,0,https://mergr.com/company/340537,2026-09-04T00:08:04Z
6308,Percheron Capital,California,332605,Vanterra Foundation Solutions,Business Services,"Knoxville, Tennessee, United States",2024-11-14,"Buyout (LBO, MBO, MBI)",,,1.8,True,,1,0,https://mergr.com/company/332605,2026-09-04T00:08:04Z
6308,Percheron Capital,California,340547,Alloy Roofing,Business Services,"Atlanta, Georgia, United States",2024-11-12,Consolidation,,,1.8,True,,1,0,https://mergr.com/company/340547,2026-09-04T00:08:04Z
6308,Percheron Capital,California,340535,Right Restoration Partners,Construction,"Tempe, Arizona, United States",2024-10-30,"Buyout (LBO, MBO, MBI)",,,1.8,True,,0,0,https://mergr.com/company/340535,2026-09-04T00:08:04Z
6308,Percheron Capital,California,318483,SafeBasements,Business Services,"Minnetonka, Minnesota, United States",2023-10-31,"Buyout (LBO, MBO, MBI)",,,2.8,True,,0,0,https://mergr.com/company/318483,2026-09-04T00:08:04Z
6308,Percheron Capital,California,314542,Any Pest,Consumer Services,"Kennesaw, Georgia, United States",2023-06-27,"Buyout (LBO, MBO, MBI)",,,3.2,True,,0,0,https://mergr.com/company/314542,2026-09-04T00:08:04Z
6308,Percheron Capital,California,314541,Lookout Pest Control,Consumer Services,"Rossville, Georgia, United States",2023-06-27,"Buyout (LBO, MBO, MBI)",,,3.2,True,,0,0,https://mergr.com/company/314541,2026-09-04T00:08:04Z
6308,Percheron Capital,California,312725,McWilliams & Son,Business Services,"Burke, Texas, United States",2022-08-15,"Buyout (LBO, MBO, MBI)",,,4,True,,0,0,https://mergr.com/company/312725,2026-09-04T00:08:04Z
6308,Percheron Capital,California,290244,Animal Dermatology Group,Consumer Services,"Newport Beach, California, United States",2022-01-06,Growth Capital,,,4.6,True,,7,0,https://mergr.com/company/290244,2026-09-04T00:08:04Z
6308,Percheron Capital,California,315294,Blue Cardinal,Business Services,"Dallas, Texas, United States",2022-01-01,"Buyout (LBO, MBO, MBI)",,,4.7,True,,5,0,https://mergr.com/company/315294,2026-09-04T00:08:04Z
6308,Percheron Capital,California,280539,Caliber Car Wash,Consumer Services,"Atlanta, Georgia, United States",2021-12-16,Secondary Buyout,,,4.7,True,,1,0,https://mergr.com/company/280539,2026-09-04T00:08:04Z
6308,Percheron Capital,California,312721,Veritas Veterinary Partners,Consumer Services,"Eatontown, New Jersey, United States",2021-04-01,"Buyout (LBO, MBO, MBI)",,,5.4,True,,0,0,https://mergr.com/company/312721,2026-09-04T00:08:04Z
6308,Percheron Capital,California,292918,Big Brand Tire & Service,Automotive,"Moorpark, California, United States",2021-03-01,"Buyout (LBO, MBO, MBI)",,,5.5,True,,8,0,https://mergr.com/company/292918,2026-09-04T00:08:04Z
6308,Percheron Capital,California,340549,AOSN,Consumer Services,"Newport Beach, California, United States",2021-01-01,"Buyout (LBO, MBO, MBI)",,,5.7,True,,0,0,https://mergr.com/company/340549,2026-09-04T00:08:04Z
6566,Lone View Capital,California,340359,Jumpmind,Internet Software and Services,"Columbus, Ohio, United States",2025-09-15,Growth Capital,,,0.9,True,,0,0,https://mergr.com/company/340359,2026-09-04T00:08:04Z
6566,Lone View Capital,California,331804,CargoSprint,Information Technology,"Atlanta, Georgia, United States",2024-11-12,Growth Capital,,,1.8,True,,2,0,https://mergr.com/company/331804,2026-09-04T00:08:04Z
6566,Lone View Capital,California,295487,SmartLinx,Software,"Hackensack, New Jersey, United States",2023-07-24,Secondary Buyout,,,3.1,True,,0,0,https://mergr.com/company/295487,2026-09-04T00:08:04Z
6566,Lone View Capital,California,318276,Trend Health Partners,Information Technology,"Hunt Valley, Maryland, United States",2023-01-09,Growth Capital,,,3.6,True,,2,0,https://mergr.com/company/318276,2026-09-04T00:08:04Z
35,Bison Capital Asset Management,California,350694,Elevate Eyecare,Healthcare Services,"Dallas, Texas, United States",2025-08-28,Growth Capital,,,1,True,,0,0,https://mergr.com/company/350694,2026-09-04T00:08:04Z
35,Bison Capital Asset Management,California,330472,Motive Companies,Renewable Energy,"Fountain Valley, California, United States",2024-07-31,Growth Capital,,,2.1,True,,1,0,https://mergr.com/company/330472,2026-09-04T00:08:04Z
35,Bison Capital Asset Management,California,335075,Total Scholastic Solutions,Insurance,"Hilton Head Island , South Carolina, United States",2024-01-16,Growth Capital,,,2.6,True,,0,0,https://mergr.com/company/335075,2026-09-04T00:08:04Z
35,Bison Capital Asset Management,California,335076,Wyo-Ben,Metals/Mining,"Billings, Montana, United States",2023-11-14,Growth Capital,,,2.8,True,,0,0,https://mergr.com/company/335076,2026-09-04T00:08:04Z
35,Bison Capital Asset Management,California,188302,MPA,Automotive,"Torrance, California, United States",2023-03-31,Stake Purchase,,,3.4,True,790,0,0,https://mergr.com/company/188302,2026-09-04T00:08:04Z
35,Bison Capital Asset Management,California,248223,Precision Surfacing Solutions,Machinery,"Rendsburg, Germany",2022-10-11,"Buyout (LBO, MBO, MBI)",,,3.8,True,,0,0,https://mergr.com/company/248223,2026-09-04T00:08:04Z
35,Bison Capital Asset Management,California,304743,Ocean Media,Marketing,"Huntington Beach, California, United States",2022-07-22,Recapitalization,,,4.1,True,,0,0,https://mergr.com/company/304743,2026-09-04T00:08:04Z
35,Bison Capital Asset Management,California,350698,Kingbee Vans,Automotive,"West Valley City, Utah, United States",2021-01-01,"Buyout (LBO, MBO, MBI)",,,5.7,True,,0,0,https://mergr.com/company/350698,2026-09-04T00:08:04Z
35,Bison Capital Asset Management,California,273925,For The Record,Software,"Denver, Colorado, United States",2020-07-06,Recapitalization,2026-02-02,Divestiture,5.5,False,,0,0,https://mergr.com/company/273925,2026-09-04T00:08:04Z
35,Bison Capital Asset Management,California,335077,Curtin Maritime,Marine,"Long Beach, California, United States",2020-01-01,"Buyout (LBO, MBO, MBI)",,,6.7,True,,0,0,https://mergr.com/company/335077,2026-09-04T00:08:04Z
35,Bison Capital Asset Management,California,304363,Quixote Studios,Business Services,"West Hollywood, California, United States",2018-12-03,Growth Capital,2022-09-01,Divestiture,3.7,False,,0,0,https://mergr.com/company/304363,2026-09-04T00:08:04Z
35,Bison Capital Asset Management,California,304744,Aqua Expeditions,Leisure,"Singapore, Singapore",2018-11-08,Growth Capital,2025-01-16,Divestiture,6.2,False,,0,0,https://mergr.com/company/304744,2026-09-04T00:08:04Z
35,Bison Capital Asset Management,California,177486,HNI Healthcare,Healthcare Services,"Austin, Texas, United States",2018-01-23,Growth Capital,,,8.6,True,,1,0,https://mergr.com/company/177486,2026-09-04T00:08:04Z
35,Bison Capital Asset Management,California,4225,TwinMed,Distribution,"Santa Fe Springs, California, United States",2017-12-04,Secondary Buyout,,,8.8,True,,0,0,https://mergr.com/company/4225,2026-09-04T00:08:04Z
35,Bison Capital Asset Management,California,304793,OPC,Real Estate,"Long Beach, California, United States",2017-09-27,Growth Capital,2022-10-12,Divestiture,5,False,,0,0,https://mergr.com/company/304793,2026-09-04T00:08:04Z
35,Bison Capital Asset Management,California,239410,Miva,Internet Software and Services,"San Diego, California, United States",2017-04-28,Growth Capital,,,9.3,True,,0,0,https://mergr.com/company/239410,2026-09-04T00:08:04Z
35,Bison Capital Asset Management,California,233727,Advantmed,Healthcare Services,"Irvine, California, United States",2016-12-09,Growth Capital,2025-04-07,Merger,8.3,False,,0,0,https://mergr.com/company/233727,2026-09-04T00:08:04Z
35,Bison Capital Asset Management,California,304978,FinFit,Business Services,"Virginia Beach, Virginia, United States",2016-12-01,Growth Capital,,,9.8,True,,0,0,https://mergr.com/company/304978,2026-09-04T00:08:04Z
35,Bison Capital Asset Management,California,233731,Midwestern BioAg,Agriculture,"Blue Mounds, Wisconsin, United States",2016-08-22,Growth Capital,2020-09-09,Trade Sale - Public Company,4,False,,0,0,https://mergr.com/company/233731,2026-09-04T00:08:04Z
35,Bison Capital Asset Management,California,231862,CutisCare,Healthcare Services,"Lighthouse Point, Florida, United States",2016-02-25,Growth Capital,2025-10-27,Divestiture,9.7,False,,0,0,https://mergr.com/company/231862,2026-09-04T00:08:04Z
35,Bison Capital Asset Management,California,231863,indie Semiconductor,Semiconductors,"Aliso Viejo, California, United States",2015-08-01,Growth Capital,2021-06-10,SPAC,5.8,False,217,0,0,https://mergr.com/company/231863,2026-09-04T00:08:04Z
35,Bison Capital Asset Management,California,189409,Cve Technology Group,Consumer Services,"Riverdale, New Jersey, United States",2015-05-28,Growth Capital,,,11.3,True,,0,0,https://mergr.com/company/189409,2026-09-04T00:08:04Z
35,Bison Capital Asset Management,California,168137,Lime Energy Co.,Energy Services and Equipment,"Newark, New Jersey, United States",2014-12-31,PIPE,,,11.7,True,113,1,0,https://mergr.com/company/168137,2026-09-04T00:08:04Z
35,Bison Capital Asset Management,California,189411,Clinical Research Laboratories,Life Science,"Piscataway, New Jersey, United States",2014-12-05,Growth Capital,2018-09-05,Divestiture,3.8,False,,0,0,https://mergr.com/company/189411,2026-09-04T00:08:04Z
35,Bison Capital Asset Management,California,210053,United Therapies LLC,Healthcare Services,"Grange, Illinois, United States",2013-11-20,Growth Capital,2016-03-09,Divestiture,2.3,False,,0,0,https://mergr.com/company/210053,2026-09-04T00:08:04Z
35,Bison Capital Asset Management,California,50786,SolarSilicon Recycling Services,Environmental,"Camarillo, California, United States",2012-06-29,Growth Capital,,,14.2,True,,0,0,https://mergr.com/company/50786,2026-09-04T00:08:04Z
35,Bison Capital Asset Management,California,50790,Sentinel,Technology Hardware,"Anaheim, California, United States",2012-04-27,"Buyout (LBO, MBO, MBI)",,,14.3,True,,1,0,https://mergr.com/company/50790,2026-09-04T00:08:04Z
35,Bison Capital Asset Management,California,24197,Fyfe Group LLC,Building Materials,"San Diego, California, United States",2009-11-20,"Buyout (LBO, MBO, MBI)",2011-08-31,Divestiture,1.8,False,,0,0,https://mergr.com/company/24197,2026-09-04T00:08:04Z
35,Bison Capital Asset Management,California,15477,BC2 Environmental,Environmental,"Orange, California, United States",2008-07-28,"Buyout (LBO, MBO, MBI)",2019-01-24,Trade Sale - Public Company,10.4,False,,0,0,https://mergr.com/company/15477,2026-09-04T00:08:04Z
35,Bison Capital Asset Management,California,58630,RestorixHealth,Healthcare Services,"Metairie, Louisiana, United States",2008-03-31,Growth Capital,2010-06-24,Trade Sale - Public Company,2.2,False,,0,0,https://mergr.com/company/58630,2026-09-04T00:08:04Z
35,Bison Capital Asset Management,California,347,Big Rock Sports,Distribution,"Graham, North Carolina, United States",2007-10-29,Secondary Buyout,,,18.8,True,,2,0,https://mergr.com/company/347,2026-09-04T00:08:04Z
35,Bison Capital Asset Management,California,350,Royal Wolf,Packaging,"Gordon, Australia",2007-03-30,Secondary Buyout,2011-06-01,IPO,4.2,False,105,0,0,https://mergr.com/company/350,2026-09-04T00:08:04Z
35,Bison Capital Asset Management,California,346,Performance Team,Transportation,"Santa Fe Springs, California, United States",2006-05-10,"Buyout (LBO, MBO, MBI)",2018-07-31,Merger,12.2,False,,0,0,https://mergr.com/company/346,2026-09-04T00:08:04Z
35,Bison Capital Asset Management,California,349,Metagenics,Consumer Products,"Aliso Viejo, California, United States",2005-05-31,"Buyout (LBO, MBO, MBI)",2009-09-11,Divestiture,4.3,False,,1,0,https://mergr.com/company/349,2026-09-04T00:08:04Z
35,Bison Capital Asset Management,California,24460,EmpireCLS Worldwide Chauffeured Services,Transportation,"Secaucus, New Jersey, United States",2005-03-03,Growth Capital,,,21.5,True,,0,0,https://mergr.com/company/24460,2026-09-04T00:08:04Z
35,Bison Capital Asset Management,California,4225,TwinMed,Distribution,"Santa Fe Springs, California, United States",2004-02-19,Growth Capital,2007-06-25,Merger,3.3,False,,0,0,https://mergr.com/company/4225,2026-09-04T00:08:04Z
35,Bison Capital Asset Management,California,352,Helinet Aviation Services,Transportation,"Van Nuys, California, United States",2003-11-05,"Buyout (LBO, MBO, MBI)",,,22.8,True,,0,0,https://mergr.com/company/352,2026-09-04T00:08:04Z
35,Bison Capital Asset Management,California,345,Fuel Systems Solutions,Automotive,"New York, New York, United States",2003-07-19,Stake Purchase,,,23.1,True,263,4,0,https://mergr.com/company/345,2026-09-04T00:08:04Z
5566,Gallant Capital,California,264834,Altify,Software,"Los Angeles, California, United States",2025-03-17,Divestiture,,,1.4,True,24,0,0,https://mergr.com/company/264834,2026-09-04T00:08:04Z
5566,Gallant Capital,California,332190,Business Processing Solutions,Information Technology,"Philadelphia, Pennsylvania, United States",2024-12-23,Divestiture,,,1.7,True,,0,1,https://mergr.com/company/332190,2026-09-04T00:08:04Z
5566,Gallant Capital,California,221515,Fime,Information Technology,"Antony, France",2024-05-17,Secondary Buyout,,,2.3,True,51,0,0,https://mergr.com/company/221515,2026-09-04T00:08:04Z
5566,Gallant Capital,California,316114,Arctiq,Information Technology,"Brentwood, Tennessee, United States",2023-08-16,Growth Capital,,,3,True,,4,0,https://mergr.com/company/316114,2026-09-04T00:08:04Z
5566,Gallant Capital,California,307232,Lightning Step,Software,"Houston, Texas, United States",2022-11-17,Growth Capital,2025-10-27,Spin Off,2.9,False,,0,0,https://mergr.com/company/307232,2026-09-04T00:08:04Z
5566,Gallant Capital,California,273752,SLWM,Marketing,"Kansas City, Missouri, United States",2022-09-26,Secondary Buyout,,,3.9,True,,0,0,https://mergr.com/company/273752,2026-09-04T00:08:04Z
5566,Gallant Capital,California,257304,Pro-Vac,Environmental,"Kent, Washington, United States",2022-02-22,Secondary Buyout,,,4.5,True,,3,0,https://mergr.com/company/257304,2026-09-04T00:08:04Z
5566,Gallant Capital,California,293291,InformData,Information Services,"Kennesaw, Georgia, United States",2021-12-02,Growth Capital,,,4.8,True,,2,0,https://mergr.com/company/293291,2026-09-04T00:08:04Z
5566,Gallant Capital,California,303050,Sunwave Health,Internet Software and Services,"Delray Beach, Florida, United States",2021-06-24,Growth Capital,,,5.2,True,,1,0,https://mergr.com/company/303050,2026-09-04T00:08:04Z
5566,Gallant Capital,California,269925,Valor Global,Business Services,"Phoenix, Arizona, United States",2021-05-24,Growth Capital,,,5.3,True,,0,0,https://mergr.com/company/269925,2026-09-04T00:08:04Z
5566,Gallant Capital,California,269407,CMI Group,Manufacturing,"Phoenix, Arizona, United States",2020-02-20,Recapitalization,,,6.5,True,,1,0,https://mergr.com/company/269407,2026-09-04T00:08:04Z
5566,Gallant Capital,California,289995,Quality Built,Test/Measurement Equipment,"Fort Lauderdale, Florida, United States",2019-04-29,Growth Capital,,,7.3,True,,2,0,https://mergr.com/company/289995,2026-09-04T00:08:04Z
5566,Gallant Capital,California,257363,Aero Turbine,Aerospace,"Stockton, California, United States",2019-01-09,Growth Capital,2024-08-26,Divestiture,5.6,False,,0,0,https://mergr.com/company/257363,2026-09-04T00:08:04Z
5566,Gallant Capital,California,315013,NFH,Transportation,"Los Angeles, California, United States",2018-01-01,"Buyout (LBO, MBO, MBI)",,,8.7,True,,0,0,https://mergr.com/company/315013,2026-09-04T00:08:04Z
478,RLH Equity Partners,California,331626,Asia Group,Business Services,"Washington, District of Columbia, United States",2024-12-11,Growth Capital,,,1.7,True,,0,0,https://mergr.com/company/331626,2026-09-04T00:08:04Z
478,RLH Equity Partners,California,331001,Red Clay Consulting,Information Technology,"Atlanta, Georgia, United States",2024-03-04,Growth Capital,,,2.5,True,,0,0,https://mergr.com/company/331001,2026-09-04T00:08:04Z
478,RLH Equity Partners,California,310307,Connors Group,Business Services,"Canonsburg, Pennsylvania, United States",2023-02-21,Growth Capital,,,3.5,True,,0,0,https://mergr.com/company/310307,2026-09-04T00:08:04Z
478,RLH Equity Partners,California,302744,CrossCountry Consulting,Business Services,"McLean, Virginia, United States",2022-12-06,"Buyout (LBO, MBO, MBI)",,,3.7,True,,4,0,https://mergr.com/company/302744,2026-09-04T00:08:04Z
478,RLH Equity Partners,California,339040,CrossVue,Business Services,"Chicago, Illinois, United States",2022-04-26,"Buyout (LBO, MBO, MBI)",,,4.3,True,,0,0,https://mergr.com/company/339040,2026-09-04T00:08:04Z
478,RLH Equity Partners,California,254717,IMRE,Marketing,"Baltimore, Maryland, United States",2021-10-13,"Buyout (LBO, MBO, MBI)",,,4.8,True,,0,0,https://mergr.com/company/254717,2026-09-04T00:08:04Z
478,RLH Equity Partners,California,288742,Keystone Strategy,Business Services,"New York, New York, United States",2021-08-04,Growth Capital,,,5.1,True,,0,0,https://mergr.com/company/288742,2026-09-04T00:08:04Z
478,RLH Equity Partners,California,218389,Astound Digital,Information Technology,"Oakland, California, United States",2021-05-12,Growth Capital,,,5.3,True,,0,0,https://mergr.com/company/218389,2026-09-04T00:08:04Z
478,RLH Equity Partners,California,302742,MCA Connect,Information Technology,"Denver, Colorado, United States",2020-07-14,Growth Capital,2026-05-20,Divestiture,5.8,False,,1,0,https://mergr.com/company/302742,2026-09-04T00:08:04Z
478,RLH Equity Partners,California,302741,Biorasi,Life Science,"Miami, Florida, United States",2018-12-11,"Buyout (LBO, MBO, MBI)",,,7.7,True,,0,0,https://mergr.com/company/302741,2026-09-04T00:08:04Z
478,RLH Equity Partners,California,230168,Utegration,Business Services,"Houston, Texas, United States",2016-11-10,Growth Capital,2022-12-07,Divestiture,6,False,,1,0,https://mergr.com/company/230168,2026-09-04T00:08:04Z
478,RLH Equity Partners,California,171805,Inspirage,Information Technology,"Bellevue, Washington, United States",2015-01-13,Growth Capital,2022-09-06,Divestiture,7.6,False,,1,0,https://mergr.com/company/171805,2026-09-04T00:08:04Z
478,RLH Equity Partners,California,104001,Clarity Insights,Business Services,"Chicago, Illinois, United States",2014-06-24,Growth Capital,,,12.2,True,,0,0,https://mergr.com/company/104001,2026-09-04T00:08:04Z
478,RLH Equity Partners,California,36397,Chartis,Business Services,"Chicago, Illinois, United States",2013-02-06,"Buyout (LBO, MBO, MBI)",2019-05-09,Merger,6.3,False,,1,0,https://mergr.com/company/36397,2026-09-04T00:08:04Z
478,RLH Equity Partners,California,47633,Siteworx LLC,Software,"Reston, Vermont, United States",2012-12-04,Growth Capital,,,13.8,True,,0,0,https://mergr.com/company/47633,2026-09-04T00:08:04Z
478,RLH Equity Partners,California,47637,RGM Group Enterprises LLC,Marketing,"Venice, California, United States",2012-09-19,Growth Capital,,,13.9,True,,0,0,https://mergr.com/company/47637,2026-09-04T00:08:04Z
478,RLH Equity Partners,California,47653,Patient Care America,Healthcare Services,"Pompano Beach, Florida, United States",2012-07-16,"Buyout (LBO, MBO, MBI)",,,14.1,True,,0,0,https://mergr.com/company/47653,2026-09-04T00:08:04Z
478,RLH Equity Partners,California,24909,Secure Mission Solutions LLC,Information Technology,"Reston, Virginia, United States",2009-12-01,"Buyout (LBO, MBO, MBI)",2014-04-18,Divestiture,4.3,False,,0,0,https://mergr.com/company/24909,2026-09-04T00:08:04Z
478,RLH Equity Partners,California,24910,"Avella Specialty Pharmacy, Inc.",Life Science,"Phoenix, Arizona, United States",2009-04-01,"Buyout (LBO, MBO, MBI)",2018-11-14,Unknown,9.6,False,,3,0,https://mergr.com/company/24910,2026-09-04T00:08:04Z
478,RLH Equity Partners,California,16521,Creative Circle LLC,Staffing,"Los Angeles, California, United States",2008-10-01,Stake Purchase,2012-10-02,Trade Sale - Public Company,4,False,226,0,0,https://mergr.com/company/16521,2026-09-04T00:08:04Z
478,RLH Equity Partners,California,16522,"maxIT Healthcare Holdings, Inc.",Information Technology,"Westfield, Indiana, United States",2008-01-01,"Buyout (LBO, MBO, MBI)",2012-07-17,Divestiture,4.5,False,,0,0,https://mergr.com/company/16522,2026-09-04T00:08:04Z
478,RLH Equity Partners,California,26075,One Industries,Apparel/Textiles,"San Clemente, California, United States",2007-11-01,"Buyout (LBO, MBO, MBI)",2013-07-10,Trade Sale - Public Company,5.7,False,,1,0,https://mergr.com/company/26075,2026-09-04T00:08:04Z
478,RLH Equity Partners,California,16524,Total Woman Gym+Spa,Consumer Services,"Irvine, California, United States",2007-11-01,Recapitalization,2018-02-22,Divestiture,10.3,False,,0,0,https://mergr.com/company/16524,2026-09-04T00:08:04Z
478,RLH Equity Partners,California,3781,"CyberCoders, Inc.",Staffing,"Irvine, California, United States",2007-08-01,Recapitalization,2013-12-02,Divestiture,6.3,False,,0,0,https://mergr.com/company/3781,2026-09-04T00:08:04Z
478,RLH Equity Partners,California,3780,ABB Optical Group,Distribution,"Coral Springs, Florida, United States",2007-04-01,Consolidation,2012-10-01,Merger,5.5,False,,0,0,https://mergr.com/company/3780,2026-09-04T00:08:04Z
478,RLH Equity Partners,California,3783,Silverado Senior Living,Healthcare Services,"Irvine, California, United States",2006-02-13,Stake Purchase,,,20.5,True,,0,0,https://mergr.com/company/3783,2026-09-04T00:08:04Z
478,RLH Equity Partners,California,3782,Cymetrix Corp.,Business Services,"Irvine, California, United States",2005-06-23,Growth Capital,2014-05-14,Divestiture,8.8,False,,0,0,https://mergr.com/company/3782,2026-09-04T00:08:04Z
478,RLH Equity Partners,California,30223,Con-Cise Contact Lens Co.,Distribution,"San Leandro, California, United States",2005-05-26,"Buyout (LBO, MBO, MBI)",2007-04-01,Merger,1.8,False,,0,0,https://mergr.com/company/30223,2026-09-04T00:08:04Z
478,RLH Equity Partners,California,16527,Data Processing Resources Corp.,Information Technology,"Irvine, California, United States",1995-01-01,Stake Purchase,1999-06-25,Divestiture,4.4,False,355,0,0,https://mergr.com/company/16527,2026-09-04T00:08:04Z
478,RLH Equity Partners,California,16525,"Adohr Farms, Inc.",Food,"Santa Ana, California, United States",1995-01-01,"Buyout (LBO, MBO, MBI)",1997-03-31,Trade Sale - Public Company,2.2,False,,0,0,https://mergr.com/company/16525,2026-09-04T00:08:04Z
478,RLH Equity Partners,California,16528,Tetra Tech,Engineering,"Pasadena, California, United States",1988-01-01,"Buyout (LBO, MBO, MBI)",1991-12-27,IPO,3.9,False,5443,0,0,https://mergr.com/company/16528,2026-09-04T00:08:04Z
6904,SAIGroup,California,4624,GetWellNetwork,Information Technology,"Bethesda, Maryland, United States",2024-07-09,Secondary Buyout,,,2.1,True,,0,0,https://mergr.com/company/4624,2026-09-04T00:08:04Z
6904,SAIGroup,California,344234,RhythmX AI,Information Technology,"Palo Alto, California, United States",2023-10-05,"Buyout (LBO, MBO, MBI)",,,2.8,True,,0,0,https://mergr.com/company/344234,2026-09-04T00:08:04Z
6904,SAIGroup,California,260933,SymphonyAI,Internet Software and Services,"Palo Alto, California, United States",2017-01-01,"Buyout (LBO, MBO, MBI)",,,9.7,True,,6,0,https://mergr.com/company/260933,2026-09-04T00:08:04Z
6668,Tensile Capital Management,California,324315,Plenergy,Oil/Gas Exploration,"Madrid, Spain",2024-01-15,Recapitalization,,,2.6,True,,0,0,https://mergr.com/company/324315,2026-09-04T00:08:04Z
6668,Tensile Capital Management,California,305863,TPC,Manufacturing,"Chicago, Illinois, United States",2023-08-01,Growth Capital,,,3.1,True,,1,0,https://mergr.com/company/305863,2026-09-04T00:08:04Z
739,Brentwood Associates,California,318797,Far West Services,Restaurants,"Costa Mesa, California, United States",2023-11-07,Growth Capital,,,2.8,True,,0,0,https://mergr.com/company/318797,2026-09-04T00:08:04Z
739,Brentwood Associates,California,300226,Hissho Sushi,Franchising,"Charlotte, North Carolina, United States",2022-05-24,"Buyout (LBO, MBO, MBI)",,,4.3,True,,0,0,https://mergr.com/company/300226,2026-09-04T00:08:04Z
739,Brentwood Associates,California,241467,Pacifica Beauty,Consumer Products,"Carpinteria, California, United States",2022-01-28,Secondary Buyout,,,4.6,True,,0,0,https://mergr.com/company/241467,2026-09-04T00:08:04Z
739,Brentwood Associates,California,323404,L-Nutra,Food,"Los Angeles, California, United States",2021-07-08,Growth Capital,,,5.1,True,,0,0,https://mergr.com/company/323404,2026-09-04T00:08:04Z
739,Brentwood Associates,California,284790,Watermill Express,Beverages,"Brighton, Colorado, United States",2021-05-03,"Buyout (LBO, MBO, MBI)",,,5.3,True,,0,0,https://mergr.com/company/284790,2026-09-04T00:08:04Z
739,Brentwood Associates,California,185880,Chicken Salad Chick,Restaurants,"Atlanta, Georgia, United States",2019-11-04,Secondary Buyout,,,6.8,True,,1,0,https://mergr.com/company/185880,2026-09-04T00:08:04Z
739,Brentwood Associates,California,257435,Afterburn Holdings,Consumer Services,"Houston, Texas, United States",2019-01-11,Growth Capital,,,7.6,True,,0,0,https://mergr.com/company/257435,2026-09-04T00:08:04Z
739,Brentwood Associates,California,31594,MD Now Urgent Care,Healthcare Services,"West Palm Beach, Florida, United States",2018-08-02,Secondary Buyout,2022-01-04,Divestiture,3.4,False,,0,0,https://mergr.com/company/31594,2026-09-04T00:08:04Z
739,Brentwood Associates,California,249884,MedBridge,Information Technology,"Bellevue, Washington, United States",2018-04-03,Growth Capital,,,8.4,True,,0,0,https://mergr.com/company/249884,2026-09-04T00:08:04Z
739,Brentwood Associates,California,248358,Credentials Solutions LLC,Information Technology,"Deerfield, Illinois, United States",2018-02-06,Growth Capital,2019-12-10,Spin Off,1.8,False,,0,0,https://mergr.com/company/248358,2026-09-04T00:08:04Z
739,Brentwood Associates,California,248357,Upward Projects,Restaurants,"Phoenix, Arizona, United States",2018-01-22,Growth Capital,,,8.6,True,,0,0,https://mergr.com/company/248357,2026-09-04T00:08:04Z
739,Brentwood Associates,California,242489,SMG,Information Technology,"Kansas City, Missouri, United States",2017-10-24,Growth Capital,,,8.8,True,,1,0,https://mergr.com/company/242489,2026-09-04T00:08:04Z
739,Brentwood Associates,California,241756,Blaze Pizza,Restaurants,"Pasadena, California, United States",2017-07-14,Growth Capital,,,9.1,True,,0,0,https://mergr.com/company/241756,2026-09-04T00:08:04Z
739,Brentwood Associates,California,18137,Jefferson Dental & Orthodontics,Healthcare Services,"Dallas, Texas, United States",2017-04-10,Secondary Buyout,,,9.3,True,,1,0,https://mergr.com/company/18137,2026-09-04T00:08:04Z
739,Brentwood Associates,California,234163,ClassWallet,Internet Software and Services,"Hollywood, Florida, United States",2017-01-09,Growth Capital,,,9.6,True,,0,0,https://mergr.com/company/234163,2026-09-04T00:08:04Z
739,Brentwood Associates,California,35417,Snooze,Restaurants,"Denver, Colorado, United States",2016-12-05,Secondary Buyout,,,9.7,True,,0,0,https://mergr.com/company/35417,2026-09-04T00:08:04Z
739,Brentwood Associates,California,268088,Wiland,Marketing,"Niwot, Colorado, United States",2016-06-01,Growth Capital,,,10.3,True,,0,0,https://mergr.com/company/268088,2026-09-04T00:08:04Z
739,Brentwood Associates,California,142017,Boston Proper,Retail,"Boca Raton, Florida, United States",2016-01-19,Divestiture,,,10.6,True,,0,0,https://mergr.com/company/142017,2026-09-04T00:08:04Z
739,Brentwood Associates,California,32152,J.McLaughlin,Retail,"Brooklyn, New York, United States",2015-11-16,Secondary Buyout,,,10.8,True,,0,0,https://mergr.com/company/32152,2026-09-04T00:08:04Z
739,Brentwood Associates,California,4421,Excelligence Learning,Retail,"Monterey, California, United States",2015-01-07,Secondary Buyout,,,11.6,True,,4,1,https://mergr.com/company/4421,2026-09-04T00:08:04Z
739,Brentwood Associates,California,207551,Z Gallerie LLC,Retail,"Gardena, California, United States",2014-10-16,"Buyout (LBO, MBO, MBI)",2019-03-11,Bankruptcy,4.3,False,,0,0,https://mergr.com/company/207551,2026-09-04T00:08:04Z
739,Brentwood Associates,California,487,Marshall Retail Group,Retail,"Las Vegas, Nevada, United States",2014-08-26,Secondary Buyout,2019-10-17,Divestiture,5.1,False,,0,0,https://mergr.com/company/487,2026-09-04T00:08:04Z
739,Brentwood Associates,California,84957,Xtend Healthcare LLC,Information Technology,"Hendersonville, Tennessee, United States",2014-04-03,Growth Capital,2015-10-23,Divestiture,1.5,False,,0,0,https://mergr.com/company/84957,2026-09-04T00:08:04Z
739,Brentwood Associates,California,232558,Allen Edmonds Corp.,Apparel/Textiles,"Port Washington, Wisconsin, United States",2013-11-06,Secondary Buyout,2016-12-13,Divestiture,3.1,False,,0,0,https://mergr.com/company/232558,2026-09-04T00:08:04Z
739,Brentwood Associates,California,63674,Lazy Dog Restaurant & Bar,Restaurants,"Costa Mesa, California, United States",2013-07-30,"Buyout (LBO, MBO, MBI)",,,13.1,True,,0,0,https://mergr.com/company/63674,2026-09-04T00:08:04Z
739,Brentwood Associates,California,49858,Soft Surroundings,Retail,"St. Louis, Missouri, United States",2012-08-06,"Buyout (LBO, MBO, MBI)",2023-09-11,Bankruptcy,11.1,False,,0,0,https://mergr.com/company/49858,2026-09-04T00:08:04Z
739,Brentwood Associates,California,4960,Sundance,Retail,"Salt Lake City, Utah, United States",2012-07-10,Secondary Buyout,2018-11-01,Trade Sale - Public Company,6.3,False,,0,0,https://mergr.com/company/4960,2026-09-04T00:08:04Z
739,Brentwood Associates,California,31278,Veggie Grill,Restaurants,"Culver City, California, United States",2011-10-06,Venture,2024-01-11,Divestiture,12.3,False,,0,0,https://mergr.com/company/31278,2026-09-04T00:08:04Z
739,Brentwood Associates,California,7528,K-MAC Enterprises,Franchising,"Fayetteville, Arkansas, United States",2011-03-18,Secondary Buyout,2016-12-20,Trade Sale - Public Company,5.8,False,,2,0,https://mergr.com/company/7528,2026-09-04T00:08:04Z
739,Brentwood Associates,California,30593,Pacific Catch,Restaurants,"Corte Madera, California, United States",2010-11-30,Growth Capital,,,15.8,True,,0,0,https://mergr.com/company/30593,2026-09-04T00:08:04Z
739,Brentwood Associates,California,24989,Chamilia LLC,Consumer Products,"Cranston, Rhode Island, United States",2010-07-12,Recapitalization,,,16.1,True,,0,0,https://mergr.com/company/24989,2026-09-04T00:08:04Z
739,Brentwood Associates,California,232750,SAXX Underwear,Apparel/Textiles,"Vancouver, British Columbia, Canada",2010-04-01,Growth Capital,,,16.4,True,,0,0,https://mergr.com/company/232750,2026-09-04T00:08:04Z
739,Brentwood Associates,California,5576,Zoe's Kitchen,Restaurants,"Plano, Texas, United States",2007-11-13,"Buyout (LBO, MBO, MBI)",2014-04-10,IPO,6.3,False,171,0,0,https://mergr.com/company/5576,2026-09-04T00:08:04Z
739,Brentwood Associates,California,5582,Pacific Island Restaurants,Franchising,"Honolulu, Hawaii, United States",2007-11-04,"Buyout (LBO, MBO, MBI)",2013-01-02,Trade Sale - Public Company,5.1,False,,0,0,https://mergr.com/company/5582,2026-09-04T00:08:04Z
739,Brentwood Associates,California,5583,Paper Source,Retail,"Chicago, Illinois, United States",2007-06-06,"Buyout (LBO, MBO, MBI)",2013-09-24,Trade Sale - Public Company,6.3,False,104,0,0,https://mergr.com/company/5583,2026-09-04T00:08:04Z
739,Brentwood Associates,California,7306,Ariat,Apparel/Textiles,"San Leandro, California, United States",2006-11-15,Recapitalization,2012-06-07,Unknown,5.5,False,,0,0,https://mergr.com/company/7306,2026-09-04T00:08:04Z
739,Brentwood Associates,California,8025,Great Courses Plus,Education,"Chantilly, Virginia, United States",2006-10-02,"Buyout (LBO, MBO, MBI)",,,19.9,True,,0,0,https://mergr.com/company/8025,2026-09-04T00:08:04Z
739,Brentwood Associates,California,5580,"C.C. Filson Company, Inc.",Apparel/Textiles,"Seattle, Washington, United States",2005-05-31,"Buyout (LBO, MBO, MBI)",2012-06-05,Divestiture,7,False,,0,0,https://mergr.com/company/5580,2026-09-04T00:08:04Z
739,Brentwood Associates,California,16901,Zumiez,E-Commerce,"Lynnwood, Washington, United States",2002-11-05,Growth Capital,2005-02-22,IPO,2.3,False,929,0,0,https://mergr.com/company/16901,2026-09-04T00:08:04Z
739,Brentwood Associates,California,5109,ThreeSixty Group,Consumer Products,"Hong Kong, China",2001-09-28,"Buyout (LBO, MBO, MBI)",2015-10-01,Trade Sale - Public Company,14,False,,0,0,https://mergr.com/company/5109,2026-09-04T00:08:04Z
739,Brentwood Associates,California,16886,"Bell Automotive Products, Inc.",Automotive,"Scottsdale, Arizona, United States",2000-02-01,"Buyout (LBO, MBO, MBI)",2004-12-09,Trade Sale - Public Company,4.8,False,,0,0,https://mergr.com/company/16886,2026-09-04T00:08:04Z
739,Brentwood Associates,California,5778,The Oriental Trading Company,Retail,"Omaha, Nebraska, United States",2000-01-01,"Buyout (LBO, MBO, MBI)",2006-06-12,Merger,6.4,False,,0,0,https://mergr.com/company/5778,2026-09-04T00:08:04Z
739,Brentwood Associates,California,26843,"Spectrum Clubs, Inc.",Consumer Services,"El Segundo, California, United States",1999-09-28,Divestiture,2015-04-02,Divestiture,15.5,False,,0,0,https://mergr.com/company/26843,2026-09-04T00:08:04Z
739,Brentwood Associates,California,5578,Array Marketing,Marketing,"Toronto, Ontario, Canada",1999-01-01,Stake Purchase,2012-06-12,Trade Sale - Public Company,13.4,False,,0,0,https://mergr.com/company/5578,2026-09-04T00:08:04Z
739,Brentwood Associates,California,2508,FleetPride,Distribution,"Irving, Texas, United States",1998-07-01,"Buyout (LBO, MBO, MBI)",2006-06-07,Trade Sale - Public Company,7.9,False,,0,0,https://mergr.com/company/2508,2026-09-04T00:08:04Z
739,Brentwood Associates,California,6897,"Bell Sports, Inc.",Consumer Products,"Rantoul, Illinois, United States",1998-02-18,"Buyout (LBO, MBO, MBI)",2000-08-01,Unknown,2.4,False,,0,0,https://mergr.com/company/6897,2026-09-04T00:08:04Z
739,Brentwood Associates,California,16893,Educational Publishing Corp.,Publishing,"Mountain View, California, United States",1988-06-01,Stake Purchase,,,38.3,True,,0,0,https://mergr.com/company/16893,2026-09-04T00:08:04Z
739,Brentwood Associates,California,16895,"Graphic Controls Holdings, Inc.",Manufacturing,"Buffalo, New York, United States",1986-11-15,Divestiture,1995-01-01,Unknown,8.1,False,,0,0,https://mergr.com/company/16895,2026-09-04T00:08:04Z
6217,Crosspoint Capital Partners,California,189152,Absolute,Software,"Vancouver, British Columbia, Canada",2023-05-11,Going Private,,,3.3,True,197,1,0,https://mergr.com/company/189152,2026-09-04T00:08:04Z
6217,Crosspoint Capital Partners,California,297457,RSA Conference,Information Technology,"Bedford, Massachusetts, United States",2022-03-15,Divestiture,,,4.4,True,,0,0,https://mergr.com/company/297457,2026-09-04T00:08:04Z
6217,Crosspoint Capital Partners,California,237243,Veracode,Software,"Burlington, Massachusetts, United States",2022-03-15,Secondary Buyout,,,4.4,True,,3,0,https://mergr.com/company/237243,2026-09-04T00:08:04Z
6217,Crosspoint Capital Partners,California,15060,McAfee,Information Technology,"San Jose, California, United States",2021-11-08,Going Private,,,4.8,True,2906,0,1,https://mergr.com/company/15060,2026-09-04T00:08:04Z
6217,Crosspoint Capital Partners,California,286899,Everseen,Information Technology,"Cork, Ireland",2021-06-22,Growth Capital,,,5.2,True,,0,0,https://mergr.com/company/286899,2026-09-04T00:08:04Z
6217,Crosspoint Capital Partners,California,286259,ExtraHop,Information Technology,"Seattle, Washington, United States",2021-06-08,"Buyout (LBO, MBO, MBI)",,,5.2,True,,0,0,https://mergr.com/company/286259,2026-09-04T00:08:04Z
6217,Crosspoint Capital Partners,California,220456,ForeScout,Information Technology,"San Jose, California, United States",2020-02-06,Going Private,,,6.5,True,298,2,0,https://mergr.com/company/220456,2026-09-04T00:08:04Z
6217,Crosspoint Capital Partners,California,33829,DigiCert,Information Technology,"Lehi, Utah, United States",2019-10-16,Secondary Buyout,,,6.8,True,,4,0,https://mergr.com/company/33829,2026-09-04T00:08:04Z
6332,Generate Capital,California,302749,esVolta,Utilities,"Newport Beach, California, United States",2022-07-21,"Buyout (LBO, MBO, MBI)",,,4.1,True,,0,0,https://mergr.com/company/302749,2026-09-04T00:08:04Z
6332,Generate Capital,California,299881,Generate Upcycle,Environmental,"London, Ontario, Canada",2022-05-11,Consolidation,,,4.3,True,,1,0,https://mergr.com/company/299881,2026-09-04T00:08:04Z
6332,Generate Capital,California,295085,Atlas Organics,Environmental,"Spartanburg, South Carolina, United States",2022-01-12,"Buyout (LBO, MBO, MBI)",2025-11-05,Divestiture,3.8,False,,0,0,https://mergr.com/company/295085,2026-09-04T00:08:04Z
6332,Generate Capital,California,315372,Conasa Infraestrutura,Infrastructure,"Londrina, Brazil",2022-01-06,Growth Capital,,,4.6,True,,0,0,https://mergr.com/company/315372,2026-09-04T00:08:04Z
6332,Generate Capital,California,226241,Pine Gate Renewables,Renewable Energy,"Asheville, North Carolina, United States",2016-09-01,Growth Capital,2025-11-07,Bankruptcy,9.2,False,,0,0,https://mergr.com/company/226241,2026-09-04T00:08:04Z
5011,Tarsadia Investments,California,320630,Kirilys,Life Science,"San Francisco, California, United States",2022-01-01,Growth Capital,,,4.7,True,,0,0,https://mergr.com/company/320630,2026-09-04T00:08:04Z
5011,Tarsadia Investments,California,320624,Erasca,Life Science,"San Diego, California, United States",2021-01-01,"Buyout (LBO, MBO, MBI)",,,5.7,True,,0,0,https://mergr.com/company/320624,2026-09-04T00:08:04Z
5011,Tarsadia Investments,California,320633,MCC,Metals/Mining,"White Plains, New York, United States",2019-01-01,"Buyout (LBO, MBO, MBI)",,,7.7,True,,0,0,https://mergr.com/company/320633,2026-09-04T00:08:04Z
5011,Tarsadia Investments,California,320640,Overseas Network,Leisure,"Coral Gables, Florida, United States",2019-01-01,Growth Capital,,,7.7,True,,0,0,https://mergr.com/company/320640,2026-09-04T00:08:04Z
5011,Tarsadia Investments,California,284993,Cue,Medical Products,"San Diego, California, United States",2018-07-10,Venture,2024-05-24,Shut Down,5.8,False,,0,0,https://mergr.com/company/284993,2026-09-04T00:08:04Z
5011,Tarsadia Investments,California,263211,Envisics,Automotive,"Milton Keynes, United Kingdom",2018-01-01,Growth Capital,,,8.7,True,,0,0,https://mergr.com/company/263211,2026-09-04T00:08:04Z
5011,Tarsadia Investments,California,263214,Asana BioSciences,Life Science,"Bridgewater, New Jersey, United States",2014-01-01,Growth Capital,,,12.7,True,,0,0,https://mergr.com/company/263214,2026-09-04T00:08:04Z
5011,Tarsadia Investments,California,187069,DAQRI,Software,"Los Angeles, California, United States",2013-06-04,Venture,2019-09-09,Shut Down,6.3,False,,3,0,https://mergr.com/company/187069,2026-09-04T00:08:04Z
5011,Tarsadia Investments,California,225360,Therapeutic Proteins International LLC,Life Science,"Chicago, Illinois, United States",2012-01-01,Growth Capital,,,14.7,True,,0,0,https://mergr.com/company/225360,2026-09-04T00:08:04Z
5011,Tarsadia Investments,California,283644,Kashiv BioSciences,Life Science,"Piscataway, New Jersey, United States",2011-01-01,Growth Capital,2026-04-22,Sold to Management,15.3,False,,1,1,https://mergr.com/company/283644,2026-09-04T00:08:04Z
5011,Tarsadia Investments,California,173293,LERETA,Business Services,"Pomona, California, United States",2009-09-23,Divestiture,2021-07-06,Trade Sale - Public Company,11.8,False,,3,0,https://mergr.com/company/173293,2026-09-04T00:08:04Z
5011,Tarsadia Investments,California,225361,Prolong Pharmaceuticals,Life Science,"South Plainfield, New Jersey, United States",2009-01-01,Growth Capital,,,17.7,True,,0,0,https://mergr.com/company/225361,2026-09-04T00:08:04Z
5011,Tarsadia Investments,California,72165,Amneal Pharmaceuticals,Healthcare Services,"Bridgewater, New Jersey, United States",2005-01-01,Stake Purchase,,,21.7,True,3019,7,2,https://mergr.com/company/72165,2026-09-04T00:08:04Z
2005,BlackRock TCP Capital,California,270616,SambaNova Systems,Technology Hardware,"San Jose, California, United States",2020-02-25,Venture,,,6.5,True,,0,0,https://mergr.com/company/270616,2026-09-04T00:08:04Z
2005,BlackRock TCP Capital,California,266336,Kellas Midstream,Energy Services and Equipment,"Aberdeen, United Kingdom",2019-11-10,Secondary Buyout,,,6.8,True,,0,0,https://mergr.com/company/266336,2026-09-04T00:08:04Z
2005,BlackRock TCP Capital,California,262988,General Electric - Solar Business,Renewable Energy,"Fairfield, Connecticut, United States",2019-07-17,Divestiture,,,7.1,True,,0,0,https://mergr.com/company/262988,2026-09-04T00:08:04Z
2005,BlackRock TCP Capital,California,262302,ADNOC Oil Pipelines,Oil/Gas Exploration,"Abu Dhabi, United Arab Emirates",2019-06-24,Stake Purchase,2024-04-04,Stake Sale,4.8,False,,0,0,https://mergr.com/company/262302,2026-09-04T00:08:04Z
2005,BlackRock TCP Capital,California,273346,Morae,Business Services,"Houston, Texas, United States",2019-05-30,Growth Capital,,,7.3,True,,3,0,https://mergr.com/company/273346,2026-09-04T00:08:04Z
2005,BlackRock TCP Capital,California,182184,Trustly,Internet Software and Services,"Stockholm, Sweden",2018-03-14,Secondary Buyout,,,8.4,True,,2,0,https://mergr.com/company/182184,2026-09-04T00:08:04Z
2005,BlackRock TCP Capital,California,42321,Cofense,Internet Software and Services,"Arlington, Virginia, United States",2018-02-27,Secondary Buyout,,,8.5,True,,1,0,https://mergr.com/company/42321,2026-09-04T00:08:04Z
2005,BlackRock TCP Capital,California,119565,Belron,Automotive,"Surrey, United Kingdom",2017-11-19,Stake Purchase,,,8.8,True,,0,1,https://mergr.com/company/119565,2026-09-04T00:08:04Z
2005,BlackRock TCP Capital,California,239979,Grupo Axo,Retail,"Mexico, Mexico",2017-05-30,Growth Capital,,,9.3,True,,1,0,https://mergr.com/company/239979,2026-09-04T00:08:04Z
2005,BlackRock TCP Capital,California,8668,Red Apple Stores,Retail,"Mississauga, Ontario, Canada",2013-01-18,Secondary Buyout,2021-05-06,Trade Sale - Public Company,8.3,False,,0,0,https://mergr.com/company/8668,2026-09-04T00:08:04Z
2005,BlackRock TCP Capital,California,207514,View,Building Materials,"Milpitas, California, United States",2012-06-25,Venture,2021-03-10,SPAC,8.7,False,74,0,0,https://mergr.com/company/207514,2026-09-04T00:08:04Z
2005,BlackRock TCP Capital,California,31832,LegalShield,Business Services,"Ada, Oklahoma, United States",2011-06-30,Going Private,2018-02-27,Trade Sale - Public Company,6.6,False,,0,0,https://mergr.com/company/31832,2026-09-04T00:08:04Z
2005,BlackRock TCP Capital,California,8010,Facet,Medical Products,"Atlanta, Georgia, United States",2011-01-18,Secondary Buyout,,,15.6,True,,0,0,https://mergr.com/company/8010,2026-09-04T00:08:04Z
2005,BlackRock TCP Capital,California,13820,Royal Adhesives & Sealants LLC,Chemicals,"South Bend, Indiana, United States",2010-11-30,Secondary Buyout,2015-06-19,Trade Sale - Public Company,4.5,False,,6,0,https://mergr.com/company/13820,2026-09-04T00:08:04Z
2005,BlackRock TCP Capital,California,1347,Crockett Cogeneration,Utilities,"Crockett, California, United States",2010-01-01,Secondary Buyout,2021-11-04,Trade Sale - Public Company,11.8,False,,0,0,https://mergr.com/company/1347,2026-09-04T00:08:04Z
2005,BlackRock TCP Capital,California,25006,Higginbotham,Insurance,"Fort Worth, Texas, United States",2009-12-01,Secondary Buyout,,,16.8,True,,5,0,https://mergr.com/company/25006,2026-09-04T00:08:04Z
2005,BlackRock TCP Capital,California,13367,American Piping Products,Distribution,"Chesterfield, Missouri, United States",2009-01-09,Growth Capital,2018-09-17,Trade Sale - Public Company,9.7,False,,0,0,https://mergr.com/company/13367,2026-09-04T00:08:04Z
2005,BlackRock TCP Capital,California,3625,"Alpha Media Group, Inc.",Publishing,"New York, New York, United States",2007-08-15,"Buyout (LBO, MBO, MBI)",2009-07-17,Shut Down,1.9,False,,0,0,https://mergr.com/company/3625,2026-09-04T00:08:04Z
2005,BlackRock TCP Capital,California,12578,M&M Manufacturing,Manufacturing,"Fort Worth, Texas, United States",2007-06-13,Recapitalization,2015-02-24,Divestiture,7.7,False,,1,0,https://mergr.com/company/12578,2026-09-04T00:08:04Z
2005,BlackRock TCP Capital,California,26190,AmQuip Crane Rental,Business Services,"Trevose, Pennsylvania, United States",2007-06-01,"Buyout (LBO, MBO, MBI)",2014-10-07,Trade Sale - Public Company,7.3,False,,0,0,https://mergr.com/company/26190,2026-09-04T00:08:04Z
2005,BlackRock TCP Capital,California,125149,Dynatect,Manufacturing,"New Berlin, Wisconsin, United States",2007-04-05,"Buyout (LBO, MBO, MBI)",2014-08-29,Trade Sale - Public Company,7.3,False,91,1,0,https://mergr.com/company/125149,2026-09-04T00:08:04Z
2005,BlackRock TCP Capital,California,28976,"AL Solutions, Inc.",Distribution,"New Cumberland, West Virginia, United States",2007-03-28,Growth Capital,,,19.4,True,,0,0,https://mergr.com/company/28976,2026-09-04T00:08:04Z
2005,BlackRock TCP Capital,California,221991,Amarok,Safety/Security,"Columbia, South Carolina, United States",2007-02-09,Recapitalization,2016-06-14,Trade Sale - Public Company,9.3,False,,0,0,https://mergr.com/company/221991,2026-09-04T00:08:04Z
2005,BlackRock TCP Capital,California,3163,"Penton Media, Inc.",Information Technology,"New York, New York, United States",2007-02-01,Secondary Buyout,2016-09-15,Divestiture,9.6,False,,10,0,https://mergr.com/company/3163,2026-09-04T00:08:04Z
2005,BlackRock TCP Capital,California,5891,K2 Pure Solutions,Business Services,"Toronto, Ontario, Canada",2007-01-16,"Buyout (LBO, MBO, MBI)",,,19.6,True,,0,0,https://mergr.com/company/5891,2026-09-04T00:08:04Z
2005,BlackRock TCP Capital,California,5875,ARS,Consumer Services,"Memphis, Tennessee, United States",2006-10-01,"Buyout (LBO, MBO, MBI)",2014-05-06,Trade Sale - Public Company,7.6,False,,2,0,https://mergr.com/company/5875,2026-09-04T00:08:04Z
2005,BlackRock TCP Capital,California,7962,StayWell,Publishing,"Yardley, Pennsylvania, United States",2006-09-11,Secondary Buyout,2016-07-11,Divestiture,9.8,False,,0,4,https://mergr.com/company/7962,2026-09-04T00:08:04Z
2005,BlackRock TCP Capital,California,20940,Stretto,Business Services,"Irvine, California, United States",2006-08-01,Secondary Buyout,2013-06-28,Merger,6.8,False,,0,0,https://mergr.com/company/20940,2026-09-04T00:08:04Z
2005,BlackRock TCP Capital,California,28555,WellBiz Brands,Consumer Services," Denver, Colorado, United States",2006-01-01,"Buyout (LBO, MBO, MBI)",2015-06-30,Trade Sale - Public Company,9.4,False,,0,0,https://mergr.com/company/28555,2026-09-04T00:08:04Z
2005,BlackRock TCP Capital,California,2603,Attachmate Corp.,Software,"Seattle, Washington, United States",2005-04-18,"Buyout (LBO, MBO, MBI)",2014-11-20,Divestiture,9.6,False,,2,0,https://mergr.com/company/2603,2026-09-04T00:08:04Z
2005,BlackRock TCP Capital,California,2679,SVP Worldwide,Consumer Products,"Nashville, Tennessee, United States",2004-09-01,Divestiture,2018-01-01,Trade Sale - Public Company,13.3,False,,1,0,https://mergr.com/company/2679,2026-09-04T00:08:04Z
2005,BlackRock TCP Capital,California,4646,DynaVox Systems LLC,Information Technology,"Pittsburgh, Pennsylvania, United States",2004-05-01,Growth Capital,2010-01-06,IPO,5.7,False,,0,0,https://mergr.com/company/4646,2026-09-04T00:08:04Z
2005,BlackRock TCP Capital,California,7821,Advanced Lighting Technologies,Electrical Equipment,"Glenwillow, Ohio, United States",2003-12-10,Special Situations/Distressed,,,22.7,True,,0,0,https://mergr.com/company/7821,2026-09-04T00:08:04Z
1227,Berggruen Holdings,California,279556,Sierra Air Conditioning,Business Services,"Las Vegas, Nevada, United States",2020-01-02,"Buyout (LBO, MBO, MBI)",2025-03-05,Divestiture,5.2,False,,0,0,https://mergr.com/company/279556,2026-09-04T00:08:04Z
1227,Berggruen Holdings,California,285349,Human Standard,Business Services,"Los Angeles, California, United States",2019-07-24,"Buyout (LBO, MBO, MBI)",,,7.1,True,,0,0,https://mergr.com/company/285349,2026-09-04T00:08:04Z
1227,Berggruen Holdings,California,316256,Fusion Transport,Transportation,"Rutherford, New Jersey, United States",2019-06-20,Consolidation,,,7.2,True,,2,0,https://mergr.com/company/316256,2026-09-04T00:08:04Z
1227,Berggruen Holdings,California,7650,TLC Companies,Staffing,"Brooklyn Center, Minnesota, United States",2019-03-05,Secondary Buyout,2020-01-01,Divestiture,0.8,False,,0,0,https://mergr.com/company/7650,2026-09-04T00:08:04Z
1227,Berggruen Holdings,California,315795,Equipwell,Distribution,"Navi Mumbai, India",2015-01-01,"Buyout (LBO, MBO, MBI)",,,11.7,True,,0,0,https://mergr.com/company/315795,2026-09-04T00:08:04Z
1227,Berggruen Holdings,California,27736,Karstadt AG,Retail,"Essen, Germany",2010-09-30,"Buyout (LBO, MBO, MBI)",2013-01-01,Divestiture,2.3,False,,0,0,https://mergr.com/company/27736,2026-09-04T00:08:04Z
1227,Berggruen Holdings,California,315791,GEAR,Business Services,"Navi Mumbai, India",2008-11-14,"Buyout (LBO, MBO, MBI)",,,17.8,True,,0,0,https://mergr.com/company/315791,2026-09-04T00:08:04Z
1227,Berggruen Holdings,California,11672,LeYa,Publishing,"Lisbon, Portugal",2008-01-01,"Buyout (LBO, MBO, MBI)",2018-08-01,Trade Sale - Public Company,10.6,False,108,1,0,https://mergr.com/company/11672,2026-09-04T00:08:04Z
1227,Berggruen Holdings,California,11671,IMS Group,Furniture,"Ruggell, Liechtenstein",2007-11-01,"Buyout (LBO, MBO, MBI)",,,18.8,True,,0,0,https://mergr.com/company/11671,2026-09-04T00:08:04Z
1227,Berggruen Holdings,California,11667,Car Club,Business Services,"Mumbai, India",2007-04-02,Venture,,,19.4,True,,0,0,https://mergr.com/company/11667,2026-09-04T00:08:04Z
1227,Berggruen Holdings,California,11670,UEI Global,Education,"New Delhi, India",2007-01-01,Venture,,,19.7,True,,0,0,https://mergr.com/company/11670,2026-09-04T00:08:04Z
1227,Berggruen Holdings,California,9936,Bonded Services,Business Services,"Istanbul, Turkey",2006-12-01,Venture,,,19.8,True,,0,0,https://mergr.com/company/9936,2026-09-04T00:08:04Z
1227,Berggruen Holdings,California,33173,Keys Hotels,Leisure,"Mumbai, India",2006-09-01,"Buyout (LBO, MBO, MBI)",2019-11-11,Divestiture,13.2,False,,0,0,https://mergr.com/company/33173,2026-09-04T00:08:04Z
1227,Berggruen Holdings,California,11238,Phoenix,Insurance,"London, United Kingdom",2005-04-01,Divestiture,2010-07-01,IPO,5.3,False,22217,1,0,https://mergr.com/company/11238,2026-09-04T00:08:04Z
1227,Berggruen Holdings,California,9938,"FGX International, Inc.",Consumer Products,"Smithfield, Rhode Island, United States",2004-01-01,"Buyout (LBO, MBO, MBI)",2009-12-16,Divestiture,5.9,False,,1,0,https://mergr.com/company/9938,2026-09-04T00:08:04Z
1227,Berggruen Holdings,California,9940,Hoover,Forest Products,"Thomson, Georgia, United States",2002-04-03,Divestiture,2017-04-03,Divestiture,15,False,68,0,0,https://mergr.com/company/9940,2026-09-04T00:08:04Z
1588,American Infrastructure Funds,California,264412,Unison Energy,Energy Services and Equipment,"Greenwich, Connecticut, United States",2018-09-25,Growth Capital,2024-06-17,Trade Sale - Public Company,5.7,False,,0,0,https://mergr.com/company/264412,2026-09-04T00:08:04Z
1588,American Infrastructure Funds,California,277863,Flagship Communities,Real Estate,"Erlanger, Kentucky, United States",2018-05-01,Growth Capital,,,8.3,True,,0,0,https://mergr.com/company/277863,2026-09-04T00:08:04Z
1588,American Infrastructure Funds,California,264418,CitySwitch,Communications,"Atlanta, Georgia, United States",2018-01-01,Growth Capital,2021-09-14,Trade Sale - Public Company,3.7,False,,0,0,https://mergr.com/company/264418,2026-09-04T00:08:04Z
1588,American Infrastructure Funds,California,212716,Agspring LLC,Retail,"Leawood, Kansas, United States",2015-12-18,Recapitalization,,,10.7,True,,0,0,https://mergr.com/company/212716,2026-09-04T00:08:04Z
1588,American Infrastructure Funds,California,264408,American Education Properties,Financial Services,"Portland, Oregon, United States",2014-06-01,Growth Capital,,,12.3,True,,0,0,https://mergr.com/company/264408,2026-09-04T00:08:04Z
1588,American Infrastructure Funds,California,62294,Everstory Partners,Consumer Services,"Altamonte Springs, Florida, United States",2014-05-19,Stake Purchase,,,12.3,True,280,0,1,https://mergr.com/company/62294,2026-09-04T00:08:04Z
1588,American Infrastructure Funds,California,65942,DenBeste Water Solutions LLC,Environmental,"Windsor, California, United States",2012-03-01,"Buyout (LBO, MBO, MBI)",,,14.5,True,,0,0,https://mergr.com/company/65942,2026-09-04T00:08:04Z
1588,American Infrastructure Funds,California,65934,PetroPoint Energy Partners LP,Oil/Gas Exploration,"Houston, Texas, United States",2012-01-01,"Buyout (LBO, MBO, MBI)",,,14.7,True,,0,1,https://mergr.com/company/65934,2026-09-04T00:08:04Z
1588,American Infrastructure Funds,California,65946,Nordic Cold Storage LLC,Business Services,"Atlanta, Georgia, United States",2011-07-01,"Buyout (LBO, MBO, MBI)",,,15.2,True,,0,0,https://mergr.com/company/65946,2026-09-04T00:08:04Z
1588,American Infrastructure Funds,California,240247,Empire Petroleum Partners LLC,Distribution,"Dallas, Texas, United States",2011-07-01,Growth Capital,2020-11-01,Divestiture,9.3,False,,3,0,https://mergr.com/company/240247,2026-09-04T00:08:04Z
1588,American Infrastructure Funds,California,26199,Empire Petroleum Holdings LLC,Distribution,"Dallas, Texas, United States",2011-06-06,"Buyout (LBO, MBO, MBI)",2019-12-18,Divestiture,8.5,False,,8,0,https://mergr.com/company/26199,2026-09-04T00:08:04Z
1588,American Infrastructure Funds,California,65954,Oxford Resource Partners LP,Oil/Gas Exploration,"Columbus, Ohio, United States",2009-01-01,Acquisition Financing,,,17.7,True,,0,0,https://mergr.com/company/65954,2026-09-04T00:08:04Z
1588,American Infrastructure Funds,California,65938,Tunnel Hill Partners,Environmental,"Stamford, Connecticut, United States",2008-06-01,"Buyout (LBO, MBO, MBI)",,,18.3,True,,1,0,https://mergr.com/company/65938,2026-09-04T00:08:04Z
295,Industry Capital,California,224925,Element Critical,Information Technology,"Vienna, Virginia, United States",2016-08-03,Growth Capital,,,10.1,True,,1,0,https://mergr.com/company/224925,2026-09-04T00:08:04Z
1171,Saban Capital Group,California,238819,Bustle Digital Group,Digital Media,"New York, New York, United States",2016-03-10,Venture,,,10.4,True,,3,0,https://mergr.com/company/238819,2026-09-04T00:08:04Z
1171,Saban Capital Group,California,211468,Giosis Gmarket International Pte. Ltd. (dba Qoo10),E-Commerce,"Singapore, Singapore",2015-07-22,Venture,2018-02-27,Divestiture,2.6,False,,0,0,https://mergr.com/company/211468,2026-09-04T00:08:04Z
1171,Saban Capital Group,California,211474,"Vessel Group, Inc.",Internet Software and Services,"San Francisco, California, United States",2015-04-01,Venture,2016-10-26,Divestiture,1.5,False,,0,0,https://mergr.com/company/211474,2026-09-04T00:08:04Z
1171,Saban Capital Group,California,211486,Saban Films,Media,"Los Angeles, California, United States",2014-05-06,"Buyout (LBO, MBO, MBI)",,,12.3,True,,0,0,https://mergr.com/company/211486,2026-09-04T00:08:04Z
1171,Saban Capital Group,California,56222,Partner 5G,Communications,"Rosh Ha’ayin, Israel",2013-01-29,Stake Purchase,2019-11-10,Stake Sale,6.8,False,814,0,0,https://mergr.com/company/56222,2026-09-04T00:08:04Z
1171,Saban Capital Group,California,23288,Celestial Tiger Entertainment,Media,"Hong Kong, China",2011-12-22,Consolidation,,,14.7,True,,2,0,https://mergr.com/company/23288,2026-09-04T00:08:04Z
1171,Saban Capital Group,California,32142,MNC,Media,"Jakarta, Indonesia",2011-10-01,Stake Purchase,,,14.9,True,598765,0,0,https://mergr.com/company/32142,2026-09-04T00:08:04Z
1171,Saban Capital Group,California,27516,Taomee Holdings Ltd.,Media,"Shanghai, China",2011-06-01,Stake Purchase,,,15.3,True,42,0,0,https://mergr.com/company/27516,2026-09-04T00:08:04Z
1171,Saban Capital Group,California,56242,Saban Brands LLC,Marketing,"Los Angeles, California, United States",2010-05-06,"Buyout (LBO, MBO, MBI)",,,16.3,True,,3,0,https://mergr.com/company/56242,2026-09-04T00:08:04Z
1171,Saban Capital Group,California,211505,Tiger Gate Entertainment Ltd.,Media,"Kwun Tong, China",2010-04-01,Joint Venture,2011-12-22,Spin Off,1.7,False,,0,0,https://mergr.com/company/211505,2026-09-04T00:08:04Z
1171,Saban Capital Group,California,28511,Univision,Media,"New York, New York, United States",2007-03-27,Going Private,2020-02-25,Trade Sale - Public Company,12.8,False,,3,1,https://mergr.com/company/28511,2026-09-04T00:08:04Z
1171,Saban Capital Group,California,9430,Bezeq,Communications,"Holon, Israel",2005-10-01,Stake Purchase,2010-04-01,Sold to Management,4.5,False,2215,0,0,https://mergr.com/company/9430,2026-09-04T00:08:04Z
1171,Saban Capital Group,California,23290,Keshet Broadcasting Ltd.,Media,"Tel Aviv, Israel",2005-01-01,Stake Purchase,2008-07-01,Stake Sale,3.5,False,,0,0,https://mergr.com/company/23290,2026-09-04T00:08:04Z
1171,Saban Capital Group,California,29744,ProSiebenSat.1 Media,Media,"Unterfohring, Germany",2003-08-11,Stake Purchase,2006-12-14,Trade Sale - Public Company,3.3,False,4342,0,0,https://mergr.com/company/29744,2026-09-04T00:08:04Z
4905,Makena Capital Management,California,216744,Kuvare,Insurance,"Rosemont, Illinois, United States",2016-03-09,Growth Capital,,,10.4,True,,0,0,https://mergr.com/company/216744,2026-09-04T00:08:04Z
225,GFI Energy Ventures,California,11861,CLS Management Services,Business Services,"Sugar Land, Texas, United States",2015-12-08,Secondary Buyout,2020-06-29,Trade Sale - Public Company,4.5,False,,0,0,https://mergr.com/company/11861,2026-09-04T00:08:04Z
225,GFI Energy Ventures,California,265243,KDB,Engineering,"Rockville, Maryland, United States",2014-02-19,"Buyout (LBO, MBO, MBI)",2019-10-15,Trade Sale - Public Company,5.6,False,,0,0,https://mergr.com/company/265243,2026-09-04T00:08:04Z
225,GFI Energy Ventures,California,81281,tenKsolar,Manufacturing,"Minneapolis, Minnesota, United States",2014-01-27,Growth Capital,2017-05-09,Shut Down,3.3,False,,0,0,https://mergr.com/company/81281,2026-09-04T00:08:04Z
225,GFI Energy Ventures,California,81277,Solomon,Electrical Equipment,"Solomon, Kansas, United States",2013-11-11,"Buyout (LBO, MBO, MBI)",2019-07-01,Spin Off,5.6,False,,0,0,https://mergr.com/company/81277,2026-09-04T00:08:04Z
225,GFI Energy Ventures,California,81261,RSH Energy,Energy Services and Equipment,"Houston, Texas, United States",2013-10-10,"Buyout (LBO, MBO, MBI)",,,12.8,True,,0,0,https://mergr.com/company/81261,2026-09-04T00:08:04Z
225,GFI Energy Ventures,California,81269,Shermco Industries,Business Services,"Irving, Texas, United States",2012-12-18,"Buyout (LBO, MBO, MBI)",2018-06-05,Trade Sale - Public Company,5.4,False,,3,0,https://mergr.com/company/81269,2026-09-04T00:08:04Z
225,GFI Energy Ventures,California,13330,RECON,Construction,"Houston, Texas, United States",2012-11-20,Secondary Buyout,2021-07-27,Divestiture,8.7,False,,0,0,https://mergr.com/company/13330,2026-09-04T00:08:04Z
225,GFI Energy Ventures,California,81225,IEA,Infrastructure,"Westchester, Illinois, United States",2011-08-26,"Buyout (LBO, MBO, MBI)",2018-03-26,IPO,6.6,False,2078,2,0,https://mergr.com/company/81225,2026-09-04T00:08:04Z
225,GFI Energy Ventures,California,81245,OpTerra Energy Services,Energy Services and Equipment,"Oakland, California, United States",2010-12-02,Venture,,,15.8,True,,3,0,https://mergr.com/company/81245,2026-09-04T00:08:04Z
225,GFI Energy Ventures,California,29050,"Energy Solutions International, Inc.",Software,"Houston, Texas, United States",2010-09-20,Secondary Buyout,2015-06-01,Divestiture,4.7,False,,0,0,https://mergr.com/company/29050,2026-09-04T00:08:04Z
225,GFI Energy Ventures,California,19708,"The Snelson Companies, Inc.",Energy Services and Equipment,"Sedro Woolley, Washington, United States",2008-07-10,"Buyout (LBO, MBO, MBI)",2012-03-30,Divestiture,3.7,False,,0,0,https://mergr.com/company/19708,2026-09-04T00:08:04Z
225,GFI Energy Ventures,California,81425,"Integrated Pipeline Services, Inc.",Construction,"Houston, Texas, United States",2008-01-01,"Buyout (LBO, MBO, MBI)",2012-03-20,Divestiture,4.2,False,,1,0,https://mergr.com/company/81425,2026-09-04T00:08:04Z
225,GFI Energy Ventures,California,1797,"GoodCents Concepts, Inc.",Energy Services and Equipment,"Atlanta, Georgia, United States",2007-08-22,"Buyout (LBO, MBO, MBI)",2015-07-28,Divestiture,7.9,False,,0,0,https://mergr.com/company/1797,2026-09-04T00:08:04Z
225,GFI Energy Ventures,California,1798,"Turbine Generator Maintenance, Inc.",Business Services,"Cape Coral, Florida, United States",2007-07-19,"Buyout (LBO, MBO, MBI)",2009-01-01,Sold to Management,1.4,False,,0,0,https://mergr.com/company/1798,2026-09-04T00:08:04Z
225,GFI Energy Ventures,California,31876,Elgin Separation Solutions,Machinery,"Stafford, Texas, United States",2007-04-02,"Buyout (LBO, MBO, MBI)",2011-06-27,Trade Sale - Public Company,4.2,False,,0,0,https://mergr.com/company/31876,2026-09-04T00:08:04Z
225,GFI Energy Ventures,California,1800,GT Advanced Technologies,Semiconductors,"Merrimack, New Hampshire, United States",2006-01-20,"Buyout (LBO, MBO, MBI)",2008-07-24,IPO,2.5,False,299,0,0,https://mergr.com/company/1800,2026-09-04T00:08:04Z
225,GFI Energy Ventures,California,1801,Noresco,Energy Services and Equipment,"Westborough, Massachusetts, United States",2005-12-30,Divestiture,2008-11-21,Divestiture,2.8,False,,0,0,https://mergr.com/company/1801,2026-09-04T00:08:04Z
225,GFI Energy Ventures,California,1803,Trans-Elect Development Co. LLC,Electrical Equipment,"Reston, Vermont, United States",2005-02-26,"Buyout (LBO, MBO, MBI)",2006-05-12,Divestiture,1.2,False,,0,0,https://mergr.com/company/1803,2026-09-04T00:08:04Z
225,GFI Energy Ventures,California,19698,"Cannon Technologies, Inc.",Test/Measurement Equipment,"Minneapolis, Minnesota, United States",2005-01-01,"Buyout (LBO, MBO, MBI)",2006-08-15,Divestiture,1.6,False,,0,0,https://mergr.com/company/19698,2026-09-04T00:08:04Z
225,GFI Energy Ventures,California,10814,"SPL WorldGroup, Inc.",Business Services,"San Francisco, California, United States",2004-10-19,Venture,2006-11-03,Divestiture,2,False,,0,0,https://mergr.com/company/10814,2026-09-04T00:08:04Z
225,GFI Energy Ventures,California,19701,"InfraSource Services, Inc.",Infrastructure,"Media, Pennsylvania, United States",2003-09-24,Divestiture,2004-05-07,IPO,0.6,False,,0,0,https://mergr.com/company/19701,2026-09-04T00:08:04Z
225,GFI Energy Ventures,California,19700,"Genscape, Inc.",Information Services,"Louisville, Kentucky, United States",2003-08-04,"Buyout (LBO, MBO, MBI)",2006-04-20,Divestiture,2.7,False,,0,0,https://mergr.com/company/19700,2026-09-04T00:08:04Z
225,GFI Energy Ventures,California,19704,Longhorn Pipeline Holdings LLC,Energy Services and Equipment,"Houston, Texas, United States",2003-01-01,Growth Capital,2006-08-18,Divestiture,3.6,False,,0,0,https://mergr.com/company/19704,2026-09-04T00:08:04Z
225,GFI Energy Ventures,California,19703,LODESTAR Corp.,Software,"Peabody, Massachusetts, United States",2001-01-01,Growth Capital,2007-04-24,Divestiture,6.3,False,,0,0,https://mergr.com/company/19703,2026-09-04T00:08:04Z
225,GFI Energy Ventures,California,19706,"RealEnergy, Inc.",Energy Services and Equipment,"Yountville, California, United States",2001-01-01,"Buyout (LBO, MBO, MBI)",2004-09-10,Divestiture,3.7,False,,0,0,https://mergr.com/company/19706,2026-09-04T00:08:04Z
225,GFI Energy Ventures,California,19710,UtiliQuest LLC,Business Services,"Atlanta, Georgia, United States",2001-01-01,"Buyout (LBO, MBO, MBI)",2003-12-04,Divestiture,2.9,False,,0,0,https://mergr.com/company/19710,2026-09-04T00:08:04Z
225,GFI Energy Ventures,California,19702,LineSoft Corp.,Software,"Spokane, Washington, United States",2000-01-01,"Buyout (LBO, MBO, MBI)",2002-03-13,Divestiture,2.2,False,,0,0,https://mergr.com/company/19702,2026-09-04T00:08:04Z
225,GFI Energy Ventures,California,19707,"Smart Systems International, Inc.",Technology Hardware,"Las Vegas, Nevada, United States",2000-01-01,"Buyout (LBO, MBO, MBI)",2007-03-15,Divestiture,7.2,False,,0,0,https://mergr.com/company/19707,2026-09-04T00:08:04Z
225,GFI Energy Ventures,California,1799,Cherokee International Corp.,Electrical Equipment,"Tustin, California, United States",1999-05-05,"Buyout (LBO, MBO, MBI)",2004-02-20,IPO,4.8,False,,0,0,https://mergr.com/company/1799,2026-09-04T00:08:04Z
225,GFI Energy Ventures,California,1804,"Xantrex Technology, Inc.",Electrical Equipment,"Burnaby, British Columbia, Canada",1998-01-01,"Buyout (LBO, MBO, MBI)",2004-03-19,IPO,6.2,False,,0,0,https://mergr.com/company/1804,2026-09-04T00:08:04Z
225,GFI Energy Ventures,California,19705,"Power Measurement, Inc.",Electrical Equipment,"Saanichton, British Columbia, Canada",1996-01-01,"Buyout (LBO, MBO, MBI)",2005-04-01,Divestiture,9.3,False,,0,0,https://mergr.com/company/19705,2026-09-04T00:08:04Z
225,GFI Energy Ventures,California,1802,Statordyne,Renewable Energy,"Anaheim, California, United States",1995-10-09,Special Situations/Distressed,,,30.8,True,,0,0,https://mergr.com/company/1802,2026-09-04T00:08:04Z
3489,Centerview Capital,California,178610,"Quantenna Communications, Inc.",Technology Hardware,"Fremont, California, United States",2014-12-17,Venture,2016-10-28,IPO,1.8,False,220,0,0,https://mergr.com/company/178610,2026-09-04T00:08:04Z
3489,Centerview Capital,California,7853,Advantage Solutions,Marketing,"Clayton, Missouri, United States",2014-06-16,Secondary Buyout,2020-09-08,SPAC,6.2,False,3543,11,0,https://mergr.com/company/7853,2026-09-04T00:08:04Z
3489,Centerview Capital,California,37401,RichRelevance,Internet Software and Services,"San Francisco, California, United States",2013-11-27,Venture,,,12.8,True,,0,0,https://mergr.com/company/37401,2026-09-04T00:08:04Z
3489,Centerview Capital,California,178616,Ole Smoky Moonshine,Beverages,"Gatlinburg, Tennessee, United States",2013-11-05,"Buyout (LBO, MBO, MBI)",2022-02-11,Trade Sale - Public Company,8.3,False,,0,0,https://mergr.com/company/178616,2026-09-04T00:08:04Z
3489,Centerview Capital,California,19640,Big Heart Pet Brands,Food,"San Francisco, California, United States",2011-03-08,Going Private,2015-02-03,Divestiture,3.8,False,3600,1,0,https://mergr.com/company/19640,2026-09-04T00:08:04Z
3489,Centerview Capital,California,5592,Richelieu Foods,Packaging,"Wheeling, Illinois, United States",2010-11-19,Secondary Buyout,2017-11-02,Divestiture,6.9,False,,0,0,https://mergr.com/company/5592,2026-09-04T00:08:04Z
3489,Centerview Capital,California,20221,Planful,Internet Software and Services,"San Francisco, California, United States",2008-05-22,Venture,2018-12-13,Trade Sale - Public Company,10.5,False,,0,0,https://mergr.com/company/20221,2026-09-04T00:08:04Z
3489,Centerview Capital,California,6105,Nielsen,Information Services,"New York, New York, United States",2006-05-21,"Buyout (LBO, MBO, MBI)",2011-01-25,IPO,4.7,False,3500,8,0,https://mergr.com/company/6105,2026-09-04T00:08:04Z
732,Blum Capital,California,101033,Payless Shoes,Retail,"Topeka, Kansas, United States",2012-05-01,Going Private,2017-04-03,Bankruptcy,4.9,False,2400,0,3,https://mergr.com/company/101033,2026-09-04T00:08:04Z
732,Blum Capital,California,47493,CBRE,Real Estate,"Dallas, Texas, United States",2001-02-26,Going Private,2004-06-10,IPO,3.3,False,40550,1,0,https://mergr.com/company/47493,2026-09-04T00:08:04Z
732,Blum Capital,California,27444,Suntron Corp.,Electronics,"Phoenix, Arizona, United States",2000-01-01,"Buyout (LBO, MBO, MBI)",2013-06-03,Divestiture,13.4,False,,0,2,https://mergr.com/company/27444,2026-09-04T00:08:04Z
776,Clarity Partners,California,259276,Vaca Energy,Oil/Gas Exploration,"Beverly Hills, California, United States",2012-12-01,Divestiture,,,13.8,True,,0,0,https://mergr.com/company/259276,2026-09-04T00:08:04Z
776,Clarity Partners,California,71741,"Oclaro, Inc.",Technology Hardware,"San Jose, California, United States",2012-07-24,Stake Purchase,2018-03-12,Divestiture,5.6,False,601,1,1,https://mergr.com/company/71741,2026-09-04T00:08:04Z
776,Clarity Partners,California,61630,CS Mining,Metals/Mining,"Columbus, Ohio, United States",2011-11-01,"Buyout (LBO, MBO, MBI)",2017-07-27,Bankruptcy,5.7,False,,0,0,https://mergr.com/company/61630,2026-09-04T00:08:04Z
776,Clarity Partners,California,5997,Base Entertainment,Media,"New York City, New York, United States",2006-05-05,"Buyout (LBO, MBO, MBI)",,,20.3,True,,0,0,https://mergr.com/company/5997,2026-09-04T00:08:04Z
776,Clarity Partners,California,61610,"CaseStack, Inc.",Transportation,"Santa Monica, California, United States",2005-08-18,Venture,2018-11-05,Divestiture,13.2,False,,0,0,https://mergr.com/company/61610,2026-09-04T00:08:04Z
776,Clarity Partners,California,6001,Naylor Association Solutions,Business Services,"McLean, Virginia, United States",2005-08-05,"Buyout (LBO, MBO, MBI)",2013-12-18,Trade Sale - Public Company,8.3,False,,1,0,https://mergr.com/company/6001,2026-09-04T00:08:04Z
776,Clarity Partners,California,6009,"Westec Intelligent Surveillance, Inc.",Safety/Security,"Plano, Texas, United States",2005-07-20,Growth Capital,2012-03-28,Divestiture,6.7,False,,1,0,https://mergr.com/company/6009,2026-09-04T00:08:04Z
776,Clarity Partners,California,3945,Modern Luxury Media LLC,Publishing,"Chicago, Illinois, United States",2004-11-15,Recapitalization,2007-07-31,Unknown,2.7,False,,0,0,https://mergr.com/company/3945,2026-09-04T00:08:04Z
776,Clarity Partners,California,13702,ImpreMedia LLC,Media,"Los Angeles, California, United States",2003-07-01,Growth Capital,2012-03-12,Divestiture,8.7,False,,1,0,https://mergr.com/company/13702,2026-09-04T00:08:04Z
776,Clarity Partners,California,27118,Vue,Consumer Services,"London, United Kingdom",2003-05-01,"Buyout (LBO, MBO, MBI)",2006-06-01,Trade Sale - Public Company,3.1,False,,1,0,https://mergr.com/company/27118,2026-09-04T00:08:04Z
776,Clarity Partners,California,6002,Oxygen Media LLC,Media,"New York, New York, United States",2002-04-01,Growth Capital,2007-11-20,Divestiture,5.6,False,,0,0,https://mergr.com/company/6002,2026-09-04T00:08:04Z
776,Clarity Partners,California,6005,"Opnext, Inc.",Technology Hardware,"Fremont, California, United States",2001-08-01,Growth Capital,2012-07-24,Spin Off,10.9,False,,1,1,https://mergr.com/company/6005,2026-09-04T00:08:04Z
776,Clarity Partners,California,13902,PrimeCo Personal Communications LLC,Communications,"Itasca, Illinois, United States",2001-07-02,"Buyout (LBO, MBO, MBI)",2002-05-10,Divestiture,0.8,False,,0,0,https://mergr.com/company/13902,2026-09-04T00:08:04Z
776,Clarity Partners,California,6004,"MetroPCS Communications, Inc.",Communications,"Richardson, Texas, United States",2000-07-01,"Buyout (LBO, MBO, MBI)",2007-04-24,IPO,6.8,False,,0,0,https://mergr.com/company/6004,2026-09-04T00:08:04Z
776,Clarity Partners,California,6006,TPx Communications,Communications,"Austin, Texas, United States",2000-04-24,Stake Purchase,2019-08-19,Trade Sale - Public Company,19.3,False,,6,0,https://mergr.com/company/6006,2026-09-04T00:08:04Z
854,Elevation Partners,California,24176,Yelp,Internet Software and Services,"San Francisco, California, United States",2010-01-27,Growth Capital,2012-03-02,IPO,2.1,False,1465,0,0,https://mergr.com/company/24176,2026-09-04T00:08:04Z
854,Elevation Partners,California,15332,MarketShare Partners LLC,Internet Software and Services,"Los Angeles, California, United States",2008-12-01,Venture,2015-11-05,Divestiture,6.9,False,,3,0,https://mergr.com/company/15332,2026-09-04T00:08:04Z
854,Elevation Partners,California,24175,Meta,Internet Software and Services,"Menlo Park, California, United States",2007-10-24,Stake Purchase,2012-05-18,IPO,4.5,False,200966,26,0,https://mergr.com/company/24175,2026-09-04T00:08:04Z
854,Elevation Partners,California,20195,"SDI Media Group, Inc.",Media,"Culver City, California, United States",2007-07-11,Secondary Buyout,2015-04-01,Divestiture,7.7,False,,0,0,https://mergr.com/company/20195,2026-09-04T00:08:04Z
854,Elevation Partners,California,6759,"Palm, Inc.",Technology Hardware,"Sunnyvale, California, United States",2007-06-04,PIPE,2010-04-28,Divestiture,2.8,False,,0,0,https://mergr.com/company/6759,2026-09-04T00:08:04Z
854,Elevation Partners,California,6761,"Forbes, Inc.",Publishing,"New York, New York, United States",2006-08-07,Stake Purchase,,,20,True,145,2,1,https://mergr.com/company/6761,2026-09-04T00:08:04Z
854,Elevation Partners,California,15333,BioWare Corp.,Digital Media,"Edmonton, Alberta, Canada",2005-11-03,"Buyout (LBO, MBO, MBI)",2007-10-12,Divestiture,1.9,False,,0,0,https://mergr.com/company/15333,2026-09-04T00:08:04Z
854,Elevation Partners,California,91121,Pandemic Studios,Digital Media,"Los Angeles, California, United States",2005-11-03,"Buyout (LBO, MBO, MBI)",2007-10-12,Divestiture,1.9,False,,0,0,https://mergr.com/company/91121,2026-09-04T00:08:04Z
1055,The Yucaipa Companies,California,99413,Fresh & Easy,Food,"El Segundo, California, United States",2013-09-10,Divestiture,2015-10-30,Bankruptcy,2.1,False,,0,0,https://mergr.com/company/99413,2026-09-04T00:08:04Z
1055,The Yucaipa Companies,California,32470,"eVerifile.com, Inc.",Safety/Security,"Atlanta, Georgia, United States",2012-10-15,"Buyout (LBO, MBO, MBI)",,,13.8,True,,0,0,https://mergr.com/company/32470,2026-09-04T00:08:04Z
1255,Bertram Capital,California,289000,Bluebird,Business Services,"Minneapolis, Minnesota, United States",2026-06-16,Recapitalization,,,0.2,True,,0,0,https://mergr.com/company/289000,2026-09-07T00:00:00Z
1255,Bertram Capital,California,347803,Queretaro,Media,"Queretaro, Mexico",2026-02-10,Growth Capital,,,0.5,True,,0,0,https://mergr.com/company/347803,2026-09-07T00:00:00Z
1255,Bertram Capital,California,344020,Left Lane Auto,Automotive,"Champaign, Illinois, United States",2025-12-16,Growth Capital,,,0.7,True,,1,0,https://mergr.com/company/344020,2026-09-07T00:00:00Z
1255,Bertram Capital,California,118749,Applied Adhesives,Distribution,"Minnetonka, Minnesota, United States",2025-04-15,Secondary Buyout,,,1.3,True,,2,0,https://mergr.com/company/118749,2026-09-07T00:00:00Z
1255,Bertram Capital,California,329098,MSE Supplies,Medical Products,"Tucson, Arizona, United States",2024-09-25,Growth Capital,,,1.9,True,,0,0,https://mergr.com/company/329098,2026-09-07T00:00:00Z
1255,Bertram Capital,California,321263,Ridgeline Roofing and Restoration,Building Materials,"Odenville, Alabama, United States",2024-01-30,Growth Capital,,,2.6,True,,6,0,https://mergr.com/company/321263,2026-09-07T00:00:00Z
1255,Bertram Capital,California,328628,Tactacam,Electronics,"Decorah, Iowa, United States",2023-05-01,"Buyout (LBO, MBO, MBI)",,,3.3,True,,0,0,https://mergr.com/company/328628,2026-09-07T00:00:00Z
1255,Bertram Capital,California,312772,The Vinyl Outlet,Building Materials,"Cheektowaga, New York, United States",2023-04-25,Growth Capital,2023-11-28,Spin Off,0.6,False,,0,0,https://mergr.com/company/312772,2026-09-07T00:00:00Z
1255,Bertram Capital,California,303569,Nefco,Business Services,"East Hartford, Connecticut, United States",2022-08-10,Growth Capital,2026-01-14,Trade Sale - Public Company,3.4,False,,4,0,https://mergr.com/company/303569,2026-09-07T00:00:00Z
1255,Bertram Capital,California,303658,ReVamp Companies,Building Materials,"Lena, Illinois, United States",2022-05-17,Consolidation,2026-01-07,Trade Sale - Public Company,3.6,False,,4,0,https://mergr.com/company/303658,2026-09-07T00:00:00Z
1255,Bertram Capital,California,328613,Aperture Pet & Life,Consumer Products,"Golden Valley, Minnesota, United States",2022-04-20,"Buyout (LBO, MBO, MBI)",,,4.3,True,,1,0,https://mergr.com/company/328613,2026-09-07T00:00:00Z
1255,Bertram Capital,California,297926,TSR Concrete Coatings,Construction,"Lena, Illinois, United States",2022-03-29,Growth Capital,2022-05-17,Spin Off,0.1,False,,0,0,https://mergr.com/company/297926,2026-09-07T00:00:00Z
1255,Bertram Capital,California,296376,Cogency Global,Business Services,"New York, New York, United States",2022-02-15,Growth Capital,,,4.5,True,,2,0,https://mergr.com/company/296376,2026-09-07T00:00:00Z
1255,Bertram Capital,California,171421,Burke,Consumer Products,"Fond du Lac, Wisconsin, United States",2021-12-15,Secondary Buyout,2026-02-13,Divestiture,4.1,False,,0,0,https://mergr.com/company/171421,2026-09-07T00:00:00Z
1255,Bertram Capital,California,318554,Perimeter Solutions Group,Building Materials,"Tampa, Florida, United States",2021-09-01,"Buyout (LBO, MBO, MBI)",,,5,True,,4,0,https://mergr.com/company/318554,2026-09-07T00:00:00Z
1255,Bertram Capital,California,30053,AFC Industries,Manufacturing,"College Point, New York, United States",2021-04-20,Secondary Buyout,,,5.3,True,,5,0,https://mergr.com/company/30053,2026-09-07T00:00:00Z
1255,Bertram Capital,California,281580,Bulk Reef Supply,E-Commerce,"Golden Valley, Minnesota, United States",2021-02-09,Growth Capital,2022-04-20,Divestiture,1.2,False,,2,0,https://mergr.com/company/281580,2026-09-07T00:00:00Z
1255,Bertram Capital,California,280904,Lectric eBikes,Automotive,"Phoenix, Arizona, United States",2021-01-26,Growth Capital,,,5.6,True,,0,0,https://mergr.com/company/280904,2026-09-07T00:00:00Z
1255,Bertram Capital,California,292069,Safety Products,Safety/Security,"Wuppertal, Germany",2021-01-06,"Buyout (LBO, MBO, MBI)",,,5.7,True,,1,0,https://mergr.com/company/292069,2026-09-07T00:00:00Z
1255,Bertram Capital,California,5035,Pacific Handy Cutter,Manufacturing,"Irvine, California, United States",2020-12-17,Secondary Buyout,,,5.7,True,,0,0,https://mergr.com/company/5035,2026-09-07T00:00:00Z
1255,Bertram Capital,California,135789,Spectrio,Marketing,"Tampa, Florida, United States",2020-12-15,Secondary Buyout,2020-12-15,Trade Sale - Public Company,0,False,,0,0,https://mergr.com/company/135789,2026-09-07T00:00:00Z
1255,Bertram Capital,California,281485,Centicore,Consumer Products,"Los Angeles, California, United States",2020-11-01,Consolidation,,,5.8,True,,0,0,https://mergr.com/company/281485,2026-09-07T00:00:00Z
1255,Bertram Capital,California,264534,Solo Brands,Consumer Products,"Grapevine, Texas, United States",2019-09-25,Growth Capital,2021-10-28,IPO,2.1,False,317,0,0,https://mergr.com/company/264534,2026-09-07T00:00:00Z
1255,Bertram Capital,California,228773,Perennials and Sutherland,Apparel/Textiles,"Dallas, Texas, United States",2019-02-05,Secondary Buyout,,,7.6,True,,0,0,https://mergr.com/company/228773,2026-09-07T00:00:00Z
1255,Bertram Capital,California,257936,Flow Control Group,Business Services,"Charlotte, North Carolina, United States",2019-01-29,Secondary Buyout,2021-02-17,Trade Sale - Public Company,2,False,,0,0,https://mergr.com/company/257936,2026-09-07T00:00:00Z
1255,Bertram Capital,California,254890,Best Version Media,Marketing,"Brookfield, Wisconsin, United States",2018-10-09,Growth Capital,2025-01-02,Trade Sale - Public Company,6.2,False,,0,0,https://mergr.com/company/254890,2026-09-07T00:00:00Z
1255,Bertram Capital,California,247571,BearCom,Electronics,"Garland, Texas, United States",2018-07-10,Secondary Buyout,2023-11-27,Trade Sale - Public Company,5.3,False,,1,0,https://mergr.com/company/247571,2026-09-07T00:00:00Z
1255,Bertram Capital,California,251391,Registrar,Internet Software and Services,"Hampton, Virginia, United States",2018-06-05,"Buyout (LBO, MBO, MBI)",2021-08-26,Trade Sale - Public Company,3.2,False,,3,0,https://mergr.com/company/251391,2026-09-07T00:00:00Z
1255,Bertram Capital,California,135789,Spectrio,Marketing,"Tampa, Florida, United States",2017-09-19,Secondary Buyout,2020-12-15,Trade Sale - Public Company,3.2,False,,5,0,https://mergr.com/company/135789,2026-09-07T00:00:00Z
1255,Bertram Capital,California,241318,Anord Mardix,Electrical Equipment,"Dundalk, Ireland",2017-06-08,Growth Capital,2021-10-18,Divestiture,4.3,False,,1,0,https://mergr.com/company/241318,2026-09-07T00:00:00Z
1255,Bertram Capital,California,72077,Trademark Global,Consumer Products,"Lorain, Ohio, United States",2016-11-01,Secondary Buyout,,,9.8,True,,3,0,https://mergr.com/company/72077,2026-09-07T00:00:00Z
1255,Bertram Capital,California,212781,CreativeDrive,Digital Media,"New York, New York, United States",2015-03-17,Consolidation,2020-08-13,Divestiture,5.3,False,,6,0,https://mergr.com/company/212781,2026-09-07T00:00:00Z
1255,Bertram Capital,California,178026,Clarus,Furniture,"Fort Worth, Texas, United States",2015-03-03,Recapitalization,2018-05-17,Trade Sale - Public Company,3.2,False,,0,0,https://mergr.com/company/178026,2026-09-07T00:00:00Z
1255,Bertram Capital,California,281083,ECS Tuning,Automotive,"Wadsworth, Ohio, United States",2014-08-06,"Buyout (LBO, MBO, MBI)",2019-12-19,Trade Sale - Public Company,5.3,False,,1,0,https://mergr.com/company/281083,2026-09-07T00:00:00Z
1255,Bertram Capital,California,24856,Maxcess,Machinery,"Oak Brook, Illinois, United States",2014-01-14,Secondary Buyout,2018-07-03,Trade Sale - Public Company,4.4,False,,5,1,https://mergr.com/company/24856,2026-09-07T00:00:00Z
1255,Bertram Capital,California,970,Rowmark,Plastics,"Findlay, Ohio, United States",2013-10-02,Secondary Buyout,2018-06-28,Trade Sale - Public Company,4.7,False,,3,0,https://mergr.com/company/970,2026-09-07T00:00:00Z
1255,Bertram Capital,California,210238,A1C Holdings LLC,Healthcare Services,"Miramar, Florida, United States",2013-08-01,"Buyout (LBO, MBO, MBI)",,,13.1,True,,0,0,https://mergr.com/company/210238,2026-09-07T00:00:00Z
1255,Bertram Capital,California,4899,"Webex, Inc.",Machinery,"Neenah, Wisconsin, United States",2013-01-08,Secondary Buyout,2014-02-10,Spin Off,1.1,False,,0,0,https://mergr.com/company/4899,2026-09-07T00:00:00Z
1255,Bertram Capital,California,50862,Paula's Choice,Consumer Products,"Kent, Washington, United States",2012-12-03,Growth Capital,2021-06-14,Divestiture,8.5,False,,0,0,https://mergr.com/company/50862,2026-09-07T00:00:00Z
1255,Bertram Capital,California,35265,Datavail,Information Technology,"Boulder, Colorado, United States",2012-09-06,Growth Capital,2024-01-16,Trade Sale - Public Company,11.3,False,,5,1,https://mergr.com/company/35265,2026-09-07T00:00:00Z
1255,Bertram Capital,California,32643,Spireon,Internet Software and Services,"Knoxville, Tennessee, United States",2011-02-01,"Buyout (LBO, MBO, MBI)",2018-10-11,Trade Sale - Public Company,7.7,False,,1,0,https://mergr.com/company/32643,2026-09-07T00:00:00Z
1255,Bertram Capital,California,210232,Nordson Extrusion Dies Industries LLC,Machinery,"Chippewa Falls, Wisconsin, United States",2010-12-22,"Buyout (LBO, MBO, MBI)",2012-06-14,Divestiture,1.4,False,,0,0,https://mergr.com/company/210232,2026-09-07T00:00:00Z
1255,Bertram Capital,California,27417,Extrusion Die Industries LLC,Manufacturing,"Chippewa Falls, Wisconsin, United States",2010-12-01,"Buyout (LBO, MBO, MBI)",2012-06-14,Divestiture,1.5,False,,0,0,https://mergr.com/company/27417,2026-09-07T00:00:00Z
1255,Bertram Capital,California,27418,Sanare,Healthcare Services,"Reno, Nevada, United States",2010-09-21,Recapitalization,,,15.9,True,,2,0,https://mergr.com/company/27418,2026-09-07T00:00:00Z
1255,Bertram Capital,California,27420,One Distribution LLC,Apparel/Textiles,"Luxembourg, Luxembourg",2010-08-18,"Buyout (LBO, MBO, MBI)",2015-06-03,Divestiture,4.8,False,,0,0,https://mergr.com/company/27420,2026-09-07T00:00:00Z
1255,Bertram Capital,California,32641,Medibis LLC,Healthcare Services,"Oklahoma City, United States",2008-03-01,"Buyout (LBO, MBO, MBI)",2013-08-20,Divestiture,5.4,False,,0,0,https://mergr.com/company/32641,2026-09-07T00:00:00Z
1255,Bertram Capital,California,13399,"Power Distribution, Inc.",Electrical Equipment,"Richmond, Virginia, United States",2007-04-01,"Buyout (LBO, MBO, MBI)",2011-10-12,Divestiture,4.5,False,125,1,0,https://mergr.com/company/13399,2026-09-07T00:00:00Z
1255,Bertram Capital,California,10120,"Author Solutions, Inc.",Publishing,"Indianapolis, Indiana, United States",2007-01-01,"Buyout (LBO, MBO, MBI)",2012-07-19,Divestiture,5.5,False,,3,0,https://mergr.com/company/10120,2026-09-07T00:00:00Z
1255,Bertram Capital,California,5082,TydenBrooks,Safety/Security,"Atlanta, Georgia, United States",2005-05-02,"Buyout (LBO, MBO, MBI)",2022-04-20,Trade Sale - Public Company,16.9,False,,2,0,https://mergr.com/company/5082,2026-09-07T00:00:00Z
652,Windjammer Capital,California,327430,PrecisionX Group,Manufacturing,"Waterbury, Connecticut, United States",2026-04-01,Secondary Buyout,,,0.4,True,,0,0,https://mergr.com/company/327430,2026-09-07T00:00:00Z
652,Windjammer Capital,California,241034,MFG Chemical,Chemicals,"Chattanooga, Tennessee, United States",2026-01-06,Secondary Buyout,,,0.7,True,,0,0,https://mergr.com/company/241034,2026-09-07T00:00:00Z
652,Windjammer Capital,California,340145,Engineered Products Co.,Electrical Equipment,"Minnetonka, Minnesota, United States",2025-09-09,"Buyout (LBO, MBO, MBI)",,,0.9,True,,0,0,https://mergr.com/company/340145,2026-09-07T00:00:00Z
652,Windjammer Capital,California,340143,PDU Cables,Manufacturing,"Minnetonka, Minnesota, United States",2025-09-09,"Buyout (LBO, MBO, MBI)",,,0.9,True,,0,0,https://mergr.com/company/340143,2026-09-07T00:00:00Z
652,Windjammer Capital,California,319824,Bio X Cell,Life Science,"Lebanon, New Hampshire, United States",2023-12-13,"Buyout (LBO, MBO, MBI)",,,2.7,True,,0,0,https://mergr.com/company/319824,2026-09-07T00:00:00Z
652,Windjammer Capital,California,335192,AXH Air-Coolers,Manufacturing,"Tulsa, Oklahoma, United States",2023-11-01,"Buyout (LBO, MBO, MBI)",,,2.8,True,,0,0,https://mergr.com/company/335192,2026-09-07T00:00:00Z
652,Windjammer Capital,California,179448,Radix Wire & Cable,Electrical Equipment,"Glenwillow, Ohio, United States",2022-09-01,Secondary Buyout,,,4,True,36,0,0,https://mergr.com/company/179448,2026-09-07T00:00:00Z
652,Windjammer Capital,California,255299,Fecon,Machinery,"Lebanon, Ohio, United States",2022-01-01,Secondary Buyout,,,4.7,True,,0,0,https://mergr.com/company/255299,2026-09-07T00:00:00Z
652,Windjammer Capital,California,269504,Paragon,Energy Services and Equipment,"Fort Worth, Texas, United States",2021-12-01,Secondary Buyout,2025-09-24,Divestiture,3.8,False,,1,0,https://mergr.com/company/269504,2026-09-07T00:00:00Z
652,Windjammer Capital,California,335190,IPS Group,Internet Software and Services,"San Diego, California, United States",2020-12-01,Growth Capital,2026-08-25,Divestiture,5.7,False,,1,0,https://mergr.com/company/335190,2026-09-07T00:00:00Z
652,Windjammer Capital,California,4747,Compex,Business Services,"Torrance, California, United States",2020-02-11,Secondary Buyout,,,6.5,True,,0,0,https://mergr.com/company/4747,2026-09-07T00:00:00Z
652,Windjammer Capital,California,15963,Hilco Vision,Consumer Products,"Mansfield, Massachusetts, United States",2019-09-10,Secondary Buyout,,,6.9,True,,4,0,https://mergr.com/company/15963,2026-09-07T00:00:00Z
652,Windjammer Capital,California,251363,Hermetic Solutions Group,Packaging,"Trevose, Pennsylvania, United States",2019-02-01,Secondary Buyout,2022-11-03,Divestiture,3.8,False,,1,0,https://mergr.com/company/251363,2026-09-07T00:00:00Z
652,Windjammer Capital,California,970,Rowmark,Plastics,"Findlay, Ohio, United States",2018-06-28,Secondary Buyout,,,8.2,True,,1,0,https://mergr.com/company/970,2026-09-07T00:00:00Z
652,Windjammer Capital,California,239013,Vital Records Control,Information Services,"Memphis, Tennessee, United States",2017-04-26,"Buyout (LBO, MBO, MBI)",,,9.3,True,,3,0,https://mergr.com/company/239013,2026-09-07T00:00:00Z
652,Windjammer Capital,California,127101,Advanced Instruments,Test/Measurement Equipment,"Norwood, Massachusetts, United States",2016-10-31,"Buyout (LBO, MBO, MBI)",2020-09-28,Trade Sale - Public Company,3.8,False,,0,0,https://mergr.com/company/127101,2026-09-07T00:00:00Z
652,Windjammer Capital,California,6765,Mission Critical Electronics,Electrical Equipment,"Costa Mesa, California, United States",2016-09-30,Secondary Buyout,,,9.9,True,,3,0,https://mergr.com/company/6765,2026-09-07T00:00:00Z
652,Windjammer Capital,California,262865,"Heritage Food Service Group, Inc.",Distribution,"Fort Wayne, Indiana, United States",2015-10-20,Secondary Buyout,,,10.8,True,,0,0,https://mergr.com/company/262865,2026-09-07T00:00:00Z
652,Windjammer Capital,California,204907,Flinn Scientific,Distribution,"Batavia, Illinois, United States",2014-10-01,"Buyout (LBO, MBO, MBI)",,,11.9,True,,2,0,https://mergr.com/company/204907,2026-09-07T00:00:00Z
652,Windjammer Capital,California,24107,RegO,Manufacturing,"Elon, North Carolina, United States",2013-12-03,Secondary Buyout,2021-12-16,Divestiture,8,False,,1,0,https://mergr.com/company/24107,2026-09-07T00:00:00Z
652,Windjammer Capital,California,22219,Component Hardware Group,Building Materials,"Matawan, New Jersey, United States",2013-07-11,Secondary Buyout,,,13.1,True,,2,0,https://mergr.com/company/22219,2026-09-07T00:00:00Z
652,Windjammer Capital,California,31160,itel,Insurance,"Jacksonville, Florida, United States",2012-06-01,Secondary Buyout,2017-09-01,Trade Sale - Public Company,5.3,False,,0,0,https://mergr.com/company/31160,2026-09-07T00:00:00Z
652,Windjammer Capital,California,30985,JWC Environmental LLC,Machinery,"Costa Mesa, California, United States",2011-08-17,"Buyout (LBO, MBO, MBI)",2017-12-21,Divestiture,6.3,False,,2,0,https://mergr.com/company/30985,2026-09-07T00:00:00Z
652,Windjammer Capital,California,30986,Caplugs,Plastics,"Buffalo, New York, United States",2011-05-01,Secondary Buyout,2015-04-15,Trade Sale - Public Company,3.9,False,,2,0,https://mergr.com/company/30986,2026-09-07T00:00:00Z
652,Windjammer Capital,California,19763,"S.T. Specialty Foods, Inc.",Food,"Brooklyn Park, Minnesota, United States",2008-12-17,Secondary Buyout,2010-09-13,Divestiture,1.7,False,100,0,0,https://mergr.com/company/19763,2026-09-07T00:00:00Z
652,Windjammer Capital,California,20818,Infinite Electronics,Electrical Equipment,"Irvine, California, United States",2008-02-01,Secondary Buyout,2016-05-31,Trade Sale - Public Company,8.3,False,,1,0,https://mergr.com/company/20818,2026-09-07T00:00:00Z
652,Windjammer Capital,California,33313,TERREPOWER,Automotive,"Daphne, Alabama, United States",2007-06-29,Recapitalization,2014-11-03,Trade Sale - Public Company,7.3,False,,1,0,https://mergr.com/company/33313,2026-09-07T00:00:00Z
652,Windjammer Capital,California,4852,"Rotex, Inc.",Machinery,"Cincinnati, Ohio, United States",2007-03-01,"Buyout (LBO, MBO, MBI)",2011-08-05,Divestiture,4.4,False,,0,0,https://mergr.com/company/4852,2026-09-07T00:00:00Z
652,Windjammer Capital,California,463,McKenzie Taxidermy Supply,Consumer Products,"Granite Quarry, North Carolina, United States",2006-08-01,Secondary Buyout,2006-08-01,Trade Sale - Public Company,0,False,,0,0,https://mergr.com/company/463,2026-09-07T00:00:00Z
652,Windjammer Capital,California,4859,"Automatic Bar Controls, Inc. (dba Wunder-Bar)",Machinery,"Vacaville, California, United States",2005-06-01,Secondary Buyout,2013-12-18,Divestiture,8.5,False,,0,0,https://mergr.com/company/4859,2026-09-07T00:00:00Z
652,Windjammer Capital,California,1953,"Schutt Sports, Inc.",Consumer Products,"Litchfield, Illinois, United States",2005-04-01,"Buyout (LBO, MBO, MBI)",2010-09-01,Bankruptcy,5.4,False,,1,0,https://mergr.com/company/1953,2026-09-07T00:00:00Z
652,Windjammer Capital,California,24856,Maxcess,Machinery,"Oak Brook, Illinois, United States",2004-10-01,"Buyout (LBO, MBO, MBI)",2014-01-14,Trade Sale - Public Company,9.3,False,,0,0,https://mergr.com/company/24856,2026-09-07T00:00:00Z
652,Windjammer Capital,California,463,McKenzie Taxidermy Supply,Consumer Products,"Granite Quarry, North Carolina, United States",2003-10-07,Secondary Buyout,2006-08-01,Trade Sale - Public Company,2.8,False,,0,0,https://mergr.com/company/463,2026-09-07T00:00:00Z
652,Windjammer Capital,California,2072,"Symmetry Medical, Inc.",Medical Products,"Warsaw, Indiana, United States",2003-06-01,"Buyout (LBO, MBO, MBI)",2004-12-08,IPO,1.5,False,399,1,0,https://mergr.com/company/2072,2026-09-07T00:00:00Z
652,Windjammer Capital,California,310,Athena Diagnostics,Life Science,"Marlborough, Massachusetts, United States",2002-11-22,Divestiture,2006-03-16,Divestiture,3.3,False,,0,0,https://mergr.com/company/310,2026-09-07T00:00:00Z
652,Windjammer Capital,California,4856,MacLean Power Systems,Electrical Equipment,"Fort Mill, South Carolina, United States",2002-09-01,"Buyout (LBO, MBO, MBI)",2010-10-31,Merger,8.1,False,,1,0,https://mergr.com/company/4856,2026-09-07T00:00:00Z
652,Windjammer Capital,California,4854,Ohio Community Media LLC,Publishing,"Tipp City, Ohio, United States",2002-07-01,"Buyout (LBO, MBO, MBI)",2010-08-24,Bankruptcy,8.1,False,,0,0,https://mergr.com/company/4854,2026-09-07T00:00:00Z
652,Windjammer Capital,California,2035,Propel Health,Marketing,"Mahwah, New Jersey, United States",2001-06-19,"Buyout (LBO, MBO, MBI)",,,25.2,True,,0,0,https://mergr.com/company/2035,2026-09-07T00:00:00Z
652,Windjammer Capital,California,19774,"Medtech Holdings, Inc.",Consumer Products,"Irvington, New York, United States",2001-03-01,"Buyout (LBO, MBO, MBI)",2004-02-06,Divestiture,2.9,False,,0,0,https://mergr.com/company/19774,2026-09-07T00:00:00Z
652,Windjammer Capital,California,19766,"The RETEC Group, Inc.",Business Services,"Concord, Massachusetts, United States",2001-02-01,"Buyout (LBO, MBO, MBI)",2007-01-29,Divestiture,5.9,False,,0,0,https://mergr.com/company/19766,2026-09-07T00:00:00Z
652,Windjammer Capital,California,30992,New West Holdings,Retail,"Watsonville, California, United States",1999-11-01,"Buyout (LBO, MBO, MBI)",,,26.8,True,,0,0,https://mergr.com/company/30992,2026-09-07T00:00:00Z
652,Windjammer Capital,California,7796,"American Fire Protection Group, Inc.",Safety/Security,"Edina, Minnesota, United States",1999-09-01,"Buyout (LBO, MBO, MBI)",2005-12-01,Trade Sale - Public Company,6.3,False,,0,0,https://mergr.com/company/7796,2026-09-07T00:00:00Z
652,Windjammer Capital,California,28930,Shari's Management Corp.,Restaurants,"Beaverton, Oregon, United States",1999-03-02,"Buyout (LBO, MBO, MBI)",2006-01-03,Trade Sale - Public Company,6.8,False,175,0,0,https://mergr.com/company/28930,2026-09-07T00:00:00Z
652,Windjammer Capital,California,204943,"PowerSports, Inc.",Retail,"Delray, Florida, United States",1998-08-01,"Buyout (LBO, MBO, MBI)",,,28.1,True,,0,0,https://mergr.com/company/204943,2026-09-07T00:00:00Z
652,Windjammer Capital,California,204945,PCAM LLC (Parking Company of America),Business Services,"Downey, California, United States",1998-05-01,"Buyout (LBO, MBO, MBI)",,,28.3,True,,0,0,https://mergr.com/company/204945,2026-09-07T00:00:00Z
652,Windjammer Capital,California,15722,"Skilled Healthcare Group, Inc.",Healthcare Services,"Foothill Ranch, California, United States",1998-03-01,Growth Capital,2005-10-24,Trade Sale - Public Company,7.6,False,870,0,0,https://mergr.com/company/15722,2026-09-07T00:00:00Z
652,Windjammer Capital,California,127205,DDi Corp.,Semiconductors,"Anaheim, California, United States",1997-10-01,"Buyout (LBO, MBO, MBI)",,,28.9,True,,1,0,https://mergr.com/company/127205,2026-09-07T00:00:00Z
652,Windjammer Capital,California,242867,Applause Holdings Corp.,Consumer Products,"Woodland Hills, California, United States",1997-09-01,"Buyout (LBO, MBO, MBI)",,,29,True,,0,0,https://mergr.com/company/242867,2026-09-07T00:00:00Z
652,Windjammer Capital,California,198224,"Serta, Inc.",Consumer Services,"Hoffman Estates, Illinois, United States",1996-11-01,"Buyout (LBO, MBO, MBI)",,,29.8,True,,0,0,https://mergr.com/company/198224,2026-09-07T00:00:00Z
652,Windjammer Capital,California,16392,"National Restaurant Enterprises, Inc.",Franchising,"Westchester, Illinois, United States",1996-02-01,Stake Purchase,,,30.6,True,,0,0,https://mergr.com/company/16392,2026-09-07T00:00:00Z
652,Windjammer Capital,California,205044,"Details, Inc.",Semiconductors,"Anaheim, California, United States",1996-01-01,"Buyout (LBO, MBO, MBI)",,,30.7,True,,0,0,https://mergr.com/company/205044,2026-09-07T00:00:00Z
652,Windjammer Capital,California,205038,"America's Best Contacts & Eyeglasses, Inc.",Retail,"Lawrenceville, Georgia, United States",1994-07-01,"Buyout (LBO, MBO, MBI)",1997-04-29,Divestiture,2.8,False,,0,0,https://mergr.com/company/205038,2026-09-07T00:00:00Z
652,Windjammer Capital,California,15272,Smarte Carte,Consumer Services,"St. Paul, Minnesota, United States",1993-12-01,"Buyout (LBO, MBO, MBI)",1996-11-07,Trade Sale - Public Company,2.9,False,,0,0,https://mergr.com/company/15272,2026-09-07T00:00:00Z
652,Windjammer Capital,California,154549,Cable Design Technologies Corp.,Electrical Equipment,"Schaumburg, Illinois, United States",1993-08-01,"Buyout (LBO, MBO, MBI)",,,33.1,True,,1,0,https://mergr.com/company/154549,2026-09-07T00:00:00Z
1665,Altamont Capital Partners,California,346790,Key Container,Packaging,"Pawtucket, Rhode Island, United States",2026-03-09,Growth Capital,,,0.4,True,,0,0,https://mergr.com/company/346790,2026-09-07T00:00:00Z
1665,Altamont Capital Partners,California,323415,Triton CMS for Programs,Business Services,"Alpharetta, Georgia, United States",2025-01-01,Growth Capital,,,1.7,True,,0,0,https://mergr.com/company/323415,2026-09-07T00:00:00Z
1665,Altamont Capital Partners,California,328164,Big Top,Manufacturing,"Perry, Florida, United States",2024-02-01,Growth Capital,,,2.6,True,,0,0,https://mergr.com/company/328164,2026-09-07T00:00:00Z
1665,Altamont Capital Partners,California,320635,Mini Melts,Food,"Trevose, Pennsylvania, United States",2024-01-09,Growth Capital,,,2.6,True,,0,0,https://mergr.com/company/320635,2026-09-07T00:00:00Z
1665,Altamont Capital Partners,California,328232,Hadron,Insurance,"Alpharetta, Georgia, United States",2023-10-01,Growth Capital,,,2.9,True,,1,0,https://mergr.com/company/328232,2026-09-07T00:00:00Z
1665,Altamont Capital Partners,California,328226,Augment Risk,Insurance,"London, United Kingdom",2023-07-14,Growth Capital,,,3.1,True,,0,0,https://mergr.com/company/328226,2026-09-07T00:00:00Z
1665,Altamont Capital Partners,California,304437,101,Environmental,"Pendleton, Indiana, United States",2022-09-07,Growth Capital,,,4,True,,1,0,https://mergr.com/company/304437,2026-09-07T00:00:00Z
1665,Altamont Capital Partners,California,308526,Horizon Investments,Financial Services,"Charlotte, North Carolina, United States",2022-09-02,"Buyout (LBO, MBO, MBI)",,,4,True,,1,0,https://mergr.com/company/308526,2026-09-07T00:00:00Z
1665,Altamont Capital Partners,California,300473,Service Minds,Business Services,"Bradenton, Florida, United States",2022-05-31,"Buyout (LBO, MBO, MBI)",,,4.3,True,,0,0,https://mergr.com/company/300473,2026-09-07T00:00:00Z
1665,Altamont Capital Partners,California,299876,Fleming Insurance,Insurance,"Hamilton, Bermuda",2022-05-16,Growth Capital,,,4.3,True,,1,0,https://mergr.com/company/299876,2026-09-07T00:00:00Z
1665,Altamont Capital Partners,California,242502,Bishop Lifting Products,Machinery,"Houston, Texas, United States",2022-02-02,Divestiture,,,4.6,True,,4,0,https://mergr.com/company/242502,2026-09-07T00:00:00Z
1665,Altamont Capital Partners,California,308525,Gracent,Healthcare Services,"Des Plaines, Illinois, United States",2022-01-01,"Buyout (LBO, MBO, MBI)",,,4.7,True,,0,0,https://mergr.com/company/308525,2026-09-07T00:00:00Z
1665,Altamont Capital Partners,California,6937,Intermix,Retail,"New York City, New York, United States",2021-05-04,Divestiture,2023-02-27,Secondary Sale,1.8,False,,0,0,https://mergr.com/company/6937,2026-09-07T00:00:00Z
1665,Altamont Capital Partners,California,254714,WAVE Electronics,Distribution,"Houston, Texas, United States",2021-03-18,Divestiture,,,5.4,True,,0,0,https://mergr.com/company/254714,2026-09-07T00:00:00Z
1665,Altamont Capital Partners,California,308527,Kinetic Advantage,Financial Services,"Carmel, Indiana, United States",2021-01-18,Growth Capital,,,5.6,True,,0,0,https://mergr.com/company/308527,2026-09-07T00:00:00Z
1665,Altamont Capital Partners,California,59962,Specialized Packaging Group,Packaging,"Oakland, Connecticut, United States",2021-01-06,"Buyout (LBO, MBO, MBI)",,,5.7,True,,6,0,https://mergr.com/company/59962,2026-09-07T00:00:00Z
1665,Altamont Capital Partners,California,276941,Cornerstone Advisors,Business Services,"Scottsdale, Arizona, United States",2020-10-02,Growth Capital,,,5.9,True,,3,0,https://mergr.com/company/276941,2026-09-07T00:00:00Z
1665,Altamont Capital Partners,California,262938,Accelerant,Insurance,"Grand Cayman, Cayman Islands",2019-02-01,Growth Capital,2025-07-15,IPO,6.4,False,880,3,0,https://mergr.com/company/262938,2026-09-07T00:00:00Z
1665,Altamont Capital Partners,California,257984,Amplity Health,Information Services,"Yardley, Pennsylvania, United States",2019-01-31,Divestiture,2022-01-04,Spin Off,2.9,False,,1,0,https://mergr.com/company/257984,2026-09-07T00:00:00Z
1665,Altamont Capital Partners,California,257218,Juice Plus+,Consumer Products,"London, United Kingdom",2018-10-09,Secondary Buyout,,,7.8,True,,0,0,https://mergr.com/company/257218,2026-09-07T00:00:00Z
1665,Altamont Capital Partners,California,253906,Bayou Companies,Energy Services and Equipment,"New Iberia, Louisiana, United States",2018-09-04,Divestiture,,,8,True,,0,0,https://mergr.com/company/253906,2026-09-07T00:00:00Z
1665,Altamont Capital Partners,California,257213,Alamo Drafthouse Cinema,Leisure,"Austin, Texas, United States",2018-06-01,Growth Capital,2024-06-12,Divestiture,6,False,,0,1,https://mergr.com/company/257213,2026-09-07T00:00:00Z
1665,Altamont Capital Partners,California,7581,Vivant Behavioral Health,Healthcare Services,"Montgomery, Alabama, United States",2017-09-05,"Buyout (LBO, MBO, MBI)",2021-10-01,Sold to Management,4,False,,3,1,https://mergr.com/company/7581,2026-09-07T00:00:00Z
1665,Altamont Capital Partners,California,222908,Colorado Boxed Beef,Food,"Lakeland, Florida, United States",2017-06-01,Growth Capital,2020-10-28,Spin Off,3.3,False,,0,0,https://mergr.com/company/222908,2026-09-07T00:00:00Z
1665,Altamont Capital Partners,California,7214,Maxi Canada,Food,"Saint-Lin Laurentides, Quebec, Canada",2016-12-12,Secondary Buyout,,,9.7,True,,0,0,https://mergr.com/company/7214,2026-09-07T00:00:00Z
1665,Altamont Capital Partners,California,216744,Kuvare,Insurance,"Rosemont, Illinois, United States",2016-03-09,Growth Capital,,,10.4,True,,0,0,https://mergr.com/company/216744,2026-09-07T00:00:00Z
1665,Altamont Capital Partners,California,214960,Excel Fitness Holdings,Consumer Services,"Austin, Texas, United States",2016-02-02,"Buyout (LBO, MBO, MBI)",2022-04-29,Trade Sale - Public Company,6.2,False,,0,0,https://mergr.com/company/214960,2026-09-07T00:00:00Z
1665,Altamont Capital Partners,California,213482,Access Holdco Management LLC,Business Services,"Atlanta, Georgia, United States",2016-01-05,"Buyout (LBO, MBO, MBI)",,,10.7,True,,1,0,https://mergr.com/company/213482,2026-09-07T00:00:00Z
1665,Altamont Capital Partners,California,257194,Embark General,Insurance,"Sandy Springs, Georgia, United States",2015-12-01,Growth Capital,,,10.8,True,,0,0,https://mergr.com/company/257194,2026-09-07T00:00:00Z
1665,Altamont Capital Partners,California,195027,Douglas Products,Chemicals,"Liberty, Missouri, United States",2015-07-06,Acquisition Financing,2023-09-21,Trade Sale - Public Company,8.2,False,,1,1,https://mergr.com/company/195027,2026-09-07T00:00:00Z
1665,Altamont Capital Partners,California,214848,CHE Behavioral Health Services,Healthcare Services,"Carlsbad, California, United States",2015-03-01,Growth Capital,,,11.5,True,,0,0,https://mergr.com/company/214848,2026-09-07T00:00:00Z
1665,Altamont Capital Partners,California,177093,Cotton Patch Cafe,Restaurants,"Southlake, Texas, United States",2015-02-13,"Buyout (LBO, MBO, MBI)",2026-06-29,Divestiture,11.3,False,,0,0,https://mergr.com/company/177093,2026-09-07T00:00:00Z
1665,Altamont Capital Partners,California,165441,Hybrid Apparel,Apparel/Textiles,"Cypress, California, United States",2014-12-22,Growth Capital,,,11.7,True,,1,0,https://mergr.com/company/165441,2026-09-07T00:00:00Z
1665,Altamont Capital Partners,California,214846,Brixton,Apparel/Textiles,"Oceanside, California, United States",2014-11-05,"Buyout (LBO, MBO, MBI)",,,11.8,True,,0,0,https://mergr.com/company/214846,2026-09-07T00:00:00Z
1665,Altamont Capital Partners,California,214847,Renegade Brands,Business Services,"Beachwood, Ohio, United States",2014-11-01,Growth Capital,,,11.8,True,,0,0,https://mergr.com/company/214847,2026-09-07T00:00:00Z
1665,Altamont Capital Partners,California,214845,"HUF WORLDWIDE, Inc.",Apparel/Textiles,"Los Angeles, California, United States",2014-10-31,Growth Capital,2017-12-01,Divestiture,3.1,False,,0,0,https://mergr.com/company/214845,2026-09-07T00:00:00Z
1665,Altamont Capital Partners,California,137565,Intuitive Health,Healthcare Services,"Plano, Texas, United States",2014-10-17,Growth Capital,2024-11-25,Trade Sale - Public Company,10.1,False,,1,0,https://mergr.com/company/137565,2026-09-07T00:00:00Z
1665,Altamont Capital Partners,California,4347,Fox Racing Shox,Automotive,"Braselton, California, United States",2014-03-21,Going Private,2022-07-06,Divestiture,8.3,False,891,2,0,https://mergr.com/company/4347,2026-09-07T00:00:00Z
1665,Altamont Capital Partners,California,80365,Celestite Holdings,Insurance,"Irving, Texas, United States",2014-03-04,Growth Capital,,,12.5,True,,0,0,https://mergr.com/company/80365,2026-09-07T00:00:00Z
1665,Altamont Capital Partners,California,185420,"Wunderlich Securities, Inc.",Financial Services,"Memphis, Tennessee, United States",2013-12-05,Growth Capital,2017-05-18,Divestiture,3.4,False,117,2,0,https://mergr.com/company/185420,2026-09-07T00:00:00Z
1665,Altamont Capital Partners,California,214843,Mervin Manufacturing,Consumer Products,"Seattle, Washington, United States",2013-11-07,"Buyout (LBO, MBO, MBI)",,,12.8,True,,0,0,https://mergr.com/company/214843,2026-09-07T00:00:00Z
1665,Altamont Capital Partners,California,91693,"Dakine, Inc.",Consumer Products,"Hood River, Oregon, United States",2013-07-16,Recapitalization,2018-12-05,Divestiture,5.3,False,,0,0,https://mergr.com/company/91693,2026-09-07T00:00:00Z
1665,Altamont Capital Partners,California,210663,Billabong International Ltd.,Retail,"Burleigh Heads, Australia",2013-07-16,Recapitalization,2018-01-05,Divestiture,4.4,False,751,0,3,https://mergr.com/company/210663,2026-09-07T00:00:00Z
1665,Altamont Capital Partners,California,58710,Tall Tree Foods,Food,"Palo Alto, California, United States",2013-07-01,Consolidation,,,13.2,True,,2,1,https://mergr.com/company/58710,2026-09-07T00:00:00Z
1665,Altamont Capital Partners,California,34149,Tacala,Restaurants,"Birmingham, Alabama, United States",2012-12-26,"Buyout (LBO, MBO, MBI)",,,13.7,True,,1,0,https://mergr.com/company/34149,2026-09-07T00:00:00Z
1665,Altamont Capital Partners,California,34221,OMNIPLEX World Services Corp.,Safety/Security,"Chantilly, Virginia, United States",2012-12-24,"Buyout (LBO, MBO, MBI)",2017-07-31,Divestiture,4.6,False,,0,0,https://mergr.com/company/34221,2026-09-07T00:00:00Z
1665,Altamont Capital Partners,California,62450,Cascade Windows,Building Materials,"Spokane Valley, Washington, United States",2012-12-18,"Buyout (LBO, MBO, MBI)",2016-02-02,Trade Sale - Public Company,3.1,False,,0,0,https://mergr.com/company/62450,2026-09-07T00:00:00Z
1665,Altamont Capital Partners,California,226412,"Modern Healthcare, Inc.",Life Science,"Orlando, Florida, United States",2012-07-26,Divestiture,2016-09-07,Divestiture,4.1,False,,0,0,https://mergr.com/company/226412,2026-09-07T00:00:00Z
1665,Altamont Capital Partners,California,30808,McLarens,Insurance,"Peachtree Corners, Georgia, United States",2011-09-14,Consolidation,2018-10-31,Trade Sale - Public Company,7.1,False,,1,0,https://mergr.com/company/30808,2026-09-07T00:00:00Z
1665,Altamont Capital Partners,California,30806,The Robert Allen Group,Apparel/Textiles,"Foxboro, Massachusetts, United States",2011-06-09,Stake Purchase,2017-03-31,Spin Off,5.8,False,,0,0,https://mergr.com/company/30806,2026-09-07T00:00:00Z
1665,Altamont Capital Partners,California,30805,Byrider,Franchising,"Carmel, Indiana, United States",2011-05-03,"Buyout (LBO, MBO, MBI)",,,15.3,True,,0,0,https://mergr.com/company/30805,2026-09-07T00:00:00Z
2890,Caltius Structured Capital,California,192616,American Window Film,Building Materials,"Laguna Hills, California, United States",2025-12-22,Growth Capital,,,0.7,True,,1,0,https://mergr.com/company/192616,2026-09-07T00:00:00Z
2890,Caltius Structured Capital,California,345474,Marine Group Boat Works,Marine,"Chula Vista, California, United States",2025-07-29,Growth Capital,,,1.1,True,,0,0,https://mergr.com/company/345474,2026-09-07T00:00:00Z
2890,Caltius Structured Capital,California,345457,Strategic Kids,Education,"Laguna Hills, California, United States",2025-04-23,Growth Capital,,,1.3,True,,0,0,https://mergr.com/company/345457,2026-09-07T00:00:00Z
2890,Caltius Structured Capital,California,27423,Gold Coast Baking,Food,"Woodland Hills, California, United States",2025-04-01,"Buyout (LBO, MBO, MBI)",,,1.4,True,,0,0,https://mergr.com/company/27423,2026-09-07T00:00:00Z
2890,Caltius Structured Capital,California,345485,Frazier Aviation,Aerospace,"San Fernando, California, United States",2025-03-19,Growth Capital,,,1.4,True,,0,0,https://mergr.com/company/345485,2026-09-07T00:00:00Z
2890,Caltius Structured Capital,California,345496,AspireHR,Internet Software and Services,"Dallas, Texas, United States",2023-06-21,Growth Capital,,,3.2,True,,0,0,https://mergr.com/company/345496,2026-09-07T00:00:00Z
2890,Caltius Structured Capital,California,345498,Kognitiv,Information Technology,"Newton, Massachusetts, United States",2022-11-13,Growth Capital,,,3.8,True,,0,0,https://mergr.com/company/345498,2026-09-07T00:00:00Z
2890,Caltius Structured Capital,California,327147,IT Convergence,Information Technology,"Irving, Texas, United States",2022-06-13,Growth Capital,,,4.2,True,,1,0,https://mergr.com/company/327147,2026-09-07T00:00:00Z
2890,Caltius Structured Capital,California,294659,Profitable Ideas Exchange,Business Services,"Bozeman, Montana, United States",2021-09-05,Growth Capital,,,5,True,,0,0,https://mergr.com/company/294659,2026-09-07T00:00:00Z
2890,Caltius Structured Capital,California,283296,Paramount Mechanical,Business Services,"Manassas, Virginia, United States",2021-03-11,Recapitalization,,,5.4,True,,1,0,https://mergr.com/company/283296,2026-09-07T00:00:00Z
2890,Caltius Structured Capital,California,345500,Altius Dental,Healthcare Services,"Arlington, Texas, United States",2021-02-01,Growth Capital,,,5.6,True,,0,0,https://mergr.com/company/345500,2026-09-07T00:00:00Z
2890,Caltius Structured Capital,California,206617,Salas O'brien,Construction,"Irvine, California, United States",2020-10-20,Growth Capital,,,5.8,True,,1,0,https://mergr.com/company/206617,2026-09-07T00:00:00Z
2890,Caltius Structured Capital,California,270089,Spinnaker Support,Information Technology,"Greenwood Village, Colorado, United States",2019-07-16,Growth Capital,,,7.1,True,,1,0,https://mergr.com/company/270089,2026-09-07T00:00:00Z
2890,Caltius Structured Capital,California,270088,Fullerton Engineering Consultants,Communications,"Schaumburg, Illinois, United States",2019-07-01,"Buyout (LBO, MBO, MBI)",,,7.2,True,,0,0,https://mergr.com/company/270088,2026-09-07T00:00:00Z
2890,Caltius Structured Capital,California,258939,Adrenaline,Business Services,"Atlanta, Georgia, United States",2018-11-06,Divestiture,,,7.8,True,,0,0,https://mergr.com/company/258939,2026-09-07T00:00:00Z
2890,Caltius Structured Capital,California,69310,Bulk Handling Systems,Machinery,"Eugene, Oregon, United States",2018-04-12,Growth Capital,,,8.3,True,,0,0,https://mergr.com/company/69310,2026-09-07T00:00:00Z
2890,Caltius Structured Capital,California,270216,Imagenet,Business Services,"Tampa, Florida, United States",2018-03-14,Growth Capital,2022-12-07,Trade Sale - Public Company,4.7,False,,0,0,https://mergr.com/company/270216,2026-09-07T00:00:00Z
2890,Caltius Structured Capital,California,270212,MCRA,Medical Products,"Washington, District of Columbia, United States",2017-12-12,Growth Capital,2024-08-21,Divestiture,6.7,False,,1,0,https://mergr.com/company/270212,2026-09-07T00:00:00Z
2890,Caltius Structured Capital,California,254502,Walker Edison,Furniture,"West Jordan, Utah, United States",2016-11-08,"Buyout (LBO, MBO, MBI)",2018-09-27,Trade Sale - Public Company,1.8,False,,0,0,https://mergr.com/company/254502,2026-09-07T00:00:00Z
2890,Caltius Structured Capital,California,235386,GLM Energy Services,Energy Services and Equipment,"Kenai, Alaska, United States",2016-07-20,"Buyout (LBO, MBO, MBI)",,,10.1,True,,0,0,https://mergr.com/company/235386,2026-09-07T00:00:00Z
2890,Caltius Structured Capital,California,204247,Ashley Furniture,Retail,"New Braunfels, Texas, United States",2014-03-31,Growth Capital,2018-03-30,Divestiture,3.9,False,,0,0,https://mergr.com/company/204247,2026-09-07T00:00:00Z
2890,Caltius Structured Capital,California,69270,Divisions Maintenance Group,Business Services,"Cincinnati, Ohio, United States",2013-06-20,"Buyout (LBO, MBO, MBI)",2019-06-01,Unknown,5.9,False,,0,0,https://mergr.com/company/69270,2026-09-07T00:00:00Z
2890,Caltius Structured Capital,California,38117,Kids Care Dental & Orthodontics,Healthcare Services,"Rancho Cordova, California, United States",2013-02-21,Growth Capital,2019-01-10,Trade Sale - Public Company,5.8,False,,0,0,https://mergr.com/company/38117,2026-09-07T00:00:00Z
2890,Caltius Structured Capital,California,203049,Unitech Composites,Aerospace,"Hayden, Idaho, United States",2012-05-24,"Buyout (LBO, MBO, MBI)",2023-11-07,Trade Sale - Public Company,11.4,False,,5,1,https://mergr.com/company/203049,2026-09-07T00:00:00Z
2890,Caltius Structured Capital,California,69278,Select Rehabilitation,Healthcare Services,"Glenview, Illinois, United States",2012-01-01,Acquisition Financing,2017-01-02,Trade Sale - Public Company,5,False,,1,0,https://mergr.com/company/69278,2026-09-07T00:00:00Z
2890,Caltius Structured Capital,California,69282,Radiant Logistics,Transportation,"Renton, Washington, United States",2011-12-01,Acquisition Financing,2014-07-16,IPO,2.6,False,903,3,0,https://mergr.com/company/69282,2026-09-07T00:00:00Z
2890,Caltius Structured Capital,California,69290,Integrated Healthcare Strategies LLC,Business Services,"Kansas City, Montana, United States",2010-09-21,"Buyout (LBO, MBO, MBI)",2015-05-01,Divestiture,4.6,False,,0,0,https://mergr.com/company/69290,2026-09-07T00:00:00Z
2890,Caltius Structured Capital,California,69294,Pearl Meyer,Business Services,"Wellesley, Massachusetts, United States",2010-08-30,"Buyout (LBO, MBO, MBI)",2015-05-01,Unknown,4.7,False,,0,0,https://mergr.com/company/69294,2026-09-07T00:00:00Z
2890,Caltius Structured Capital,California,2038,Insight Global,Staffing,"Atlanta, Georgia, United States",2010-06-23,Secondary Buyout,2012-10-10,Trade Sale - Public Company,2.3,False,,0,0,https://mergr.com/company/2038,2026-09-07T00:00:00Z
2890,Caltius Structured Capital,California,69306,Universal Services of America,Safety/Security,"Santa Ana, California, United States",2009-11-01,Growth Capital,,,16.8,True,,2,0,https://mergr.com/company/69306,2026-09-07T00:00:00Z
2890,Caltius Structured Capital,California,16679,SM&A,Business Services,"Irvine, California, United States",2008-12-29,"Buyout (LBO, MBO, MBI)",,,17.7,True,98,0,0,https://mergr.com/company/16679,2026-09-07T00:00:00Z
2890,Caltius Structured Capital,California,69274,J-B Weld,Chemicals,"Marietta, Georgia, United States",2008-12-29,Growth Capital,,,17.7,True,,1,0,https://mergr.com/company/69274,2026-09-07T00:00:00Z
2890,Caltius Structured Capital,California,14081,"HealthPlan Holdings, Inc.",Information Technology,"Tampa, Florida, United States",2008-10-01,Secondary Buyout,2016-02-11,Divestiture,7.3,False,,1,0,https://mergr.com/company/14081,2026-09-07T00:00:00Z
2890,Caltius Structured Capital,California,13226,Griplock Systems,Electrical Equipment,"Carpinteria, California, United States",2008-09-02,Growth Capital,2016-07-29,Trade Sale - Public Company,7.8,False,,0,0,https://mergr.com/company/13226,2026-09-07T00:00:00Z
2890,Caltius Structured Capital,California,19894,"Diversified Human Resources, Inc.",Staffing,"Phoenix, Arizona, United States",2008-05-01,Growth Capital,2017-07-06,Divestiture,9.2,False,,0,0,https://mergr.com/company/19894,2026-09-07T00:00:00Z
2890,Caltius Structured Capital,California,12625,Mercer Advisors,Financial Services,"Denver, Colorado, United States",2008-05-01,Recapitalization,2015-03-25,Trade Sale - Public Company,6.8,False,,0,1,https://mergr.com/company/12625,2026-09-07T00:00:00Z
2890,Caltius Structured Capital,California,69310,Bulk Handling Systems,Machinery,"Eugene, Oregon, United States",2008-03-26,Recapitalization,2012-01-01,Unknown,3.8,False,,0,0,https://mergr.com/company/69310,2026-09-07T00:00:00Z
2890,Caltius Structured Capital,California,939,Pacific Crest Securities,Financial Services,"Portland, Oregon, United States",2008-02-05,"Buyout (LBO, MBO, MBI)",2014-07-17,Divestiture,6.4,False,,1,0,https://mergr.com/company/939,2026-09-07T00:00:00Z
2890,Caltius Structured Capital,California,13154,BrightHeart Veterinary Centers,Consumer Services,"Armonk, New York, United States",2007-08-01,Acquisition Financing,2011-07-10,Divestiture,3.9,False,,0,0,https://mergr.com/company/13154,2026-09-07T00:00:00Z
2890,Caltius Structured Capital,California,224337,"True Home Value, Inc.",Furniture,"Mandan, North Dakota, United States",2006-12-19,"Buyout (LBO, MBO, MBI)",2015-11-01,Unknown,8.8,False,,0,0,https://mergr.com/company/224337,2026-09-07T00:00:00Z
2890,Caltius Structured Capital,California,24807,Hospitality Staffing Solutions LLC,Staffing,"Atlanta, Georgia, United States",2006-12-01,Recapitalization,2010-09-15,Trade Sale - Public Company,3.8,False,,0,0,https://mergr.com/company/24807,2026-09-07T00:00:00Z
2890,Caltius Structured Capital,California,2922,PlanMember Financial Corp.,Financial Services,"Carpinteria, California, United States",2006-11-21,Recapitalization,,,19.8,True,,1,0,https://mergr.com/company/2922,2026-09-07T00:00:00Z
2890,Caltius Structured Capital,California,25636,"Athletes' Performance, Inc.",Business Services,"Phoenix, Arizona, United States",2006-10-16,Venture,2018-03-01,Secondary Sale,11.3,False,,2,0,https://mergr.com/company/25636,2026-09-07T00:00:00Z
2890,Caltius Structured Capital,California,60,Meridian Surgical Partners LLC,Healthcare Services,"Brentwood, Tennessee, United States",2006-05-01,"Buyout (LBO, MBO, MBI)",,,20.3,True,,0,1,https://mergr.com/company/60,2026-09-07T00:00:00Z
2890,Caltius Structured Capital,California,6327,"Radiant Research, Inc.",Life Science,"Tempe, Arizona, United States",2004-09-01,"Buyout (LBO, MBO, MBI)",2007-06-08,Trade Sale - Public Company,2.8,False,,0,0,https://mergr.com/company/6327,2026-09-07T00:00:00Z
2890,Caltius Structured Capital,California,19906,Scientech LLC,Energy Services and Equipment,"Idaho Falls, Idaho, United States",2004-07-01,"Buyout (LBO, MBO, MBI)",2007-05-08,Divestiture,2.8,False,,0,0,https://mergr.com/company/19906,2026-09-07T00:00:00Z
2890,Caltius Structured Capital,California,13193,Vantage Mobility International,Medical Products,"Phoenix, Arizona, United States",2004-01-13,Secondary Buyout,2011-01-19,Trade Sale - Public Company,7,False,,0,0,https://mergr.com/company/13193,2026-09-07T00:00:00Z
2890,Caltius Structured Capital,California,69334,"ForeFront Education, Inc.",Education,"Barrington, Illinois, United States",2003-05-01,"Buyout (LBO, MBO, MBI)",,,23.3,True,,0,0,https://mergr.com/company/69334,2026-09-07T00:00:00Z
2890,Caltius Structured Capital,California,451,Tri-Star Electronics,Electronics,"El Segundo, California, United States",2003-05-01,"Buyout (LBO, MBO, MBI)",2007-02-05,Trade Sale - Public Company,3.8,False,,0,0,https://mergr.com/company/451,2026-09-07T00:00:00Z
2890,Caltius Structured Capital,California,8310,"Dickinson Frozen Foods, Inc.",Food,"Eagle, Idaho, United States",2002-12-01,"Buyout (LBO, MBO, MBI)",2011-05-01,Divestiture,8.4,False,,1,0,https://mergr.com/company/8310,2026-09-07T00:00:00Z
2890,Caltius Structured Capital,California,23044,Healthy Pet Corp.,Healthcare Services,"Shelton, Connecticut, United States",2001-10-01,Growth Capital,2007-06-01,Divestiture,5.7,False,,0,0,https://mergr.com/company/23044,2026-09-07T00:00:00Z
2890,Caltius Structured Capital,California,69338,Nu Vision Manufacturing LLC,Manufacturing,"Springfield, Massachusetts, United States",2001-08-01,"Buyout (LBO, MBO, MBI)",,,25.1,True,,0,0,https://mergr.com/company/69338,2026-09-07T00:00:00Z
2890,Caltius Structured Capital,California,69342,"Aspen Education Group, Inc.",Education,"Cerritos, California, United States",2001-07-01,"Buyout (LBO, MBO, MBI)",,,25.2,True,,0,0,https://mergr.com/company/69342,2026-09-07T00:00:00Z
2890,Caltius Structured Capital,California,25325,CRC Health Corp.,Healthcare Services,"Cupertino, California, United States",2001-01-01,Acquisition Financing,2003-12-01,Sold to Existing Investors,2.9,False,450,1,0,https://mergr.com/company/25325,2026-09-07T00:00:00Z
2890,Caltius Structured Capital,California,16679,SM&A,Business Services,"Irvine, California, United States",2000-12-01,"Buyout (LBO, MBO, MBI)",2004-07-01,Unknown,3.6,False,98,0,0,https://mergr.com/company/16679,2026-09-07T00:00:00Z
2890,Caltius Structured Capital,California,69350,"E-T-T, Inc.",Business Services,"Las Vegas, Nevada, United States",2000-11-01,"Buyout (LBO, MBO, MBI)",,,25.8,True,,0,0,https://mergr.com/company/69350,2026-09-07T00:00:00Z
2890,Caltius Structured Capital,California,16356,HomeGrown Natural Foods,Food,"Napa, California, United States",2000-10-27,"Buyout (LBO, MBO, MBI)",,,25.8,True,,0,1,https://mergr.com/company/16356,2026-09-07T00:00:00Z
2890,Caltius Structured Capital,California,224343,"Homegrown Naturals, Inc.",Food,"Napa, California, United States",2000-10-02,Acquisition Financing,2004-07-01,Unknown,3.7,False,,1,0,https://mergr.com/company/224343,2026-09-07T00:00:00Z
2890,Caltius Structured Capital,California,69358,Plassein International Corp.,Packaging,"Willington, Connecticut, United States",2000-01-01,"Buyout (LBO, MBO, MBI)",,,26.7,True,,0,0,https://mergr.com/company/69358,2026-09-07T00:00:00Z
2890,Caltius Structured Capital,California,31550,"Wyle, Inc.",Information Technology,"El Segundo, California, United States",1999-11-01,"Buyout (LBO, MBO, MBI)",2003-12-11,Trade Sale - Public Company,4.1,False,800,0,0,https://mergr.com/company/31550,2026-09-07T00:00:00Z
2890,Caltius Structured Capital,California,20909,"Soff-Cut International, Inc.",Machinery,"Corona, California, United States",1999-06-01,"Buyout (LBO, MBO, MBI)",2004-08-23,Trade Sale - Public Company,5.2,False,35,0,0,https://mergr.com/company/20909,2026-09-07T00:00:00Z
2890,Caltius Structured Capital,California,19899,CampGroup LLC,Consumer Services,"White Plains, New York, United States",1999-05-01,"Buyout (LBO, MBO, MBI)",2004-11-19,Divestiture,5.5,False,,0,0,https://mergr.com/company/19899,2026-09-07T00:00:00Z
2890,Caltius Structured Capital,California,69362,"Closet World, Inc.",Manufacturing,"Whittier, California, United States",1998-03-01,"Buyout (LBO, MBO, MBI)",,,28.5,True,,0,0,https://mergr.com/company/69362,2026-09-07T00:00:00Z
2890,Caltius Structured Capital,California,224733,Pritikin Longevity Center + Spa,Leisure,"Miami, Florida, United States",1997-11-01,"Buyout (LBO, MBO, MBI)",,,28.8,True,,0,0,https://mergr.com/company/224733,2026-09-07T00:00:00Z
921,Housatonic Partners,California,347468,Wayleadr,Software,"New York, New York, United States",2025-12-01,"Buyout (LBO, MBO, MBI)",,,0.8,True,,0,0,https://mergr.com/company/347468,2026-09-07T00:00:00Z
921,Housatonic Partners,California,324837,Guardian Data Destruction,Internet Software and Services,"South Hackensack, New Jersey, United States",2024-05-08,Growth Capital,,,2.3,True,,0,0,https://mergr.com/company/324837,2026-09-07T00:00:00Z
921,Housatonic Partners,California,336102,CellBio Scientific,Life Science,"Newark, California, United States",2024-01-01,"Buyout (LBO, MBO, MBI)",,,2.7,True,,1,0,https://mergr.com/company/336102,2026-09-07T00:00:00Z
921,Housatonic Partners,California,319946,eCard Systems,Information Technology,"Brentwood, Tennessee, United States",2023-12-15,Growth Capital,,,2.7,True,,0,0,https://mergr.com/company/319946,2026-09-07T00:00:00Z
921,Housatonic Partners,California,323047,KeepingCount,Business Services,"Boise, Idaho, United States",2023-09-13,"Buyout (LBO, MBO, MBI)",,,2.9,True,,1,0,https://mergr.com/company/323047,2026-09-07T00:00:00Z
921,Housatonic Partners,California,308101,Brainfuse,Internet Software and Services,"New York, New York, United States",2022-12-12,Growth Capital,,,3.7,True,,0,0,https://mergr.com/company/308101,2026-09-07T00:00:00Z
921,Housatonic Partners,California,329021,EvAl Home Care Solutions,Healthcare Services,"Boca Raton, Florida, United States",2022-09-16,Consolidation,,,3.9,True,,2,0,https://mergr.com/company/329021,2026-09-07T00:00:00Z
921,Housatonic Partners,California,303729,Key Media,Media,"Sydney, Australia",2022-08-16,Growth Capital,,,4,True,,1,0,https://mergr.com/company/303729,2026-09-07T00:00:00Z
921,Housatonic Partners,California,295228,PeopleWorks,Staffing,"Paradise Valley, Arizona, United States",2022-01-19,"Buyout (LBO, MBO, MBI)",,,4.6,True,,1,0,https://mergr.com/company/295228,2026-09-07T00:00:00Z
921,Housatonic Partners,California,294550,Mobile Vascular Physicians,Healthcare Services,"Bethpage, New York, United States",2022-01-05,Growth Capital,2024-03-15,Bankruptcy,2.2,False,,0,0,https://mergr.com/company/294550,2026-09-07T00:00:00Z
921,Housatonic Partners,California,290726,Veridic Solutions,Internet Software and Services,"Plano, Texas, United States",2021-09-22,Growth Capital,,,4.9,True,,0,0,https://mergr.com/company/290726,2026-09-07T00:00:00Z
921,Housatonic Partners,California,212536,Working Solutions,Business Services,"Plano, Texas, United States",2021-01-12,Growth Capital,,,5.6,True,,0,0,https://mergr.com/company/212536,2026-09-07T00:00:00Z
921,Housatonic Partners,California,291683,EOI Service Company,Business Services,"Anaheim, California, United States",2020-12-16,Growth Capital,2024-10-18,Divestiture,3.8,False,,0,0,https://mergr.com/company/291683,2026-09-07T00:00:00Z
921,Housatonic Partners,California,277874,Abound Health Group,Healthcare Services,"Charlotte, North Carolina, United States",2020-11-03,Growth Capital,,,5.8,True,,1,0,https://mergr.com/company/277874,2026-09-07T00:00:00Z
921,Housatonic Partners,California,291671,Cicero Therapies,Healthcare Services,"Hoover, Alabama, United States",2020-11-01,Stake Purchase,,,5.8,True,,0,0,https://mergr.com/company/291671,2026-09-07T00:00:00Z
921,Housatonic Partners,California,277145,MaxiSend,Financial Services,"Irving, Texas, United States",2020-10-12,Growth Capital,,,5.8,True,,0,0,https://mergr.com/company/277145,2026-09-07T00:00:00Z
921,Housatonic Partners,California,274631,e123,Software,"Laguna Beach, California, United States",2020-07-29,Growth Capital,,,6.1,True,,0,0,https://mergr.com/company/274631,2026-09-07T00:00:00Z
921,Housatonic Partners,California,265582,D2C Media,Marketing,"Edmonton, Alberta, Canada",2019-10-23,Recapitalization,2023-11-02,Divestiture,4,False,,0,0,https://mergr.com/company/265582,2026-09-07T00:00:00Z
921,Housatonic Partners,California,254638,CitiXsys,Software,"New York, New York, United States",2018-09-28,Growth Capital,,,7.9,True,,0,0,https://mergr.com/company/254638,2026-09-07T00:00:00Z
921,Housatonic Partners,California,291779,School Family Media,Marketing,"Wrentham, Massachusetts, United States",2018-09-01,"Buyout (LBO, MBO, MBI)",,,8,True,,0,0,https://mergr.com/company/291779,2026-09-07T00:00:00Z
921,Housatonic Partners,California,251029,Eureka Entertainment,Media,"Middlesex, United Kingdom",2018-03-23,Acquisition Financing,,,8.4,True,,1,0,https://mergr.com/company/251029,2026-09-07T00:00:00Z
921,Housatonic Partners,California,291693,FIMC,Financial Services,"Sarasota, Florida, United States",2017-09-01,Growth Capital,,,9,True,,0,0,https://mergr.com/company/291693,2026-09-07T00:00:00Z
921,Housatonic Partners,California,242298,Efficient Hire,Internet Software and Services,"Littleton, Colorado, United States",2017-07-27,Recapitalization,2022-01-31,Divestiture,4.5,False,,0,0,https://mergr.com/company/242298,2026-09-07T00:00:00Z
921,Housatonic Partners,California,291795,ZircoDATA,Information Services,"Bentleigh, Australia",2016-10-24,Divestiture,,,9.8,True,,0,0,https://mergr.com/company/291795,2026-09-07T00:00:00Z
921,Housatonic Partners,California,227128,Accurate Neuromonitoring,Healthcare Services,"Fairfield, New Jersey, United States",2016-09-22,Recapitalization,,,9.9,True,,0,0,https://mergr.com/company/227128,2026-09-07T00:00:00Z
921,Housatonic Partners,California,291655,Embark Behavioral Health,Healthcare Services,"Chandler, Arizona, United States",2016-08-01,"Buyout (LBO, MBO, MBI)",,,10.1,True,,0,0,https://mergr.com/company/291655,2026-09-07T00:00:00Z
921,Housatonic Partners,California,1618,Asurion,Information Technology,"Nashville, Tennessee, United States",2016-06-13,Secondary Buyout,2016-06-13,Trade Sale - Public Company,0,False,,0,0,https://mergr.com/company/1618,2026-09-07T00:00:00Z
921,Housatonic Partners,California,234562,Sprout Health Group,Healthcare Services,"Eatontown, New Jersey, United States",2015-12-31,Growth Capital,,,10.7,True,,1,0,https://mergr.com/company/234562,2026-09-07T00:00:00Z
921,Housatonic Partners,California,262428,ParaRev,Business Services,"Elgin, Illinois, United States",2014-10-01,"Buyout (LBO, MBO, MBI)",2022-05-18,Divestiture,7.6,False,,2,0,https://mergr.com/company/262428,2026-09-07T00:00:00Z
921,Housatonic Partners,California,291697,LQ Digital,Internet Software and Services,"Oakland, California, United States",2013-11-01,Growth Capital,,,12.8,True,,0,0,https://mergr.com/company/291697,2026-09-07T00:00:00Z
921,Housatonic Partners,California,4190,Circle Graphics,Business Services,"Longmont, Colorado, United States",2012-12-01,Secondary Buyout,2019-10-02,Trade Sale - Public Company,6.8,False,,2,0,https://mergr.com/company/4190,2026-09-07T00:00:00Z
921,Housatonic Partners,California,251026,Registria,Information Technology,"Denver, Colorado, United States",2012-12-01,Growth Capital,,,13.8,True,,0,0,https://mergr.com/company/251026,2026-09-07T00:00:00Z
921,Housatonic Partners,California,238967,365 Data Centers,Information Technology,"Norwalk, Connecticut, United States",2012-09-04,"Buyout (LBO, MBO, MBI)",2017-04-25,Trade Sale - Public Company,4.6,False,,0,0,https://mergr.com/company/238967,2026-09-07T00:00:00Z
921,Housatonic Partners,California,31618,Cleo,Software,"Rockford, Illinois, United States",2012-05-01,"Buyout (LBO, MBO, MBI)",2021-06-09,Trade Sale - Public Company,9.1,False,,1,0,https://mergr.com/company/31618,2026-09-07T00:00:00Z
921,Housatonic Partners,California,30232,QMC Telecom,Communications,"San Juan, Puerto Rico",2012-02-15,Growth Capital,,,14.5,True,,0,0,https://mergr.com/company/30232,2026-09-07T00:00:00Z
921,Housatonic Partners,California,30236,HealthWyse LLC,Software,"Wilmington, Massachusetts, United States",2011-09-20,Recapitalization,2016-10-18,Divestiture,5,False,,0,0,https://mergr.com/company/30236,2026-09-07T00:00:00Z
921,Housatonic Partners,California,24283,Exponential Interactive,Media,"Emeryville, California, United States",2010-08-01,Growth Capital,,,16.1,True,,0,1,https://mergr.com/company/24283,2026-09-07T00:00:00Z
921,Housatonic Partners,California,24279,HemaSource,Distribution,"Salt Lake City, Utah, United States",2010-02-02,Recapitalization,2017-07-20,Trade Sale - Public Company,7.4,False,,0,0,https://mergr.com/company/24279,2026-09-07T00:00:00Z
921,Housatonic Partners,California,15625,OnRamp Access,Internet Software and Services,"Austin, Texas, United States",2009-09-18,Growth Capital,2018-01-01,Divestiture,8.3,False,,0,0,https://mergr.com/company/15625,2026-09-07T00:00:00Z
921,Housatonic Partners,California,218423,OASIS Group,Information Services,"Dublin, Ireland",2009-05-27,Recapitalization,2017-07-27,Trade Sale - Public Company,8.2,False,,21,0,https://mergr.com/company/218423,2026-09-07T00:00:00Z
921,Housatonic Partners,California,15624,ONRAD,Healthcare Services,"Phoenix, Arizona, United States",2009-02-01,"Buyout (LBO, MBO, MBI)",,,17.6,True,,2,0,https://mergr.com/company/15624,2026-09-07T00:00:00Z
921,Housatonic Partners,California,7082,ResponseLink,Healthcare Services,"Williamsport, Pennsylvania, United States",2008-06-01,Recapitalization,,,18.3,True,,0,0,https://mergr.com/company/7082,2026-09-07T00:00:00Z
921,Housatonic Partners,California,24280,Learner's Digest International LLC,Healthcare Services,"Glendale, California, United States",2008-01-01,"Buyout (LBO, MBO, MBI)",2015-09-01,Divestiture,7.7,False,39,0,0,https://mergr.com/company/24280,2026-09-07T00:00:00Z
921,Housatonic Partners,California,15629,Liberty Towers,Construction,"Boca Raton, Florida, United States",2007-12-10,Recapitalization,2015-01-01,Divestiture,7,False,,0,0,https://mergr.com/company/15629,2026-09-07T00:00:00Z
921,Housatonic Partners,California,60846,ProService Hawaii,Staffing,"Honolulu, Hawaii, United States",2007-12-01,Recapitalization,2017-11-08,Secondary Sale,9.9,False,,0,0,https://mergr.com/company/60846,2026-09-07T00:00:00Z
921,Housatonic Partners,California,175949,FDH Aero,Aerospace,"Commerce, California, United States",2007-11-06,"Buyout (LBO, MBO, MBI)",2017-04-04,Trade Sale - Public Company,9.3,False,,0,0,https://mergr.com/company/175949,2026-09-07T00:00:00Z
921,Housatonic Partners,California,24487,Aircraft Fasteners International LLC,Distribution,"Monterey Park, California, United States",2007-11-06,"Buyout (LBO, MBO, MBI)",,,18.8,True,,0,0,https://mergr.com/company/24487,2026-09-07T00:00:00Z
921,Housatonic Partners,California,1734,ServiceSource,Internet Software and Services,"Denver, Colorado, United States",2007-01-30,Growth Capital,2011-03-26,IPO,4.1,False,196,0,0,https://mergr.com/company/1734,2026-09-07T00:00:00Z
921,Housatonic Partners,California,7074,"BirdDog Solutions, Inc.",Business Services,"Andover, Massachusetts, United States",2006-09-01,Recapitalization,,,20,True,,1,0,https://mergr.com/company/7074,2026-09-07T00:00:00Z
921,Housatonic Partners,California,1618,Asurion,Information Technology,"Nashville, Tennessee, United States",2006-08-08,Recapitalization,2006-08-08,Merger,0,False,,0,0,https://mergr.com/company/1618,2026-09-07T00:00:00Z
921,Housatonic Partners,California,7077,Ilios Partners LLC,Business Services,"Chicago, Illinois, United States",2006-06-01,Recapitalization,2011-02-15,Trade Sale,4.7,False,,0,0,https://mergr.com/company/7077,2026-09-07T00:00:00Z
921,Housatonic Partners,California,7078,MedOptions,Healthcare Services,"Old Saybrook, Connecticut, United States",2006-02-01,"Buyout (LBO, MBO, MBI)",2015-04-29,Trade Sale - Public Company,9.2,False,,0,0,https://mergr.com/company/7078,2026-09-07T00:00:00Z
921,Housatonic Partners,California,7069,Vox Communications LLC,Media,"Wellesely, Massachusetts, United States",2005-06-01,"Buyout (LBO, MBO, MBI)",2010-07-01,Unknown,5.1,False,,0,0,https://mergr.com/company/7069,2026-09-07T00:00:00Z
921,Housatonic Partners,California,24282,WSF Holding Group,Business Services,"Coral Springs, Florida, United States",2005-05-01,"Buyout (LBO, MBO, MBI)",2014-05-01,Divestiture,9,False,,0,0,https://mergr.com/company/24282,2026-09-07T00:00:00Z
921,Housatonic Partners,California,7057,Access,Business Services,"Peabody, Massachusetts, United States",2004-12-01,"Buyout (LBO, MBO, MBI)",2011-08-01,Trade Sale - Public Company,6.7,False,,0,0,https://mergr.com/company/7057,2026-09-07T00:00:00Z
921,Housatonic Partners,California,7083,Shootingstar Broadcasting of New England LLC,Media,"Derry, New Hampshire, United States",2004-09-01,Recapitalization,2011-02-01,Unknown,6.4,False,,0,0,https://mergr.com/company/7083,2026-09-07T00:00:00Z
921,Housatonic Partners,California,15628,"Gold Standard, Inc.",Healthcare Services,"Tampa, Florida, United States",2003-10-15,Recapitalization,2006-05-17,Divestiture,2.6,False,,0,0,https://mergr.com/company/15628,2026-09-07T00:00:00Z
921,Housatonic Partners,California,15620,Continental Fire Sprinkler Co.,Safety/Security,"Omaha, New Jersey, United States",2003-03-01,"Buyout (LBO, MBO, MBI)",2005-01-01,Divestiture,1.8,False,,0,0,https://mergr.com/company/15620,2026-09-07T00:00:00Z
921,Housatonic Partners,California,7073,Bay Communications LLC,Communications,"Mansfield, Massachusetts, United States",2003-01-01,Recapitalization,2010-01-05,Divestiture,7,False,,0,0,https://mergr.com/company/7073,2026-09-07T00:00:00Z
921,Housatonic Partners,California,15617,"Enerdyne Technologies, Inc.",Communications,"El Cajon, California, United States",2002-06-01,Recapitalization,2006-06-21,Trade Sale - Public Company,4,False,,0,0,https://mergr.com/company/15617,2026-09-07T00:00:00Z
921,Housatonic Partners,California,7070,Alta Colleges,Education,"Anaheim, California, United States",2002-04-01,Recapitalization,,,24.4,True,,0,0,https://mergr.com/company/7070,2026-09-07T00:00:00Z
921,Housatonic Partners,California,7063,Precis Communications LLC,Communications,"Price, Utah, United States",2002-02-01,"Buyout (LBO, MBO, MBI)",2008-11-03,Divestiture,6.8,False,,0,0,https://mergr.com/company/7063,2026-09-07T00:00:00Z
921,Housatonic Partners,California,8993,Convergent Broadcasting,Media,"Corpus Christi, Texas, United States",2002-01-01,"Buyout (LBO, MBO, MBI)",2004-01-01,Trade Sale - Public Company,2,False,,0,0,https://mergr.com/company/8993,2026-09-07T00:00:00Z
921,Housatonic Partners,California,7081,"Braden Partners, L.P.",Healthcare Services,"Novato, California, United States",2002-01-01,"Buyout (LBO, MBO, MBI)",2008-06-13,Divestiture,6.4,False,,0,0,https://mergr.com/company/7081,2026-09-07T00:00:00Z
921,Housatonic Partners,California,5013,Rapid Cable,Communications,United States,2002-01-01,"Buyout (LBO, MBO, MBI)",,,24.7,True,,1,1,https://mergr.com/company/5013,2026-09-07T00:00:00Z
921,Housatonic Partners,California,7064,"Pyramid Research, Inc.",Information Services,"Cambridge, Massachusetts, United States",2001-10-01,"Buyout (LBO, MBO, MBI)",2008-08-28,Divestiture,6.8,False,,0,0,https://mergr.com/company/7064,2026-09-07T00:00:00Z
921,Housatonic Partners,California,15616,Beacon Fire & Safety,Business Services,"San Jose, California, United States",2000-06-01,"Buyout (LBO, MBO, MBI)",2006-01-01,Divestiture,5.6,False,,0,0,https://mergr.com/company/15616,2026-09-07T00:00:00Z
921,Housatonic Partners,California,7072,"Arrival Communications, Inc.",Communications,"Bakersfield, California, United States",2000-06-01,Growth Capital,2006-12-07,Divestiture,6.5,False,,0,0,https://mergr.com/company/7072,2026-09-07T00:00:00Z
921,Housatonic Partners,California,7062,"Diamond Rental, Inc.",Business Services,"Sandy, Utah, United States",2000-04-01,"Buyout (LBO, MBO, MBI)",2007-07-22,Secondary Sale,7.3,False,,0,0,https://mergr.com/company/7062,2026-09-07T00:00:00Z
921,Housatonic Partners,California,15622,The Governance Institute,Business Services,"San Diego, California, United States",2000-04-01,"Buyout (LBO, MBO, MBI)",2006-06-01,Trade Sale,6.2,False,,0,0,https://mergr.com/company/15622,2026-09-07T00:00:00Z
921,Housatonic Partners,California,30241,Onsite Health,Medical Products,"Arlington, Virginia, United States",2000-01-01,Recapitalization,,,26.7,True,,1,0,https://mergr.com/company/30241,2026-09-07T00:00:00Z
921,Housatonic Partners,California,16193,Wind River Environmental,Environmental,"Marlborough, Massachusetts, United States",1999-11-01,"Buyout (LBO, MBO, MBI)",2014-07-08,Trade Sale - Public Company,14.7,False,,0,0,https://mergr.com/company/16193,2026-09-07T00:00:00Z
921,Housatonic Partners,California,7076,"CaseCentral, Inc.",Software,"San Francisco, California, United States",1999-09-01,Venture,2012-02-07,Divestiture,12.4,False,10,0,0,https://mergr.com/company/7076,2026-09-07T00:00:00Z
921,Housatonic Partners,California,7068,"TELAV, Inc.",Media,"Dallas, Texas, United States",1999-08-01,"Buyout (LBO, MBO, MBI)",2003-08-01,Trade Sale,4,False,,0,0,https://mergr.com/company/7068,2026-09-07T00:00:00Z
921,Housatonic Partners,California,202419,"Appleseeds, Inc.",Apparel/Textiles,"Middleton, Massachusetts, United States",1999-03-18,"Buyout (LBO, MBO, MBI)",2005-11-16,Trade Sale - Public Company,6.6,False,,1,0,https://mergr.com/company/202419,2026-09-07T00:00:00Z
921,Housatonic Partners,California,22139,Marathon Media LLC,Media,"Chicago, Illinois, United States",1998-11-01,"Buyout (LBO, MBO, MBI)",2008-01-01,Trade Sale,9.2,False,,0,0,https://mergr.com/company/22139,2026-09-07T00:00:00Z
921,Housatonic Partners,California,7071,"Archives One, Inc.",Technology Hardware,"Boston, Massachusetts, United States",1998-04-01,"Buyout (LBO, MBO, MBI)",2007-05-01,Divestiture,9.1,False,,0,0,https://mergr.com/company/7071,2026-09-07T00:00:00Z
921,Housatonic Partners,California,15619,Classic Party Rentals,Business Services,"Inglewood, California, United States",1997-07-01,"Buyout (LBO, MBO, MBI)",2003-05-30,Trade Sale - Public Company,5.8,False,,0,0,https://mergr.com/company/15619,2026-09-07T00:00:00Z
921,Housatonic Partners,California,15621,First American Records Management,Business Services,"Santa Barbara, California, United States",1997-01-01,Recapitalization,1999-04-01,Trade Sale - Public Company,2.3,False,,0,0,https://mergr.com/company/15621,2026-09-07T00:00:00Z
921,Housatonic Partners,California,7075,Boston Common Press,Publishing,"Brookline, Massachusetts, United States",1996-09-01,"Buyout (LBO, MBO, MBI)",,,30,True,,0,0,https://mergr.com/company/7075,2026-09-07T00:00:00Z
921,Housatonic Partners,California,21365,Cambridge Communications LP,Communications,United States,1996-06-01,"Buyout (LBO, MBO, MBI)",1999-05-17,Divestiture,2.9,False,,0,0,https://mergr.com/company/21365,2026-09-07T00:00:00Z
921,Housatonic Partners,California,15618,Carillon Assisted Living,Consumer Services,"Raleigh, North Carolina, United States",1996-05-01,"Buyout (LBO, MBO, MBI)",,,30.3,True,,0,0,https://mergr.com/company/15618,2026-09-07T00:00:00Z
921,Housatonic Partners,California,1618,Asurion,Information Technology,"Nashville, Tennessee, United States",1995-01-01,Stake Purchase,2006-08-08,Merger,11.6,False,,1,0,https://mergr.com/company/1618,2026-09-07T00:00:00Z
1067,Century Park Capital Partners,California,343020,Green Summit,Business Services,"Los Angeles, California, United States",2025-11-18,"Buyout (LBO, MBO, MBI)",,,0.8,True,,1,0,https://mergr.com/company/343020,2026-09-07T00:00:00Z
1067,Century Park Capital Partners,California,324295,Total Access Elevator,Business Services,"Santa Fe Springs, California, United States",2024-04-25,Recapitalization,,,2.3,True,,3,0,https://mergr.com/company/324295,2026-09-07T00:00:00Z
1067,Century Park Capital Partners,California,323842,NCP Coatings,Chemicals,"Niles, Michigan, United States",2022-01-14,Recapitalization,,,4.6,True,,1,0,https://mergr.com/company/323842,2026-09-07T00:00:00Z
1067,Century Park Capital Partners,California,284342,CJ Pony Parts,E-Commerce,"Harrisburg, Pennsylvania, United States",2021-04-05,Recapitalization,,,5.4,True,,1,0,https://mergr.com/company/284342,2026-09-07T00:00:00Z
1067,Century Park Capital Partners,California,271716,Accelalpha,Information Technology,"Bellevue, Washington, United States",2020-04-20,Recapitalization,2024-09-09,Divestiture,4.3,False,,3,0,https://mergr.com/company/271716,2026-09-07T00:00:00Z
1067,Century Park Capital Partners,California,271723,MCCi,Information Technology,"Tallahassee, Florida, United States",2019-01-28,Recapitalization,2026-01-27,Trade Sale - Public Company,6.9,False,,1,0,https://mergr.com/company/271723,2026-09-07T00:00:00Z
1067,Century Park Capital Partners,California,252948,Dominion Care,Healthcare Services,"Richmond, Virginia, United States",2018-07-31,Growth Capital,,,8.1,True,,0,0,https://mergr.com/company/252948,2026-09-07T00:00:00Z
1067,Century Park Capital Partners,California,196456,Better Life Technology LLC,Building Materials,"Lenexa, Kansas, United States",2015-07-14,"Buyout (LBO, MBO, MBI)",,,11.1,True,,0,0,https://mergr.com/company/196456,2026-09-07T00:00:00Z
1067,Century Park Capital Partners,California,195760,"Mikawaya, Inc.",Food,"Vernon, California, United States",2015-07-09,"Buyout (LBO, MBO, MBI)",,,11.1,True,,0,0,https://mergr.com/company/195760,2026-09-07T00:00:00Z
1067,Century Park Capital Partners,California,193362,Covercraft,Automotive,"Pauls Valley, Oklahoma, United States",2015-06-22,Recapitalization,2021-08-23,Trade Sale - Public Company,6.2,False,,4,0,https://mergr.com/company/193362,2026-09-07T00:00:00Z
1067,Century Park Capital Partners,California,30106,"ICM Products, Inc.",Chemicals,"Cassopolis, Michigan, United States",2012-01-31,"Buyout (LBO, MBO, MBI)",2017-08-28,Divestiture,5.5,False,,1,0,https://mergr.com/company/30106,2026-09-07T00:00:00Z
1067,Century Park Capital Partners,California,23299,Cirtec,Medical Products,"Brooklyn Park, Minnesota, United States",2010-12-01,Recapitalization,2017-08-04,Trade Sale - Public Company,6.7,False,,1,0,https://mergr.com/company/23299,2026-09-07T00:00:00Z
1067,Century Park Capital Partners,California,4390,Moss,Marketing,"Franklin Park, Illinois, United States",2008-07-09,Secondary Buyout,2013-07-09,Trade Sale - Public Company,5,False,,1,0,https://mergr.com/company/4390,2026-09-07T00:00:00Z
1067,Century Park Capital Partners,California,8305,"Eckler's Corvette, Inc.",Automotive,"Titusville, Florida, United States",2008-05-14,Secondary Buyout,2012-07-16,Trade Sale - Public Company,4.2,False,,0,0,https://mergr.com/company/8305,2026-09-07T00:00:00Z
1067,Century Park Capital Partners,California,15714,ROM,Manufacturing,"Belton, Missouri, United States",2007-02-23,Secondary Buyout,2013-10-01,Divestiture,6.6,False,,2,0,https://mergr.com/company/15714,2026-09-07T00:00:00Z
1067,Century Park Capital Partners,California,5805,Specialty Manufacturing,Manufacturing,"Pineville, North Carolina, United States",2006-07-12,"Buyout (LBO, MBO, MBI)",2013-10-01,Divestiture,7.2,False,,0,0,https://mergr.com/company/5805,2026-09-07T00:00:00Z
1067,Century Park Capital Partners,California,8307,"Lynx Grills, Inc.",Consumer Products,"Downey, California, United States",2006-06-07,Recapitalization,2015-12-16,Divestiture,9.5,False,,0,0,https://mergr.com/company/8307,2026-09-07T00:00:00Z
1067,Century Park Capital Partners,California,8308,TourCoach International,Transportation,"Commerce, California, United States",2006-04-05,Recapitalization,,,20.4,True,,0,0,https://mergr.com/company/8308,2026-09-07T00:00:00Z
1067,Century Park Capital Partners,California,19738,"Hi-Tech Rubber, Inc.",Medical Products,"Anaheim, California, United States",2004-03-01,"Buyout (LBO, MBO, MBI)",2008-05-08,Divestiture,4.2,False,,2,0,https://mergr.com/company/19738,2026-09-07T00:00:00Z
1067,Century Park Capital Partners,California,212672,Aqua-Flo LLC,Manufacturing,"Chino, California, United States",2003-01-01,Stake Purchase,2007-11-02,Divestiture,4.8,False,,0,0,https://mergr.com/company/212672,2026-09-07T00:00:00Z
1067,Century Park Capital Partners,California,8310,"Dickinson Frozen Foods, Inc.",Food,"Eagle, Idaho, United States",2002-12-01,"Buyout (LBO, MBO, MBI)",2011-05-01,Divestiture,8.4,False,,1,0,https://mergr.com/company/8310,2026-09-07T00:00:00Z
1067,Century Park Capital Partners,California,16589,Kids Line LLC,Consumer Products,"South Gate, California, United States",2001-01-01,Stake Purchase,2004-12-01,Trade Sale - Public Company,3.9,False,,0,0,https://mergr.com/company/16589,2026-09-07T00:00:00Z
1067,Century Park Capital Partners,California,15490,Packaging Plus LLC,Packaging,"La Mirada, California, United States",2000-11-01,"Buyout (LBO, MBO, MBI)",2011-12-14,Divestiture,11.1,False,,0,0,https://mergr.com/company/15490,2026-09-07T00:00:00Z
1067,Century Park Capital Partners,California,16587,Becker Underwood,Chemicals,"Ames, Iowa, United States",2000-01-01,"Buyout (LBO, MBO, MBI)",2004-09-01,Trade Sale - Public Company,4.7,False,,0,0,https://mergr.com/company/16587,2026-09-07T00:00:00Z
1049,Vector Capital,California,329411,SingleStore,Internet Software and Services,"San Francisco, California, United States",2025-09-10,Growth Capital,,,0.9,True,,0,0,https://mergr.com/company/329411,2026-09-07T00:00:00Z
1049,Vector Capital,California,217668,Showpad,Internet Software and Services,"Ghent, Belgium",2025-08-26,"Buyout (LBO, MBO, MBI)",,,1,True,,0,0,https://mergr.com/company/217668,2026-09-07T00:00:00Z
1049,Vector Capital,California,245831,Bigtincan,Information Technology,"Waltham, Massachusetts, United States",2024-12-05,Going Private,,,1.8,True,,0,0,https://mergr.com/company/245831,2026-09-07T00:00:00Z
1049,Vector Capital,California,20762,Riverbed,Software,"Redwood, California, United States",2023-05-30,Secondary Buyout,,,3.3,True,1041,0,0,https://mergr.com/company/20762,2026-09-07T00:00:00Z
1049,Vector Capital,California,63478,Neovia Logistics,Transportation,"Dallas, Texas, United States",2022-11-01,Recapitalization,,,3.8,True,,0,0,https://mergr.com/company/63478,2026-09-07T00:00:00Z
1049,Vector Capital,California,192693,Malwarebytes,Software,"Santa Clara, California, United States",2022-09-21,Growth Capital,,,3.9,True,,2,0,https://mergr.com/company/192693,2026-09-07T00:00:00Z
1049,Vector Capital,California,7997,WatchGuard,Information Technology,"Seattle, Washington, United States",2022-04-27,Secondary Buyout,2022-04-27,Trade Sale - Public Company,0,False,,0,0,https://mergr.com/company/7997,2026-09-07T00:00:00Z
1049,Vector Capital,California,277020,MarkLogic,Software,"Redwood City, California, United States",2021-11-23,"Buyout (LBO, MBO, MBI)",2023-01-03,Divestiture,1.1,False,,1,0,https://mergr.com/company/277020,2026-09-07T00:00:00Z
1049,Vector Capital,California,257492,Marigold,Internet Software and Services,"Nashville, Tennessee, United States",2021-10-21,Growth Capital,,,4.8,True,,1,1,https://mergr.com/company/257492,2026-09-07T00:00:00Z
1049,Vector Capital,California,146961,Cornerstone,Internet Software and Services,"Santa Monica, California, United States",2021-08-05,Going Private,,,5.1,True,741,2,0,https://mergr.com/company/146961,2026-09-07T00:00:00Z
1049,Vector Capital,California,83681,McGraw Hill Education,Education,"New York City, New York, United States",2021-06-15,Secondary Buyout,2025-07-14,IPO,4,False,2101,3,1,https://mergr.com/company/83681,2026-09-07T00:00:00Z
1049,Vector Capital,California,71393,Mood Media,Media,"Austin, Texas, United States",2020-12-01,"Buyout (LBO, MBO, MBI)",,,5.8,True,,2,0,https://mergr.com/company/71393,2026-09-07T00:00:00Z
1049,Vector Capital,California,241856,Leap Event Technology,Information Technology,"Wexford, Pennsylvania, United States",2020-09-24,Secondary Buyout,,,5.9,True,,2,0,https://mergr.com/company/241856,2026-09-07T00:00:00Z
1049,Vector Capital,California,45,Travelex,Financial Services,"London, United Kingdom",2020-08-01,Stake Purchase,,,6.1,True,1139,0,0,https://mergr.com/company/45,2026-09-07T00:00:00Z
1049,Vector Capital,California,264294,MoxiWorks,Information Technology,"Bellevue, Washington, United States",2019-09-12,Growth Capital,,,6.9,True,,3,0,https://mergr.com/company/264294,2026-09-07T00:00:00Z
1049,Vector Capital,California,1832,Alvaria,Software,"Atlanta, Georgia, United States",2019-01-02,Secondary Buyout,2020-01-01,Secondary Sale,0.9,False,,0,0,https://mergr.com/company/1832,2026-09-07T00:00:00Z
1049,Vector Capital,California,20221,Planful,Internet Software and Services,"San Francisco, California, United States",2018-12-13,Secondary Buyout,,,7.7,True,,1,0,https://mergr.com/company/20221,2026-09-07T00:00:00Z
1049,Vector Capital,California,196086,Keap,Internet Software and Services,"Grapevine, Texas, United States",2018-10-18,Growth Capital,,,7.8,True,,1,0,https://mergr.com/company/196086,2026-09-07T00:00:00Z
1049,Vector Capital,California,250953,KELA,Information Technology,"Tel Aviv, Israel",2018-05-16,Growth Capital,,,8.3,True,,0,0,https://mergr.com/company/250953,2026-09-07T00:00:00Z
1049,Vector Capital,California,210591,CloudSense,Internet Software and Services,"London, United Kingdom",2017-11-03,Growth Capital,2024-11-06,Divestiture,7,False,,0,0,https://mergr.com/company/210591,2026-09-07T00:00:00Z
1049,Vector Capital,California,252907,Cheetah Digital,Internet Software and Services,"Chicago, Illinois, United States",2017-04-03,Divestiture,2021-10-21,Spin Off,4.5,False,,2,0,https://mergr.com/company/252907,2026-09-07T00:00:00Z
1049,Vector Capital,California,134901,Sizmek,Information Technology,"Austin, Texas, United States",2016-08-03,Going Private,2019-05-30,Bankruptcy,2.8,False,173,1,1,https://mergr.com/company/134901,2026-09-07T00:00:00Z
1049,Vector Capital,California,203575,Emarsys eMarketing Systems AG,Internet Software and Services,"Vienna, Austria",2015-09-15,Venture,2020-10-01,Divestiture,5,False,,0,0,https://mergr.com/company/203575,2026-09-07T00:00:00Z
1049,Vector Capital,California,12630,Vispero,Consumer Products,"Clearwater, Florida, United States",2015-09-01,Secondary Buyout,,,11,True,,1,0,https://mergr.com/company/12630,2026-09-07T00:00:00Z
1049,Vector Capital,California,23102,Saba Software,Internet Software and Services,"Redwood Shores, California, United States",2015-03-30,Going Private,2020-02-24,Divestiture,4.8,False,116,2,0,https://mergr.com/company/23102,2026-09-07T00:00:00Z
1049,Vector Capital,California,178963,Triton Digital,Internet Software and Services,"Sherman Oaks, California, United States",2015-03-16,Secondary Buyout,2018-02-13,Divestiture,2.8,False,41,0,0,https://mergr.com/company/178963,2026-09-07T00:00:00Z
1049,Vector Capital,California,152389,ChyronHego,Information Technology,"Melville, New York, United States",2014-11-17,Going Private,,,11.8,True,,4,0,https://mergr.com/company/152389,2026-09-07T00:00:00Z
1049,Vector Capital,California,12322,Allegro Development,Software,"Dallas, Texas, United States",2014-07-24,Recapitalization,2019-04-17,Divestiture,4.7,False,,2,0,https://mergr.com/company/12322,2026-09-07T00:00:00Z
1049,Vector Capital,California,32670,IPValue,Business Services,"Santa Clara, California, United States",2014-07-07,Secondary Buyout,2026-05-27,Trade Sale - Public Company,11.8,False,,1,0,https://mergr.com/company/32670,2026-09-07T00:00:00Z
1049,Vector Capital,California,77841,CollabNet,Software,"Alpharetta, Georgia, United States",2014-01-31,Growth Capital,2019-09-04,Trade Sale - Public Company,5.6,False,,1,0,https://mergr.com/company/77841,2026-09-07T00:00:00Z
1049,Vector Capital,California,44857,2020,Software,"Laval, Quebec, Canada",2012-07-30,Going Private,2017-05-01,Trade Sale - Public Company,4.8,False,,0,0,https://mergr.com/company/44857,2026-09-07T00:00:00Z
1049,Vector Capital,California,15759,Vantiva,Media,"Paris, France",2012-06-21,Stake Purchase,2015-12-01,Stake Sale,3.4,False,2102,7,2,https://mergr.com/company/15759,2026-09-07T00:00:00Z
1049,Vector Capital,California,42473,"Tekelec Global, Inc.",Software,"Morrisville, North Carolina, United States",2012-01-27,Going Private,2013-03-25,Divestiture,1.1,False,,0,1,https://mergr.com/company/42473,2026-09-07T00:00:00Z
1049,Vector Capital,California,30143,Tidel,Technology Hardware,"Carrollton, Texas, United States",2011-11-03,"Buyout (LBO, MBO, MBI)",2015-03-02,Trade Sale - Public Company,3.3,False,,0,0,https://mergr.com/company/30143,2026-09-07T00:00:00Z
1049,Vector Capital,California,30130,Cambium Networks,Technology Hardware,"Hoffman Estates, Illinois, United States",2011-08-23,Divestiture,2019-06-26,IPO,7.8,False,227,0,0,https://mergr.com/company/30130,2026-09-07T00:00:00Z
1049,Vector Capital,California,30146,"Gerber Technology, Inc.",Information Technology,"Tolland, Connecticut, United States",2011-08-22,Going Private,2016-08-31,Trade Sale - Public Company,5,False,186,0,3,https://mergr.com/company/30146,2026-09-07T00:00:00Z
1049,Vector Capital,California,30141,"RAE Systems, Inc.",Test/Measurement Equipment,"San Jose, California, United States",2011-06-16,"Buyout (LBO, MBO, MBI)",2013-04-23,Divestiture,1.8,False,107,0,0,https://mergr.com/company/30141,2026-09-07T00:00:00Z
1049,Vector Capital,California,24967,"Teletrac, Inc.",Internet Software and Services,"Garden Grove, California, United States",2010-07-29,Going Private,2013-08-02,Divestiture,3,False,,0,0,https://mergr.com/company/24967,2026-09-07T00:00:00Z
1049,Vector Capital,California,24966,Certara,Life Science,"Radnor, Pennsylvania, United States",2010-06-18,"Buyout (LBO, MBO, MBI)",2013-12-19,Trade Sale - Public Company,3.5,False,419,1,0,https://mergr.com/company/24966,2026-09-07T00:00:00Z
1049,Vector Capital,California,16727,Aladdin Knowledge Systems Ltd.,Information Technology,"Tel Aviv, Israel",2009-01-12,Going Private,2010-04-01,Spin Off,1.2,False,,0,0,https://mergr.com/company/16727,2026-09-07T00:00:00Z
1049,Vector Capital,California,12310,"Precise Software Solutions, Inc.",Software,"Redwood Shores, California, United States",2008-06-17,Divestiture,2013-07-02,Divestiture,5,False,,0,0,https://mergr.com/company/12310,2026-09-07T00:00:00Z
1049,Vector Capital,California,12311,Printronix,Technology Hardware,"Irvine, California, United States",2007-10-02,Going Private,2013-01-17,Trade Sale - Public Company,5.3,False,,1,0,https://mergr.com/company/12311,2026-09-07T00:00:00Z
1049,Vector Capital,California,4632,"SafeNet, Inc.",Information Technology,"Belcamp, Maryland, United States",2007-03-06,Going Private,2015-01-08,Divestiture,7.8,False,337,3,1,https://mergr.com/company/4632,2026-09-07T00:00:00Z
1049,Vector Capital,California,5777,Open Solutions LLC,Software,"Glastonbury, Connecticut, United States",2006-10-15,Going Private,2013-01-14,Divestiture,6.2,False,,0,0,https://mergr.com/company/5777,2026-09-07T00:00:00Z
1049,Vector Capital,California,7997,WatchGuard,Information Technology,"Seattle, Washington, United States",2006-08-17,Going Private,2022-04-27,Trade Sale - Public Company,15.7,False,,5,0,https://mergr.com/company/7997,2026-09-07T00:00:00Z
1049,Vector Capital,California,4630,"Register.com, Inc.",Internet Software and Services,"New York, New York, United States",2005-11-07,Going Private,2010-08-02,Divestiture,4.7,False,,0,0,https://mergr.com/company/4630,2026-09-07T00:00:00Z
1049,Vector Capital,California,7998,WinZip Computing LLC,Software,"Mansfield, Connecticut, United States",2005-07-19,"Buyout (LBO, MBO, MBI)",2006-05-02,Divestiture,0.8,False,,0,0,https://mergr.com/company/7998,2026-09-07T00:00:00Z
1049,Vector Capital,California,7991,Alludo,Software,"Ottawa, Ontario, Canada",2003-08-28,Going Private,2019-07-03,Trade Sale - Public Company,15.8,False,,9,1,https://mergr.com/company/7991,2026-09-07T00:00:00Z
1049,Vector Capital,California,24949,"LANDesk Software, Inc.",Software,"South Jordan, Utah, United States",2002-09-05,Divestiture,2006-04-27,Divestiture,3.6,False,,0,0,https://mergr.com/company/24949,2026-09-07T00:00:00Z
1049,Vector Capital,California,16731,"ProcessClaims, Inc.",Software,"Manhattan Beach, California, United States",2002-06-03,"Buyout (LBO, MBO, MBI)",2006-05-31,Divestiture,3.9,False,,0,0,https://mergr.com/company/16731,2026-09-07T00:00:00Z
1049,Vector Capital,California,7992,Niku Corp.,Internet Software and Services,"Redwood City, California, United States",2001-11-20,Venture,2005-06-09,Divestiture,3.5,False,,0,0,https://mergr.com/company/7992,2026-09-07T00:00:00Z
1049,Vector Capital,California,10773,"Extricity, Inc.",Software,"Belmont, California, United States",1999-06-24,"Buyout (LBO, MBO, MBI)",2001-03-15,Trade Sale,1.7,False,,0,0,https://mergr.com/company/10773,2026-09-07T00:00:00Z
1139,Swander Pace Capital,California,337255,Maple Donuts,Food,"York, Pennsylvania, United States",2025-06-02,"Buyout (LBO, MBO, MBI)",,,1.3,True,,0,0,https://mergr.com/company/337255,2026-09-07T00:00:00Z
1139,Swander Pace Capital,California,326596,Inovata,Manufacturing,"Edmonton, Alberta, Canada",2024-06-27,Growth Capital,,,2.2,True,,0,0,https://mergr.com/company/326596,2026-09-07T00:00:00Z
1139,Swander Pace Capital,California,325784,St-Methode Bakery,Food,"Adstock, Quebec, Canada",2023-12-28,"Buyout (LBO, MBO, MBI)",,,2.7,True,,0,0,https://mergr.com/company/325784,2026-09-07T00:00:00Z
1139,Swander Pace Capital,California,305379,Max Solutions,Packaging,"New York, New York, United States",2021-11-11,Growth Capital,,,4.8,True,,3,0,https://mergr.com/company/305379,2026-09-07T00:00:00Z
1139,Swander Pace Capital,California,286039,Mommy's Bliss,Consumer Products,"Richmond, California, United States",2021-06-02,"Buyout (LBO, MBO, MBI)",,,5.3,True,,0,0,https://mergr.com/company/286039,2026-09-07T00:00:00Z
1139,Swander Pace Capital,California,299289,T-Bev,Consumer Products,"Eugene, Oregon, United States",2021-06-01,"Buyout (LBO, MBO, MBI)",2022-05-02,Divestiture,0.9,False,,0,0,https://mergr.com/company/299289,2026-09-07T00:00:00Z
1139,Swander Pace Capital,California,285763,Mighty Spark,Food,"Minneapolis, Minnesota, United States",2021-05-25,"Buyout (LBO, MBO, MBI)",,,5.3,True,,0,0,https://mergr.com/company/285763,2026-09-07T00:00:00Z
1139,Swander Pace Capital,California,265007,Cafe Valley Bakery,Food,"Phoenix, Arizona, United States",2019-09-17,"Buyout (LBO, MBO, MBI)",,,6.9,True,,1,0,https://mergr.com/company/265007,2026-09-07T00:00:00Z
1139,Swander Pace Capital,California,262016,Bragg Live Food Products,Food,"Santa Barbara, California, United States",2019-06-25,"Buyout (LBO, MBO, MBI)",,,7.2,True,,0,0,https://mergr.com/company/262016,2026-09-07T00:00:00Z
1139,Swander Pace Capital,California,256301,Functional Formularies,Food,"Wilmington, Ohio, United States",2018-11-29,"Buyout (LBO, MBO, MBI)",2024-05-01,Divestiture,5.4,False,,0,0,https://mergr.com/company/256301,2026-09-07T00:00:00Z
1139,Swander Pace Capital,California,255970,Backerhaus Veit,Food,"Mississauga, Ontario, Canada",2018-11-15,"Buyout (LBO, MBO, MBI)",2023-01-09,Trade Sale - Public Company,4.1,False,,0,0,https://mergr.com/company/255970,2026-09-07T00:00:00Z
1139,Swander Pace Capital,California,254129,Summ!,Food,"Richmond, British Columbia, Canada",2018-09-13,"Buyout (LBO, MBO, MBI)",,,7.9,True,,0,0,https://mergr.com/company/254129,2026-09-07T00:00:00Z
1139,Swander Pace Capital,California,263862,J.R. Watkins,Consumer Products,"Oakland, California, United States",2018-01-18,Divestiture,,,8.6,True,,0,0,https://mergr.com/company/263862,2026-09-07T00:00:00Z
1139,Swander Pace Capital,California,32236,Passport Foods,Food,"Ontario, California, United States",2017-04-06,Secondary Buyout,2019-10-21,Trade Sale - Public Company,2.5,False,,0,0,https://mergr.com/company/32236,2026-09-07T00:00:00Z
1139,Swander Pace Capital,California,214492,Swanson Health Products,E-Commerce,"Fargo, North Dakota, United States",2016-01-25,"Buyout (LBO, MBO, MBI)",,,10.6,True,,0,0,https://mergr.com/company/214492,2026-09-07T00:00:00Z
1139,Swander Pace Capital,California,27517,Captek Softgel International,Consumer Products,"Cerritos, California, United States",2015-12-14,Secondary Buyout,,,10.7,True,,1,0,https://mergr.com/company/27517,2026-09-07T00:00:00Z
1139,Swander Pace Capital,California,206970,Voortman,Food,"Burlington, Ontario, Canada",2015-10-14,"Buyout (LBO, MBO, MBI)",2019-12-02,Divestiture,4.1,False,,0,0,https://mergr.com/company/206970,2026-09-07T00:00:00Z
1139,Swander Pace Capital,California,211558,Clarion Brands LLC,Distribution,"Trevose, Pennsylvania, United States",2014-11-10,Acquisition Financing,2021-01-21,Divestiture,6.2,False,,7,0,https://mergr.com/company/211558,2026-09-07T00:00:00Z
1139,Swander Pace Capital,California,79037,Oregon Ice Cream,Food,"Eugene, Oregon, United States",2014-10-01,Add-on Acquisition,,,11.9,True,,0,0,https://mergr.com/company/79037,2026-09-07T00:00:00Z
1139,Swander Pace Capital,California,24685,Aden & Anais,Consumer Products,"New York City, New York, United States",2014-01-08,Recapitalization,2023-06-13,Trade Sale - Public Company,9.4,False,,1,0,https://mergr.com/company/24685,2026-09-07T00:00:00Z
1139,Swander Pace Capital,California,24495,Glo Skin Beauty,Consumer Products,"Denver, Colorado, United States",2013-04-02,Secondary Buyout,2026-03-03,Trade Sale - Public Company,12.9,False,,0,0,https://mergr.com/company/24495,2026-09-07T00:00:00Z
1139,Swander Pace Capital,California,32103,Kicking Horse Coffee Co. Ltd.,Food,"Invermere, British Columbia, Canada",2012-09-20,"Buyout (LBO, MBO, MBI)",2017-05-24,Divestiture,4.7,False,,0,0,https://mergr.com/company/32103,2026-09-07T00:00:00Z
1139,Swander Pace Capital,California,32104,Branch Brook Holdings,Consumer Products,"Bedminster, New Jersey, United States",2012-04-26,"Buyout (LBO, MBO, MBI)",,,14.3,True,,2,0,https://mergr.com/company/32104,2026-09-07T00:00:00Z
1139,Swander Pace Capital,California,32113,Wholesome Pet Care Ltd.,Food,"London, United Kingdom",2012-04-01,"Buyout (LBO, MBO, MBI)",,,14.4,True,,0,0,https://mergr.com/company/32113,2026-09-07T00:00:00Z
1139,Swander Pace Capital,California,24927,Incase Designs Corp.,Consumer Products,"Chino, California, United States",2010-03-18,"Buyout (LBO, MBO, MBI)",2015-09-16,Divestiture,5.4,False,,0,0,https://mergr.com/company/24927,2026-09-07T00:00:00Z
1139,Swander Pace Capital,California,16643,Insight Pharmaceuticals Corp.,Consumer Products,"Langhorne, Pennsylvania, United States",2009-06-24,Secondary Buyout,2014-09-04,Divestiture,5.2,False,,0,0,https://mergr.com/company/16643,2026-09-07T00:00:00Z
1139,Swander Pace Capital,California,16638,Applegate Farms LLC,Food,"Bridgewater, New Jersey, United States",2009-04-09,"Buyout (LBO, MBO, MBI)",2015-07-13,Divestiture,6.3,False,,0,0,https://mergr.com/company/16638,2026-09-07T00:00:00Z
1139,Swander Pace Capital,California,12259,"Lavo, Inc.",Consumer Products,"Montreal, Quebec, Canada",2008-08-07,"Buyout (LBO, MBO, MBI)",2017-07-06,Divestiture,8.8,False,,0,0,https://mergr.com/company/12259,2026-09-07T00:00:00Z
1139,Swander Pace Capital,California,32112,"Merrick Pet Care, Inc.",Food,"Amarillo, Texas, United States",2008-05-01,Venture,2015-07-22,Divestiture,7.2,False,,1,0,https://mergr.com/company/32112,2026-09-07T00:00:00Z
1139,Swander Pace Capital,California,12260,"ReNew Life Formulas, Inc.",Consumer Products,"Palm Harbor, Florida, United States",2008-01-01,"Buyout (LBO, MBO, MBI)",2016-05-03,Divestiture,8.3,False,115,0,0,https://mergr.com/company/12260,2026-09-07T00:00:00Z
1139,Swander Pace Capital,California,9139,Kooba LLC,Consumer Products,"Rancho Dominguez, California, United States",2007-10-18,Recapitalization,2011-02-02,Divestiture,3.3,False,,0,0,https://mergr.com/company/9139,2026-09-07T00:00:00Z
1139,Swander Pace Capital,California,9138,Gilchrist & Soames,Consumer Products,"Indianapolis, Indiana, United States",2007-10-09,Divestiture,2015-09-21,Divestiture,7.9,False,,0,0,https://mergr.com/company/9138,2026-09-07T00:00:00Z
1139,Swander Pace Capital,California,9152,Raj Manufacturing LLC,Apparel/Textiles,"Tustin, California, United States",2007-02-28,"Buyout (LBO, MBO, MBI)",,,19.5,True,,0,0,https://mergr.com/company/9152,2026-09-07T00:00:00Z
1139,Swander Pace Capital,California,9151,"Pineridge Bakery, Inc.",Food,"Brampton, Ontario, Canada",2007-01-01,"Buyout (LBO, MBO, MBI)",2014-03-10,Divestiture,7.2,False,,1,0,https://mergr.com/company/9151,2026-09-07T00:00:00Z
1139,Swander Pace Capital,California,9147,Ideal Snacks Corp.,Food,"Liberty, New York, United States",2006-12-01,"Buyout (LBO, MBO, MBI)",2012-12-01,Sold to Management,6,False,,0,0,https://mergr.com/company/9147,2026-09-07T00:00:00Z
1139,Swander Pace Capital,California,9142,Bravo Sports,Consumer Products,"Santa Monica, California, United States",2006-07-01,Secondary Buyout,2015-06-11,Trade Sale - Public Company,8.9,False,,0,0,https://mergr.com/company/9142,2026-09-07T00:00:00Z
1139,Swander Pace Capital,California,9146,Good Source Solutions,Distribution,"Carlsbad, California, United States",2006-01-01,"Buyout (LBO, MBO, MBI)",2011-01-06,Trade Sale - Public Company,5,False,,0,0,https://mergr.com/company/9146,2026-09-07T00:00:00Z
1139,Swander Pace Capital,California,9140,"Prepared Meal Holdings, Inc.",Food,"Berkeley, Illinois, United States",2005-04-01,"Buyout (LBO, MBO, MBI)",,,21.4,True,,0,0,https://mergr.com/company/9140,2026-09-07T00:00:00Z
1139,Swander Pace Capital,California,9145,"Genisoy Food Co., Inc.",Food,"Tulsa, Oklahoma, United States",2005-03-01,"Buyout (LBO, MBO, MBI)",2011-02-01,Divestiture,5.9,False,,0,0,https://mergr.com/company/9145,2026-09-07T00:00:00Z
1139,Swander Pace Capital,California,16644,"Eagle Pack Pet Foods, Inc.",Food,"Mishawaka, Indiana, United States",2004-09-01,"Buyout (LBO, MBO, MBI)",2007-10-01,Divestiture,3.1,False,,0,0,https://mergr.com/company/16644,2026-09-07T00:00:00Z
1139,Swander Pace Capital,California,9149,"Liberty Brand Products, Inc.",Food,"Saint-Hubert, Quebec, Canada",2004-08-01,"Buyout (LBO, MBO, MBI)",2010-12-01,Divestiture,6.3,False,,0,0,https://mergr.com/company/9149,2026-09-07T00:00:00Z
1139,Swander Pace Capital,California,9148,Solvaira Specialty LP,Food,"North Tonawanda, New York, United States",2004-06-30,"Buyout (LBO, MBO, MBI)",2013-08-28,Trade Sale - Public Company,9.1,False,,0,0,https://mergr.com/company/9148,2026-09-07T00:00:00Z
1139,Swander Pace Capital,California,9144,"Frozen Specialties, Inc.",Food,"Perrysburg, Ohio, United States",2002-11-26,"Buyout (LBO, MBO, MBI)",2018-12-03,Divestiture,16,False,,0,0,https://mergr.com/company/9144,2026-09-07T00:00:00Z
1139,Swander Pace Capital,California,12852,Fleischmann's Vinegar Co. Inc.,Food,"Cerritos, California, United States",2002-10-08,Divestiture,2007-06-29,Trade Sale - Public Company,4.7,False,,0,0,https://mergr.com/company/12852,2026-09-07T00:00:00Z
1139,Swander Pace Capital,California,27378,SCN BestCo,Consumer Products,"Santa Cruz, California, United States",2002-10-01,"Buyout (LBO, MBO, MBI)",2010-11-08,Trade Sale - Public Company,8.1,False,,0,0,https://mergr.com/company/27378,2026-09-07T00:00:00Z
1139,Swander Pace Capital,California,16637,"Oregon Chai, Inc.",Beverages,"Portland, Oregon, United States",2002-06-01,"Buyout (LBO, MBO, MBI)",2004-03-01,Divestiture,1.8,False,,0,0,https://mergr.com/company/16637,2026-09-07T00:00:00Z
1139,Swander Pace Capital,California,16645,Reef Holdings Corp.,Apparel/Textiles,"San Diego, California, United States",2002-05-01,"Buyout (LBO, MBO, MBI)",2005-03-21,Divestiture,2.8,False,75,0,0,https://mergr.com/company/16645,2026-09-07T00:00:00Z
1139,Swander Pace Capital,California,19763,"S.T. Specialty Foods, Inc.",Food,"Brooklyn Park, Minnesota, United States",2002-03-01,"Buyout (LBO, MBO, MBI)",2008-12-17,Trade Sale - Public Company,6.8,False,100,0,0,https://mergr.com/company/19763,2026-09-07T00:00:00Z
1139,Swander Pace Capital,California,16646,Totes Isotoner Corp.,Apparel/Textiles,"Cincinnati, Ohio, United States",2001-06-29,Secondary Buyout,2004-09-14,Trade Sale - Public Company,3.2,False,,0,0,https://mergr.com/company/16646,2026-09-07T00:00:00Z
1139,Swander Pace Capital,California,3936,"Border Foods, Inc.",Food,"Mount Prospect, Illinois, United States",2000-09-01,Growth Capital,2011-05-12,Divestiture,10.7,False,,0,0,https://mergr.com/company/3936,2026-09-07T00:00:00Z
1139,Swander Pace Capital,California,9150,Marketfare Foods LLC,Food,"Phoenix, Arizona, United States",1999-06-24,"Buyout (LBO, MBO, MBI)",2012-04-16,Divestiture,12.8,False,,0,0,https://mergr.com/company/9150,2026-09-07T00:00:00Z
1139,Swander Pace Capital,California,63314,Prestige Consumer Healthcare,Consumer Products,"Tarrytown, New York, United States",1999-01-01,Consolidation,2004-02-13,Trade Sale - Public Company,5.1,False,1138,4,0,https://mergr.com/company/63314,2026-09-07T00:00:00Z
1139,Swander Pace Capital,California,16640,Nonni's,Food,"Tulsa, Oklahoma, United States",1998-07-07,Divestiture,2004-03-01,Trade Sale - Public Company,5.6,False,,0,0,https://mergr.com/company/16640,2026-09-07T00:00:00Z
804,Crosslink Capital,California,322344,Qualiti,Internet Software and Services,"Lehi, Utah, United States",2024-02-29,Growth Capital,,,2.5,True,,0,0,https://mergr.com/company/322344,2026-09-07T00:00:00Z
804,Crosslink Capital,California,281003,Brace,Software,"Culver City, California, United States",2021-01-12,Venture,2023-08-01,Divestiture,2.5,False,,0,0,https://mergr.com/company/281003,2026-09-07T00:00:00Z
804,Crosslink Capital,California,280959,Armory,Information Technology,"San Mateo, California, United States",2020-10-13,Venture,2024-01-11,Divestiture,3.2,False,,0,0,https://mergr.com/company/280959,2026-09-07T00:00:00Z
804,Crosslink Capital,California,281009,Clyde,Information Technology,"New York, New York, United States",2020-05-11,Venture,2023-03-14,Divestiture,2.8,False,,0,0,https://mergr.com/company/281009,2026-09-07T00:00:00Z
804,Crosslink Capital,California,280955,Arturo,Information Technology,"Chicago, Illinois, United States",2020-04-07,Venture,2025-07-31,Shut Down,5.3,False,,0,0,https://mergr.com/company/280955,2026-09-07T00:00:00Z
804,Crosslink Capital,California,270689,Aizon,Information Technology,"San Francisco, California, United States",2019-11-04,Venture,,,6.8,True,,0,0,https://mergr.com/company/270689,2026-09-07T00:00:00Z
804,Crosslink Capital,California,266838,Aliro Quantum,Software,"Brighton, Massachusetts, United States",2019-09-18,Venture,,,6.9,True,,0,0,https://mergr.com/company/266838,2026-09-07T00:00:00Z
804,Crosslink Capital,California,280962,BetterUp,Internet Software and Services,"Austin, Texas, United States",2019-06-12,Venture,,,7.2,True,,2,0,https://mergr.com/company/280962,2026-09-07T00:00:00Z
804,Crosslink Capital,California,281006,Chime,Internet Software and Services,"San Francisco, California, United States",2019-03-05,Venture,2025-06-12,IPO,6.3,False,2187,1,0,https://mergr.com/company/281006,2026-09-07T00:00:00Z
804,Crosslink Capital,California,243085,AutoFi,Internet Software and Services,"San Francisco, California, United States",2017-08-24,Venture,,,9,True,,0,0,https://mergr.com/company/243085,2026-09-07T00:00:00Z
804,Crosslink Capital,California,242719,Phil,Internet Software and Services,"Scottsdale, Arizona, United States",2017-08-16,Venture,,,9,True,,0,0,https://mergr.com/company/242719,2026-09-07T00:00:00Z
804,Crosslink Capital,California,266837,AKUA,Internet Software and Services,"Baltimore, Maryland, United States",2017-05-15,Venture,,,9.3,True,,0,0,https://mergr.com/company/266837,2026-09-07T00:00:00Z
804,Crosslink Capital,California,212782,"BrightFunnel, Inc.",Internet Software and Services,"San Francisco, California, United States",2015-12-02,Venture,2018-01-03,Divestiture,2.1,False,,0,0,https://mergr.com/company/212782,2026-09-07T00:00:00Z
804,Crosslink Capital,California,253435,"BuildingConnected, Inc.",Software,"San Francisco, California, United States",2015-11-04,Venture,2018-12-20,Divestiture,3.1,False,,1,0,https://mergr.com/company/253435,2026-09-07T00:00:00Z
804,Crosslink Capital,California,212783,Descartes Labs,Software,"New York, New York, United States",2015-05-05,Venture,2022-08-04,Trade Sale - Public Company,7.2,False,,0,0,https://mergr.com/company/212783,2026-09-07T00:00:00Z
804,Crosslink Capital,California,71805,"ProtectWise, Inc.",Information Technology,"Denver, Colorado, United States",2015-03-24,Venture,2019-03-01,Divestiture,3.9,False,,0,0,https://mergr.com/company/71805,2026-09-07T00:00:00Z
804,Crosslink Capital,California,203600,Reltio,Software,"Redwood Shores, California, United States",2015-03-16,Venture,,,11.4,True,,0,0,https://mergr.com/company/203600,2026-09-07T00:00:00Z
804,Crosslink Capital,California,242720,Fatherly,Digital Media,"New York, New York, United States",2015-01-01,Venture,,,11.7,True,,0,0,https://mergr.com/company/242720,2026-09-07T00:00:00Z
804,Crosslink Capital,California,27636,Prosper,Financial Services,"San Francisco, California, United States",2014-05-04,Venture,,,12.3,True,,2,0,https://mergr.com/company/27636,2026-09-07T00:00:00Z
804,Crosslink Capital,California,71813,Vungle,Marketing,"San Francisco, California, United States",2013-08-15,Venture,2019-07-15,Trade Sale - Public Company,5.9,False,,0,0,https://mergr.com/company/71813,2026-09-07T00:00:00Z
804,Crosslink Capital,California,71773,Ayla Networks,Internet Software and Services,"San Jose, California, United States",2013-06-05,Venture,,,13.3,True,,0,0,https://mergr.com/company/71773,2026-09-07T00:00:00Z
804,Crosslink Capital,California,71797,Personal Capital Corp.,Financial Services,"Redwood City, California, United States",2013-06-05,Venture,2020-06-29,Divestiture,7,False,,0,0,https://mergr.com/company/71797,2026-09-07T00:00:00Z
804,Crosslink Capital,California,36729,ServiceMax,Software,"Pleasanton, California, United States",2012-12-17,Venture,2016-11-14,Divestiture,3.8,False,,0,0,https://mergr.com/company/36729,2026-09-07T00:00:00Z
804,Crosslink Capital,California,27640,"Twin Creeks Technologies, Inc.",Renewable Energy,"San Jose, California, United States",2012-11-14,Venture,,,13.8,True,,0,0,https://mergr.com/company/27640,2026-09-07T00:00:00Z
804,Crosslink Capital,California,23078,"Validity Sensors, Inc.",Technology Hardware,"San Jose, California, United States",2012-10-04,Venture,2013-11-07,Divestiture,1.1,False,,0,0,https://mergr.com/company/23078,2026-09-07T00:00:00Z
804,Crosslink Capital,California,238967,365 Data Centers,Information Technology,"Norwalk, Connecticut, United States",2012-09-04,"Buyout (LBO, MBO, MBI)",2017-04-25,Trade Sale - Public Company,4.6,False,,0,0,https://mergr.com/company/238967,2026-09-07T00:00:00Z
804,Crosslink Capital,California,37357,Coupa,Internet Software and Services,"Foster City, California, United States",2012-05-10,Venture,2016-10-07,IPO,4.3,False,725,5,0,https://mergr.com/company/37357,2026-09-07T00:00:00Z
804,Crosslink Capital,California,37401,RichRelevance,Internet Software and Services,"San Francisco, California, United States",2012-05-07,Venture,,,14.3,True,,1,0,https://mergr.com/company/37401,2026-09-07T00:00:00Z
804,Crosslink Capital,California,11288,Rival,Software,"Chicago, Illinois, United States",2012-05-01,Venture,,,14.3,True,,1,0,https://mergr.com/company/11288,2026-09-07T00:00:00Z
804,Crosslink Capital,California,37329,"500friends, Inc.",Internet Software and Services,"San Francisco, California, United States",2012-03-15,Venture,2014-11-18,Divestiture,2.7,False,,0,0,https://mergr.com/company/37329,2026-09-07T00:00:00Z
804,Crosslink Capital,California,6157,Intematix,Chemicals,"Fremont, California, United States",2012-03-13,Venture,,,14.4,True,,0,0,https://mergr.com/company/6157,2026-09-07T00:00:00Z
804,Crosslink Capital,California,71809,Scripted,Media,"San Antonio, Texas, United States",2011-11-29,Venture,,,14.8,True,,0,0,https://mergr.com/company/71809,2026-09-07T00:00:00Z
804,Crosslink Capital,California,37349,Coraid,Software,"Athens, Georgia, United States",2011-11-03,Venture,2014-01-01,Unknown,2.1,False,,0,0,https://mergr.com/company/37349,2026-09-07T00:00:00Z
804,Crosslink Capital,California,27631,DataStax,Software,"Santa Clara, California, United States",2011-09-21,Venture,2025-02-25,Divestiture,13.4,False,,4,0,https://mergr.com/company/27631,2026-09-07T00:00:00Z
804,Crosslink Capital,California,27638,SynapSense,Electrical Equipment,"Folsom, California, United States",2011-08-30,Venture,2014-05-09,Divestiture,2.7,False,,0,0,https://mergr.com/company/27638,2026-09-07T00:00:00Z
804,Crosslink Capital,California,27639,TakeLessons,Internet Software and Services,"San Diego, California, United States",2011-08-03,Venture,,,15.1,True,,2,0,https://mergr.com/company/27639,2026-09-07T00:00:00Z
804,Crosslink Capital,California,23077,"SeaMicro, Inc.",Technology Hardware,"Sunnyvale, California, United States",2011-06-07,Venture,2012-03-23,Divestiture,0.8,False,,0,0,https://mergr.com/company/23077,2026-09-07T00:00:00Z
804,Crosslink Capital,California,27634,"Marin Software, Inc.",Internet Software and Services,"San Francisco, California, United States",2011-04-06,Venture,2013-03-22,IPO,1.9,False,,0,0,https://mergr.com/company/27634,2026-09-07T00:00:00Z
804,Crosslink Capital,California,6152,Tabula,Semiconductors,"Santa Clara, California, United States",2011-03-28,Venture,,,15.4,True,,0,0,https://mergr.com/company/6152,2026-09-07T00:00:00Z
804,Crosslink Capital,California,27630,"Alta Devices, Inc.",Semiconductors,"Santa Clara, California, United States",2011-03-11,Venture,2013-12-06,Divestiture,2.7,False,,0,0,https://mergr.com/company/27630,2026-09-07T00:00:00Z
804,Crosslink Capital,California,13394,DevonWay,Internet Software and Services,"San Francisco, California, United States",2010-12-21,Venture,,,15.7,True,,0,0,https://mergr.com/company/13394,2026-09-07T00:00:00Z
804,Crosslink Capital,California,37545,Bleacher Report,Media,"San Francisco, California, United States",2010-12-20,Venture,2012-08-01,Divestiture,1.6,False,,0,0,https://mergr.com/company/37545,2026-09-07T00:00:00Z
804,Crosslink Capital,California,33301,SiOnyx,Semiconductors,"Beverly, Massachusetts, United States",2010-10-20,Venture,2015-08-04,Trade Sale,4.8,False,,0,0,https://mergr.com/company/33301,2026-09-07T00:00:00Z
804,Crosslink Capital,California,27633,"Livescribe, Inc.",Technology Hardware,"Oakland, California, United States",2010-09-09,Venture,2015-11-06,Divestiture,5.1,False,,0,0,https://mergr.com/company/27633,2026-09-07T00:00:00Z
804,Crosslink Capital,California,27632,"hi5, Inc.",Internet Software and Services,"San Francisco, California, United States",2010-07-13,Venture,2011-12-14,Divestiture,1.4,False,,0,0,https://mergr.com/company/27632,2026-09-07T00:00:00Z
804,Crosslink Capital,California,23086,Kingston Technology,Technology Hardware,"Fountain Valley, California, United States",2010-05-03,Venture,,,16.3,True,,0,0,https://mergr.com/company/23086,2026-09-07T00:00:00Z
804,Crosslink Capital,California,71793,Marble Security,Software,"Menlo Park, California, United States",2010-05-01,Venture,2015-08-05,Divestiture,5.3,False,,0,0,https://mergr.com/company/71793,2026-09-07T00:00:00Z
804,Crosslink Capital,California,23076,"Carbonite, Inc.",Internet Software and Services,"Boston, Massachusetts, United States",2010-01-08,Venture,2011-10-08,IPO,1.8,False,296,1,0,https://mergr.com/company/23076,2026-09-07T00:00:00Z
804,Crosslink Capital,California,33309,"Bizo, Inc.",Information Technology,"San Francisco, California, United States",2009-12-02,Venture,2014-07-22,Divestiture,4.6,False,,0,0,https://mergr.com/company/33309,2026-09-07T00:00:00Z
804,Crosslink Capital,California,23080,"Global Analytics, Inc.",Information Technology,"San Diego, California, United States",2009-11-16,Venture,2010-08-30,Divestiture,0.8,False,,0,0,https://mergr.com/company/23080,2026-09-07T00:00:00Z
804,Crosslink Capital,California,36973,RadiumOne,Digital Media,"San Francisco, California, United States",2009-10-01,Venture,2017-06-26,Trade Sale - Public Company,7.7,False,141,1,0,https://mergr.com/company/36973,2026-09-07T00:00:00Z
804,Crosslink Capital,California,10765,"Egenera, Inc.",Information Technology,"Marlborough, Massachusetts, United States",2009-09-05,Venture,,,17,True,,1,0,https://mergr.com/company/10765,2026-09-07T00:00:00Z
804,Crosslink Capital,California,4575,"Force10 Networks, Inc.",Technology Hardware,"San Jose, California, United States",2009-08-19,Venture,2011-07-20,Divestiture,1.9,False,,0,0,https://mergr.com/company/4575,2026-09-07T00:00:00Z
804,Crosslink Capital,California,6165,"Ecast, Inc.",Media,"San Francisco, California, United States",2008-07-21,Venture,2012-03-03,Shut Down,3.6,False,,0,0,https://mergr.com/company/6165,2026-09-07T00:00:00Z
804,Crosslink Capital,California,6158,LUXIM Corp.,Electronics,"Sunnyvale, California, United States",2008-01-01,Venture,2013-04-08,Divestiture,5.3,False,,0,0,https://mergr.com/company/6158,2026-09-07T00:00:00Z
804,Crosslink Capital,California,6159,"Platonetworks, Inc.",Semiconductors,"Santa Clara, California, United States",2007-07-24,Venture,,,19.1,True,,0,0,https://mergr.com/company/6159,2026-09-07T00:00:00Z
804,Crosslink Capital,California,6169,"NewScale, Inc.",Internet Software and Services,"San Mateo, California, United States",2007-07-03,Venture,2011-03-29,Divestiture,3.7,False,,0,0,https://mergr.com/company/6169,2026-09-07T00:00:00Z
804,Crosslink Capital,California,6171,"OpSource, Inc.",Information Technology,"Santa Clara, California, United States",2007-06-12,Venture,2011-07-01,Divestiture,4,False,,0,0,https://mergr.com/company/6171,2026-09-07T00:00:00Z
804,Crosslink Capital,California,23085,"Hotel Booking Solutions, Inc.",Business Services,"Atlanta, Georgia, United States",2007-01-01,Venture,2012-10-25,Divestiture,5.8,False,,0,0,https://mergr.com/company/23085,2026-09-07T00:00:00Z
804,Crosslink Capital,California,49349,"Adept Technology, Inc.",Technology Hardware,"Pleasanton, California, United States",2006-06-13,Stake Purchase,2015-10-26,Divestiture,9.3,False,54,1,0,https://mergr.com/company/49349,2026-09-07T00:00:00Z
804,Crosslink Capital,California,23090,"Yipes Enterprise Services, Inc.",Communications,"Brentford, United States",2006-06-01,Venture,2007-07-16,Divestiture,1.1,False,,0,0,https://mergr.com/company/23090,2026-09-07T00:00:00Z
804,Crosslink Capital,California,6162,Solopower,Renewable Energy,"Portland, Oregon, United States",2006-06-01,Venture,,,20.3,True,,0,0,https://mergr.com/company/6162,2026-09-07T00:00:00Z
804,Crosslink Capital,California,6161,"SiliconBlue Technologies, Inc.",Software,"Santa Clara, California, United States",2006-01-01,Venture,2011-12-16,Divestiture,5.9,False,,0,0,https://mergr.com/company/6161,2026-09-07T00:00:00Z
804,Crosslink Capital,California,6160,"ReVera, Inc.",Test/Measurement Equipment,"Santa Clara, California, United States",2005-03-25,Venture,2015-03-12,Divestiture,9.9,False,,0,1,https://mergr.com/company/6160,2026-09-07T00:00:00Z
804,Crosslink Capital,California,6172,"Pandora Media, Inc.",Digital Media,"Oakland, California, United States",2004-12-15,Venture,2011-06-14,IPO,6.4,False,1467,0,0,https://mergr.com/company/6172,2026-09-07T00:00:00Z
804,Crosslink Capital,California,6153,Trove,Information Technology,"So. San Francisco, California, United States",2004-05-25,Venture,2010-07-10,Divestiture,6.1,False,,0,0,https://mergr.com/company/6153,2026-09-07T00:00:00Z
804,Crosslink Capital,California,23088,"IMlogic, Inc.",Information Technology,"Mountain View, California, United States",2004-05-18,Venture,2006-02-13,Divestiture,1.7,False,,0,0,https://mergr.com/company/23088,2026-09-07T00:00:00Z
804,Crosslink Capital,California,23083,"Omniture, Inc.",Internet Software and Services,"Orem, Utah, United States",2004-01-01,Growth Capital,2006-06-28,IPO,2.4,False,,0,0,https://mergr.com/company/23083,2026-09-07T00:00:00Z
804,Crosslink Capital,California,10751,"BrightMail, Inc.",Software,"San Francisco, California, United States",2003-09-01,Venture,2004-06-22,Divestiture,0.8,False,,0,0,https://mergr.com/company/10751,2026-09-07T00:00:00Z
804,Crosslink Capital,California,1328,NWP Services,Internet Software and Services,"Irvine, California, United States",2003-07-08,Venture,,,23.1,True,,1,0,https://mergr.com/company/1328,2026-09-07T00:00:00Z
804,Crosslink Capital,California,6166,Equinix,Information Technology,"Redwood City, California, United States",2003-06-09,PIPE,,,23.2,True,9217,15,1,https://mergr.com/company/6166,2026-09-07T00:00:00Z
804,Crosslink Capital,California,23079,Ancestry,Information Services,"Lehi, Utah, United States",2003-01-01,Stake Purchase,2009-11-01,IPO,6.8,False,,0,0,https://mergr.com/company/23079,2026-09-07T00:00:00Z
804,Crosslink Capital,California,6164,"AmberPoint, Inc.",Information Technology,"Oakland, California, United States",2002-11-11,Venture,2010-02-08,Divestiture,7.2,False,,0,0,https://mergr.com/company/6164,2026-09-07T00:00:00Z
804,Crosslink Capital,California,13740,BlueArc Corp.,Technology Hardware,"San Jose, California, United States",2001-05-08,Venture,2011-09-07,Divestiture,10.3,False,,0,0,https://mergr.com/company/13740,2026-09-07T00:00:00Z
804,Crosslink Capital,California,5348,The Learning Company,Software,"Hiawatha, Iowa, United States",2000-09-30,Divestiture,2001-09-06,Divestiture,0.9,False,,0,0,https://mergr.com/company/5348,2026-09-07T00:00:00Z
804,Crosslink Capital,California,23101,Vignette Corp.,Information Technology,"Austin, Texas, United States",1998-12-03,Venture,1999-02-19,IPO,0.2,False,,0,0,https://mergr.com/company/23101,2026-09-07T00:00:00Z
237,The Gores Group,California,7013,AMI,Electronics,"Bristol, Pennsylvania, United States",2017-07-27,Secondary Buyout,2022-12-14,Trade Sale - Public Company,5.3,False,,0,0,https://mergr.com/company/7013,2026-09-07T00:00:00Z
237,The Gores Group,California,235884,TurbineAero,Aerospace,"Chandler, Arizona, United States",2017-02-09,Divestiture,2024-10-24,Trade Sale - Public Company,7.7,False,,1,0,https://mergr.com/company/235884,2026-09-07T00:00:00Z
237,The Gores Group,California,229940,Data Blue LLC,Information Technology,"Atlanta, Georgia, United States",2016-06-16,Growth Capital,2019-04-12,Trade Sale - Public Company,2.8,False,,2,0,https://mergr.com/company/229940,2026-09-07T00:00:00Z
237,The Gores Group,California,214926,VITAC,Digital Media,"Canonsburg, Pennsylvania, United States",2016-02-02,Divestiture,2021-05-11,Divestiture,5.3,False,,1,0,https://mergr.com/company/214926,2026-09-07T00:00:00Z
237,The Gores Group,California,171577,US Farathane,Automotive,"Auburn Hills, Michigan, United States",2015-01-12,Growth Capital,2023-04-25,Trade Sale - Public Company,8.3,False,,2,0,https://mergr.com/company/171577,2026-09-07T00:00:00Z
237,The Gores Group,California,84953,Tweddle Group,Information Services,"Clinton Township, Michigan, United States",2014-04-08,Growth Capital,,,12.3,True,,0,0,https://mergr.com/company/84953,2026-09-07T00:00:00Z
237,The Gores Group,California,101689,Fotona,Medical Products,"Ljubljana, Slovenia",2014-03-06,"Buyout (LBO, MBO, MBI)",2017-04-21,Trade Sale - Public Company,3.1,False,,0,0,https://mergr.com/company/101689,2026-09-07T00:00:00Z
237,The Gores Group,California,101733,Melle Gallhofer Dach,Distribution,"Neuss, Germany",2014-02-04,Divestiture,,,12.6,True,,1,0,https://mergr.com/company/101733,2026-09-07T00:00:00Z
237,The Gores Group,California,77089,Hovis,Food,"High Wycombe, United Kingdom",2014-01-27,Divestiture,2020-11-06,Trade Sale - Public Company,6.8,False,511,0,0,https://mergr.com/company/77089,2026-09-07T00:00:00Z
237,The Gores Group,California,77057,Zmags,Internet Software and Services,"Boston, Massachusetts, United States",2014-01-22,"Buyout (LBO, MBO, MBI)",,,12.6,True,,1,0,https://mergr.com/company/77057,2026-09-07T00:00:00Z
237,The Gores Group,California,101717,Imagine Communications,Software,"Plano, Texas, United States",2013-12-04,Divestiture,2026-07-01,Divestiture,12.5,False,,4,0,https://mergr.com/company/101717,2026-09-07T00:00:00Z
237,The Gores Group,California,55118,Etrali Trading Solutions Co.,Communications,"Paris, France",2013-06-03,Divestiture,2016-02-03,Divestiture,2.7,False,,1,0,https://mergr.com/company/55118,2026-09-07T00:00:00Z
237,The Gores Group,California,101761,"Millennium Process Group, Inc.",Business Services,"Toronto, Ontario, Canada",2013-05-10,Divestiture,2014-09-03,Divestiture,1.3,False,,0,0,https://mergr.com/company/101761,2026-09-07T00:00:00Z
237,The Gores Group,California,56754,Meridian Medical Management,Information Technology,"Windsor, Connecticut, United States",2013-03-04,Divestiture,2020-06-17,Divestiture,7.3,False,,1,0,https://mergr.com/company/56754,2026-09-07T00:00:00Z
237,The Gores Group,California,56718,GatesAir,Communications,"Mason, Ohio, United States",2013-02-04,Divestiture,2022-04-23,Divestiture,9.2,False,,1,0,https://mergr.com/company/56718,2026-09-07T00:00:00Z
237,The Gores Group,California,56762,Therakos,Medical Products,"Dublin, United States",2013-01-02,Divestiture,2015-08-10,Divestiture,2.6,False,,0,0,https://mergr.com/company/56762,2026-09-07T00:00:00Z
237,The Gores Group,California,56678,DMN Ltd.,Engineering,"Wiltshire, United States",2012-11-26,"Buyout (LBO, MBO, MBI)",,,13.8,True,,0,0,https://mergr.com/company/56678,2026-09-07T00:00:00Z
237,The Gores Group,California,253290,Astadia,Information Technology,"Jacksonville, Florida, United States",2012-09-17,"Buyout (LBO, MBO, MBI)",2018-07-31,Trade Sale - Public Company,5.8,False,,1,0,https://mergr.com/company/253290,2026-09-07T00:00:00Z
237,The Gores Group,California,19128,"Powerwave Technologies, Inc.",Electrical Equipment,"Santa Ana, California, United States",2012-09-12,Stake Purchase,,,13.9,True,,0,0,https://mergr.com/company/19128,2026-09-07T00:00:00Z
237,The Gores Group,California,32364,Idea Integration Corp.,Business Services,"Jacksonville, Florida, United States",2012-07-02,"Buyout (LBO, MBO, MBI)",2012-09-17,Spin Off,0.2,False,,0,0,https://mergr.com/company/32364,2026-09-07T00:00:00Z
237,The Gores Group,California,32363,Glotel,Information Technology,"Chicago, Illinois, United States",2012-07-02,Divestiture,,,14.2,True,,1,0,https://mergr.com/company/32363,2026-09-07T00:00:00Z
237,The Gores Group,California,32361,Elo Touch,Technology Hardware,"Milpitas, California, United States",2012-04-10,Divestiture,2018-10-17,Trade Sale - Public Company,6.5,False,413,0,0,https://mergr.com/company/32361,2026-09-07T00:00:00Z
237,The Gores Group,California,32385,The Hay Group,Automotive,"Bad Sobernheim, Germany",2012-02-14,"Buyout (LBO, MBO, MBI)",2016-05-09,Divestiture,4.2,False,,3,0,https://mergr.com/company/32385,2026-09-07T00:00:00Z
237,The Gores Group,California,13048,BMC Stock Holdings,Building Materials,"Roswell, Georgia, United States",2011-11-17,Joint Venture,2013-08-09,IPO,1.7,False,3627,0,0,https://mergr.com/company/13048,2026-09-07T00:00:00Z
237,The Gores Group,California,32357,"The Clark Group, Inc.",Transportation,"Trenton, New Jersey, United States",2011-11-04,Going Private,2017-11-29,Divestiture,6,False,,1,0,https://mergr.com/company/32357,2026-09-07T00:00:00Z
237,The Gores Group,California,239995,Alpheus Communications LLC,Communications,"Houston, Texas, United States",2011-09-21,Secondary Buyout,2017-05-30,Divestiture,5.7,False,,1,0,https://mergr.com/company/239995,2026-09-07T00:00:00Z
237,The Gores Group,California,32365,Mexx International BV,Apparel/Textiles,"Amsterdam, Netherlands",2011-09-02,Divestiture,2014-12-01,Bankruptcy,3.2,False,,0,0,https://mergr.com/company/32365,2026-09-07T00:00:00Z
237,The Gores Group,California,56710,Equinox Payments LLC,Business Services,"Scottsdale, Arizona, United States",2011-08-04,Divestiture,2014-02-06,Divestiture,2.5,False,,0,0,https://mergr.com/company/56710,2026-09-07T00:00:00Z
237,The Gores Group,California,12339,"Scovill Fasteners, Inc.",Apparel/Textiles,"Clarkesville, Georgia, United States",2011-06-14,Special Situations/Distressed,2014-10-17,Divestiture,3.3,False,,0,0,https://mergr.com/company/12339,2026-09-07T00:00:00Z
237,The Gores Group,California,215789,"Big Strike, Inc.",Apparel/Textiles,"Gardena, California, United States",2011-06-01,Growth Capital,2015-06-23,Trade Sale,4,False,,0,0,https://mergr.com/company/215789,2026-09-07T00:00:00Z
237,The Gores Group,California,26866,"Sage Automotive Interiors, Inc.",Automotive,"Greenville, South Carolina, United States",2011-05-09,Secondary Buyout,2014-10-09,Trade Sale - Public Company,3.4,False,475,0,0,https://mergr.com/company/26866,2026-09-07T00:00:00Z
237,The Gores Group,California,26861,Cobridge Communications LLC,Communications,"Saint Louis, Missouri, United States",2010-10-22,Divestiture,2012-05-31,Divestiture,1.6,False,,0,0,https://mergr.com/company/26861,2026-09-07T00:00:00Z
237,The Gores Group,California,26862,Cosmo,Forest Products,"Cosmopolis, Washington, United States",2010-09-16,Divestiture,2023-01-22,Secondary Sale,12.3,False,,0,0,https://mergr.com/company/26862,2026-09-07T00:00:00Z
237,The Gores Group,California,25513,Alliance Entertainment LLC,Distribution,"Coral Springs, Florida, United States",2010-09-01,Divestiture,2013-09-05,Trade Sale,3,False,,1,0,https://mergr.com/company/25513,2026-09-07T00:00:00Z
237,The Gores Group,California,26863,"J. Mendel, Inc.",Apparel/Textiles,"New York, New York, United States",2010-08-30,Growth Capital,2015-09-21,Sold to Existing Investors,5,False,30,0,0,https://mergr.com/company/26863,2026-09-07T00:00:00Z
237,The Gores Group,California,26864,National Envelope Corp.,Business Services,"Frisco, Texas, United States",2010-08-23,Special Situations/Distressed,2013-06-11,Shut Down,2.8,False,,0,0,https://mergr.com/company/26864,2026-09-07T00:00:00Z
237,The Gores Group,California,13046,Unify,Software,"Boca Raton, Florida, United States",2008-07-29,Joint Venture,2015-11-03,Divestiture,7.3,False,,1,0,https://mergr.com/company/13046,2026-09-07T00:00:00Z
237,The Gores Group,California,22747,CBE Technologies LLC,Information Technology,"Providence, Rhode Island, United States",2008-04-08,"Buyout (LBO, MBO, MBI)",,,18.3,True,,1,0,https://mergr.com/company/22747,2026-09-07T00:00:00Z
237,The Gores Group,California,181736,"Westwood One, Inc.",Media,"New York, New York, United States",2008-03-03,"Buyout (LBO, MBO, MBI)",2011-10-01,Merger,3.5,False,,0,0,https://mergr.com/company/181736,2026-09-07T00:00:00Z
237,The Gores Group,California,26867,Sagemcom,Technology Hardware,"Bois-Colombes, France",2008-01-01,"Buyout (LBO, MBO, MBI)",2011-06-20,Trade Sale - Public Company,3.4,False,,0,0,https://mergr.com/company/26867,2026-09-07T00:00:00Z
237,The Gores Group,California,13044,"Lineage Power Holdings, Inc.",Electrical Equipment,"Plano, Texas, United States",2007-12-28,Divestiture,2011-01-13,Divestiture,3,False,450,1,0,https://mergr.com/company/13044,2026-09-07T00:00:00Z
237,The Gores Group,California,13047,Vincotech GmbH,Electronics,"Unterhaching, Germany",2007-12-01,Divestiture,2010-12-01,Divestiture,3,False,,0,0,https://mergr.com/company/13047,2026-09-07T00:00:00Z
237,The Gores Group,California,5944,United Road Services,Transportation,"Plymouth, Michigan, United States",2007-11-05,Secondary Buyout,2012-12-14,Trade Sale - Public Company,5.1,False,,0,0,https://mergr.com/company/5944,2026-09-07T00:00:00Z
237,The Gores Group,California,26868,"Tiburon, Inc.",Information Services,"San Ramon, California, United States",2007-09-27,Going Private,2015-02-06,Divestiture,7.3,False,,1,2,https://mergr.com/company/26868,2026-09-07T00:00:00Z
237,The Gores Group,California,1881,"First Communications, Inc.",Communications,"Akron, Ohio, United States",2007-06-01,"Buyout (LBO, MBO, MBI)",2012-01-01,Sold to Management,4.6,False,,0,0,https://mergr.com/company/1881,2026-09-07T00:00:00Z
237,The Gores Group,California,32360,Diagnostic Health Corp.,Healthcare Services,"Birmingham, Alabama, United States",2007-04-19,Divestiture,,,19.3,True,,0,0,https://mergr.com/company/32360,2026-09-07T00:00:00Z
237,The Gores Group,California,1888,"SER Solutions, Inc.",Business Services,"Dulles, Virginia, United States",2006-02-27,Secondary Buyout,,,20.5,True,,0,0,https://mergr.com/company/1888,2026-09-07T00:00:00Z
237,The Gores Group,California,1885,"Enterasys Networks, Inc.",Information Technology,"Andover, Massachusetts, United States",2006-02-16,Going Private,2013-09-12,Divestiture,7.5,False,,0,0,https://mergr.com/company/1885,2026-09-07T00:00:00Z
237,The Gores Group,California,15241,"Avure Technologies, Inc.",Machinery,"Franklin, Tennessee, United States",2005-11-02,Divestiture,2009-05-05,Trade Sale - Public Company,3.5,False,,0,0,https://mergr.com/company/15241,2026-09-07T00:00:00Z
237,The Gores Group,California,27611,Brand-Rex Ltd.,Electrical Equipment,"Glenrothes, United Kingdom",2005-11-01,Divestiture,2008-02-01,Trade Sale - Public Company,2.3,False,,0,0,https://mergr.com/company/27611,2026-09-07T00:00:00Z
237,The Gores Group,California,1889,Somero Enterprises,Machinery,"Fort Myers, Florida, United States",2005-08-01,Stake Purchase,2006-11-01,IPO,1.3,False,109,0,0,https://mergr.com/company/1889,2026-09-07T00:00:00Z
237,The Gores Group,California,1890,Wire One Communications,Communications,"Westminster, Colorado, United States",2005-02-22,"Buyout (LBO, MBO, MBI)",2008-04-10,Divestiture,3.1,False,,1,0,https://mergr.com/company/1890,2026-09-07T00:00:00Z
237,The Gores Group,California,21670,ViaPath Technologies,Communications,"Falls Church, Virginia, United States",2004-07-21,"Buyout (LBO, MBO, MBI)",2009-02-01,Trade Sale - Public Company,4.5,False,,2,0,https://mergr.com/company/21670,2026-09-07T00:00:00Z
237,The Gores Group,California,21678,Inmac,Retail,"Roissy en France, France",2004-06-07,Divestiture,2005-12-05,Divestiture,1.4,False,,0,0,https://mergr.com/company/21678,2026-09-07T00:00:00Z
237,The Gores Group,California,21683,"Proxicom, Inc.",Internet Software and Services,"Reston, Virginia, United States",2004-03-12,Divestiture,2007-07-30,Divestiture,3.3,False,,1,0,https://mergr.com/company/21683,2026-09-07T00:00:00Z
237,The Gores Group,California,21662,Anker BV,Software,"Berlin, Germany",2003-02-04,Special Situations/Distressed,2004-12-23,IPO,1.8,False,,0,0,https://mergr.com/company/21662,2026-09-07T00:00:00Z
237,The Gores Group,California,21663,Aprisma Management Technologies,Information Technology,"Portsmouth, New Hampshire, United States",2002-08-13,Divestiture,2005-01-10,Divestiture,2.3,False,,0,0,https://mergr.com/company/21663,2026-09-07T00:00:00Z
237,The Gores Group,California,21680,JAMIS Software Corp,Software,"San Diego, California, United States",2002-07-08,Divestiture,2006-08-01,Sold to Management,4,False,,0,0,https://mergr.com/company/21680,2026-09-07T00:00:00Z
237,The Gores Group,California,22748,"Intelliverse, Inc.",Communications,"Atlanta, Georgia, United States",2002-03-27,Divestiture,2011-05-03,Divestiture,9.1,False,,1,0,https://mergr.com/company/22748,2026-09-07T00:00:00Z
237,The Gores Group,California,21692,Vicorp Group Ltd.,Communications,"Berkshire, United Kingdom",2001-11-21,"Buyout (LBO, MBO, MBI)",2002-01-01,Sold to Management,0.1,False,,0,0,https://mergr.com/company/21692,2026-09-07T00:00:00Z
237,The Gores Group,California,8409,VeriFone,Information Technology,"Coral Springs, Florida, United States",2001-07-01,Divestiture,2002-07-01,Trade Sale - Public Company,1,False,2000,0,0,https://mergr.com/company/8409,2026-09-07T00:00:00Z
237,The Gores Group,California,21681,MPC Computers LLC,Technology Hardware,"Nampa, Idaho, United States",2001-06-01,Divestiture,2005-07-27,Divestiture,4.1,False,,0,0,https://mergr.com/company/21681,2026-09-07T00:00:00Z
237,The Gores Group,California,5348,The Learning Company,Software,"Hiawatha, Iowa, United States",2000-09-30,Divestiture,2001-09-06,Divestiture,0.9,False,,0,0,https://mergr.com/company/5348,2026-09-07T00:00:00Z
237,The Gores Group,California,21689,"SSA Global Technologies, Inc.",Information Technology,"Chicago, Illinois, United States",2000-07-01,Growth Capital,2004-06-07,IPO,3.9,False,,1,0,https://mergr.com/company/21689,2026-09-07T00:00:00Z
237,The Gores Group,California,21686,"Revere, Inc.",Information Technology,"Birmingham, Alabama, United States",2000-04-01,"Buyout (LBO, MBO, MBI)",2006-09-05,Divestiture,6.4,False,,0,0,https://mergr.com/company/21686,2026-09-07T00:00:00Z
237,The Gores Group,California,21685,"QuorTech Solutions, Inc.",Information Technology,"Bradenton, Florida, United States",2000-03-30,Divestiture,2004-01-01,Sold to Management,3.8,False,,0,0,https://mergr.com/company/21685,2026-09-07T00:00:00Z
237,The Gores Group,California,21682,ONEBOOK Financials,Software,United States,2000-01-01,"Buyout (LBO, MBO, MBI)",2000-12-31,Sold to Management,0.9,False,,0,0,https://mergr.com/company/21682,2026-09-07T00:00:00Z
237,The Gores Group,California,21669,"Farallon Communications, Inc.",Communications,"San Leandro, California, United States",1998-08-05,Divestiture,2000-06-19,Divestiture,1.8,False,,0,0,https://mergr.com/company/21669,2026-09-07T00:00:00Z
237,The Gores Group,California,21688,"Silicon Systems and Technologies, Inc.",Information Technology,"Idaho Falls, Idaho, United States",1998-06-01,"Buyout (LBO, MBO, MBI)",,,28.3,True,,0,0,https://mergr.com/company/21688,2026-09-07T00:00:00Z
237,The Gores Group,California,22754,"Adventa Control Technologies, Inc.",Software,"Plano, Texas, United States",1998-04-06,Divestiture,2009-08-03,Divestiture,11.3,False,,0,0,https://mergr.com/company/22754,2026-09-07T00:00:00Z
237,The Gores Group,California,21668,"Encore Real Time Computing, Inc.",Information Technology,"Fort Lauderdale, Florida, United States",1998-03-09,"Buyout (LBO, MBO, MBI)",,,28.4,True,,0,0,https://mergr.com/company/21668,2026-09-07T00:00:00Z
237,The Gores Group,California,21673,"Information Dimensions, Inc.",Information Technology,"Dublin, Ohio, United States",1997-07-21,Divestiture,1998-06-03,Divestiture,0.8,False,,0,0,https://mergr.com/company/21673,2026-09-07T00:00:00Z
237,The Gores Group,California,21667,Connection Machines Services,Information Technology,"Wilmington, Massachusetts, United States",1997-04-16,Divestiture,2001-04-01,Shut Down,3.9,False,,0,0,https://mergr.com/company/21667,2026-09-07T00:00:00Z
237,The Gores Group,California,21665,Artemis International Solutions Corp.,Information Technology,"Austin, Texas, United States",1997-02-25,Divestiture,,,29.5,True,,3,0,https://mergr.com/company/21665,2026-09-07T00:00:00Z
28,Bay City Capital,California,199185,"Vtesse, Inc.",Life Science,"Gaithersburg, Maryland, United States",2014-08-01,"Buyout (LBO, MBO, MBI)",2017-04-03,Divestiture,2.7,False,,0,0,https://mergr.com/company/199185,2026-09-07T00:00:00Z
28,Bay City Capital,California,199398,Fabric Genomics,Information Technology,"Oakland, California, United States",2013-12-01,Venture,2025-05-07,Divestiture,11.4,False,,1,0,https://mergr.com/company/199398,2026-09-07T00:00:00Z
28,Bay City Capital,California,80749,PharmAkea,Life Science,"San Diego, California, United States",2013-10-04,Venture,2020-01-07,Spin Off,6.3,False,,0,0,https://mergr.com/company/80749,2026-09-07T00:00:00Z
28,Bay City Capital,California,80681,Cydan,Life Science,"Cambridge, Massachusetts, United States",2013-10-01,Venture,2021-09-01,Shut Down,7.9,False,,0,0,https://mergr.com/company/80681,2026-09-07T00:00:00Z
28,Bay City Capital,California,80677,"Civitas Therapeutics, Inc.",Life Science,"Chelsea, Massachusetts, United States",2013-09-01,"Buyout (LBO, MBO, MBI)",2014-09-24,Divestiture,1,False,,0,0,https://mergr.com/company/80677,2026-09-07T00:00:00Z
28,Bay City Capital,California,283,Conatus Pharmaceuticals,Life Science,"San Diego, California, United States",2013-07-25,PIPE,2020-05-27,Spin Off,6.8,False,22,0,0,https://mergr.com/company/283,2026-09-07T00:00:00Z
28,Bay City Capital,California,13151,Tria,Consumer Products,"Dublin, California, United States",2013-07-09,Venture,,,13.1,True,,0,0,https://mergr.com/company/13151,2026-09-07T00:00:00Z
28,Bay City Capital,California,25596,Epizyme,Life Science,"Cambridge, Massachusetts, United States",2013-05-31,PIPE,2013-05-31,Sold to Existing Investors,0,False,37,0,0,https://mergr.com/company/25596,2026-09-07T00:00:00Z
28,Bay City Capital,California,80717,"Interleukin Genetics, Inc.",Life Science,"Waltham, Massachusetts, United States",2013-05-22,Stake Purchase,2017-11-22,Divestiture,4.5,False,1,0,0,https://mergr.com/company/80717,2026-09-07T00:00:00Z
28,Bay City Capital,California,80741,Nabsys,Information Technology,"Providence, Rhode Island, United States",2013-05-13,Venture,,,13.3,True,,0,0,https://mergr.com/company/80741,2026-09-07T00:00:00Z
28,Bay City Capital,California,199168,Tetraphase Pharmaceuticals,Life Science,"Watertown, Massachusetts, United States",2013-03-01,Venture,2013-03-20,IPO,0,False,7,0,0,https://mergr.com/company/199168,2026-09-07T00:00:00Z
28,Bay City Capital,California,199389,Ascendancy Healthcare,Medical Products,"San Francisco, California, United States",2012-11-01,Add-on Acquisition,,,13.8,True,,0,0,https://mergr.com/company/199389,2026-09-07T00:00:00Z
28,Bay City Capital,California,80669,"Aviir, Inc.",Life Science,"Irvine, California, United States",2012-05-07,Venture,2014-05-03,Bankruptcy,1.9,False,,0,0,https://mergr.com/company/80669,2026-09-07T00:00:00Z
28,Bay City Capital,California,33845,"SynGen, Inc.",Life Science,"Sacramento, California, United States",2012-04-18,Venture,2017-07-10,Divestiture,5.2,False,,0,0,https://mergr.com/company/33845,2026-09-07T00:00:00Z
28,Bay City Capital,California,199183,"AntriaBio, Inc.",Life Science,"Menlo Park, California, United States",2012-02-01,"Buyout (LBO, MBO, MBI)",2012-05-08,IPO,0.3,False,,0,0,https://mergr.com/company/199183,2026-09-07T00:00:00Z
28,Bay City Capital,California,33757,"Dermira, Inc.",Life Science,"Menlo Park, California, United States",2010-09-01,Venture,2014-10-03,IPO,4.1,False,42,0,0,https://mergr.com/company/33757,2026-09-07T00:00:00Z
28,Bay City Capital,California,25595,Altheos,Life Science,"San Francisco, California, United States",2010-04-05,Venture,,,16.4,True,,0,0,https://mergr.com/company/25595,2026-09-07T00:00:00Z
28,Bay City Capital,California,25598,Merus,Life Science,"Utrecht, Netherlands",2010-01-29,Venture,2015-10-20,IPO,5.7,False,,0,0,https://mergr.com/company/25598,2026-09-07T00:00:00Z
28,Bay City Capital,California,33865,"Ion Torrent Systems, Inc.",Information Technology,"San Francisco, California, United States",2010-01-01,"Buyout (LBO, MBO, MBI)",2010-08-17,Divestiture,0.6,False,,0,0,https://mergr.com/company/33865,2026-09-07T00:00:00Z
28,Bay City Capital,California,25596,Epizyme,Life Science,"Cambridge, Massachusetts, United States",2009-10-07,Venture,2013-05-31,Sold to Existing Investors,3.6,False,37,0,0,https://mergr.com/company/25596,2026-09-07T00:00:00Z
28,Bay City Capital,California,8883,Sunesis,Life Science,"South San Francisco, California, United States",2009-04-02,PIPE,2020-11-30,Spin Off,11.6,False,2,0,0,https://mergr.com/company/8883,2026-09-07T00:00:00Z
28,Bay City Capital,California,25599,"Nexus Dx, Inc.",Life Science,"San Diego, California, United States",2009-01-01,"Buyout (LBO, MBO, MBI)",2010-11-04,Divestiture,1.8,False,,0,0,https://mergr.com/company/25599,2026-09-07T00:00:00Z
28,Bay City Capital,California,18459,"Hyperion Therapeutics, Inc.",Life Science,"Brisbane, California, United States",2009-01-01,Venture,2012-07-26,IPO,3.5,False,,0,0,https://mergr.com/company/18459,2026-09-07T00:00:00Z
28,Bay City Capital,California,33841,Synchronicity Pharma,Life Science,"San Jose, California, United States",2008-08-01,"Buyout (LBO, MBO, MBI)",,,18.1,True,,0,0,https://mergr.com/company/33841,2026-09-07T00:00:00Z
28,Bay City Capital,California,12558,"ProGenTech USA, Inc.",Life Science,"Emeryville, California, United States",2008-04-02,Venture,,,18.4,True,,0,0,https://mergr.com/company/12558,2026-09-07T00:00:00Z
28,Bay City Capital,California,25597,"GenturaDx, Inc.",Life Science,"Austin, Texas, United States",2008-03-01,"Buyout (LBO, MBO, MBI)",2012-07-09,Divestiture,4.3,False,,0,0,https://mergr.com/company/25597,2026-09-07T00:00:00Z
28,Bay City Capital,California,12557,"Cadence Pharmaceuticals, Inc.",Medical Products,"San Diego, California, United States",2008-02-20,PIPE,2014-02-11,Divestiture,5.9,False,112,0,0,https://mergr.com/company/12557,2026-09-07T00:00:00Z
28,Bay City Capital,California,7097,"Aragon Surgical, Inc.",Medical Products,"Palo Alto, California, United States",2007-12-01,Venture,2011-09-23,Divestiture,3.8,False,,0,0,https://mergr.com/company/7097,2026-09-07T00:00:00Z
28,Bay City Capital,California,12555,"Aciex Therapeutics, Inc.",Life Science,"Boston, Massachusetts, United States",2007-09-01,Add-on Acquisition,2014-10-24,Divestiture,7.1,False,,0,0,https://mergr.com/company/12555,2026-09-07T00:00:00Z
28,Bay City Capital,California,277,Presidio Pharmaceuticals,Life Science,"San Francisco, California, United States",2007-08-29,Venture,2012-10-18,Spin Off,5.1,False,,0,0,https://mergr.com/company/277,2026-09-07T00:00:00Z
28,Bay City Capital,California,283,Conatus Pharmaceuticals,Life Science,"San Diego, California, United States",2007-05-09,Venture,2013-06-14,IPO,6.1,False,22,1,0,https://mergr.com/company/283,2026-09-07T00:00:00Z
28,Bay City Capital,California,12560,Vivaldi Biosciences,Life Science,"Fort Collins, Colorado, United States",2007-03-01,Venture,,,19.5,True,,0,0,https://mergr.com/company/12560,2026-09-07T00:00:00Z
28,Bay City Capital,California,13146,NextWave Pharmaceuticals,Life Science,"Cupertino, California, United States",2007-01-01,Venture,2012-10-22,Divestiture,5.8,False,,0,0,https://mergr.com/company/13146,2026-09-07T00:00:00Z
28,Bay City Capital,California,286,IDEV Technologies,Medical Products,"Webster, Texas, United States",2006-11-15,Venture,2013-07-15,Divestiture,6.7,False,,0,0,https://mergr.com/company/286,2026-09-07T00:00:00Z
28,Bay City Capital,California,276,Nevro,Medical Products,"Redwood City, California, United States",2006-10-01,"Buyout (LBO, MBO, MBI)",2014-11-06,IPO,8.1,False,425,0,0,https://mergr.com/company/276,2026-09-07T00:00:00Z
28,Bay City Capital,California,144957,"NuPathe, Inc.",Life Science,"Malvern, Pennsylvania, United States",2006-09-01,Venture,2010-08-06,IPO,3.9,False,,0,0,https://mergr.com/company/144957,2026-09-07T00:00:00Z
28,Bay City Capital,California,199477,"Radiant Medical, Inc.",Medical Products,"Redwood City, California, United States",2005-10-01,Venture,2007-09-18,Divestiture,1.9,False,,0,0,https://mergr.com/company/199477,2026-09-07T00:00:00Z
28,Bay City Capital,California,22246,"Protez Pharmaceuticals, Inc.",Life Science,"Malvem, Pennsylvania, United States",2005-08-24,Venture,2008-06-04,Divestiture,2.8,False,,0,0,https://mergr.com/company/22246,2026-09-07T00:00:00Z
28,Bay City Capital,California,281,BrainCells,Life Science,"San Diego, California, United States",2005-07-14,Venture,,,21.1,True,,0,0,https://mergr.com/company/281,2026-09-07T00:00:00Z
28,Bay City Capital,California,33777,Madrigal Pharmaceuticals,Life Science,"West Conshohocken, Pennsylvania, United States",2004-08-01,Venture,2007-02-06,IPO,2.5,False,180,0,0,https://mergr.com/company/33777,2026-09-07T00:00:00Z
28,Bay City Capital,California,290,MAP Pharmaceuticals,Life Science,"Mountain View, California, United States",2004-08-01,Venture,2013-03-22,Divestiture,8.6,False,,0,0,https://mergr.com/company/290,2026-09-07T00:00:00Z
28,Bay City Capital,California,18462,"Bioren, Inc.",Life Science,"San Carlos, California, United States",2002-12-01,Venture,2005-08-15,Divestiture,2.7,False,,0,0,https://mergr.com/company/18462,2026-09-07T00:00:00Z
28,Bay City Capital,California,293,Pathway Diagnostics,Life Science,"Malibu, California, United States",2002-11-01,Venture,2008-12-09,Divestiture,6.1,False,,0,0,https://mergr.com/company/293,2026-09-07T00:00:00Z
28,Bay City Capital,California,4981,"Oculex Pharmaceuticals, Inc.",Life Science,"Sunnyvale, California, United States",2002-08-01,"Buyout (LBO, MBO, MBI)",2003-11-20,Divestiture,1.3,False,,0,0,https://mergr.com/company/4981,2026-09-07T00:00:00Z
28,Bay City Capital,California,289,Itamar Medical,Medical Products,"Caesarea, Israel",2002-07-15,"Buyout (LBO, MBO, MBI)",2007-03-01,IPO,4.6,False,41,0,0,https://mergr.com/company/289,2026-09-07T00:00:00Z
28,Bay City Capital,California,282,Calypso Medical Technologies,Medical Products,"Seattle, Washington, United States",2002-06-01,Venture,2011-09-19,Divestiture,9.3,False,,0,0,https://mergr.com/company/282,2026-09-07T00:00:00Z
28,Bay City Capital,California,279,Avera Pharmaceuticals,Life Science,"San Diego, California, United States",2002-04-19,Venture,,,24.3,True,,0,0,https://mergr.com/company/279,2026-09-07T00:00:00Z
28,Bay City Capital,California,280,BioSeek,Life Science,"South San Francisco, California, United States",2002-02-20,Venture,2010-02-18,Divestiture,7.9,False,,0,0,https://mergr.com/company/280,2026-09-07T00:00:00Z
28,Bay City Capital,California,15408,"Syntonix Pharmaceuticals, Inc.",Life Science,"Waltham, Massachusetts, United States",2002-02-01,Venture,2007-02-01,Divestiture,5,False,,0,0,https://mergr.com/company/15408,2026-09-07T00:00:00Z
28,Bay City Capital,California,18473,Pharmion LLC,Life Science,"Boulder, Colorado, United States",2001-11-01,"Buyout (LBO, MBO, MBI)",2003-11-06,IPO,2,False,,0,0,https://mergr.com/company/18473,2026-09-07T00:00:00Z
28,Bay City Capital,California,296,PTC Therapeutics,Life Science,"Warren, New Jersey, United States",2001-09-19,Venture,2013-06-20,IPO,11.8,False,1731,0,0,https://mergr.com/company/296,2026-09-07T00:00:00Z
28,Bay City Capital,California,292,Panomics,Life Science,"Fremont, California, United States",2000-11-01,Venture,2008-12-05,Divestiture,8.1,False,,0,0,https://mergr.com/company/292,2026-09-07T00:00:00Z
28,Bay City Capital,California,18476,"SemBioSys Genetics, Inc.",Consumer Products,"Calgary, Alberta, Canada",2000-10-20,"Buyout (LBO, MBO, MBI)",2004-12-06,IPO,4.1,False,,0,0,https://mergr.com/company/18476,2026-09-07T00:00:00Z
28,Bay City Capital,California,285,Epocrates,Information Technology,"San Mateo, California, United States",2000-08-01,Venture,2011-02-02,IPO,10.5,False,,0,0,https://mergr.com/company/285,2026-09-07T00:00:00Z
28,Bay City Capital,California,18475,"Reliant Pharmaceuticals, Inc.",Life Science,"Liberty Corner, New Jersey, United States",2000-04-17,"Buyout (LBO, MBO, MBI)",2007-12-19,Divestiture,7.7,False,,0,0,https://mergr.com/company/18475,2026-09-07T00:00:00Z
28,Bay City Capital,California,5936,"Amerifit Brands, Inc.",Consumer Products,"Cromwell, Connecticut, United States",2000-04-01,"Buyout (LBO, MBO, MBI)",2005-06-01,Trade Sale - Public Company,5.2,False,,0,0,https://mergr.com/company/5936,2026-09-07T00:00:00Z
28,Bay City Capital,California,59074,"Ingenuity Systems, Inc.",Information Technology,"Redwood City, California, United States",2000-04-01,Venture,2013-04-29,Divestiture,13,False,,0,0,https://mergr.com/company/59074,2026-09-07T00:00:00Z
28,Bay City Capital,California,278,AquaBounty,Life Science,"Harvard, Massachusetts, United States",2000-03-01,Venture,2006-03-20,IPO,6,False,3,0,0,https://mergr.com/company/278,2026-09-07T00:00:00Z
28,Bay City Capital,California,18480,"Syrrx, Inc.",Life Science,"San Diego, California, United States",2000-02-01,Venture,2005-02-05,Divestiture,5,False,,0,0,https://mergr.com/company/18480,2026-09-07T00:00:00Z
28,Bay City Capital,California,8871,Cymabay Therapeutics,Life Science,"Newark, California, United States",2000-02-01,Venture,2013-11-29,IPO,13.8,False,10,0,0,https://mergr.com/company/8871,2026-09-07T00:00:00Z
28,Bay City Capital,California,7944,"ZymoGenetics, Inc.",Life Science,"Seattle, Washington, United States",2000-01-01,"Buyout (LBO, MBO, MBI)",2002-01-31,IPO,2,False,,0,0,https://mergr.com/company/7944,2026-09-07T00:00:00Z
28,Bay City Capital,California,18477,Senomyx,Life Science,"San Diego, California, United States",1999-10-01,Venture,2004-06-22,IPO,4.7,False,29,0,0,https://mergr.com/company/18477,2026-09-07T00:00:00Z
28,Bay City Capital,California,18471,"OmegaTech, Inc.",Life Science,"Boulder, Colorado, United States",1999-10-01,Venture,2002-04-26,Divestiture,2.5,False,,0,0,https://mergr.com/company/18471,2026-09-07T00:00:00Z
28,Bay City Capital,California,18481,"VNUS Medical Technologies, Inc.",Medical Products,"San Jose, California, United States",1999-03-01,Venture,2004-10-20,IPO,5.6,False,101,0,0,https://mergr.com/company/18481,2026-09-07T00:00:00Z
28,Bay City Capital,California,15402,"LJL Biosystems, Inc.",Medical Products,"Sunnyvale, California, United States",1999-01-01,Venture,2000-08-01,Divestiture,1.6,False,,0,0,https://mergr.com/company/15402,2026-09-07T00:00:00Z
28,Bay City Capital,California,288,Intarcia Therapeutics,Life Science,"Boston, Massachusetts, United States",1999-01-01,Venture,2020-11-01,Bankruptcy,21.8,False,,1,0,https://mergr.com/company/288,2026-09-07T00:00:00Z
28,Bay City Capital,California,18469,"Medarex, Inc.",Life Science,"Princeton, New Jersey, United States",1998-08-01,Growth Capital,2001-03-07,IPO,2.6,False,,0,0,https://mergr.com/company/18469,2026-09-07T00:00:00Z
28,Bay City Capital,California,18466,Lexicon Pharmaceuticals,Life Science,"The Woodlands, Texas, United States",1998-05-01,"Buyout (LBO, MBO, MBI)",2000-04-07,IPO,1.9,False,50,0,0,https://mergr.com/company/18466,2026-09-07T00:00:00Z
28,Bay City Capital,California,18465,"Epoch Biosciences, Inc.",Life Science,"Bothell, Washington, United States",1998-03-01,Venture,2004-12-17,Divestiture,6.8,False,,0,0,https://mergr.com/company/18465,2026-09-07T00:00:00Z
28,Bay City Capital,California,18472,Pharmanex LLC,Life Science,"Provo, Utah, United States",1998-01-01,Venture,1998-10-06,Divestiture,0.8,False,,0,0,https://mergr.com/company/18472,2026-09-07T00:00:00Z
28,Bay City Capital,California,18463,Ventro Corp.,Distribution,"Mountain View, California, United States",1997-12-01,"Buyout (LBO, MBO, MBI)",1999-06-17,IPO,1.5,False,,0,0,https://mergr.com/company/18463,2026-09-07T00:00:00Z
28,Bay City Capital,California,18468,"Maxia Pharmaceutical, Inc.",Life Science,"San Diego, California, United States",1997-11-01,Venture,2003-02-18,Divestiture,5.3,False,,0,0,https://mergr.com/company/18468,2026-09-07T00:00:00Z
28,Bay City Capital,California,295,Poniard Pharmaceuticals,Medical Products,"Seattle, Washington, United States",1997-08-01,Venture,2006-09-01,IPO,9.1,False,,0,0,https://mergr.com/company/295,2026-09-07T00:00:00Z
28,Bay City Capital,California,18464,"Eos Biotechnology, Inc.",Life Science,"South San Francisco, United States",1997-07-01,Venture,2003-02-04,Divestiture,5.6,False,,0,0,https://mergr.com/company/18464,2026-09-07T00:00:00Z
28,Bay City Capital,California,18478,"Symyx Technologies, Inc.",Information Technology,"Santa Clara, California, United States",1997-07-01,"Buyout (LBO, MBO, MBI)",1999-11-18,IPO,2.3,False,,0,0,https://mergr.com/company/18478,2026-09-07T00:00:00Z
