owner_firm_id,owner_firm_name,owner_firm_state,company_id,company_name,sector,location,acquired_date,acquisition_type,exit_date,exit_type,hold_years,is_current,revenue_millions_usd,acquisitions_during_hold,divestitures_during_hold,mergr_url,_fetched_at
7041,Uplift Investors,Connecticut,296129,Engage FI,Business Services,"Orlando, Florida, United States",2026-08-18,Secondary Buyout,,,0,True,,0,0,https://mergr.com/company/296129,2026-09-04T01:37:49Z
7041,Uplift Investors,Connecticut,245983,IMS ExpertServices,Business Services,"Pensacola, Texas, United States",2026-04-06,Secondary Buyout,,,0.3,True,,0,0,https://mergr.com/company/245983,2026-09-04T01:37:49Z
7041,Uplift Investors,Connecticut,351837,Orion Legal MSO,Business Services,"South Darieni, Connecticut, United States",2026-01-22,"Buyout (LBO, MBO, MBI)",,,0.6,True,,0,0,https://mergr.com/company/351837,2026-09-04T01:37:49Z
6349,Lime Rock New Energy,Connecticut,348964,Boulder Imaging,Software,"Louisville, Colorado, United States",2026-04-08,Growth Capital,,,0.3,True,,0,0,https://mergr.com/company/348964,2026-09-04T01:37:49Z
6349,Lime Rock New Energy,Connecticut,343011,Hawk Line Construction,Energy Services and Equipment,"Neosho, Missouri, United States",2025-11-18,Growth Capital,,,0.8,True,,0,0,https://mergr.com/company/343011,2026-09-04T01:37:49Z
6349,Lime Rock New Energy,Connecticut,311158,Aperia Technologies,Automotive,"Burlingame, California, United States",2022-09-01,Growth Capital,,,4,True,,0,0,https://mergr.com/company/311158,2026-09-04T01:37:49Z
6349,Lime Rock New Energy,Connecticut,296277,Electric Power Engineers,Engineering,"Austin, Texas, United States",2022-01-13,Growth Capital,2025-01-07,Trade Sale - Public Company,2.9,False,,0,0,https://mergr.com/company/296277,2026-09-04T01:37:49Z
6349,Lime Rock New Energy,Connecticut,311161,Smart Wires,Electrical Equipment,"Durham, North Carolina, United States",2019-12-19,Growth Capital,2021-05-18,IPO,1.3,False,,0,0,https://mergr.com/company/311161,2026-09-04T01:37:49Z
472,RFE Investment Partners,Connecticut,195649,A.R.M. Solutions,Financial Services,"Camarillo, California, United States",2025-06-11,Recapitalization,,,1.2,True,,0,0,https://mergr.com/company/195649,2026-09-04T01:37:49Z
472,RFE Investment Partners,Connecticut,333726,BryteBridge,Business Services,"Winter Park, Florida, United States",2023-12-13,Recapitalization,,,2.7,True,,4,0,https://mergr.com/company/333726,2026-09-04T01:37:49Z
472,RFE Investment Partners,Connecticut,316949,LaunchPad Home Group,Business Services,"Austin, Texas, United States",2023-02-28,Consolidation,,,3.5,True,,9,0,https://mergr.com/company/316949,2026-09-04T01:37:49Z
472,RFE Investment Partners,Connecticut,322317,SEG,Marketing,"Chicago, Illinois, United States",2022-08-05,Recapitalization,,,4,True,,0,0,https://mergr.com/company/322317,2026-09-04T01:37:49Z
472,RFE Investment Partners,Connecticut,164693,Max Home Inspections,Business Services,"Davie, Florida, United States",2022-06-21,Growth Capital,2023-02-28,Divestiture,0.7,False,,0,0,https://mergr.com/company/164693,2026-09-04T01:37:49Z
472,RFE Investment Partners,Connecticut,282192,Congruity HR,Staffing,"Winston-Salem, North Carolina, United States",2021-02-25,Recapitalization,,,5.5,True,,1,0,https://mergr.com/company/282192,2026-09-04T01:37:49Z
472,RFE Investment Partners,Connecticut,306271,Veransa Group,Environmental,"Sarasota, Florida, United States",2021-01-01,"Buyout (LBO, MBO, MBI)",,,5.7,True,,1,0,https://mergr.com/company/306271,2026-09-04T01:37:49Z
472,RFE Investment Partners,Connecticut,292652,Friendly Group,Business Services,"Westlake, Texas, United States",2020-01-01,"Buyout (LBO, MBO, MBI)",,,6.7,True,,2,0,https://mergr.com/company/292652,2026-09-04T01:37:49Z
472,RFE Investment Partners,Connecticut,200414,ZRG Partners,Staffing,"Rochelle Park, New Jersey, United States",2018-12-17,Recapitalization,,,7.7,True,,16,0,https://mergr.com/company/200414,2026-09-04T01:37:49Z
472,RFE Investment Partners,Connecticut,247041,ThreeBridge Solutions,Information Technology,"Minneapolis, Minnesota, United States",2018-01-04,Recapitalization,2021-01-01,Spin Off,2.9,False,,3,0,https://mergr.com/company/247041,2026-09-04T01:37:49Z
472,RFE Investment Partners,Connecticut,226566,EnsembleIQ,Information Services,"Chicago, Illinois, United States",2016-02-17,"Buyout (LBO, MBO, MBI)",,,10.5,True,,3,0,https://mergr.com/company/226566,2026-09-04T01:37:49Z
472,RFE Investment Partners,Connecticut,56210,Global Point Technology Group,Manufacturing,"South Beloit, Illinois, United States",2015-09-30,Consolidation,,,10.9,True,,2,0,https://mergr.com/company/56210,2026-09-04T01:37:49Z
472,RFE Investment Partners,Connecticut,216754,Squan Solutions,Communications,"Carlstadt, New Jersey, United States",2014-10-14,Growth Capital,,,11.8,True,,4,0,https://mergr.com/company/216754,2026-09-04T01:37:49Z
472,RFE Investment Partners,Connecticut,16193,Wind River Environmental,Environmental,"Marlborough, Massachusetts, United States",2014-07-08,Secondary Buyout,2017-04-04,Trade Sale - Public Company,2.7,False,,0,0,https://mergr.com/company/16193,2026-09-04T01:37:49Z
472,RFE Investment Partners,Connecticut,171433,PCX Aerostructures,Aerospace,"Newington, Connecticut, United States",2014-04-21,Divestiture,2021-04-26,Trade Sale - Public Company,7,False,,1,0,https://mergr.com/company/171433,2026-09-04T01:37:49Z
472,RFE Investment Partners,Connecticut,6692,Hastings Manufacturing,Automotive,"Hastings, Michigan, United States",2013-05-01,Secondary Buyout,2026-04-20,Divestiture,12.9,False,,0,0,https://mergr.com/company/6692,2026-09-04T01:37:49Z
472,RFE Investment Partners,Connecticut,2383,JSI Store Fixtures,Manufacturing,"Milo, Maine, United States",2013-01-10,Secondary Buyout,2021-05-24,Divestiture,8.3,False,,0,0,https://mergr.com/company/2383,2026-09-04T01:37:49Z
472,RFE Investment Partners,Connecticut,268618,Global IFS,Building Materials,"Kentwood, Michigan, United States",2012-05-02,"Buyout (LBO, MBO, MBI)",,,14.3,True,,0,0,https://mergr.com/company/268618,2026-09-04T01:37:49Z
472,RFE Investment Partners,Connecticut,177107,PureRED,Marketing,"Stone Mountain, Georgia, United States",2011-10-20,"Buyout (LBO, MBO, MBI)",2025-02-18,Divestiture,13.3,False,,0,0,https://mergr.com/company/177107,2026-09-04T01:37:49Z
472,RFE Investment Partners,Connecticut,16137,ShelterLogic,Consumer Products,"Watertown, Connecticut, United States",2011-09-16,Secondary Buyout,2018-06-22,Trade Sale - Public Company,6.8,False,,3,0,https://mergr.com/company/16137,2026-09-04T01:37:49Z
472,RFE Investment Partners,Connecticut,26397,Green Garden Products LLC,Consumer Products,"Norton, Massachusetts, United States",2010-12-17,"Buyout (LBO, MBO, MBI)",2015-01-07,Trade Sale - Public Company,4,False,,1,0,https://mergr.com/company/26397,2026-09-04T01:37:49Z
472,RFE Investment Partners,Connecticut,20516,iMedX,Internet Software and Services,"Atlanta, Georgia, United States",2009-08-12,Growth Capital,2023-01-01,Divestiture,13.3,False,,4,0,https://mergr.com/company/20516,2026-09-04T01:37:49Z
472,RFE Investment Partners,Connecticut,20509,Brook & Whittle,Packaging,"Guilford, Connecticut, United States",2009-03-02,Recapitalization,2017-10-18,Trade Sale - Public Company,8.6,False,,1,0,https://mergr.com/company/20509,2026-09-04T01:37:49Z
472,RFE Investment Partners,Connecticut,3776,Lectrus Corp.,Manufacturing,"Chattanooga, Tennessee, United States",2007-08-01,"Buyout (LBO, MBO, MBI)",2017-12-13,Bankruptcy,10.3,False,,0,0,https://mergr.com/company/3776,2026-09-04T01:37:49Z
472,RFE Investment Partners,Connecticut,5067,"DelStar Technologies, Inc.",Chemicals,"Middletown, Delaware, United States",2005-12-02,"Buyout (LBO, MBO, MBI)",2013-11-18,Divestiture,7.9,False,,0,0,https://mergr.com/company/5067,2026-09-04T01:37:49Z
472,RFE Investment Partners,Connecticut,20515,"Health Watch Holdings, Inc.",Safety/Security,"Cherry Hill, New Jersey, United States",2004-05-01,"Buyout (LBO, MBO, MBI)",2007-04-01,Divestiture,2.9,False,,0,0,https://mergr.com/company/20515,2026-09-04T01:37:49Z
472,RFE Investment Partners,Connecticut,463,McKenzie Taxidermy Supply,Consumer Products,"Granite Quarry, North Carolina, United States",2003-10-07,Secondary Buyout,2006-08-01,Trade Sale - Public Company,2.8,False,,0,0,https://mergr.com/company/463,2026-09-04T01:37:49Z
472,RFE Investment Partners,Connecticut,2891,KAG,Transportation,"North Canton, Ohio, United States",2001-01-26,Going Private,2005-12-21,Trade Sale - Public Company,4.8,False,,3,0,https://mergr.com/company/2891,2026-09-04T01:37:49Z
472,RFE Investment Partners,Connecticut,23354,"Commonwealth Business Media, Inc.",Information Services,"East Windsor, New Jersey, United States",2000-10-19,"Buyout (LBO, MBO, MBI)",2006-07-05,Divestiture,5.7,False,56,0,0,https://mergr.com/company/23354,2026-09-04T01:37:49Z
472,RFE Investment Partners,Connecticut,3777,"ConsoliDent, Inc.",Healthcare Services,"Miami Gardens, Florida, United States",1998-01-01,"Buyout (LBO, MBO, MBI)",2008-09-01,Divestiture,10.7,False,,0,0,https://mergr.com/company/3777,2026-09-04T01:37:49Z
472,RFE Investment Partners,Connecticut,11644,BrightSpring Health,Healthcare Services,"Louisville, Kentucky, United States",1997-01-08,"Buyout (LBO, MBO, MBI)",,,29.6,True,,12,3,https://mergr.com/company/11644,2026-09-04T01:37:49Z
840,Altus Capital Partners,Connecticut,337250,ALM Positioners,Machinery,"Rock Island, Illinois, United States",2025-04-07,"Buyout (LBO, MBO, MBI)",,,1.3,True,,0,0,https://mergr.com/company/337250,2026-09-04T01:37:49Z
840,Altus Capital Partners,Connecticut,331371,Air Innovations,Business Services,"North Syracuse, New York, United States",2024-12-04,"Buyout (LBO, MBO, MBI)",,,1.8,True,,0,0,https://mergr.com/company/331371,2026-09-04T01:37:49Z
840,Altus Capital Partners,Connecticut,306724,Pinnacle X-Ray Solutions,Machinery,"Duluth, Georgia, United States",2022-11-02,"Buyout (LBO, MBO, MBI)",,,3.8,True,,1,0,https://mergr.com/company/306724,2026-09-04T01:37:49Z
840,Altus Capital Partners,Connecticut,296958,Winsert,Automotive,"Marinette, Wisconsin, United States",2022-03-02,"Buyout (LBO, MBO, MBI)",,,4.5,True,,2,0,https://mergr.com/company/296958,2026-09-04T01:37:49Z
840,Altus Capital Partners,Connecticut,48113,Thermal Solutions Manufacturing,Automotive,"Nashville, Tennessee, United States",2019-03-04,Secondary Buyout,,,7.5,True,,1,0,https://mergr.com/company/48113,2026-09-04T01:37:49Z
840,Altus Capital Partners,Connecticut,256104,ChoiceSpine,Medical Products,"Knoxville, Tennessee, United States",2018-11-20,"Buyout (LBO, MBO, MBI)",2026-02-26,Divestiture,7.3,False,,0,0,https://mergr.com/company/256104,2026-09-04T01:37:49Z
840,Altus Capital Partners,Connecticut,156425,MGC Diagnostics,Medical Products,"Saint Paul, Minnesota, United States",2017-11-27,Going Private,2022-11-29,Divestiture,5,False,37,1,0,https://mergr.com/company/156425,2026-09-04T01:37:49Z
840,Altus Capital Partners,Connecticut,235690,MAX Environmental,Environmental,"Pittsburgh, Pennsylvania, United States",2017-02-07,"Buyout (LBO, MBO, MBI)",,,9.5,True,,1,0,https://mergr.com/company/235690,2026-09-04T01:37:49Z
840,Altus Capital Partners,Connecticut,216841,Nichols Portland,Manufacturing,"Portland, Maine, United States",2016-03-10,Divestiture,,,10.4,True,,2,0,https://mergr.com/company/216841,2026-09-04T01:37:49Z
840,Altus Capital Partners,Connecticut,13908,GED,Machinery,"Glenwillow, Ohio, United States",2015-06-11,Secondary Buyout,2020-03-06,Trade Sale - Public Company,4.7,False,,0,0,https://mergr.com/company/13908,2026-09-04T01:37:49Z
840,Altus Capital Partners,Connecticut,108789,"Prism Plastics, Inc.",Plastics,"Chesterfield, Michigan, United States",2014-06-26,"Buyout (LBO, MBO, MBI)",2017-04-03,Divestiture,2.8,False,,1,0,https://mergr.com/company/108789,2026-09-04T01:37:49Z
840,Altus Capital Partners,Connecticut,31656,"Rocla Concrete Tie, Inc.",Building Materials,"Denver, Colorado, United States",2013-05-09,Secondary Buyout,2016-12-05,Divestiture,3.5,False,88,1,0,https://mergr.com/company/31656,2026-09-04T01:37:49Z
840,Altus Capital Partners,Connecticut,15546,Gulf Coast Machine & Supply Co.,Manufacturing,"Beaumont, Texas, United States",2012-10-16,Secondary Buyout,2017-06-10,Divestiture,4.6,False,,0,0,https://mergr.com/company/15546,2026-09-04T01:37:49Z
840,Altus Capital Partners,Connecticut,29846,International Imaging Materials,Manufacturing,"Amherst, New York, United States",2012-06-06,Secondary Buyout,2018-12-11,Trade Sale - Public Company,6.5,False,,1,0,https://mergr.com/company/29846,2026-09-04T01:37:49Z
840,Altus Capital Partners,Connecticut,30680,"Models & Tools, Inc.",Aerospace,"Shelby Township, Michigan, United States",2011-11-15,"Buyout (LBO, MBO, MBI)",2016-07-12,Unknown,4.6,False,,0,0,https://mergr.com/company/30680,2026-09-04T01:37:49Z
840,Altus Capital Partners,Connecticut,12365,"The D.S. Brown Co., Inc.",Building Materials,"North Baltimore, Ohio, United States",2008-09-02,"Buyout (LBO, MBO, MBI)",2011-04-04,Divestiture,2.6,False,,0,0,https://mergr.com/company/12365,2026-09-04T01:37:49Z
840,Altus Capital Partners,Connecticut,6663,"Gichner Shelter Systems, Inc.",Building Materials,"Dallastown, Pennsylvania, United States",2007-08-22,"Buyout (LBO, MBO, MBI)",2010-05-10,Divestiture,2.7,False,,0,0,https://mergr.com/company/6663,2026-09-04T01:37:49Z
840,Altus Capital Partners,Connecticut,11533,"Thermafiber, Inc.",Building Materials,"Wabash, Indiana, United States",2007-08-22,Divestiture,2013-06-03,Divestiture,5.8,False,,0,0,https://mergr.com/company/11533,2026-09-04T01:37:49Z
840,Altus Capital Partners,Connecticut,6669,Brillcast Manufacturing LLC,Metals/Mining,"Wyoming, Michigan, United States",2006-04-28,Secondary Buyout,2013-09-17,Merger,7.3,False,,0,0,https://mergr.com/company/6669,2026-09-04T01:37:49Z
840,Altus Capital Partners,Connecticut,13117,"Magnatech International, Inc.",Machinery,"Robesonia, Pennsylvania, United States",2006-04-08,"Buyout (LBO, MBO, MBI)",2008-05-23,Trade Sale - Public Company,2.1,False,,0,0,https://mergr.com/company/13117,2026-09-04T01:37:49Z
840,Altus Capital Partners,Connecticut,6667,Aqua-Chem,Manufacturing,"Knoxville, Tennessee, United States",2006-02-01,"Buyout (LBO, MBO, MBI)",2014-08-28,Trade Sale - Public Company,8.5,False,,2,0,https://mergr.com/company/6667,2026-09-04T01:37:49Z
840,Altus Capital Partners,Connecticut,1945,Thomson Plastics,Plastics,"Thomson, Georgia, United States",2005-04-01,Recapitalization,2025-12-09,Divestiture,20.7,False,,0,0,https://mergr.com/company/1945,2026-09-04T01:37:49Z
840,Altus Capital Partners,Connecticut,27437,Mistras,Business Services,"Princeton Junction, New Jersey, United States",2003-08-01,Stake Purchase,2009-10-01,IPO,6.2,False,724,5,0,https://mergr.com/company/27437,2026-09-04T01:37:49Z
119,Clearview Capital,Connecticut,346445,Loss Prevention Services,Financial Services,"Natchez, Mississippi, United States",2025-01-29,Recapitalization,,,1.6,True,,0,0,https://mergr.com/company/346445,2026-09-04T01:37:49Z
119,Clearview Capital,Connecticut,322452,AdCellerant,Marketing,"Denver, Colorado, United States",2024-01-29,Growth Capital,,,2.6,True,,1,0,https://mergr.com/company/322452,2026-09-04T01:37:49Z
119,Clearview Capital,Connecticut,322496,Inventive,Manufacturing,"Mountain Home, Idaho, United States",2023-05-18,Recapitalization,,,3.3,True,,0,0,https://mergr.com/company/322496,2026-09-04T01:37:49Z
119,Clearview Capital,Connecticut,322504,Capitol Services,Business Services,"Austin, Texas, United States",2023-04-26,Growth Capital,,,3.3,True,,0,0,https://mergr.com/company/322504,2026-09-04T01:37:49Z
119,Clearview Capital,Connecticut,270959,Insight 2 Design,Consumer Products,"Overland Park, Kansas, United States",2021-11-30,Recapitalization,,,4.8,True,,0,0,https://mergr.com/company/270959,2026-09-04T01:37:49Z
119,Clearview Capital,Connecticut,290649,Next Net Media,Marketing,"Saint Petersburg, Florida, United States",2021-09-03,Growth Capital,,,5,True,,1,0,https://mergr.com/company/290649,2026-09-04T01:37:49Z
119,Clearview Capital,Connecticut,289584,LTC Ally,Business Services,"Lakewood, New Jersey, United States",2021-08-09,Recapitalization,,,5,True,,0,0,https://mergr.com/company/289584,2026-09-04T01:37:49Z
119,Clearview Capital,Connecticut,288118,Barcode,Marketing,"Bentonville, Arkansas, United States",2021-07-15,Recapitalization,,,5.1,True,,2,0,https://mergr.com/company/288118,2026-09-04T01:37:49Z
119,Clearview Capital,Connecticut,280385,MBI Industrial Medicine,Healthcare Services,"Phoenix, Arizona, United States",2020-12-18,Recapitalization,,,5.7,True,,2,1,https://mergr.com/company/280385,2026-09-04T01:37:49Z
119,Clearview Capital,Connecticut,277891,Real Avid,Consumer Products,"Plymouth, Minnesota, United States",2020-10-30,Recapitalization,,,5.8,True,,1,0,https://mergr.com/company/277891,2026-09-04T01:37:49Z
119,Clearview Capital,Connecticut,277524,Capitol Imaging Services,Healthcare Services,"Metairie, Louisiana, United States",2020-10-21,Recapitalization,,,5.8,True,,2,0,https://mergr.com/company/277524,2026-09-04T01:37:49Z
119,Clearview Capital,Connecticut,272340,Workforce Solutions Greater Dallas,Business Services,"Dallas, Texas, United States",2019-05-31,"Buyout (LBO, MBO, MBI)",,,7.3,True,,0,0,https://mergr.com/company/272340,2026-09-04T01:37:49Z
119,Clearview Capital,Connecticut,252780,Apothecare,Life Science,"Brockton, Massachusetts, United States",2018-07-24,Recapitalization,2024-08-29,Divestiture,6.1,False,,0,0,https://mergr.com/company/252780,2026-09-04T01:37:49Z
119,Clearview Capital,Connecticut,250029,Community Medical Services,Healthcare Services,"Scottsdale, Arizona, United States",2018-04-06,"Buyout (LBO, MBO, MBI)",2021-12-21,Trade Sale - Public Company,3.7,False,,3,0,https://mergr.com/company/250029,2026-09-04T01:37:49Z
119,Clearview Capital,Connecticut,250030,UpSwell,Marketing,"Marietta, Georgia, United States",2018-02-27,"Buyout (LBO, MBO, MBI)",2026-03-31,Trade Sale - Public Company,8.1,False,,2,0,https://mergr.com/company/250030,2026-09-04T01:37:49Z
119,Clearview Capital,Connecticut,32037,Nielsen-Kellerman,Manufacturing,"Boothwyn, Pennsylvania, United States",2017-10-18,Secondary Buyout,2024-12-20,Secondary Sale,7.2,False,,1,0,https://mergr.com/company/32037,2026-09-04T01:37:49Z
119,Clearview Capital,Connecticut,272365,Vertikal Brands,Business Services,"Columbia, Missouri, United States",2017-08-31,"Buyout (LBO, MBO, MBI)",,,9,True,,2,0,https://mergr.com/company/272365,2026-09-04T01:37:49Z
119,Clearview Capital,Connecticut,234382,Orchard & Vineyard Supply,Retail,"McMinnville, Oregon, United States",2017-01-12,"Buyout (LBO, MBO, MBI)",,,9.6,True,,3,0,https://mergr.com/company/234382,2026-09-04T01:37:49Z
119,Clearview Capital,Connecticut,2655,Controlled Products,Consumer Products,"Dalton, Georgia, United States",2016-03-29,Secondary Buyout,2021-10-25,Trade Sale - Public Company,5.5,False,,1,0,https://mergr.com/company/2655,2026-09-04T01:37:49Z
119,Clearview Capital,Connecticut,189617,Advanced Medical Personnel Services (AMPS),Staffing,"Port Orange, Florida, United States",2015-06-04,"Buyout (LBO, MBO, MBI)",2019-04-30,Divestiture,3.8,False,140,1,0,https://mergr.com/company/189617,2026-09-04T01:37:49Z
119,Clearview Capital,Connecticut,172973,Xact Data Discovery,Information Technology,"Mission, Kansas, United States",2015-01-14,"Buyout (LBO, MBO, MBI)",2018-01-02,Trade Sale - Public Company,2.9,False,,2,0,https://mergr.com/company/172973,2026-09-04T01:37:49Z
119,Clearview Capital,Connecticut,253712,Elevation Labs,Consumer Products,"Idaho Falls, Idaho, United States",2014-04-10,Consolidation,2022-06-30,Trade Sale - Public Company,8.2,False,,2,0,https://mergr.com/company/253712,2026-09-04T01:37:49Z
119,Clearview Capital,Connecticut,212430,Novik,Building Materials,"St-Augustin-de-Desmaures, Quebec, Canada",2014-03-05,Going Private,,,12.4,True,,1,0,https://mergr.com/company/212430,2026-09-04T01:37:49Z
119,Clearview Capital,Connecticut,123049,St. Croix Hospice,Healthcare Services,"Oakdale, Minnesota, United States",2013-10-03,Recapitalization,2017-10-04,Trade Sale - Public Company,4,False,,1,0,https://mergr.com/company/123049,2026-09-04T01:37:49Z
119,Clearview Capital,Connecticut,202809,QC Supply,Distribution,"Schuyler, Nebraska, United States",2013-07-17,"Buyout (LBO, MBO, MBI)",2017-01-19,Trade Sale - Public Company,3.5,False,,4,0,https://mergr.com/company/202809,2026-09-04T01:37:49Z
119,Clearview Capital,Connecticut,34333,"Battenfeld Technologies, Inc.",Defense,"Columbia, Missouri, United States",2012-06-12,"Buyout (LBO, MBO, MBI)",2014-11-26,Divestiture,2.4,False,,2,0,https://mergr.com/company/34333,2026-09-04T01:37:49Z
119,Clearview Capital,Connecticut,34337,Civix,Software,"Metairie, Louisiana, United States",2011-12-30,"Buyout (LBO, MBO, MBI)",2017-12-21,Trade Sale - Public Company,5.9,False,,2,0,https://mergr.com/company/34337,2026-09-04T01:37:49Z
119,Clearview Capital,Connecticut,34341,Pediatric Health Choice,Healthcare Services,"Tampa, Florida, United States",2011-09-07,Secondary Buyout,2024-04-19,Unknown,12.6,False,,1,0,https://mergr.com/company/34341,2026-09-04T01:37:49Z
119,Clearview Capital,Connecticut,26916,Pyramid Healthcare,Healthcare Services,"Altoona, Pennsylvania, United States",2011-07-07,"Buyout (LBO, MBO, MBI)",2021-05-10,Trade Sale - Public Company,9.8,False,,8,0,https://mergr.com/company/26916,2026-09-04T01:37:49Z
119,Clearview Capital,Connecticut,290985,ResultsCX,Business Services,"Fort Lauderdale, Florida, United States",2010-12-17,"Buyout (LBO, MBO, MBI)",2015-11-01,Trade Sale - Public Company,4.8,False,,0,0,https://mergr.com/company/290985,2026-09-04T01:37:49Z
119,Clearview Capital,Connecticut,21998,Color Path Technologies,Manufacturing,"Trenton, North Carolina, United States",2009-04-13,"Buyout (LBO, MBO, MBI)",,,17.3,True,,0,0,https://mergr.com/company/21998,2026-09-04T01:37:49Z
119,Clearview Capital,Connecticut,13078,Entrust Solutions,Business Services,"Lisle, Illinois, United States",2009-04-01,"Buyout (LBO, MBO, MBI)",2012-04-30,Trade Sale - Public Company,3,False,,1,0,https://mergr.com/company/13078,2026-09-04T01:37:49Z
119,Clearview Capital,Connecticut,195246,QualSpec Group,Test/Measurement Equipment,"Deer Park, Texas, United States",2008-10-29,Growth Capital,2015-07-07,Divestiture,6.7,False,,2,0,https://mergr.com/company/195246,2026-09-04T01:37:49Z
119,Clearview Capital,Connecticut,13077,All Tech Inspection,Test/Measurement Equipment,"Corpus Christi, Texas, United States",2008-10-29,"Buyout (LBO, MBO, MBI)",,,17.8,True,,0,0,https://mergr.com/company/13077,2026-09-04T01:37:49Z
119,Clearview Capital,Connecticut,969,Air Cooled Exchangers,Manufacturing,"Broken Arrow, Oklahoma, United States",2007-07-29,Recapitalization,2012-12-31,Divestiture,5.4,False,,0,0,https://mergr.com/company/969,2026-09-04T01:37:49Z
119,Clearview Capital,Connecticut,970,Rowmark,Plastics,"Findlay, Ohio, United States",2006-12-31,"Buyout (LBO, MBO, MBI)",2013-10-02,Trade Sale - Public Company,6.8,False,,2,0,https://mergr.com/company/970,2026-09-04T01:37:49Z
119,Clearview Capital,Connecticut,971,Hettinger Welding,Construction,"Gillette, Wyoming, United States",2006-10-25,Recapitalization,2012-03-07,Bankruptcy,5.3,False,,2,0,https://mergr.com/company/971,2026-09-04T01:37:49Z
119,Clearview Capital,Connecticut,972,Twinco Romax,Automotive,"Medina, Minnesota, United States",2005-12-19,Recapitalization,2010-01-04,Trade Sale - Public Company,4,False,,0,0,https://mergr.com/company/972,2026-09-04T01:37:49Z
119,Clearview Capital,Connecticut,973,Active Day,Consumer Services,"Trevose, Pennsylvania, United States",2005-12-09,"Buyout (LBO, MBO, MBI)",2015-12-09,Trade Sale - Public Company,10,False,,16,0,https://mergr.com/company/973,2026-09-04T01:37:49Z
119,Clearview Capital,Connecticut,462,Hillsdale Furniture,Furniture,"Louisville, Kentucky, United States",2003-10-15,"Buyout (LBO, MBO, MBI)",2013-01-24,Trade Sale - Public Company,9.3,False,,0,0,https://mergr.com/company/462,2026-09-04T01:37:49Z
119,Clearview Capital,Connecticut,975,M.H. Zeigler & Sons,Beverages,"Lansdale, Pennsylvania, United States",2003-07-11,"Buyout (LBO, MBO, MBI)",2011-04-08,Divestiture,7.7,False,,0,0,https://mergr.com/company/975,2026-09-04T01:37:49Z
119,Clearview Capital,Connecticut,22000,American Furniture Manufacturing,Furniture,"Ecru, Mississippi, United States",2001-09-26,"Buyout (LBO, MBO, MBI)",2004-07-29,Trade Sale - Public Company,2.8,False,,0,0,https://mergr.com/company/22000,2026-09-04T01:37:49Z
119,Clearview Capital,Connecticut,273189,AZEK,Building Materials,"Chicago, Illinois, United States",2001-03-01,"Buyout (LBO, MBO, MBI)",2013-09-30,Trade Sale - Public Company,12.5,False,1441,0,0,https://mergr.com/company/273189,2026-09-04T01:37:49Z
119,Clearview Capital,Connecticut,21999,Via seating,Furniture,"Sparks, Nevada, United States",2000-06-01,Recapitalization,2005-09-26,Trade Sale - Public Company,5.3,False,,0,0,https://mergr.com/company/21999,2026-09-04T01:37:49Z
6666,Forward Consumer Partners,Connecticut,325233,Xochitl,Food,"Irving, Texas, United States",2024-05-21,Stake Purchase,,,2.3,True,,0,0,https://mergr.com/company/325233,2026-09-04T01:37:49Z
6666,Forward Consumer Partners,Connecticut,324113,Firehook,Food,"Chantilly, Virginia, United States",2024-04-15,"Buyout (LBO, MBO, MBI)",,,2.3,True,,0,0,https://mergr.com/company/324113,2026-09-04T01:37:49Z
5768,Peloton Equity,Connecticut,321217,OnPoint Healthcare Partners,Healthcare Services,"Irving, Texas, United States",2024-01-25,Growth Capital,,,2.6,True,,0,0,https://mergr.com/company/321217,2026-09-04T01:37:49Z
5768,Peloton Equity,Connecticut,310440,Grenova,Life Science,"Richmond, Virginia, United States",2022-03-21,Recapitalization,,,4.4,True,,0,0,https://mergr.com/company/310440,2026-09-04T01:37:49Z
5768,Peloton Equity,Connecticut,309861,Journey Health & Lifestyle,Consumer Products,"Richmond, Virginia, United States",2021-09-28,"Buyout (LBO, MBO, MBI)",,,4.9,True,,1,0,https://mergr.com/company/309861,2026-09-04T01:37:49Z
5768,Peloton Equity,Connecticut,240482,Friday Health Plans,Insurance,"Oklahoma City, Oklahoma, United States",2019-12-10,Growth Capital,2021-04-01,Trade Sale - Public Company,1.3,False,,0,0,https://mergr.com/company/240482,2026-09-04T01:37:49Z
5768,Peloton Equity,Connecticut,262847,AeroSafe Global,Transportation,"Rochester, New York, United States",2019-07-24,Growth Capital,,,7.1,True,,0,0,https://mergr.com/company/262847,2026-09-04T01:37:49Z
5768,Peloton Equity,Connecticut,264197,ClearSky Health,Healthcare Services,"Albuquerque, New Mexico, United States",2019-04-29,"Buyout (LBO, MBO, MBI)",,,7.3,True,,0,0,https://mergr.com/company/264197,2026-09-04T01:37:49Z
5768,Peloton Equity,Connecticut,272287,IDX,Software,"Beaverton, Oregon, United States",2016-08-18,Growth Capital,2021-12-20,Divestiture,5.3,False,,0,0,https://mergr.com/company/272287,2026-09-04T01:37:49Z
5768,Peloton Equity,Connecticut,46505,Arcadia,Information Technology,"Boston, Massachusetts, United States",2015-04-14,Growth Capital,,,11.3,True,,3,0,https://mergr.com/company/46505,2026-09-04T01:37:49Z
257,Hamilton Robinson Capital Partners,Connecticut,1436,Sani-Matic,Manufacturing,"Sun Prairie, Wisconsin, United States",2023-01-10,Secondary Buyout,,,3.6,True,,1,0,https://mergr.com/company/1436,2026-09-04T01:37:49Z
257,Hamilton Robinson Capital Partners,Connecticut,294827,Signal Control Products,Distribution,"Branchburg, New Jersey, United States",2022-01-11,Recapitalization,,,4.6,True,,0,0,https://mergr.com/company/294827,2026-09-04T01:37:49Z
257,Hamilton Robinson Capital Partners,Connecticut,216542,WorkforceQA,Business Services,"Salt Lake City, Utah, United States",2021-12-21,Recapitalization,,,4.7,True,,1,0,https://mergr.com/company/216542,2026-09-04T01:37:49Z
257,Hamilton Robinson Capital Partners,Connecticut,283744,Zone 4,Information Technology,"Orange, California, United States",2021-03-31,Recapitalization,,,5.4,True,,1,0,https://mergr.com/company/283744,2026-09-04T01:37:49Z
257,Hamilton Robinson Capital Partners,Connecticut,264749,Tanknology,Test/Measurement Equipment,"Austin, Texas, United States",2019-10-03,Recapitalization,2023-07-25,Divestiture,3.8,False,,2,0,https://mergr.com/company/264749,2026-09-04T01:37:49Z
257,Hamilton Robinson Capital Partners,Connecticut,27178,American Roller Company,Manufacturing,"Union Grove, Wisconsin, United States",2019-02-21,Secondary Buyout,2025-11-01,Trade Sale - Public Company,6.7,False,,1,0,https://mergr.com/company/27178,2026-09-04T01:37:49Z
257,Hamilton Robinson Capital Partners,Connecticut,259026,PNE,Business Services,"Longview, Washington, United States",2018-05-14,Recapitalization,2024-02-12,Trade Sale - Public Company,5.7,False,,0,0,https://mergr.com/company/259026,2026-09-04T01:37:49Z
257,Hamilton Robinson Capital Partners,Connecticut,245963,GrayMatter,Information Technology,"Warrendale, Pennsylvania, United States",2017-11-30,Recapitalization,2024-05-07,Trade Sale - Public Company,6.4,False,,3,0,https://mergr.com/company/245963,2026-09-04T01:37:49Z
257,Hamilton Robinson Capital Partners,Connecticut,243591,"Unifiller Systems, Inc.",Machinery,"Delta, British Columbia, Canada",2016-09-23,Recapitalization,2018-12-10,Divestiture,2.2,False,,0,0,https://mergr.com/company/243591,2026-09-04T01:37:49Z
257,Hamilton Robinson Capital Partners,Connecticut,20782,Custom Engineered Wheels,Manufacturing,"Baldwyn, Mississippi, United States",2016-04-29,"Buyout (LBO, MBO, MBI)",2026-07-14,Divestiture,10.2,False,,1,0,https://mergr.com/company/20782,2026-09-04T01:37:49Z
257,Hamilton Robinson Capital Partners,Connecticut,274964,Inspire Automation,Machinery,"Indianapolis, Indiana, United States",2015-11-01,"Buyout (LBO, MBO, MBI)",,,10.8,True,,2,0,https://mergr.com/company/274964,2026-09-04T01:37:49Z
257,Hamilton Robinson Capital Partners,Connecticut,76513,Sound Seal,Building Materials,"Agawam, Massachusetts, United States",2014-01-16,"Buyout (LBO, MBO, MBI)",2019-03-19,Trade Sale - Public Company,5.2,False,,3,0,https://mergr.com/company/76513,2026-09-04T01:37:49Z
257,Hamilton Robinson Capital Partners,Connecticut,199596,Horizon Bradco,Business Services,"Schenectady, New York, United States",2013-08-08,Recapitalization,2021-08-25,Divestiture,8,False,,4,0,https://mergr.com/company/199596,2026-09-04T01:37:49Z
257,Hamilton Robinson Capital Partners,Connecticut,31626,"W-Technology, Inc.",Electrical Equipment,"Houston, Texas, United States",2012-04-19,Recapitalization,2018-08-21,Divestiture,6.3,False,,0,0,https://mergr.com/company/31626,2026-09-04T01:37:49Z
257,Hamilton Robinson Capital Partners,Connecticut,2101,"MEGTEC Systems, Inc.",Machinery,"De Pere, Wisconsin, United States",2008-11-01,"Buyout (LBO, MBO, MBI)",2014-05-13,Divestiture,5.5,False,,1,0,https://mergr.com/company/2101,2026-09-04T01:37:49Z
257,Hamilton Robinson Capital Partners,Connecticut,13117,"Magnatech International, Inc.",Machinery,"Robesonia, Pennsylvania, United States",2006-04-08,"Buyout (LBO, MBO, MBI)",2008-05-23,Trade Sale - Public Company,2.1,False,,0,0,https://mergr.com/company/13117,2026-09-04T01:37:49Z
257,Hamilton Robinson Capital Partners,Connecticut,2097,"Black Clawson Converting Machinery, Inc.",Machinery,"Fulton, New York, United States",2005-03-31,"Buyout (LBO, MBO, MBI)",,,21.4,True,,0,0,https://mergr.com/company/2097,2026-09-04T01:37:49Z
257,Hamilton Robinson Capital Partners,Connecticut,2098,Davis-Standard,Machinery,"Pawcatuck, Connecticut, United States",2005-03-31,"Buyout (LBO, MBO, MBI)",2011-12-23,Trade Sale - Public Company,6.7,False,,2,0,https://mergr.com/company/2098,2026-09-04T01:37:49Z
257,Hamilton Robinson Capital Partners,Connecticut,2099,"The Fitzpatrick Company, Inc.",Life Science,"Elmhurst, Illinois, United States",2005-02-17,Stake Purchase,2010-11-02,Trade Sale - Public Company,5.7,False,,0,0,https://mergr.com/company/2099,2026-09-04T01:37:49Z
257,Hamilton Robinson Capital Partners,Connecticut,2477,GranQuartz Holdings LLC,Distribution,"Tucker, Georgia, United States",2004-01-30,Growth Capital,2008-07-07,Trade Sale - Public Company,4.4,False,,0,0,https://mergr.com/company/2477,2026-09-04T01:37:49Z
257,Hamilton Robinson Capital Partners,Connecticut,2096,All Island Media,Marketing,"Hauppauge, New York, United States",2003-09-17,"Buyout (LBO, MBO, MBI)",2010-11-04,Trade Sale - Public Company,7.1,False,,0,0,https://mergr.com/company/2096,2026-09-04T01:37:49Z
257,Hamilton Robinson Capital Partners,Connecticut,2100,"Lifestyle Media, Inc.",Publishing,"New York City, New York, United States",2003-09-08,"Buyout (LBO, MBO, MBI)",2006-08-16,Divestiture,2.9,False,,0,0,https://mergr.com/company/2100,2026-09-04T01:37:49Z
257,Hamilton Robinson Capital Partners,Connecticut,3121,"Trillion Digital Communications, Inc.",Communications,"Bessemer, Alabama, United States",2001-12-21,"Buyout (LBO, MBO, MBI)",,,24.7,True,,0,0,https://mergr.com/company/3121,2026-09-04T01:37:49Z
257,Hamilton Robinson Capital Partners,Connecticut,2797,"Dexter Magnetic Technologies, Inc.",Technology Hardware,"Elk Grove Village, Illinois, United States",2001-07-19,"Buyout (LBO, MBO, MBI)",2007-07-25,Trade Sale - Public Company,6,False,,0,0,https://mergr.com/company/2797,2026-09-04T01:37:49Z
257,Hamilton Robinson Capital Partners,Connecticut,20791,"Petreco International, Inc.",Energy Services and Equipment,"Houston, Texas, United States",2001-01-01,"Buyout (LBO, MBO, MBI)",2004-03-02,Divestiture,3.2,False,117,0,0,https://mergr.com/company/20791,2026-09-04T01:37:49Z
257,Hamilton Robinson Capital Partners,Connecticut,20790,Maloney Industries,Engineering,"Calgary, Alberta, Canada",1995-01-01,"Buyout (LBO, MBO, MBI)",1998-01-01,Trade Sale,3,False,,0,0,https://mergr.com/company/20790,2026-09-04T01:37:49Z
257,Hamilton Robinson Capital Partners,Connecticut,20792,Republic Realty Mortgage Corporation,Financial Services,"Horsham, Pennsylvania, United States",1992-01-01,"Buyout (LBO, MBO, MBI)",1995-01-01,Trade Sale,3,False,,0,0,https://mergr.com/company/20792,2026-09-04T01:37:49Z
257,Hamilton Robinson Capital Partners,Connecticut,20783,AGCO,Machinery,"Duluth, Georgia, United States",1990-01-01,"Buyout (LBO, MBO, MBI)",1992-01-01,IPO,2,False,10082,0,0,https://mergr.com/company/20783,2026-09-04T01:37:49Z
257,Hamilton Robinson Capital Partners,Connecticut,20788,"Maginnis and Associates, Inc.",Insurance,"Chicago, Illinois, United States",1989-01-01,"Buyout (LBO, MBO, MBI)",,,37.7,True,,0,0,https://mergr.com/company/20788,2026-09-04T01:37:49Z
257,Hamilton Robinson Capital Partners,Connecticut,20786,Galveston-Houston Company,Manufacturing,"Houston, Texas, United States",1987-01-01,"Buyout (LBO, MBO, MBI)",,,39.7,True,,0,0,https://mergr.com/company/20786,2026-09-04T01:37:49Z
1353,North Castle Partners,Connecticut,32560,NEST New York,Consumer Products,"New York, New York, United States",2022-11-07,Secondary Buyout,,,3.8,True,,0,0,https://mergr.com/company/32560,2026-09-04T01:37:49Z
1353,North Castle Partners,Connecticut,278258,Therabody,Consumer Products,"Los Angeles, California, United States",2022-09-20,Growth Capital,,,3.9,True,,0,0,https://mergr.com/company/278258,2026-09-04T01:37:49Z
1353,North Castle Partners,Connecticut,291013,Glow Recipe,Consumer Products,"New York, New York, United States",2021-10-01,Growth Capital,,,4.9,True,,0,0,https://mergr.com/company/291013,2026-09-04T01:37:49Z
1353,North Castle Partners,Connecticut,273072,Sparx Hockey,Consumer Products,"Acton, Massachusetts, United States",2020-06-09,Growth Capital,,,6.2,True,,1,0,https://mergr.com/company/273072,2026-09-04T01:37:49Z
1353,North Castle Partners,Connecticut,272598,Five Iron Golf,Leisure,"New York, New York, United States",2020-01-01,"Buyout (LBO, MBO, MBI)",,,6.7,True,,1,0,https://mergr.com/company/272598,2026-09-04T01:37:49Z
1353,North Castle Partners,Connecticut,43417,European Wax Center,Consumer Services,"Plano, Texas, United States",2020-01-01,Secondary Buyout,2021-08-05,IPO,1.6,False,207,0,0,https://mergr.com/company/43417,2026-09-04T01:37:49Z
1353,North Castle Partners,Connecticut,300242,BlueRoot Health,Consumer Products,"Middletown, Connecticut, United States",2020-01-01,Growth Capital,,,6.7,True,,0,0,https://mergr.com/company/300242,2026-09-04T01:37:49Z
1353,North Castle Partners,Connecticut,262497,CR Fitness,Consumer Services,"Wyckoff, New Jersey, United States",2019-07-11,Growth Capital,,,7.1,True,,0,0,https://mergr.com/company/262497,2026-09-04T01:37:49Z
1353,North Castle Partners,Connecticut,262496,Echelon Fitness,Consumer Products,"Chattanooga, Tennessee, United States",2019-07-11,Growth Capital,,,7.1,True,,2,0,https://mergr.com/company/262496,2026-09-04T01:37:49Z
1353,North Castle Partners,Connecticut,193889,Mack Weldon,Apparel/Textiles,"New York City, New York, United States",2019-07-01,Secondary Buyout,,,7.2,True,,0,0,https://mergr.com/company/193889,2026-09-04T01:37:49Z
1353,North Castle Partners,Connecticut,260127,Maya Kaimal Foods,Food,"Red Hook, New York, United States",2019-04-15,Growth Capital,,,7.3,True,,0,0,https://mergr.com/company/260127,2026-09-04T01:37:49Z
1353,North Castle Partners,Connecticut,272964,Windham Mountain Club,Leisure,"Windham, New York, United States",2018-12-28,"Buyout (LBO, MBO, MBI)",,,7.7,True,,0,0,https://mergr.com/company/272964,2026-09-04T01:37:49Z
1353,North Castle Partners,Connecticut,259889,VitaCup,Beverages,"San Diego, California, United States",2018-10-10,Growth Capital,,,7.8,True,,0,0,https://mergr.com/company/259889,2026-09-04T01:37:49Z
1353,North Castle Partners,Connecticut,272967,EncoreVet,Consumer Services,"Gansevoort, New York, United States",2018-01-01,"Buyout (LBO, MBO, MBI)",,,8.7,True,,0,0,https://mergr.com/company/272967,2026-09-04T01:37:49Z
1353,North Castle Partners,Connecticut,239364,Full Swing,Leisure,"Carlsbad, California, United States",2017-05-10,Growth Capital,2021-07-26,Trade Sale - Public Company,4.2,False,,0,0,https://mergr.com/company/239364,2026-09-04T01:37:49Z
1353,North Castle Partners,Connecticut,272975,Escape Game,Leisure,"Nashville, Tennessee, United States",2017-01-01,"Buyout (LBO, MBO, MBI)",,,9.7,True,,0,0,https://mergr.com/company/272975,2026-09-04T01:37:49Z
1353,North Castle Partners,Connecticut,272979,SLT,Consumer Services,"New York, New York, United States",2016-10-07,Growth Capital,,,9.8,True,,0,0,https://mergr.com/company/272979,2026-09-04T01:37:49Z
1353,North Castle Partners,Connecticut,272984,HydroMassage,Consumer Products,"Clearwater, Florida, United States",2016-04-01,Growth Capital,,,10.4,True,,0,0,https://mergr.com/company/272984,2026-09-04T01:37:49Z
1353,North Castle Partners,Connecticut,213556,Turnbridge,Healthcare Services,"New Haven, Connecticut, United States",2016-01-06,Growth Capital,,,10.6,True,,0,0,https://mergr.com/company/213556,2026-09-04T01:37:49Z
1353,North Castle Partners,Connecticut,206562,ProSupps USA,Consumer Products,"Plano, Texas, United States",2016-01-01,Secondary Buyout,,,10.7,True,,0,0,https://mergr.com/company/206562,2026-09-04T01:37:49Z
1353,North Castle Partners,Connecticut,272995,Barry’s,Consumer Services,"Los Angeles, California, United States",2015-07-28,Growth Capital,,,11.1,True,,0,0,https://mergr.com/company/272995,2026-09-04T01:37:49Z
1353,North Castle Partners,Connecticut,198469,"SmartyPants, Inc.",Consumer Products,"Marina Del Rey, California, United States",2015-07-27,Growth Capital,2020-11-25,Divestiture,5.3,False,,0,0,https://mergr.com/company/198469,2026-09-04T01:37:49Z
1353,North Castle Partners,Connecticut,115817,Sprout Organic Foods,Food,"Montvale, New Jersey, United States",2015-06-29,Growth Capital,2021-02-10,Divestiture,5.6,False,28,0,0,https://mergr.com/company/115817,2026-09-04T01:37:49Z
1353,North Castle Partners,Connecticut,272993,Brooklyn Boulders,Consumer Services,"Chicago, Illinois, United States",2015-01-01,"Buyout (LBO, MBO, MBI)",,,11.7,True,,0,0,https://mergr.com/company/272993,2026-09-04T01:37:49Z
1353,North Castle Partners,Connecticut,88917,"Doctor's Best, Inc.",Consumer Products,"San Clemente, California, United States",2014-01-14,"Buyout (LBO, MBO, MBI)",2016-06-15,Divestiture,2.4,False,,0,0,https://mergr.com/company/88917,2026-09-04T01:37:49Z
1353,North Castle Partners,Connecticut,17821,Jenny Craig,Consumer Services,"Carlsbad, California, United States",2013-11-07,Divestiture,2019-04-04,Trade Sale - Public Company,5.3,False,,0,0,https://mergr.com/company/17821,2026-09-04T01:37:49Z
1353,North Castle Partners,Connecticut,44049,Ignite USA LLC,Consumer Products,"Chicago, Illinois, United States",2013-04-04,"Buyout (LBO, MBO, MBI)",2014-07-21,Divestiture,1.3,False,,0,0,https://mergr.com/company/44049,2026-09-04T01:37:49Z
1353,North Castle Partners,Connecticut,51314,"Curves International, Inc.",Leisure,"Waco, Texas, United States",2012-09-11,"Buyout (LBO, MBO, MBI)",,,13.9,True,,0,0,https://mergr.com/company/51314,2026-09-04T01:37:49Z
1353,North Castle Partners,Connecticut,31222,Palladio Beauty Group LLC,Consumer Products,"Hollywood, Florida, United States",2012-04-18,"Buyout (LBO, MBO, MBI)",,,14.3,True,,0,0,https://mergr.com/company/31222,2026-09-04T01:37:49Z
1353,North Castle Partners,Connecticut,26169,Ibex Outdoor Clothing LLC,Apparel/Textiles,"White River Junction, Vermont, United States",2010-09-23,Growth Capital,,,15.9,True,,0,0,https://mergr.com/company/26169,2026-09-04T01:37:49Z
1353,North Castle Partners,Connecticut,26168,"Flatout, Inc.",Food,"Saline, Michigan, United States",2010-02-12,"Buyout (LBO, MBO, MBI)",2015-03-13,Divestiture,5.1,False,42,0,0,https://mergr.com/company/26168,2026-09-04T01:37:49Z
1353,North Castle Partners,Connecticut,11060,Mynd Spa & Salon,Consumer Services,"Stamford, Connecticut, United States",2010-01-01,"Buyout (LBO, MBO, MBI)",2020-03-19,Bankruptcy,10.2,False,,0,0,https://mergr.com/company/11060,2026-09-04T01:37:49Z
1353,North Castle Partners,Connecticut,26170,Mineral Fusion,Consumer Products,"Petaluma, California, United States",2010-01-01,"Buyout (LBO, MBO, MBI)",2017-07-03,Divestiture,7.5,False,,0,0,https://mergr.com/company/26170,2026-09-04T01:37:49Z
1353,North Castle Partners,Connecticut,11059,International Fitness Holdings,Consumer Services,"Calgary, Alberta, Canada",2008-03-14,Growth Capital,2014-09-03,Trade Sale - Public Company,6.4,False,,0,0,https://mergr.com/company/11059,2026-09-04T01:37:49Z
1353,North Castle Partners,Connecticut,11058,"Cascade Helmets Holdings, Inc.",Consumer Products,"Liverpool, New York, United States",2007-12-20,"Buyout (LBO, MBO, MBI)",2012-06-29,Divestiture,4.5,False,,0,0,https://mergr.com/company/11058,2026-09-04T01:37:49Z
1353,North Castle Partners,Connecticut,15977,Performance Bicycle,Retail,"Chico, California, United States",2007-07-03,"Buyout (LBO, MBO, MBI)",2016-08-17,Divestiture,9.1,False,,0,0,https://mergr.com/company/15977,2026-09-04T01:37:49Z
1353,North Castle Partners,Connecticut,11057,Simply Good Foods,Food,"Denver, Colorado, United States",2007-01-01,"Buyout (LBO, MBO, MBI)",2010-12-10,Trade Sale - Public Company,3.9,False,1451,0,0,https://mergr.com/company/11057,2026-09-04T01:37:49Z
1353,North Castle Partners,Connecticut,24495,Glo Skin Beauty,Consumer Products,"Denver, Colorado, United States",2006-01-01,"Buyout (LBO, MBO, MBI)",2013-04-02,Trade Sale - Public Company,7.3,False,,0,0,https://mergr.com/company/24495,2026-09-04T01:37:49Z
1353,North Castle Partners,Connecticut,19753,Octane Fitness LLC,Consumer Products,"Brooklyn Park, Minnesota, United States",2005-01-01,"Buyout (LBO, MBO, MBI)",2016-01-04,Divestiture,11,False,,0,0,https://mergr.com/company/19753,2026-09-04T01:37:49Z
1353,North Castle Partners,Connecticut,19756,"Avalon Natural Products, Inc.",Consumer Products,"Boulder, Colorado, United States",2005-01-01,"Buyout (LBO, MBO, MBI)",2007-01-11,Divestiture,2,False,40,0,0,https://mergr.com/company/19756,2026-09-04T01:37:49Z
1353,North Castle Partners,Connecticut,25325,CRC Health Corp.,Healthcare Services,"Cupertino, California, United States",2002-06-10,"Buyout (LBO, MBO, MBI)",2005-10-13,Trade Sale - Public Company,3.3,False,450,1,0,https://mergr.com/company/25325,2026-09-04T01:37:49Z
1353,North Castle Partners,Connecticut,1293,DDF Skincare,Consumer Products,"Cincinnati, Ohio, United States",2002-01-01,"Buyout (LBO, MBO, MBI)",2007-01-22,Divestiture,5,False,,0,0,https://mergr.com/company/1293,2026-09-04T01:37:49Z
1353,North Castle Partners,Connecticut,19759,"Grand Expeditions, Inc.",Leisure,"Clearwater, Florida, United States",2001-01-01,"Buyout (LBO, MBO, MBI)",2005-12-08,Trade Sale,4.9,False,,0,0,https://mergr.com/company/19759,2026-09-04T01:37:49Z
1353,North Castle Partners,Connecticut,21799,Equinox,Consumer Services,"New York, New York, United States",2000-12-17,"Buyout (LBO, MBO, MBI)",2005-12-05,Divestiture,4.9,False,,0,0,https://mergr.com/company/21799,2026-09-04T01:37:49Z
1353,North Castle Partners,Connecticut,19757,Naked Juice Co.,Beverages,"Monrovia, California, United States",2000-01-01,"Buyout (LBO, MBO, MBI)",2007-01-05,Divestiture,7,False,150,0,0,https://mergr.com/company/19757,2026-09-04T01:37:49Z
1353,North Castle Partners,Connecticut,19754,"Enzymatic Therapy, Inc.",Life Science,"Green Bay, Wisconsin, United States",2000-01-01,"Buyout (LBO, MBO, MBI)",2008-10-31,Divestiture,8.8,False,,0,0,https://mergr.com/company/19754,2026-09-04T01:37:49Z
1353,North Castle Partners,Connecticut,19761,"Experimental & Applied Sciences, Inc. (EAS)",Consumer Products,"Burlington, Ontario, Canada",1999-01-01,"Buyout (LBO, MBO, MBI)",2004-10-11,Divestiture,5.8,False,,0,0,https://mergr.com/company/19761,2026-09-04T01:37:49Z
1353,North Castle Partners,Connecticut,11061,"Leiner Health Products, Inc.",Medical Products,"Carson, California, United States",1997-01-01,"Buyout (LBO, MBO, MBI)",2004-04-21,Recapitalization,7.3,False,,0,0,https://mergr.com/company/11061,2026-09-04T01:37:49Z
1552,Charter Oak Equity,Connecticut,316236,CGA Holdings,Consumer Services,"Boca Raton, Florida, United States",2022-02-28,"Buyout (LBO, MBO, MBI)",,,4.5,True,,0,0,https://mergr.com/company/316236,2026-09-04T01:37:49Z
1552,Charter Oak Equity,Connecticut,274024,Chemres,Chemicals,"Princeton, New Jersey, United States",2019-01-30,Recapitalization,2021-08-05,Divestiture,2.5,False,,0,0,https://mergr.com/company/274024,2026-09-04T01:37:49Z
1552,Charter Oak Equity,Connecticut,274026,LicaFlex Packaging,Packaging,"Lachine, Quebec, Canada",2018-10-25,Recapitalization,,,7.8,True,,1,0,https://mergr.com/company/274026,2026-09-04T01:37:49Z
1552,Charter Oak Equity,Connecticut,263246,Smartcare,Internet Software and Services,"Las Vegas, Nevada, United States",2016-01-01,Growth Capital,2021-01-13,Divestiture,5,False,,1,0,https://mergr.com/company/263246,2026-09-04T01:37:49Z
1552,Charter Oak Equity,Connecticut,185449,Seaboard Box,Packaging,"Westminster, Massachusetts, United States",2014-08-13,"Buyout (LBO, MBO, MBI)",2022-03-14,Divestiture,7.6,False,,1,0,https://mergr.com/company/185449,2026-09-04T01:37:49Z
1552,Charter Oak Equity,Connecticut,88097,EiKO,Electrical Equipment,"Olathe, Kansas, United States",2013-11-07,Growth Capital,2018-06-13,Trade Sale - Public Company,4.6,False,,1,1,https://mergr.com/company/88097,2026-09-04T01:37:49Z
1552,Charter Oak Equity,Connecticut,51390,"The Crown Group, Inc.",Chemicals,"Warren, Michigan, United States",2013-05-10,"Buyout (LBO, MBO, MBI)",2017-07-20,Divestiture,4.2,False,,1,0,https://mergr.com/company/51390,2026-09-04T01:37:49Z
1552,Charter Oak Equity,Connecticut,34645,"CytoPherx, Inc.",Healthcare Services,"Ann Arbor, Michigan, United States",2011-11-15,Venture,,,14.8,True,,0,0,https://mergr.com/company/34645,2026-09-04T01:37:49Z
1552,Charter Oak Equity,Connecticut,16137,ShelterLogic,Consumer Products,"Watertown, Connecticut, United States",2011-09-16,Secondary Buyout,2018-06-22,Trade Sale - Public Company,6.8,False,,3,0,https://mergr.com/company/16137,2026-09-04T01:37:49Z
1552,Charter Oak Equity,Connecticut,27521,AxioMed Spine Corp.,Medical Products,"Garfield Heights, Ohio, United States",2010-10-25,Venture,2015-03-24,Divestiture,4.3,False,,0,0,https://mergr.com/company/27521,2026-09-04T01:37:49Z
1552,Charter Oak Equity,Connecticut,23300,CoMc LLC,Building Materials,"Omaha, Nebraska, United States",2010-02-10,Venture,,,16.5,True,,0,0,https://mergr.com/company/23300,2026-09-04T01:37:49Z
1552,Charter Oak Equity,Connecticut,27522,"Interactive Diagnostic Imaging, Inc.",Medical Products,"Atlanta, Georgia, United States",2010-01-01,Venture,,,16.7,True,,0,0,https://mergr.com/company/27522,2026-09-04T01:37:49Z
1552,Charter Oak Equity,Connecticut,20509,Brook & Whittle,Packaging,"Guilford, Connecticut, United States",2009-03-02,Recapitalization,2017-10-18,Trade Sale - Public Company,8.6,False,,1,0,https://mergr.com/company/20509,2026-09-04T01:37:49Z
1552,Charter Oak Equity,Connecticut,13470,Milwaukee Gear Co.,Machinery,"Milwaukee, Wisconsin, United States",2008-07-21,"Buyout (LBO, MBO, MBI)",2012-02-03,Divestiture,3.5,False,,1,0,https://mergr.com/company/13470,2026-09-04T01:37:49Z
1552,Charter Oak Equity,Connecticut,7465,Aylward Enterprises LLC,Machinery,"New Bern, North Carolina, United States",2007-02-22,"Buyout (LBO, MBO, MBI)",2010-01-01,Unknown,2.8,False,,0,0,https://mergr.com/company/7465,2026-09-04T01:37:49Z
1552,Charter Oak Equity,Connecticut,23299,Cirtec,Medical Products,"Brooklyn Park, Minnesota, United States",2007-01-01,"Buyout (LBO, MBO, MBI)",2010-12-01,Merger,3.9,False,,0,0,https://mergr.com/company/23299,2026-09-04T01:37:49Z
1552,Charter Oak Equity,Connecticut,29130,Advanced Metals Machining LLC,Aerospace,"Olyphant, Pennsylvania, United States",2007-01-01,"Buyout (LBO, MBO, MBI)",,,19.7,True,,0,0,https://mergr.com/company/29130,2026-09-04T01:37:49Z
1552,Charter Oak Equity,Connecticut,13471,Smart LLC (dba Smart Tuition),Software,"New York, New York, United States",2006-09-01,"Buyout (LBO, MBO, MBI)",,,20,True,,0,0,https://mergr.com/company/13471,2026-09-04T01:37:49Z
1552,Charter Oak Equity,Connecticut,29148,Space Optics Research Labs LLC,Electronics,"Chelmsford, Massachusetts, United States",2006-01-01,"Buyout (LBO, MBO, MBI)",2011-01-01,Unknown,5,False,,0,0,https://mergr.com/company/29148,2026-09-04T01:37:49Z
1552,Charter Oak Equity,Connecticut,34701,Revere Industries LLC,Manufacturing,"Clyde, Ohio, United States",2005-01-01,"Buyout (LBO, MBO, MBI)",2009-01-01,Unknown,4,False,,2,0,https://mergr.com/company/34701,2026-09-04T01:37:49Z
1552,Charter Oak Equity,Connecticut,27523,"Ovation Polymers, Inc.",Chemicals,"Medina, Ohio, United States",2004-01-01,Venture,,,22.7,True,,0,0,https://mergr.com/company/27523,2026-09-04T01:37:49Z
1552,Charter Oak Equity,Connecticut,23301,"Sinteris, Inc.",Automotive,"Blenheim, Ontario, Canada",2003-01-01,"Buyout (LBO, MBO, MBI)",,,23.7,True,,0,0,https://mergr.com/company/23301,2026-09-04T01:37:49Z
1552,Charter Oak Equity,Connecticut,21265,"Plastic Engineered Components, Inc.",Manufacturing,"Mattawan, Michigan, United States",2000-10-31,Secondary Buyout,,,25.8,True,,0,0,https://mergr.com/company/21265,2026-09-04T01:37:49Z
1552,Charter Oak Equity,Connecticut,29149,Orchid Stealth Orthopedic Solutions,Healthcare Services,"Holt, Michigan, United States",2000-01-01,"Buyout (LBO, MBO, MBI)",2005-02-01,Divestiture,5.1,False,,0,0,https://mergr.com/company/29149,2026-09-04T01:37:49Z
1552,Charter Oak Equity,Connecticut,29144,Ross Aluminum Castings LLC,Metals/Mining,"Sidney, Ohio, United States",2000-01-01,"Buyout (LBO, MBO, MBI)",2005-12-21,Spin Off,5.9,False,,0,0,https://mergr.com/company/29144,2026-09-04T01:37:49Z
1552,Charter Oak Equity,Connecticut,34693,MPP,Manufacturing,"Fishers, Indiana, United States",1998-01-01,"Buyout (LBO, MBO, MBI)",2005-01-01,Unknown,7,False,,0,0,https://mergr.com/company/34693,2026-09-04T01:37:49Z
1552,Charter Oak Equity,Connecticut,34689,Metachem Products LLC,Chemicals,"Newark, Delaware, United States",1998-01-01,"Buyout (LBO, MBO, MBI)",2002-01-01,Unknown,4,False,,0,0,https://mergr.com/company/34689,2026-09-04T01:37:49Z
1552,Charter Oak Equity,Connecticut,29140,ITM LLC,Manufacturing,"Grand Rapids, Michigan, United States",1998-01-01,"Buyout (LBO, MBO, MBI)",2001-01-01,Unknown,3,False,,0,0,https://mergr.com/company/29140,2026-09-04T01:37:49Z
1552,Charter Oak Equity,Connecticut,199841,Pasta Montana LLC,Food,"Great Falls, Montana, United States",1996-01-01,"Buyout (LBO, MBO, MBI)",2000-01-01,Unknown,4,False,,0,0,https://mergr.com/company/199841,2026-09-04T01:37:49Z
1552,Charter Oak Equity,Connecticut,34705,"Simcala, Inc.",Metals/Mining,"Mt. Meigs, Alabama, United States",1995-01-01,"Buyout (LBO, MBO, MBI)",1998-01-01,Unknown,3,False,,0,0,https://mergr.com/company/34705,2026-09-04T01:37:49Z
1552,Charter Oak Equity,Connecticut,34709,"Titan Plastics Group, Inc.",Automotive,"Kalamazoo, Michigan, United States",1995-01-01,"Buyout (LBO, MBO, MBI)",2005-01-01,Spin Off,10,False,,0,0,https://mergr.com/company/34709,2026-09-04T01:37:49Z
1552,Charter Oak Equity,Connecticut,29133,"Brass Eagle, Inc.",Consumer Products,"Bentonville, Arkansas, United States",1995-01-01,"Buyout (LBO, MBO, MBI)",1997-11-26,IPO,2.8,False,,0,0,https://mergr.com/company/29133,2026-09-04T01:37:49Z
1552,Charter Oak Equity,Connecticut,29151,"York Insurance Services Group, Inc.",Financial Services,"Portland, Maine, United States",1994-01-01,"Buyout (LBO, MBO, MBI)",1997-01-01,Unknown,3,False,,0,0,https://mergr.com/company/29151,2026-09-04T01:37:49Z
1552,Charter Oak Equity,Connecticut,223136,Daisy Outdoor Products,Consumer Products,"Rogers, Arkansas, United States",1993-07-01,"Buyout (LBO, MBO, MBI)",2016-07-01,Divestiture,23,False,,0,0,https://mergr.com/company/223136,2026-09-04T01:37:49Z
1552,Charter Oak Equity,Connecticut,27525,"Globe Tool and Manufacturing, Inc.",Healthcare Services,"Minneapolis, Minnesota, United States",1992-01-01,"Buyout (LBO, MBO, MBI)",2002-07-21,Divestiture,10.5,False,,0,0,https://mergr.com/company/27525,2026-09-04T01:37:49Z
1465,KarpReilly,Connecticut,292190,True linkswear,Apparel/Textiles,"Tacoma, Washington, United States",2021-11-04,Growth Capital,,,4.8,True,,0,0,https://mergr.com/company/292190,2026-09-04T01:37:49Z
1465,KarpReilly,Connecticut,280424,Peels,Consumer Products,"Los Angeles, California, United States",2021-01-07,Growth Capital,,,5.6,True,,0,0,https://mergr.com/company/280424,2026-09-04T01:37:49Z
1465,KarpReilly,Connecticut,307611,Christy Dawn,Apparel/Textiles,"Los Angeles, California, United States",2018-02-16,Growth Capital,,,8.5,True,,0,0,https://mergr.com/company/307611,2026-09-04T01:37:49Z
1465,KarpReilly,Connecticut,269942,Koia,Beverages,"Los Angeles, California, United States",2017-07-17,Venture,,,9.1,True,,0,0,https://mergr.com/company/269942,2026-09-04T01:37:49Z
1465,KarpReilly,Connecticut,224218,LifeAID,Beverages,"Santa Cruz, California, United States",2016-07-21,Growth Capital,,,10.1,True,,0,0,https://mergr.com/company/224218,2026-09-04T01:37:49Z
1465,KarpReilly,Connecticut,28383,Zola,Beverages,"San Francisco, California, United States",2016-02-10,"Buyout (LBO, MBO, MBI)",,,10.5,True,,0,0,https://mergr.com/company/28383,2026-09-04T01:37:49Z
1465,KarpReilly,Connecticut,177576,Stio,Apparel/Textiles,"Jackson, Wyoming, United States",2014-08-05,Growth Capital,,,12,True,,0,0,https://mergr.com/company/177576,2026-09-04T01:37:49Z
1465,KarpReilly,Connecticut,56874,Sprinkles Cupcakes,Food,"Beverly Hills, California, United States",2013-01-17,"Buyout (LBO, MBO, MBI)",,,13.6,True,,0,0,https://mergr.com/company/56874,2026-09-04T01:37:49Z
1465,KarpReilly,Connecticut,56990,EbLens,Retail,"Torrington, Connecticut, United States",2012-11-22,Growth Capital,2017-07-18,Trade Sale - Public Company,4.6,False,,0,0,https://mergr.com/company/56990,2026-09-04T01:37:49Z
1465,KarpReilly,Connecticut,11613,Miller's Ale House,Restaurants,"Orlando, Florida, United States",2012-10-09,"Buyout (LBO, MBO, MBI)",2013-07-22,Trade Sale - Public Company,0.8,False,,0,0,https://mergr.com/company/11613,2026-09-04T01:37:49Z
1465,KarpReilly,Connecticut,32462,"KeVita, Inc.",Beverages,"Ventura, California, United States",2012-09-10,Venture,2016-11-22,Divestiture,4.2,False,,0,0,https://mergr.com/company/32462,2026-09-04T01:37:49Z
1465,KarpReilly,Connecticut,32471,XS Cargo,Retail,"Edmonton, Alberta, Canada",2011-05-26,"Buyout (LBO, MBO, MBI)",2014-07-30,Bankruptcy,3.2,False,,0,0,https://mergr.com/company/32471,2026-09-04T01:37:49Z
1465,KarpReilly,Connecticut,29921,Burger Lounge,Restaurants,"La Jolla, California, United States",2011-04-18,Growth Capital,,,15.3,True,,0,0,https://mergr.com/company/29921,2026-09-04T01:37:49Z
1465,KarpReilly,Connecticut,29920,Adrianna Papell,Apparel/Textiles,"New York, New York, United States",2010-11-04,Growth Capital,2026-03-03,Trade Sale - Public Company,15.3,False,,0,0,https://mergr.com/company/29920,2026-09-04T01:37:49Z
1465,KarpReilly,Connecticut,24572,Cafe Zupas,Franchising,"Phoenix, Arizona, United States",2009-08-13,Growth Capital,,,17,True,,0,0,https://mergr.com/company/24572,2026-09-04T01:37:49Z
1465,KarpReilly,Connecticut,11618,Trina Turk,Apparel/Textiles,"Alhambra, California, United States",2008-07-29,"Buyout (LBO, MBO, MBI)",,,18.1,True,,0,0,https://mergr.com/company/11618,2026-09-04T01:37:49Z
1465,KarpReilly,Connecticut,267907,Habit Burger Grill,Restaurants,"Irvine, California, United States",2007-10-05,"Buyout (LBO, MBO, MBI)",2020-01-06,Divestiture,12.3,False,,0,0,https://mergr.com/company/267907,2026-09-04T01:37:49Z
1465,KarpReilly,Connecticut,11620,"Z’Tejas, Inc.",Restaurants,"Scottsdale, Arizona, United States",2007-05-09,"Buyout (LBO, MBO, MBI)",2015-07-23,Bankruptcy,8.2,False,,0,0,https://mergr.com/company/11620,2026-09-04T01:37:49Z
1465,KarpReilly,Connecticut,11610,S.B. Restaurant Co. Inc.,Restaurants,"Costa Mesa, California, United States",2007-01-01,"Buyout (LBO, MBO, MBI)",2014-06-17,Bankruptcy,7.4,False,,0,0,https://mergr.com/company/11610,2026-09-04T01:37:49Z
1465,KarpReilly,Connecticut,11609,Comark,Retail,"Mississauga, Ontario, Canada",2005-02-07,"Buyout (LBO, MBO, MBI)",2015-08-20,Trade Sale - Public Company,10.5,False,,0,0,https://mergr.com/company/11609,2026-09-04T01:37:49Z
1465,KarpReilly,Connecticut,11607,Bob's Discount Furniture,Retail,"Manchester, Connecticut, United States",2005-01-31,Recapitalization,2013-12-30,Trade Sale - Public Company,8.8,False,2368,0,0,https://mergr.com/company/11607,2026-09-04T01:37:49Z
1465,KarpReilly,Connecticut,13775,Cafe Rio,Restaurants,"Salt Lake City, Utah, United States",2004-12-01,"Buyout (LBO, MBO, MBI)",2017-09-07,Trade Sale - Public Company,12.8,False,,0,0,https://mergr.com/company/13775,2026-09-04T01:37:49Z
1465,KarpReilly,Connecticut,14796,"Spyder Active Sports, Inc.",Apparel/Textiles,"Boulder, Colorado, United States",2004-07-26,Secondary Buyout,2013-08-16,Divestiture,9,False,,0,0,https://mergr.com/company/14796,2026-09-04T01:37:49Z
1465,KarpReilly,Connecticut,29526,"Norcraft Companies, Inc.",Building Materials,"Eagan, Minnesota, United States",2003-10-22,Secondary Buyout,2013-10-09,IPO,9.9,False,376,0,0,https://mergr.com/company/29526,2026-09-04T01:37:49Z
749,Capricorn Holdings,Connecticut,287881,Turbopower,Business Services,"Opa-locka, Florida, United States",2021-07-14,"Buyout (LBO, MBO, MBI)",,,5.1,True,,0,0,https://mergr.com/company/287881,2026-09-04T01:37:49Z
749,Capricorn Holdings,Connecticut,32469,"iMapData, Inc.",Information Technology,"McLean, Vermont, United States",2012-07-09,Growth Capital,2015-12-01,Spin Off,3.3,False,,0,0,https://mergr.com/company/32469,2026-09-04T01:37:49Z
749,Capricorn Holdings,Connecticut,6137,SDI,Business Services,"Jacksonville, Florida, United States",2011-06-28,Recapitalization,2026-03-19,Trade Sale - Public Company,14.7,False,,0,0,https://mergr.com/company/6137,2026-09-04T01:37:49Z
749,Capricorn Holdings,Connecticut,24916,Academi,Defense,"Reston, Virginia, United States",2010-12-17,"Buyout (LBO, MBO, MBI)",2014-01-01,Spin Off,3,False,,1,0,https://mergr.com/company/24916,2026-09-04T01:37:49Z
749,Capricorn Holdings,Connecticut,5607,"Mrs. Fields Famous brands, Inc.",Restaurants,"Salt Lake City, Utah, United States",2007-03-21,PIPE,2008-10-24,Bankruptcy,1.6,False,,0,0,https://mergr.com/company/5607,2026-09-04T01:37:49Z
749,Capricorn Holdings,Connecticut,5608,Natco,Life Science,"Hyderabad, India",2003-03-01,"Buyout (LBO, MBO, MBI)",,,23.5,True,664,0,0,https://mergr.com/company/5608,2026-09-04T01:37:49Z
749,Capricorn Holdings,Connecticut,5605,Americana Foods Limited,Food,"Dallas, Texas, United States",2002-01-01,"Buyout (LBO, MBO, MBI)",2006-10-31,Bankruptcy,4.8,False,,0,0,https://mergr.com/company/5605,2026-09-04T01:37:49Z
749,Capricorn Holdings,Connecticut,4638,DynCorp International LLC,Business Services,"McLean, Virginia, United States",1998-01-01,"Buyout (LBO, MBO, MBI)",2003-01-01,Trade Sale,5,False,,0,0,https://mergr.com/company/4638,2026-09-04T01:37:49Z
749,Capricorn Holdings,Connecticut,5611,The WMF Group Ltd,Financial Services,"Vienna, Virginia, United States",1997-01-01,"Buyout (LBO, MBO, MBI)",2000-06-01,Divestiture,3.4,False,,0,0,https://mergr.com/company/5611,2026-09-04T01:37:49Z
749,Capricorn Holdings,Connecticut,5610,Whitestone Acquisition Corp.,Consumer Products,"Bloomington, Indiana, United States",1995-01-01,"Buyout (LBO, MBO, MBI)",2008-11-26,Divestiture,13.8,False,,0,0,https://mergr.com/company/5610,2026-09-04T01:37:49Z
749,Capricorn Holdings,Connecticut,19712,"NHP, Inc.",Real Estate,"Vienna, Virginia, United States",1990-01-01,"Buyout (LBO, MBO, MBI)",1997-01-01,Merger,7,False,,0,0,https://mergr.com/company/19712,2026-09-04T01:37:49Z
749,Capricorn Holdings,Connecticut,5609,Process Technology Holdings,Machinery,United States,1989-01-01,"Buyout (LBO, MBO, MBI)",1999-01-01,Trade Sale,10,False,,0,0,https://mergr.com/company/5609,2026-09-04T01:37:49Z
749,Capricorn Holdings,Connecticut,19711,"American Premier Holdings, Inc.",Metals/Mining,"Midvale, Utah, United States",1989-01-01,"Buyout (LBO, MBO, MBI)",1995-01-01,Trade Sale,6,False,,0,0,https://mergr.com/company/19711,2026-09-04T01:37:49Z
56,Brookside Equity Partners,Connecticut,281760,Greenix Pest Control,Consumer Services,"Orem, Utah, United States",2021-02-01,Growth Capital,,,5.6,True,,7,0,https://mergr.com/company/281760,2026-09-04T01:37:49Z
56,Brookside Equity Partners,Connecticut,326512,VmoAir,Business Services,"San Francisco, California, United States",2021-01-12,Consolidation,,,5.6,True,,0,0,https://mergr.com/company/326512,2026-09-04T01:37:49Z
56,Brookside Equity Partners,Connecticut,200929,Advanced Solutions International,Internet Software and Services,"Alexandria, Virginia, United States",2016-07-13,Growth Capital,,,10.1,True,,2,1,https://mergr.com/company/200929,2026-09-04T01:37:49Z
56,Brookside Equity Partners,Connecticut,47705,MarketCast,Information Services,"Culver City, California, United States",2014-11-20,Secondary Buyout,2016-10-25,Trade Sale - Public Company,1.9,False,,1,0,https://mergr.com/company/47705,2026-09-04T01:37:49Z
56,Brookside Equity Partners,Connecticut,172661,Tellermate,Technology Hardware,"Newport, United Kingdom",2014-08-25,Growth Capital,,,12,True,,0,0,https://mergr.com/company/172661,2026-09-04T01:37:49Z
56,Brookside Equity Partners,Connecticut,64214,John’s Incredible Pizza Co.,Restaurants,"Rancho Santa Margarita, California, United States",2013-07-31,Recapitalization,2015-09-08,Unknown,2.1,False,,0,0,https://mergr.com/company/64214,2026-09-04T01:37:49Z
56,Brookside Equity Partners,Connecticut,61462,Valterra Products,Manufacturing,"Mission Hills, California, United States",2013-07-16,Recapitalization,,,13.1,True,,0,0,https://mergr.com/company/61462,2026-09-04T01:37:49Z
56,Brookside Equity Partners,Connecticut,55914,"SummitReheis, Inc.",Chemicals,"Huguenot, New York, United States",2013-06-12,Secondary Buyout,2017-02-10,Divestiture,3.6,False,,0,0,https://mergr.com/company/55914,2026-09-04T01:37:49Z
56,Brookside Equity Partners,Connecticut,462,Hillsdale Furniture,Furniture,"Louisville, Kentucky, United States",2013-01-24,Secondary Buyout,,,13.6,True,,1,0,https://mergr.com/company/462,2026-09-04T01:37:49Z
56,Brookside Equity Partners,Connecticut,216944,Imagine Entertainment,Media,"Beverly Hills, California, United States",2013-01-23,Growth Capital,,,13.6,True,,1,0,https://mergr.com/company/216944,2026-09-04T01:37:49Z
56,Brookside Equity Partners,Connecticut,13078,Entrust Solutions,Business Services,"Lisle, Illinois, United States",2012-04-30,Secondary Buyout,2012-04-30,Trade Sale - Public Company,0,False,,0,0,https://mergr.com/company/13078,2026-09-04T01:37:49Z
56,Brookside Equity Partners,Connecticut,32619,GroupAero,Aerospace,"New York, New York, United States",2012-04-13,Recapitalization,2017-03-28,Bankruptcy,4.9,False,,0,0,https://mergr.com/company/32619,2026-09-04T01:37:49Z
56,Brookside Equity Partners,Connecticut,26888,Boot Barn,Retail,"Irvine, California, United States",2010-12-27,Growth Capital,2014-05-08,IPO,3.3,False,1911,1,0,https://mergr.com/company/26888,2026-09-04T01:37:49Z
56,Brookside Equity Partners,Connecticut,3168,Stadco,Aerospace,"Los Angeles, California, United States",2010-07-01,Secondary Buyout,,,16.2,True,,0,0,https://mergr.com/company/3168,2026-09-04T01:37:49Z
56,Brookside Equity Partners,Connecticut,3882,Engage2Excel,Business Services,"Mooresville, North Carolina, United States",2010-05-01,Secondary Buyout,2018-03-08,Trade Sale - Public Company,7.8,False,,2,0,https://mergr.com/company/3882,2026-09-04T01:37:49Z
56,Brookside Equity Partners,Connecticut,26883,"FWT, Inc.",Manufacturing,"Fort Worth, Texas, United States",2010-04-01,Recapitalization,,,16.4,True,,0,0,https://mergr.com/company/26883,2026-09-04T01:37:49Z
56,Brookside Equity Partners,Connecticut,13078,Entrust Solutions,Business Services,"Lisle, Illinois, United States",2009-04-01,"Buyout (LBO, MBO, MBI)",2012-04-30,Trade Sale - Public Company,3,False,,1,0,https://mergr.com/company/13078,2026-09-04T01:37:49Z
56,Brookside Equity Partners,Connecticut,13116,"Seal Industries, Inc.",Business Services,"Spring, Texas, United States",2009-03-09,"Buyout (LBO, MBO, MBI)",2017-01-04,Divestiture,7.8,False,,0,0,https://mergr.com/company/13116,2026-09-04T01:37:49Z
56,Brookside Equity Partners,Connecticut,26882,Hart Systems LLC,Business Services,"Hauppauge, New York, United States",2009-01-28,Recapitalization,2013-12-19,Divestiture,4.8,False,,0,0,https://mergr.com/company/26882,2026-09-04T01:37:49Z
56,Brookside Equity Partners,Connecticut,26886,Driven Brands,Franchising,"Charlotte, North Carolina, United States",2008-10-22,"Buyout (LBO, MBO, MBI)",2011-12-16,Trade Sale - Public Company,3.1,False,2340,0,0,https://mergr.com/company/26886,2026-09-04T01:37:49Z
56,Brookside Equity Partners,Connecticut,12805,Yellowstone Landscape,Business Services,"Bunnell, Florida, United States",2008-04-30,Recapitalization,2015-01-13,Trade Sale - Public Company,6.7,False,,2,0,https://mergr.com/company/12805,2026-09-04T01:37:49Z
56,Brookside Equity Partners,Connecticut,30426,SelectQuote,Insurance,"Overland Park, Kansas, United States",2008-01-01,Venture,2020-05-21,IPO,12.3,False,1527,0,0,https://mergr.com/company/30426,2026-09-04T01:37:49Z
56,Brookside Equity Partners,Connecticut,26880,BGSF,Staffing,"Dallas, Texas, United States",2007-10-01,"Buyout (LBO, MBO, MBI)",2014-04-29,IPO,6.5,False,93,5,0,https://mergr.com/company/26880,2026-09-04T01:37:49Z
56,Brookside Equity Partners,Connecticut,7832,"3D Medical Manufacturing, Inc. ",Medical Products,"Riviera Beach, Florida, United States",2007-06-01,"Buyout (LBO, MBO, MBI)",2014-08-22,Divestiture,7.2,False,,0,0,https://mergr.com/company/7832,2026-09-04T01:37:49Z
56,Brookside Equity Partners,Connecticut,3484,National Truck Protection,Insurance,"Winston-Salem, North Carolina, United States",2007-04-01,Growth Capital,2016-07-26,Trade Sale - Public Company,9.3,False,,0,0,https://mergr.com/company/3484,2026-09-04T01:37:49Z
56,Brookside Equity Partners,Connecticut,26887,Cardiff Holdings Corp.,Business Services,"East Greenwich, Rhode Island, United States",2006-11-15,"Buyout (LBO, MBO, MBI)",,,19.8,True,,0,2,https://mergr.com/company/26887,2026-09-04T01:37:49Z
56,Brookside Equity Partners,Connecticut,26878,Super Color Digital,Business Services,"Irvine, California, United States",2006-09-01,Recapitalization,,,20,True,,0,0,https://mergr.com/company/26878,2026-09-04T01:37:49Z
56,Brookside Equity Partners,Connecticut,6039,Sabre Industries,Electrical Equipment,"Alvarado, Texas, United States",2006-06-01,"Buyout (LBO, MBO, MBI)",2012-09-04,Trade Sale - Public Company,6.3,False,,0,0,https://mergr.com/company/6039,2026-09-04T01:37:49Z
56,Brookside Equity Partners,Connecticut,31389,Jet Direct Aviation LLC,Aerospace,"Berwyn, Pennsylvania, United States",2005-08-01,Acquisition Financing,2009-05-07,Bankruptcy,3.8,False,,0,0,https://mergr.com/company/31389,2026-09-04T01:37:49Z
56,Brookside Equity Partners,Connecticut,2539,Memry,Manufacturing,"Bethel, Connecticut, United States",2004-11-01,"Buyout (LBO, MBO, MBI)",2008-06-25,Divestiture,3.6,False,,0,0,https://mergr.com/company/2539,2026-09-04T01:37:49Z
56,Brookside Equity Partners,Connecticut,1306,Specified Air Solutions,Manufacturing,"Buffalo, New York, United States",2004-07-01,"Buyout (LBO, MBO, MBI)",,,22.2,True,,2,0,https://mergr.com/company/1306,2026-09-04T01:37:49Z
56,Brookside Equity Partners,Connecticut,13649,Champion Energy Corp.,Distribution,"New Rochelle, New York, United States",2004-06-01,Recapitalization,2010-05-10,Divestiture,5.9,False,,0,0,https://mergr.com/company/13649,2026-09-04T01:37:49Z
56,Brookside Equity Partners,Connecticut,38917,"Elkay Plastics, Inc. ",Plastics,"Commerce, California, United States",2003-12-01,Recapitalization,,,22.8,True,,0,0,https://mergr.com/company/38917,2026-09-04T01:37:49Z
56,Brookside Equity Partners,Connecticut,975,M.H. Zeigler & Sons,Beverages,"Lansdale, Pennsylvania, United States",2003-07-11,"Buyout (LBO, MBO, MBI)",2011-04-08,Divestiture,7.7,False,,0,0,https://mergr.com/company/975,2026-09-04T01:37:49Z
56,Brookside Equity Partners,Connecticut,22000,American Furniture Manufacturing,Furniture,"Ecru, Mississippi, United States",2001-09-26,"Buyout (LBO, MBO, MBI)",2004-07-29,Trade Sale - Public Company,2.8,False,,0,0,https://mergr.com/company/22000,2026-09-04T01:37:49Z
56,Brookside Equity Partners,Connecticut,296,PTC Therapeutics,Life Science,"Warren, New Jersey, United States",2001-09-19,Venture,2013-06-20,IPO,11.8,False,1731,0,0,https://mergr.com/company/296,2026-09-04T01:37:49Z
56,Brookside Equity Partners,Connecticut,273189,AZEK,Building Materials,"Chicago, Illinois, United States",2001-03-01,"Buyout (LBO, MBO, MBI)",2013-09-30,Trade Sale - Public Company,12.5,False,1441,0,0,https://mergr.com/company/273189,2026-09-04T01:37:49Z
56,Brookside Equity Partners,Connecticut,21999,Via seating,Furniture,"Sparks, Nevada, United States",2000-06-01,Recapitalization,2005-09-26,Trade Sale - Public Company,5.3,False,,0,0,https://mergr.com/company/21999,2026-09-04T01:37:49Z
56,Brookside Equity Partners,Connecticut,463,McKenzie Taxidermy Supply,Consumer Products,"Granite Quarry, North Carolina, United States",1999-10-01,"Buyout (LBO, MBO, MBI)",2003-10-07,Trade Sale - Public Company,4,False,,0,0,https://mergr.com/company/463,2026-09-04T01:37:49Z
56,Brookside Equity Partners,Connecticut,6051,Equitrac Corp.,Business Services,"Plantation, Florida, United States",1999-06-04,"Buyout (LBO, MBO, MBI)",2011-06-15,Divestiture,12,False,,0,0,https://mergr.com/company/6051,2026-09-04T01:37:49Z
1959,Compass Partners,Connecticut,270720,Precinmac Precision Machining,Manufacturing,"South Paris, Maine, United States",2020-04-02,Secondary Buyout,2024-10-14,Trade Sale - Public Company,4.5,False,,4,0,https://mergr.com/company/270720,2026-09-04T01:37:49Z
1959,Compass Partners,Connecticut,328632,Nautilus Integrated Solutions,Defense,"South Windham, Connecticut, United States",2019-07-25,Growth Capital,,,7.1,True,,0,0,https://mergr.com/company/328632,2026-09-04T01:37:49Z
297,IA Capital Group,Connecticut,270003,Omnidian,Renewable Energy,"Seattle, Washington, United States",2019-06-25,Venture,,,7.2,True,,2,0,https://mergr.com/company/270003,2026-09-04T01:37:49Z
297,IA Capital Group,Connecticut,251549,Advizr,Software,"New York, New York, United States",2017-06-22,Venture,2019-07-11,Divestiture,2,False,,0,0,https://mergr.com/company/251549,2026-09-04T01:37:49Z
297,IA Capital Group,Connecticut,251551,Sure,Insurance,"New York, New York, United States",2017-06-14,Venture,,,9.2,True,,0,0,https://mergr.com/company/251551,2026-09-04T01:37:49Z
297,IA Capital Group,Connecticut,251552,Wellthie,Internet Software and Services,"New York, New York, United States",2017-04-04,Venture,2021-01-15,Shut Down,3.8,False,,0,0,https://mergr.com/company/251552,2026-09-04T01:37:49Z
297,IA Capital Group,Connecticut,251556,Snapsheet,Information Technology,"Chicago, Illinois, United States",2016-10-14,Venture,,,9.8,True,,0,0,https://mergr.com/company/251556,2026-09-04T01:37:49Z
297,IA Capital Group,Connecticut,251555,SmartAsset,Information Technology,"New York, New York, United States",2016-09-08,Venture,,,9.9,True,,1,0,https://mergr.com/company/251555,2026-09-04T01:37:49Z
297,IA Capital Group,Connecticut,218401,LiftForward,Financial Services,"New York, New York, United States",2016-04-04,Venture,,,10.4,True,,0,0,https://mergr.com/company/218401,2026-09-04T01:37:49Z
297,IA Capital Group,Connecticut,218402,Marqeta,Financial Services,"Oakland, California, United States",2015-01-01,Venture,2021-06-08,IPO,6.4,False,625,0,0,https://mergr.com/company/218402,2026-09-04T01:37:49Z
297,IA Capital Group,Connecticut,218400,Crown Global Insurance Group,Insurance,"Wilmington, Delaware, United States",2015-01-01,Venture,,,11.7,True,,0,0,https://mergr.com/company/218400,2026-09-04T01:37:49Z
297,IA Capital Group,Connecticut,100137,Hamilton Insurance,Insurance,"Pembroke, Bermuda",2012-07-01,Growth Capital,2019-06-10,Stake Sale,6.9,False,2961,4,0,https://mergr.com/company/100137,2026-09-04T01:37:49Z
297,IA Capital Group,Connecticut,100053,Ceannate,Software,"Schaumburg, Illinois, United States",2011-09-24,"Buyout (LBO, MBO, MBI)",,,14.9,True,,0,0,https://mergr.com/company/100053,2026-09-04T01:37:49Z
297,IA Capital Group,Connecticut,28616,Credit Sesame,Internet Software and Services,"Mountain View, California, United States",2010-04-01,Venture,,,16.4,True,,1,0,https://mergr.com/company/28616,2026-09-04T01:37:49Z
297,IA Capital Group,Connecticut,16039,HedgeCo Networks,Financial Services,"West Palm Beach, Florida, United States",2008-05-01,Growth Capital,,,18.3,True,,0,0,https://mergr.com/company/16039,2026-09-04T01:37:49Z
297,IA Capital Group,Connecticut,24579,GovernanceMetrics,Business Services,"New York, New York, United States",2007-12-31,Stake Purchase,2014-06-27,Divestiture,6.4,False,,0,0,https://mergr.com/company/24579,2026-09-04T01:37:49Z
297,IA Capital Group,Connecticut,12080,TIO Networks Corp.,Internet Software and Services,"Vancouver, British Columbia, Canada",2007-12-17,PIPE,,,18.7,True,63,3,0,https://mergr.com/company/12080,2026-09-04T01:37:49Z
297,IA Capital Group,Connecticut,2491,"Red Vision Systems, Inc.",Software,"Parsippany, New Jersey, United States",2007-07-16,Venture,,,19.1,True,,0,0,https://mergr.com/company/2491,2026-09-04T01:37:49Z
297,IA Capital Group,Connecticut,1224,BOLT Solutions,Software,"New York City, New York, United States",2006-08-15,Venture,,,20,True,,0,0,https://mergr.com/company/1224,2026-09-04T01:37:49Z
297,IA Capital Group,Connecticut,2496,Homeowners of America,Insurance,"Irving, Texas, United States",2005-11-11,Venture,,,20.8,True,,0,0,https://mergr.com/company/2496,2026-09-04T01:37:49Z
297,IA Capital Group,Connecticut,14869,"Higher One Holdings, Inc.",Business Services,"New Haven, Connecticut, United States",2004-01-01,"Buyout (LBO, MBO, MBI)",2008-08-11,Trade Sale - Public Company,4.6,False,158,0,0,https://mergr.com/company/14869,2026-09-04T01:37:49Z
297,IA Capital Group,Connecticut,2485,Accupost Corp.,Business Services,"Littleton, Colorado, United States",2002-11-14,Stake Purchase,2004-08-31,Trade Sale,1.8,False,,0,0,https://mergr.com/company/2485,2026-09-04T01:37:49Z
297,IA Capital Group,Connecticut,13251,"NetSpend Holdings, Inc.",Financial Services,"Austin, Texas, United States",2001-12-20,Stake Purchase,2010-10-01,IPO,8.8,False,306,1,0,https://mergr.com/company/13251,2026-09-04T01:37:49Z
297,IA Capital Group,Connecticut,2490,"Plymouth Financial Company, Inc.",Financial Services,"Whippany, New Jersey, United States",2001-12-05,Venture,2006-01-25,Divestiture,4.1,False,,0,0,https://mergr.com/company/2490,2026-09-04T01:37:49Z
297,IA Capital Group,Connecticut,2493,"SafeRent, Inc.",Business Services,"Denver, Colorado, United States",2001-08-08,Venture,2002-11-05,Divestiture,1.2,False,,0,0,https://mergr.com/company/2493,2026-09-04T01:37:49Z
1390,High Road Capital Partners,Connecticut,261368,JHFOSTER,Distribution,"Eagan, Minnesota, United States",2019-06-04,"Buyout (LBO, MBO, MBI)",,,7.3,True,,4,0,https://mergr.com/company/261368,2026-09-04T01:37:49Z
1390,High Road Capital Partners,Connecticut,179448,Radix Wire & Cable,Electrical Equipment,"Glenwillow, Ohio, United States",2018-11-02,Secondary Buyout,2022-09-01,Trade Sale - Public Company,3.8,False,36,0,0,https://mergr.com/company/179448,2026-09-04T01:37:49Z
1390,High Road Capital Partners,Connecticut,83089,U-C Coatings,Forest Products,"Buffalo, New York, United States",2018-01-10,Secondary Buyout,,,8.6,True,,2,0,https://mergr.com/company/83089,2026-09-04T01:37:49Z
1390,High Road Capital Partners,Connecticut,32139,Exponential Power,Utilities,"Menomonee Falls, Wisconsin, United States",2017-05-23,Secondary Buyout,,,9.3,True,,4,0,https://mergr.com/company/32139,2026-09-04T01:37:49Z
1390,High Road Capital Partners,Connecticut,236133,Banner Solutions,Distribution,"Chicago, Illinois, United States",2017-02-14,"Buyout (LBO, MBO, MBI)",2019-11-14,Trade Sale - Public Company,2.8,False,,4,0,https://mergr.com/company/236133,2026-09-04T01:37:49Z
1390,High Road Capital Partners,Connecticut,196710,Cali,Building Materials,"San Diego, California, United States",2015-07-10,"Buyout (LBO, MBO, MBI)",2021-06-23,Divestiture,5.9,False,,0,0,https://mergr.com/company/196710,2026-09-04T01:37:49Z
1390,High Road Capital Partners,Connecticut,178267,York Wallcoverings,Consumer Products,"York, Pennsylvania, United States",2015-03-09,"Buyout (LBO, MBO, MBI)",2019-02-12,Recapitalization,3.9,False,,0,0,https://mergr.com/company/178267,2026-09-04T01:37:49Z
1390,High Road Capital Partners,Connecticut,78489,General Tools & Instruments LLC,Manufacturing,"Secaucus, New Jersey, United States",2014-02-07,"Buyout (LBO, MBO, MBI)",2021-02-01,Divestiture,6.9,False,68,2,0,https://mergr.com/company/78489,2026-09-04T01:37:49Z
1390,High Road Capital Partners,Connecticut,69610,SMB Machinery,Machinery,"Ball Ground, Georgia, United States",2013-10-18,"Buyout (LBO, MBO, MBI)",,,12.8,True,,0,0,https://mergr.com/company/69610,2026-09-04T01:37:49Z
1390,High Road Capital Partners,Connecticut,51390,"The Crown Group, Inc.",Chemicals,"Warren, Michigan, United States",2013-05-10,"Buyout (LBO, MBO, MBI)",2017-07-20,Divestiture,4.2,False,,1,0,https://mergr.com/company/51390,2026-09-04T01:37:49Z
1390,High Road Capital Partners,Connecticut,36481,All Integrated Solutions (AIS),Distribution,"Franksville, Wisconsin, United States",2012-12-06,"Buyout (LBO, MBO, MBI)",2018-04-30,Divestiture,5.3,False,66,2,0,https://mergr.com/company/36481,2026-09-04T01:37:49Z
1390,High Road Capital Partners,Connecticut,70593,"Bluespire, Inc.",Marketing,"Edina, Minnesota, United States",2012-11-15,"Buyout (LBO, MBO, MBI)",2021-02-25,Divestiture,8.3,False,,2,0,https://mergr.com/company/70593,2026-09-04T01:37:49Z
1390,High Road Capital Partners,Connecticut,3386,Handi Quilter,Consumer Products,"North Salt Lake, Utah, United States",2011-11-15,Secondary Buyout,2014-12-19,Divestiture,3.1,False,,0,0,https://mergr.com/company/3386,2026-09-04T01:37:49Z
1390,High Road Capital Partners,Connecticut,27487,"Dowden Health Media, Inc.",Marketing,"Montvale, New Jersey, United States",2010-12-22,Divestiture,,,15.7,True,,3,0,https://mergr.com/company/27487,2026-09-04T01:37:49Z
1390,High Road Capital Partners,Connecticut,27486,PANOS brands,Food,"Rochelle Park, New Jersey, United States",2010-12-20,Divestiture,2016-01-29,Trade Sale - Public Company,5.1,False,,1,0,https://mergr.com/company/27486,2026-09-04T01:37:49Z
1390,High Road Capital Partners,Connecticut,23246,Celco Controls,Technology Hardware,"Winnipeg, Manitoba, Canada",2010-03-02,"Buyout (LBO, MBO, MBI)",2022-12-14,Divestiture,12.8,False,,1,0,https://mergr.com/company/23246,2026-09-04T01:37:49Z
1390,High Road Capital Partners,Connecticut,13423,"Accentus, Inc.",Business Services,"Ottawa, Ontario, Canada",2009-03-25,"Buyout (LBO, MBO, MBI)",2012-12-04,Divestiture,3.7,False,,2,0,https://mergr.com/company/13423,2026-09-04T01:37:49Z
1390,High Road Capital Partners,Connecticut,13422,All Current,Distribution,"Moorestown, New Jersey, United States",2008-10-26,"Buyout (LBO, MBO, MBI)",2015-02-17,Trade Sale - Public Company,6.3,False,,1,0,https://mergr.com/company/13422,2026-09-04T01:37:49Z
1390,High Road Capital Partners,Connecticut,13470,Milwaukee Gear Co.,Machinery,"Milwaukee, Wisconsin, United States",2008-07-21,"Buyout (LBO, MBO, MBI)",2012-02-03,Divestiture,3.5,False,,1,0,https://mergr.com/company/13470,2026-09-04T01:37:49Z
2385,Starboard Capital Partners,Connecticut,270555,PursueCare,Internet Software and Services,"Middletown, Connecticut, United States",2019-01-18,Growth Capital,,,7.6,True,,0,0,https://mergr.com/company/270555,2026-09-04T01:37:49Z
2385,Starboard Capital Partners,Connecticut,252780,Apothecare,Life Science,"Brockton, Massachusetts, United States",2018-07-24,Recapitalization,2024-08-29,Divestiture,6.1,False,,0,0,https://mergr.com/company/252780,2026-09-04T01:37:49Z
2385,Starboard Capital Partners,Connecticut,193854,QDiscovery LLC,Information Technology,"New London, Connecticut, United States",2015-06-29,Growth Capital,2019-07-02,Divestiture,4,False,,0,0,https://mergr.com/company/193854,2026-09-04T01:37:49Z
2385,Starboard Capital Partners,Connecticut,26278,Brite-Line,Safety/Security,"Denver, Colorado, United States",2015-03-16,Secondary Buyout,,,11.4,True,,0,0,https://mergr.com/company/26278,2026-09-04T01:37:49Z
2385,Starboard Capital Partners,Connecticut,177107,PureRED,Marketing,"Stone Mountain, Georgia, United States",2011-10-20,"Buyout (LBO, MBO, MBI)",2025-02-18,Divestiture,13.3,False,,0,0,https://mergr.com/company/177107,2026-09-04T01:37:49Z
2385,Starboard Capital Partners,Connecticut,32626,Jersey Precast,Building Materials,"Hamilton Township, New Jersey, United States",2011-07-26,Growth Capital,,,15.1,True,,0,0,https://mergr.com/company/32626,2026-09-04T01:37:49Z
2385,Starboard Capital Partners,Connecticut,26459,"Lakeshore TolTest Corp., Inc.",Construction,"Detroit, Michigan, United States",2011-04-01,Recapitalization,2014-05-14,Bankruptcy,3.1,False,,0,0,https://mergr.com/company/26459,2026-09-04T01:37:49Z
2385,Starboard Capital Partners,Connecticut,27020,Morgan Contracting,Construction,"Knoxville, Tennessee, United States",2010-09-09,Recapitalization,2012-12-15,Merger,2.3,False,,0,0,https://mergr.com/company/27020,2026-09-04T01:37:49Z
2385,Starboard Capital Partners,Connecticut,25860,"Heat Transfer Products Group, LLC",Machinery,"Scottsboro, Alabama, United States",2010-07-09,Divestiture,2013-12-04,Divestiture,3.3,False,,0,0,https://mergr.com/company/25860,2026-09-04T01:37:49Z
2385,Starboard Capital Partners,Connecticut,3434,"WHI Solutions, Inc.",Information Technology,"Rye Brook, New York, United States",2009-08-03,"Buyout (LBO, MBO, MBI)",2012-05-18,Divestiture,2.8,False,,0,0,https://mergr.com/company/3434,2026-09-04T01:37:49Z
2385,Starboard Capital Partners,Connecticut,80785,"The Roberts Company, Inc.",Construction,"Winterville, North Carolina, United States",2008-05-01,Growth Capital,2015-12-04,Divestiture,7.6,False,,0,0,https://mergr.com/company/80785,2026-09-04T01:37:49Z
2385,Starboard Capital Partners,Connecticut,12946,ESP/SurgeX,Electrical Equipment,"Knightdale, North Carolina, United States",2008-01-11,"Buyout (LBO, MBO, MBI)",2016-02-05,Divestiture,8,False,40,1,0,https://mergr.com/company/12946,2026-09-04T01:37:49Z
2385,Starboard Capital Partners,Connecticut,3006,"Midasco, Inc.",Construction,"Elkridge, Maryland, United States",2006-01-01,Recapitalization,2011-06-10,Divestiture,5.4,False,,0,0,https://mergr.com/company/3006,2026-09-04T01:37:49Z
2385,Starboard Capital Partners,Connecticut,2590,Jan-pro,Franchising,"Alpharetta, Georgia, United States",2005-01-01,Recapitalization,2008-09-01,Merger,3.7,False,,0,0,https://mergr.com/company/2590,2026-09-04T01:37:49Z
3125,Tower Three Partners,Connecticut,252642,SteriCare Solutions,Medical Products,"Haltom City, Texas, United States",2018-07-18,Growth Capital,2023-01-05,Trade Sale - Public Company,4.4,False,,0,0,https://mergr.com/company/252642,2026-09-04T01:37:59Z
3125,Tower Three Partners,Connecticut,243132,Parterre Flooring Systems,Building Materials,"Mountville, Pennsylvania, United States",2017-09-06,Secondary Buyout,,,8.9,True,,0,0,https://mergr.com/company/243132,2026-09-04T01:37:59Z
3125,Tower Three Partners,Connecticut,155021,Vexus,Communications,"Lubbock, Texas, United States",2014-06-09,Going Private,2019-01-09,Divestiture,4.6,False,,0,0,https://mergr.com/company/155021,2026-09-04T01:37:59Z
3125,Tower Three Partners,Connecticut,6964,Heritage Golf Group,Leisure,"Carlsbad, California, United States",2014-04-08,Recapitalization,2020-02-10,Trade Sale - Public Company,5.8,False,,0,0,https://mergr.com/company/6964,2026-09-04T01:37:59Z
3125,Tower Three Partners,Connecticut,8010,Facet,Medical Products,"Atlanta, Georgia, United States",2011-01-18,Secondary Buyout,,,15.6,True,,0,0,https://mergr.com/company/8010,2026-09-04T01:37:59Z
3125,Tower Three Partners,Connecticut,29372,RH,Retail,"Corte Madera, California, United States",2008-06-17,Going Private,2012-11-01,IPO,4.3,False,3440,0,0,https://mergr.com/company/29372,2026-09-04T01:37:59Z
404,Oracle Investment Management,Connecticut,98961,"Transition Therapeutics, Inc.",Life Science,"Toronto, Ontario, Canada",2014-06-06,Stake Purchase,,,12.2,True,16,0,0,https://mergr.com/company/98961,2026-09-04T01:37:59Z
304,Ironwood Capital,Connecticut,280905,O'Donnell Metal Deck,Distribution,"Elkridge, Maryland, United States",2026-08-11,Secondary Buyout,,,0,True,,0,0,https://mergr.com/company/280905,2026-09-04T01:45:30Z
304,Ironwood Capital,Connecticut,346343,Diverse Logistics,Transportation,"Tampa, Florida, United States",2026-02-23,Growth Capital,,,0.5,True,,0,0,https://mergr.com/company/346343,2026-09-04T01:45:30Z
304,Ironwood Capital,Connecticut,26956,Specialty Bakers,Food,"Marysville, Pennsylvania, United States",2025-06-19,Secondary Buyout,,,1.2,True,,0,0,https://mergr.com/company/26956,2026-09-04T01:45:30Z
304,Ironwood Capital,Connecticut,267849,H3,Manufacturing,"Champaign, Illinois, United States",2025-02-27,Recapitalization,,,1.5,True,,1,0,https://mergr.com/company/267849,2026-09-04T01:45:30Z
304,Ironwood Capital,Connecticut,326869,Certified Aviation Services,Aerospace,"Ontario, California, United States",2024-07-15,Growth Capital,,,2.1,True,,0,0,https://mergr.com/company/326869,2026-09-04T01:45:30Z
304,Ironwood Capital,Connecticut,330735,Elite Equipment Rental,Business Services,"Roosevelt, Utah, United States",2024-05-20,Recapitalization,,,2.3,True,,1,0,https://mergr.com/company/330735,2026-09-04T01:45:30Z
304,Ironwood Capital,Connecticut,330750,John To Go,Business Services,"Ringwood, New Jersey, United States",2023-11-01,"Buyout (LBO, MBO, MBI)",,,2.8,True,,0,0,https://mergr.com/company/330750,2026-09-04T01:45:30Z
304,Ironwood Capital,Connecticut,299807,Espire Dental,Healthcare Services,"Denver, Colorado, United States",2023-08-16,Growth Capital,,,3,True,,1,0,https://mergr.com/company/299807,2026-09-04T01:45:30Z
304,Ironwood Capital,Connecticut,319409,Pinnacle Contracting Services,Construction,"Kernersville, North Carolina, United States",2023-03-01,Growth Capital,,,3.5,True,,1,0,https://mergr.com/company/319409,2026-09-04T01:45:30Z
304,Ironwood Capital,Connecticut,309820,Le Sueur,Metals/Mining,"Le Sueur, Minnesota, United States",2023-01-05,"Buyout (LBO, MBO, MBI)",,,3.6,True,,1,0,https://mergr.com/company/309820,2026-09-04T01:45:30Z
304,Ironwood Capital,Connecticut,305375,Caldera Manufacturing Group,Manufacturing,"Reading, Pennsylvania, United States",2022-09-28,Growth Capital,,,3.9,True,,1,0,https://mergr.com/company/305375,2026-09-04T01:45:30Z
304,Ironwood Capital,Connecticut,303091,Pro Disposal,Environmental,"Ridgeland, South Carolina, United States",2022-07-29,Growth Capital,2023-08-02,Divestiture,1,False,,0,0,https://mergr.com/company/303091,2026-09-04T01:45:30Z
304,Ironwood Capital,Connecticut,301993,Boston Carting Services,Environmental,"East Greenwich, Rhode Island, United States",2022-07-01,Growth Capital,2026-04-01,Divestiture,3.8,False,,0,0,https://mergr.com/company/301993,2026-09-04T01:45:30Z
304,Ironwood Capital,Connecticut,301792,Ironmark,Marketing,"Annapolis Junction, Maryland, United States",2022-06-22,Growth Capital,,,4.2,True,,3,0,https://mergr.com/company/301792,2026-09-04T01:45:30Z
304,Ironwood Capital,Connecticut,300099,Newbury Franklin Industrials,Manufacturing,"Newburyport, Massachusetts, United States",2022-05-17,Acquisition Financing,,,4.3,True,,0,0,https://mergr.com/company/300099,2026-09-04T01:45:30Z
304,Ironwood Capital,Connecticut,309867,Mid-West Textile,Apparel/Textiles,"El Paso, Texas, United States",2022-05-09,Growth Capital,,,4.3,True,,0,0,https://mergr.com/company/309867,2026-09-04T01:45:30Z
304,Ironwood Capital,Connecticut,309871,ICM Controls,Manufacturing,"Syracuse, New York, United States",2022-05-03,"Buyout (LBO, MBO, MBI)",,,4.3,True,,0,0,https://mergr.com/company/309871,2026-09-04T01:45:30Z
304,Ironwood Capital,Connecticut,309866,Hickory,Construction,"Granite Falls, North Carolina, United States",2022-04-25,Recapitalization,,,4.3,True,,0,0,https://mergr.com/company/309866,2026-09-04T01:45:30Z
304,Ironwood Capital,Connecticut,297298,Pith Products,Manufacturing,"Ashford, Connecticut, United States",2022-03-10,Growth Capital,,,4.4,True,,0,0,https://mergr.com/company/297298,2026-09-04T01:45:30Z
304,Ironwood Capital,Connecticut,294814,Page Publishing Consortium,Publishing,"Meadville, Pennsylvania, United States",2022-01-11,Growth Capital,,,4.6,True,,0,0,https://mergr.com/company/294814,2026-09-04T01:45:30Z
304,Ironwood Capital,Connecticut,327779,Standard Iron,Manufacturing,"Monticello, Minnesota, United States",2022-01-10,Growth Capital,,,4.6,True,,1,0,https://mergr.com/company/327779,2026-09-04T01:45:30Z
304,Ironwood Capital,Connecticut,309863,Tracked Lifts,Distribution,"York, Pennsylvania, United States",2021-11-30,Growth Capital,,,4.8,True,,0,0,https://mergr.com/company/309863,2026-09-04T01:45:30Z
304,Ironwood Capital,Connecticut,287502,Power Technologie,Utilities,"Temecula, California, United States",2021-07-08,Acquisition Financing,,,5.1,True,,1,0,https://mergr.com/company/287502,2026-09-04T01:45:30Z
304,Ironwood Capital,Connecticut,285296,Southern Design Companies,Construction,"Cumming, Georgia, United States",2021-05-12,Growth Capital,,,5.3,True,,0,0,https://mergr.com/company/285296,2026-09-04T01:45:30Z
304,Ironwood Capital,Connecticut,280269,Verdi Commerce,Consumer Services,"Garland, Texas, United States",2021-01-11,Growth Capital,,,5.6,True,,0,0,https://mergr.com/company/280269,2026-09-04T01:45:30Z
304,Ironwood Capital,Connecticut,31371,Alcom,Manufacturing,"Winslow, Maine, United States",2021-01-04,Secondary Buyout,,,5.7,True,,1,0,https://mergr.com/company/31371,2026-09-04T01:45:30Z
304,Ironwood Capital,Connecticut,178850,Cox Transportation Services,Transportation,"Ashland, Virginia, United States",2020-11-11,Recapitalization,,,5.8,True,,2,0,https://mergr.com/company/178850,2026-09-04T01:45:30Z
304,Ironwood Capital,Connecticut,301605,Cinterra,Construction,"Hope Mills, North Carolina, United States",2020-01-01,Growth Capital,,,6.7,True,,0,0,https://mergr.com/company/301605,2026-09-04T01:45:30Z
304,Ironwood Capital,Connecticut,269831,Groome Industrial Service Group,Business Services,"Denville, New Jersey, United States",2019-09-20,"Buyout (LBO, MBO, MBI)",2025-09-09,Trade Sale - Public Company,5.9,False,,4,0,https://mergr.com/company/269831,2026-09-04T01:45:30Z
304,Ironwood Capital,Connecticut,328632,Nautilus Integrated Solutions,Defense,"South Windham, Connecticut, United States",2019-07-25,Growth Capital,,,7.1,True,,0,0,https://mergr.com/company/328632,2026-09-04T01:45:30Z
304,Ironwood Capital,Connecticut,264825,Libra Industries,Manufacturing,"Dayton, Ohio, United States",2019-05-21,"Buyout (LBO, MBO, MBI)",,,7.3,True,,2,0,https://mergr.com/company/264825,2026-09-04T01:45:30Z
304,Ironwood Capital,Connecticut,260882,Uniloy,Machinery,"Tecumseh, Michigan, United States",2019-05-14,Divestiture,,,7.3,True,,1,0,https://mergr.com/company/260882,2026-09-04T01:45:30Z
304,Ironwood Capital,Connecticut,27178,American Roller Company,Manufacturing,"Union Grove, Wisconsin, United States",2019-02-21,Secondary Buyout,2025-11-01,Trade Sale - Public Company,6.7,False,,1,0,https://mergr.com/company/27178,2026-09-04T01:45:30Z
304,Ironwood Capital,Connecticut,254522,DSI Logistics,Transportation,"Brea, California, United States",2019-01-01,"Buyout (LBO, MBO, MBI)",2021-04-06,Divestiture,2.3,False,,0,0,https://mergr.com/company/254522,2026-09-04T01:45:30Z
304,Ironwood Capital,Connecticut,3127,Capewell Aerial Systems,Defense,"South Windsor, Connecticut, United States",2018-09-07,Secondary Buyout,,,7.9,True,,0,0,https://mergr.com/company/3127,2026-09-04T01:45:30Z
304,Ironwood Capital,Connecticut,346,Performance Team,Transportation,"Santa Fe Springs, California, United States",2018-07-31,Recapitalization,2020-04-02,Divestiture,1.7,False,,0,0,https://mergr.com/company/346,2026-09-04T01:45:30Z
304,Ironwood Capital,Connecticut,254923,P3 Services,Construction,"Auburn, Washington, United States",2018-07-01,Growth Capital,2022-01-26,Trade Sale - Public Company,3.5,False,,3,0,https://mergr.com/company/254923,2026-09-04T01:45:30Z
304,Ironwood Capital,Connecticut,251987,American Residuals Group,Environmental,"Arkansas, United States",2018-06-27,Growth Capital,,,8.2,True,,0,0,https://mergr.com/company/251987,2026-09-04T01:45:30Z
304,Ironwood Capital,Connecticut,162725,"Bush Industries, Inc.",Furniture,"Jamestown, New York, United States",2018-06-12,Growth Capital,2020-01-14,Divestiture,1.6,False,,0,0,https://mergr.com/company/162725,2026-09-04T01:45:30Z
304,Ironwood Capital,Connecticut,270653,Behold Home,Furniture,"Pontotoc, Mississippi, United States",2018-05-31,"Buyout (LBO, MBO, MBI)",,,8.3,True,,0,0,https://mergr.com/company/270653,2026-09-04T01:45:30Z
304,Ironwood Capital,Connecticut,157801,LRS,Environmental,"Rosemont, Illinois, United States",2017-12-18,Growth Capital,2021-10-22,Trade Sale - Public Company,3.8,False,,2,0,https://mergr.com/company/157801,2026-09-04T01:45:30Z
304,Ironwood Capital,Connecticut,78497,Blue Bell Mattress,Consumer Products,"East Windsor, Connecticut, United States",2017-12-12,Secondary Buyout,,,8.7,True,,1,0,https://mergr.com/company/78497,2026-09-04T01:45:30Z
304,Ironwood Capital,Connecticut,18845,Gemcity Engineering and Manufacturing,Manufacturing,"Dayton, Ohio, United States",2017-11-29,Secondary Buyout,2019-12-16,Spin Off,2,False,,0,0,https://mergr.com/company/18845,2026-09-04T01:45:30Z
304,Ironwood Capital,Connecticut,246758,IsoPlexis,Life Science,"Branford, Connecticut, United States",2017-11-28,Venture,,,8.8,True,17,0,0,https://mergr.com/company/246758,2026-09-04T01:45:30Z
304,Ironwood Capital,Connecticut,246755,Industrial Timber,Forest Products,"Charlotte, North Carolina, United States",2017-11-28,Growth Capital,,,8.8,True,,0,0,https://mergr.com/company/246755,2026-09-04T01:45:30Z
304,Ironwood Capital,Connecticut,246756,Momentum Manufacturing Group,Manufacturing,"Georgetown, Massachusetts, United States",2017-11-01,Growth Capital,2021-10-29,Trade Sale - Public Company,3.9,False,,3,0,https://mergr.com/company/246756,2026-09-04T01:45:30Z
304,Ironwood Capital,Connecticut,244101,HMS,Apparel/Textiles,"New York, New York, United States",2017-10-02,Recapitalization,,,8.9,True,,0,0,https://mergr.com/company/244101,2026-09-04T01:45:30Z
304,Ironwood Capital,Connecticut,59434,My Alarm Center,Safety/Security,"Newtown Square, Pennsylvania, United States",2017-07-19,Secondary Buyout,,,9.1,True,,0,0,https://mergr.com/company/59434,2026-09-04T01:45:30Z
304,Ironwood Capital,Connecticut,246757,Lewis Clark Recycling and Disposal LLC,Environmental,"Harrisburg, Illinois, United States",2017-01-24,"Buyout (LBO, MBO, MBI)",2019-05-10,Divestiture,2.3,False,,0,0,https://mergr.com/company/246757,2026-09-04T01:45:30Z
304,Ironwood Capital,Connecticut,80329,Merrill Industries,Packaging,"Ellington, Connecticut, United States",2017-01-20,Recapitalization,2023-11-16,Merger,6.8,False,,0,0,https://mergr.com/company/80329,2026-09-04T01:45:30Z
304,Ironwood Capital,Connecticut,222133,Consulting Solutions International,Information Technology,"Jacksonville, Florida, United States",2016-06-16,Recapitalization,,,10.2,True,,8,0,https://mergr.com/company/222133,2026-09-04T01:45:30Z
304,Ironwood Capital,Connecticut,213697,Paradigm Windows Solutions,Building Materials,"Portland, Maine, United States",2016-01-07,"Buyout (LBO, MBO, MBI)",,,10.6,True,,1,0,https://mergr.com/company/213697,2026-09-04T01:45:30Z
304,Ironwood Capital,Connecticut,206111,Air Temp Mechanical Services,Business Services,"Berlin, Connecticut, United States",2015-10-07,Growth Capital,2025-01-02,Divestiture,9.2,False,,4,0,https://mergr.com/company/206111,2026-09-04T01:45:30Z
304,Ironwood Capital,Connecticut,204046,Hobbs Bonded Fibers,Manufacturing,"Waco, Texas, United States",2015-08-25,"Buyout (LBO, MBO, MBI)",,,11,True,,0,0,https://mergr.com/company/204046,2026-09-04T01:45:30Z
304,Ironwood Capital,Connecticut,246765,Gold Medal Environmental,Environmental,"Egg Harbor Township, New Jersey, United States",2015-07-23,Growth Capital,2018-01-30,Trade Sale - Public Company,2.5,False,,3,0,https://mergr.com/company/246765,2026-09-04T01:45:30Z
304,Ironwood Capital,Connecticut,192702,Professional Rental Tools,Business Services,"Houston, Texas, United States",2015-06-03,Growth Capital,2023-10-02,Divestiture,8.3,False,,0,0,https://mergr.com/company/192702,2026-09-04T01:45:30Z
304,Ironwood Capital,Connecticut,168009,Denali,Environmental,"Russellville, Arkansas, United States",2014-10-31,Secondary Buyout,2020-01-23,Trade Sale - Public Company,5.2,False,,1,0,https://mergr.com/company/168009,2026-09-04T01:45:30Z
304,Ironwood Capital,Connecticut,136445,Pharmaceutic Litho & Label Co.,Business Services,"Simi Valley, California, United States",2014-10-15,Growth Capital,2023-06-15,Divestiture,8.7,False,,0,0,https://mergr.com/company/136445,2026-09-04T01:45:30Z
304,Ironwood Capital,Connecticut,11176,Flow Dry Technology,Manufacturing,"Brookville, Ohio, United States",2014-10-07,Growth Capital,2020-03-05,Divestiture,5.3,False,,0,0,https://mergr.com/company/11176,2026-09-04T01:45:30Z
304,Ironwood Capital,Connecticut,270649,Red River Waste Solutions,Environmental,"Dripping Springs, Texas, United States",2014-02-18,Recapitalization,2021-10-15,Bankruptcy,7.6,False,,0,0,https://mergr.com/company/270649,2026-09-04T01:45:30Z
304,Ironwood Capital,Connecticut,3123,Ripley Tools,Manufacturing,"Cromwell, Connecticut, United States",2014-02-03,Secondary Buyout,2022-07-28,Divestiture,8.4,False,,2,0,https://mergr.com/company/3123,2026-09-04T01:45:30Z
304,Ironwood Capital,Connecticut,96333,PremierXD LLC,Manufacturing,"Hauppauge, New York, United States",2014-01-21,Growth Capital,2015-08-18,Trade Sale - Public Company,1.5,False,,0,0,https://mergr.com/company/96333,2026-09-04T01:45:30Z
304,Ironwood Capital,Connecticut,171105,Elite One Source Nutrisciences,Consumer Products,"Chino, California, United States",2014-01-01,"Buyout (LBO, MBO, MBI)",2018-02-08,Divestiture,4.1,False,,2,0,https://mergr.com/company/171105,2026-09-04T01:45:30Z
304,Ironwood Capital,Connecticut,185421,BrandFX LLC,Automotive,"Fort Worth, Texas, United States",2013-08-30,Recapitalization,2019-11-06,Divestiture,6.2,False,80,1,0,https://mergr.com/company/185421,2026-09-04T01:45:30Z
304,Ironwood Capital,Connecticut,35073,Advanced Recycling Systems,Machinery,"Lowellville, Ohio, United States",2013-01-07,"Buyout (LBO, MBO, MBI)",,,13.6,True,,1,0,https://mergr.com/company/35073,2026-09-04T01:45:30Z
304,Ironwood Capital,Connecticut,27020,Morgan Contracting,Construction,"Knoxville, Tennessee, United States",2012-12-15,Recapitalization,,,13.7,True,,0,0,https://mergr.com/company/27020,2026-09-04T01:45:30Z
304,Ironwood Capital,Connecticut,32660,"SAFE Security, Inc.",Safety/Security,"San Ramon, California, United States",2012-12-04,Secondary Buyout,2018-11-07,Stake Sale,5.9,False,,2,0,https://mergr.com/company/32660,2026-09-04T01:45:30Z
304,Ironwood Capital,Connecticut,59470,"Fiber-Line, Inc.",Electrical Equipment,"Hatfield, Pennsylvania, United States",2012-12-01,"Buyout (LBO, MBO, MBI)",2019-01-02,Divestiture,6.1,False,,0,0,https://mergr.com/company/59470,2026-09-04T01:45:30Z
304,Ironwood Capital,Connecticut,30629,Sharps Medical Waste Services,Environmental,"Houston, Texas, United States",2012-03-30,"Buyout (LBO, MBO, MBI)",2021-04-01,Trade Sale - Public Company,9,False,,1,0,https://mergr.com/company/30629,2026-09-04T01:45:30Z
304,Ironwood Capital,Connecticut,30375,TRM,Manufacturing,"Milwaukee, Wisconsin, United States",2012-02-03,Growth Capital,2021-12-07,Divestiture,9.8,False,,1,0,https://mergr.com/company/30375,2026-09-04T01:45:30Z
304,Ironwood Capital,Connecticut,13186,Katahdin Industries,Chemicals,"Dedham, Massachusetts, United States",2012-01-30,Recapitalization,2016-01-20,Unknown,3.9,False,,1,0,https://mergr.com/company/13186,2026-09-04T01:45:30Z
304,Ironwood Capital,Connecticut,224482,STG Logistics,Transportation,"Dublin, Ohio, United States",2012-01-01,"Buyout (LBO, MBO, MBI)",2016-08-31,Trade Sale - Public Company,4.6,False,,0,0,https://mergr.com/company/224482,2026-09-04T01:45:30Z
304,Ironwood Capital,Connecticut,30377,Numet,Aerospace,"Orange, Connecticut, United States",2011-10-24,Recapitalization,2019-11-12,Divestiture,8,False,,0,0,https://mergr.com/company/30377,2026-09-04T01:45:30Z
304,Ironwood Capital,Connecticut,2554,NELS,Apparel/Textiles,"Milford, Connecticut, United States",2011-07-06,"Buyout (LBO, MBO, MBI)",,,15.1,True,,0,0,https://mergr.com/company/2554,2026-09-04T01:45:30Z
304,Ironwood Capital,Connecticut,30121,Floop,Internet Software and Services,"Woodbridge, Connecticut, United States",2011-03-15,Venture,,,15.4,True,,0,0,https://mergr.com/company/30121,2026-09-04T01:45:30Z
304,Ironwood Capital,Connecticut,30122,American GreenFuels,Oil/Gas Exploration," New Haven, Connecticut, United States",2011-03-15,Venture,2016-01-05,Divestiture,4.8,False,,0,0,https://mergr.com/company/30122,2026-09-04T01:45:30Z
304,Ironwood Capital,Connecticut,30373,NovaTract,Medical Products,"New Haven, Connecticut, United States",2011-03-15,Venture,2016-01-01,Divestiture,4.8,False,,0,0,https://mergr.com/company/30373,2026-09-04T01:45:30Z
304,Ironwood Capital,Connecticut,30394,"American Blanching Co., Inc. (ABC Peanut Butter LLC)",Food,"Fitzgerald, Georgia, United States",2010-02-11,"Buyout (LBO, MBO, MBI)",2014-11-03,Divestiture,4.7,False,,0,0,https://mergr.com/company/30394,2026-09-04T01:45:30Z
304,Ironwood Capital,Connecticut,30376,"Delivery Agent, Inc.",Technology Hardware,"San Francisco, California, United States",2009-10-04,Venture,,,16.9,True,,0,1,https://mergr.com/company/30376,2026-09-04T01:45:30Z
304,Ironwood Capital,Connecticut,2550,Whitcraft,Aerospace,"Eastford, Connecticut, United States",2008-12-01,Acquisition Financing,2010-12-16,Merger,2,False,87,1,0,https://mergr.com/company/2550,2026-09-04T01:45:30Z
304,Ironwood Capital,Connecticut,80785,"The Roberts Company, Inc.",Construction,"Winterville, North Carolina, United States",2008-05-01,Growth Capital,2015-12-04,Divestiture,7.6,False,,0,0,https://mergr.com/company/80785,2026-09-04T01:45:30Z
304,Ironwood Capital,Connecticut,14084,C&M Corp.,Electrical Equipment,"Wauregan, Connecticut, United States",2008-04-10,"Buyout (LBO, MBO, MBI)",2018-01-03,Divestiture,9.7,False,,0,0,https://mergr.com/company/14084,2026-09-04T01:45:30Z
304,Ironwood Capital,Connecticut,30395,Joliet Electric Motors,Electrical Equipment,"Joliet, Illinois, United States",2008-03-12,"Buyout (LBO, MBO, MBI)",,,18.4,True,,0,0,https://mergr.com/company/30395,2026-09-04T01:45:30Z
304,Ironwood Capital,Connecticut,11913,"Retention Education, Inc.",Education,"Newport Beach, California, United States",2008-03-10,Venture,,,18.4,True,,0,0,https://mergr.com/company/11913,2026-09-04T01:45:30Z
304,Ironwood Capital,Connecticut,11911,"Genesis Technology Solutions, Inc.",Engineering,"Ridgefield, Connecticut, United States",2008-02-01,"Buyout (LBO, MBO, MBI)",2012-02-23,Divestiture,4,False,,0,0,https://mergr.com/company/11911,2026-09-04T01:45:30Z
304,Ironwood Capital,Connecticut,17921,VLS Environmental Solutions,Environmental,"Houston, Texas, United States",2007-12-01,"Buyout (LBO, MBO, MBI)",2017-10-17,Trade Sale - Public Company,9.8,False,,0,0,https://mergr.com/company/17921,2026-09-04T01:45:30Z
304,Ironwood Capital,Connecticut,14686,"Bioscan, Inc.",Medical Products,"Washington, District of Columbia, United States",2007-10-03,Venture,,,18.9,True,,0,1,https://mergr.com/company/14686,2026-09-04T01:45:30Z
304,Ironwood Capital,Connecticut,17926,"City Carting Holding Co., Inc.",Environmental,"Stamford, Connecticut, United States",2007-08-01,"Buyout (LBO, MBO, MBI)",2012-04-01,Trade Sale - Public Company,4.7,False,,0,0,https://mergr.com/company/17926,2026-09-04T01:45:30Z
304,Ironwood Capital,Connecticut,2525,Femco Machine Co.,Business Services,"Pittsburgh, Pennsylvania, United States",2007-06-28,Recapitalization,,,19.2,True,,0,0,https://mergr.com/company/2525,2026-09-04T01:45:30Z
304,Ironwood Capital,Connecticut,2531,Repromedix Corp,Healthcare Services,"Woburn, Massachusetts, United States",2007-05-07,Venture,,,19.3,True,,0,0,https://mergr.com/company/2531,2026-09-04T01:45:30Z
304,Ironwood Capital,Connecticut,2528,Micro Precision,Manufacturing,"South Windham, Connecticut, United States",2006-10-06,"Buyout (LBO, MBO, MBI)",2011-09-16,Trade Sale - Public Company,4.9,False,,0,0,https://mergr.com/company/2528,2026-09-04T01:45:30Z
304,Ironwood Capital,Connecticut,2538,Fit + Fresh,Consumer Products,"Providence, Rhode Island, United States",2006-04-10,Recapitalization,2015-04-17,Merger,9,False,,0,0,https://mergr.com/company/2538,2026-09-04T01:45:30Z
304,Ironwood Capital,Connecticut,5067,"DelStar Technologies, Inc.",Chemicals,"Middletown, Delaware, United States",2005-12-02,"Buyout (LBO, MBO, MBI)",2013-11-18,Divestiture,7.9,False,,0,0,https://mergr.com/company/5067,2026-09-04T01:45:30Z
304,Ironwood Capital,Connecticut,504,Rostra Tool Company,Machinery,"Branford, Connecticut, United States",2005-09-19,"Buyout (LBO, MBO, MBI)",2014-11-18,Divestiture,9.1,False,,0,0,https://mergr.com/company/504,2026-09-04T01:45:30Z
304,Ironwood Capital,Connecticut,2532,Buy-Rite Designs,Consumer Products,"Freehold, New Jersey, United States",2005-09-16,"Buyout (LBO, MBO, MBI)",,,20.9,True,,0,0,https://mergr.com/company/2532,2026-09-04T01:45:30Z
304,Ironwood Capital,Connecticut,2534,Dancing Deer Baking Co.,Food,"Boston, Massachusetts, United States",2005-01-01,"Buyout (LBO, MBO, MBI)",2019-01-30,Divestiture,14,False,,0,0,https://mergr.com/company/2534,2026-09-04T01:45:30Z
304,Ironwood Capital,Connecticut,24084,iPacesetters LLC,Business Services,"Tulsa, Oklahoma, United States",2004-01-01,Growth Capital,,,22.7,True,,3,0,https://mergr.com/company/24084,2026-09-04T01:45:30Z
304,Ironwood Capital,Connecticut,2546,"Eagle Bridge Machine and Tool, Inc.",Metals/Mining,"Eagle Bridge, New York, United States",2004-01-01,"Buyout (LBO, MBO, MBI)",2011-05-05,Divestiture,7.3,False,,0,0,https://mergr.com/company/2546,2026-09-04T01:45:30Z
304,Ironwood Capital,Connecticut,2523,FitLinxx,Consumer Products,"Shelton, Connecticut, United States",2003-01-01,Venture,,,23.7,True,,0,0,https://mergr.com/company/2523,2026-09-04T01:45:30Z
517,Silverhawk Capital Partners,Connecticut,176635,K12 Coalition,Education,"Eagan, Minnesota, United States",2020-12-10,Secondary Buyout,,,5.7,True,,4,0,https://mergr.com/company/176635,2026-09-07T00:00:00Z
517,Silverhawk Capital Partners,Connecticut,270858,Incline Energy Partners,Oil/Gas Exploration,"Dallas, Texas, United States",2018-01-01,"Buyout (LBO, MBO, MBI)",,,8.7,True,,0,0,https://mergr.com/company/270858,2026-09-07T00:00:00Z
517,Silverhawk Capital Partners,Connecticut,3988,Worldstrides,Education,"Charlottesville, Virginia, United States",2016-02-11,Secondary Buyout,2017-11-09,Trade Sale - Public Company,1.7,False,580,0,0,https://mergr.com/company/3988,2026-09-07T00:00:00Z
517,Silverhawk Capital Partners,Connecticut,72681,"Kissner Milling Co., Ltd.",Chemicals,"Cambridge, Ontario, Canada",2015-04-20,Secondary Buyout,2020-02-03,Divestiture,4.8,False,,2,0,https://mergr.com/company/72681,2026-09-07T00:00:00Z
517,Silverhawk Capital Partners,Connecticut,198994,American In-Home Care,Healthcare Services,"Atlanta, Georgia, United States",2013-09-23,Growth Capital,2024-05-10,IPO,10.6,False,,0,0,https://mergr.com/company/198994,2026-09-07T00:00:00Z
517,Silverhawk Capital Partners,Connecticut,212938,Spartan Energy Services,Energy Services and Equipment,"Lafayette, Louisiana, United States",2012-12-28,Recapitalization,,,13.7,True,,2,0,https://mergr.com/company/212938,2026-09-07T00:00:00Z
517,Silverhawk Capital Partners,Connecticut,24655,Paloma Resources II LLC,Oil/Gas Exploration,"Houston, Texas, United States",2009-11-01,"Buyout (LBO, MBO, MBI)",2012-05-09,Trade Sale - Public Company,2.5,False,,0,0,https://mergr.com/company/24655,2026-09-07T00:00:00Z
517,Silverhawk Capital Partners,Connecticut,24654,Summit Materials,Building Materials,"Denver, Colorado, United States",2009-09-08,"Buyout (LBO, MBO, MBI)",2014-12-18,IPO,5.3,False,2619,9,0,https://mergr.com/company/24654,2026-09-07T00:00:00Z
517,Silverhawk Capital Partners,Connecticut,3985,Discovery Support Services,Information Technology,"Alpharetta, Georgia, United States",2007-11-30,"Buyout (LBO, MBO, MBI)",,,18.8,True,,0,0,https://mergr.com/company/3985,2026-09-07T00:00:00Z
517,Silverhawk Capital Partners,Connecticut,3986,Elyria Foundry,Metals/Mining,"Elyria, Ohio, United States",2007-03-05,"Buyout (LBO, MBO, MBI)",,,19.5,True,,1,0,https://mergr.com/company/3986,2026-09-07T00:00:00Z
517,Silverhawk Capital Partners,Connecticut,3987,Paloma Resources I,Oil/Gas Exploration,"Houston, Texas, United States",2006-08-18,Growth Capital,,,20,True,,0,0,https://mergr.com/company/3987,2026-09-07T00:00:00Z
517,Silverhawk Capital Partners,Connecticut,3988,Worldstrides,Education,"Charlottesville, Virginia, United States",2006-01-04,Secondary Buyout,2011-10-04,Trade Sale - Public Company,5.8,False,580,1,0,https://mergr.com/company/3988,2026-09-07T00:00:00Z
502,Saugatuck Capital Company,Connecticut,262708,Lunada Bay Tile,Building Materials,"Harbor City, California, United States",2019-07-18,Growth Capital,,,7.1,True,,0,0,https://mergr.com/company/262708,2026-09-07T00:00:00Z
502,Saugatuck Capital Company,Connecticut,136445,Pharmaceutic Litho & Label Co.,Business Services,"Simi Valley, California, United States",2014-10-15,Growth Capital,2023-06-15,Divestiture,8.7,False,,0,0,https://mergr.com/company/136445,2026-09-07T00:00:00Z
502,Saugatuck Capital Company,Connecticut,83209,AdvancedPCB,Semiconductors,"Aurora, Colorado, United States",2013-11-01,"Buyout (LBO, MBO, MBI)",2019-06-04,Trade Sale - Public Company,5.6,False,,1,0,https://mergr.com/company/83209,2026-09-07T00:00:00Z
502,Saugatuck Capital Company,Connecticut,30375,TRM,Manufacturing,"Milwaukee, Wisconsin, United States",2012-02-03,Growth Capital,2021-12-07,Divestiture,9.8,False,,1,0,https://mergr.com/company/30375,2026-09-07T00:00:00Z
502,Saugatuck Capital Company,Connecticut,18633,"Exocor, Inc.",Metals/Mining,"St. Catharines, Ontario, Canada",2009-10-13,"Buyout (LBO, MBO, MBI)",2018-09-12,Divestiture,8.8,False,,0,0,https://mergr.com/company/18633,2026-09-07T00:00:00Z
502,Saugatuck Capital Company,Connecticut,2525,Femco Machine Co.,Business Services,"Pittsburgh, Pennsylvania, United States",2007-06-28,Recapitalization,,,19.2,True,,0,0,https://mergr.com/company/2525,2026-09-07T00:00:00Z
502,Saugatuck Capital Company,Connecticut,3882,Engage2Excel,Business Services,"Mooresville, North Carolina, United States",2007-02-28,Consolidation,2010-05-01,Trade Sale - Public Company,3.2,False,,0,0,https://mergr.com/company/3882,2026-09-07T00:00:00Z
502,Saugatuck Capital Company,Connecticut,3883,"Waterloo Restaurant Ventures, Inc.",Restaurants,"Vancouver, Washington, United States",2002-12-23,Growth Capital,,,23.7,True,,0,0,https://mergr.com/company/3883,2026-09-07T00:00:00Z
502,Saugatuck Capital Company,Connecticut,2542,"PPI-Time Zero, Inc.",Electronics,"Paterson, New Jersey, United States",2001-11-01,"Buyout (LBO, MBO, MBI)",2011-01-20,Trade Sale - Public Company,9.2,False,,0,0,https://mergr.com/company/2542,2026-09-07T00:00:00Z
502,Saugatuck Capital Company,Connecticut,14270,SmartMail LLC,Transportation,"Forest Park, Georgia, United States",2000-09-20,Venture,2004-05-28,Divestiture,3.7,False,,0,0,https://mergr.com/company/14270,2026-09-07T00:00:00Z
502,Saugatuck Capital Company,Connecticut,18637,Data Circuit Syestems,Manufacturing,"San Jose, California, United States",2000-01-01,"Buyout (LBO, MBO, MBI)",2004-12-10,Divestiture,4.9,False,,0,0,https://mergr.com/company/18637,2026-09-07T00:00:00Z
502,Saugatuck Capital Company,Connecticut,17955,"Collision Team of America, Inc.",Automotive,"Indianapolis, Indiana, United States",1997-01-01,"Buyout (LBO, MBO, MBI)",1998-06-01,Divestiture,1.4,False,,0,0,https://mergr.com/company/17955,2026-09-07T00:00:00Z
2446,Arrowhead Investment Management,Connecticut,26544,Express Oil Change & Tire Engineers,Automotive,"Birmingham, Alabama, United States",2013-01-09,Secondary Buyout,2017-06-15,Trade Sale - Public Company,4.4,False,,0,0,https://mergr.com/company/26544,2026-09-07T00:00:00Z
2446,Arrowhead Investment Management,Connecticut,13413,Hoffmaster Group,Consumer Products,"Oshkosh, Wisconsin, United States",2011-12-01,Secondary Buyout,2016-10-19,Trade Sale - Public Company,4.8,False,,1,0,https://mergr.com/company/13413,2026-09-07T00:00:00Z
2446,Arrowhead Investment Management,Connecticut,4376,Crisis Prevention Institute,Education,"Milwaukee, Wisconsin, United States",2011-11-21,Secondary Buyout,2016-11-16,Trade Sale - Public Company,4.9,False,86,0,0,https://mergr.com/company/4376,2026-09-07T00:00:00Z
2446,Arrowhead Investment Management,Connecticut,16107,C.H.I. Overhead Doors,Building Materials,"Arthur, Illinois, United States",2011-07-21,Secondary Buyout,2015-06-23,Trade Sale - Public Company,3.9,False,,0,0,https://mergr.com/company/16107,2026-09-07T00:00:00Z
2446,Arrowhead Investment Management,Connecticut,2455,Quest Specialty Chemicals,Chemicals,"Charleston, South Carolina, United States",2011-03-23,Secondary Buyout,2015-08-25,Stake Sale,4.4,False,,0,2,https://mergr.com/company/2455,2026-09-07T00:00:00Z
2446,Arrowhead Investment Management,Connecticut,26886,Driven Brands,Franchising,"Charlotte, North Carolina, United States",2008-10-22,"Buyout (LBO, MBO, MBI)",2011-12-16,Trade Sale - Public Company,3.1,False,2340,0,0,https://mergr.com/company/26886,2026-09-07T00:00:00Z
2446,Arrowhead Investment Management,Connecticut,25088,SRAM LLC,Consumer Products,"Chicago, Illinois, United States",2008-09-01,"Buyout (LBO, MBO, MBI)",2011-05-12,IPO,2.7,False,,0,0,https://mergr.com/company/25088,2026-09-07T00:00:00Z
2446,Arrowhead Investment Management,Connecticut,5512,TIDI,Medical Products,"Neenah, Wisconsin, United States",2007-01-09,"Buyout (LBO, MBO, MBI)",2012-07-17,Trade Sale - Public Company,5.5,False,,1,0,https://mergr.com/company/5512,2026-09-07T00:00:00Z
2446,Arrowhead Investment Management,Connecticut,18167,Kurt Versen Co.,Electrical Equipment,"Westwood, New Jersey, United States",2005-05-25,"Buyout (LBO, MBO, MBI)",2008-01-14,Divestiture,2.6,False,,0,0,https://mergr.com/company/18167,2026-09-07T00:00:00Z
2446,Arrowhead Investment Management,Connecticut,24383,Ecovyst,Chemicals,"Wayne, Pennsylvania, United States",2005-01-01,"Buyout (LBO, MBO, MBI)",2007-07-01,Trade Sale - Public Company,2.5,False,724,0,0,https://mergr.com/company/24383,2026-09-07T00:00:00Z
2446,Arrowhead Investment Management,Connecticut,199746,"Bare Escentuals Beauty, Inc.",Consumer Products,"San Francisco, California, United States",2004-06-01,Recapitalization,2005-10-10,Merger,1.3,False,,0,0,https://mergr.com/company/199746,2026-09-07T00:00:00Z
2446,Arrowhead Investment Management,Connecticut,10094,"Multi Packaging Solutions, Inc.",Packaging,"New York, New York, United States",2004-01-01,Stake Purchase,2013-07-08,Trade Sale - Public Company,9.5,False,1600,6,0,https://mergr.com/company/10094,2026-09-07T00:00:00Z
2446,Arrowhead Investment Management,Connecticut,18525,Edwin Watts Golf Shops LLC,Retail,"Fort Walton Beach, Florida, United States",2003-12-01,"Buyout (LBO, MBO, MBI)",2007-05-25,Trade Sale - Public Company,3.4,False,,0,0,https://mergr.com/company/18525,2026-09-07T00:00:00Z
2446,Arrowhead Investment Management,Connecticut,450,MW Components,Manufacturing,"Charlotte, North Carolina, United States",2003-11-01,"Buyout (LBO, MBO, MBI)",2006-11-01,Trade Sale - Public Company,3,False,,0,0,https://mergr.com/company/450,2026-09-07T00:00:00Z
2446,Arrowhead Investment Management,Connecticut,14915,Meineke,Franchising,"Charlotte, North Carolina, United States",2003-07-01,Going Private,2005-06-15,Trade Sale - Public Company,1.9,False,,0,0,https://mergr.com/company/14915,2026-09-07T00:00:00Z
2446,Arrowhead Investment Management,Connecticut,14697,Somnigroup,Consumer Products,"Dallas, Texas, United States",2002-10-11,Stake Purchase,2003-12-18,IPO,1.2,False,7476,0,0,https://mergr.com/company/14697,2026-09-07T00:00:00Z
2446,Arrowhead Investment Management,Connecticut,16645,Reef Holdings Corp.,Apparel/Textiles,"San Diego, California, United States",2002-05-01,"Buyout (LBO, MBO, MBI)",2005-03-21,Divestiture,2.8,False,75,0,0,https://mergr.com/company/16645,2026-09-07T00:00:00Z
2446,Arrowhead Investment Management,Connecticut,12279,Ranpak,Packaging,"Concord Township, Ohio, United States",2001-12-01,"Buyout (LBO, MBO, MBI)",2005-12-14,Trade Sale - Public Company,4,False,395,0,0,https://mergr.com/company/12279,2026-09-07T00:00:00Z
2446,Arrowhead Investment Management,Connecticut,1464,Implus,Apparel/Textiles,"Durham, North Carolina, United States",2001-01-01,Recapitalization,2008-05-19,Trade Sale - Public Company,7.3,False,,2,0,https://mergr.com/company/1464,2026-09-07T00:00:00Z
2446,Arrowhead Investment Management,Connecticut,22224,"Zodiac Pool Care, Inc.",Electrical Equipment,"Vista, California, United States",1999-09-01,Secondary Buyout,,,27,True,,0,0,https://mergr.com/company/22224,2026-09-07T00:00:00Z
2446,Arrowhead Investment Management,Connecticut,14698,"United Pet Group, Inc.",Consumer Products,"Cincinnati, Ohio, United States",1999-07-01,"Buyout (LBO, MBO, MBI)",2004-08-02,Divestiture,5.1,False,,0,0,https://mergr.com/company/14698,2026-09-07T00:00:00Z
2446,Arrowhead Investment Management,Connecticut,19924,"Otis Spunkmeyer, Inc.",Food,"San Leandro, California, United States",1999-01-05,Recapitalization,2006-11-06,Divestiture,7.8,False,,0,0,https://mergr.com/company/19924,2026-09-07T00:00:00Z
2446,Arrowhead Investment Management,Connecticut,498,The Sheridan Group,Business Services,"Hunt Valley, Maryland, United States",1997-01-01,"Buyout (LBO, MBO, MBI)",2003-08-21,Trade Sale - Public Company,6.6,False,,0,0,https://mergr.com/company/498,2026-09-07T00:00:00Z
2446,Arrowhead Investment Management,Connecticut,16462,"SPI Polyols, Inc.",Food,"Wilmington, Delaware, United States",1994-01-01,"Buyout (LBO, MBO, MBI)",1998-01-01,Trade Sale,4,False,,0,0,https://mergr.com/company/16462,2026-09-07T00:00:00Z
93,CCP Equity Partners,Connecticut,800,Bravo Health,Healthcare Services,"Baltimore, Maryland, United States",2007-08-01,Venture,,,19.1,True,,0,0,https://mergr.com/company/800,2026-09-07T00:00:00Z
93,CCP Equity Partners,Connecticut,803,Evolution Markets,Financial Services,"White Plains, New York, United States",2006-10-10,Growth Capital,2022-08-04,Divestiture,15.8,False,,0,0,https://mergr.com/company/803,2026-09-07T00:00:00Z
93,CCP Equity Partners,Connecticut,808,Kinloch Consulting Group,Business Services,"Melville, New York, United States",2006-10-06,Growth Capital,,,19.9,True,,0,2,https://mergr.com/company/808,2026-09-07T00:00:00Z
93,CCP Equity Partners,Connecticut,813,Prism Career Institute,Education,"Cherry Hill, New Jersey, United States",2006-04-03,Venture,,,20.4,True,,0,0,https://mergr.com/company/813,2026-09-07T00:00:00Z
93,CCP Equity Partners,Connecticut,807,Kadent,Financial Services,"Reading, Pennsylvania, United States",2006-02-13,"Buyout (LBO, MBO, MBI)",,,20.5,True,,0,0,https://mergr.com/company/807,2026-09-07T00:00:00Z
93,CCP Equity Partners,Connecticut,810,Mezzanine Capital Finance,Financial Services,"Short Hills, New Jersey, United States",2005-02-24,Venture,,,21.5,True,,0,0,https://mergr.com/company/810,2026-09-07T00:00:00Z
93,CCP Equity Partners,Connecticut,809,MMV Financial,Financial Services,"Toronto, Ontario, Canada",2004-09-23,Growth Capital,,,21.9,True,,1,0,https://mergr.com/company/809,2026-09-07T00:00:00Z
93,CCP Equity Partners,Connecticut,802,Evolution Benefits,Financial Services,"Avon, Connecticut, United States",2004-08-12,"Buyout (LBO, MBO, MBI)",2010-07-07,Trade Sale - Public Company,5.8,False,,0,0,https://mergr.com/company/802,2026-09-07T00:00:00Z
93,CCP Equity Partners,Connecticut,20397,RelayHealth Corp.,Communications,"Atlanta, Georgia, United States",2004-06-30,Venture,2006-06-12,Divestiture,1.9,False,,0,0,https://mergr.com/company/20397,2026-09-07T00:00:00Z
93,CCP Equity Partners,Connecticut,6556,LTCG,Business Services,"Eden Prairie, Minnesota, United States",2004-04-08,"Buyout (LBO, MBO, MBI)",2008-12-15,Divestiture,4.7,False,,0,0,https://mergr.com/company/6556,2026-09-07T00:00:00Z
93,CCP Equity Partners,Connecticut,15496,Princeton eCom Corp.,Business Services,"Chantilly, Virginia, United States",2004-03-03,Venture,2006-07-05,Divestiture,2.3,False,,0,0,https://mergr.com/company/15496,2026-09-07T00:00:00Z
93,CCP Equity Partners,Connecticut,804,GlobalView Software,Software,"Chicago, Illinois, United States",2003-12-04,Venture,2016-10-11,Divestiture,12.8,False,,0,0,https://mergr.com/company/804,2026-09-07T00:00:00Z
93,CCP Equity Partners,Connecticut,812,PayCycle,Internet Software and Services,"Palo Alto, California, United States",2002-12-09,Venture,2009-06-02,Divestiture,6.4,False,,0,0,https://mergr.com/company/812,2026-09-07T00:00:00Z
93,CCP Equity Partners,Connecticut,621,Vantage Oncology,Healthcare Services,"Mahattan Beach, California, United States",2002-11-06,Venture,2016-02-25,Divestiture,13.3,False,,1,0,https://mergr.com/company/621,2026-09-07T00:00:00Z
93,CCP Equity Partners,Connecticut,805,InfoGlide Software,Software,"Austin, Texas, United States",2002-09-04,Venture,2013-04-01,Divestiture,10.5,False,,0,0,https://mergr.com/company/805,2026-09-07T00:00:00Z
93,CCP Equity Partners,Connecticut,20384,Catlin Group Ltd.,Insurance,"Hamilton, Bermuda",2002-07-04,"Buyout (LBO, MBO, MBI)",2004-04-01,IPO,1.7,False,6773,0,0,https://mergr.com/company/20384,2026-09-07T00:00:00Z
93,CCP Equity Partners,Connecticut,20394,"Neovest, Inc.",Information Technology,"Orem, Utah, United States",2001-09-01,Venture,2005-06-23,Divestiture,3.8,False,,0,0,https://mergr.com/company/20394,2026-09-07T00:00:00Z
93,CCP Equity Partners,Connecticut,20400,"Zoologic, Inc.",Education,"New York, New York, United States",2001-01-22,Venture,2006-08-31,Divestiture,5.6,False,,0,0,https://mergr.com/company/20400,2026-09-07T00:00:00Z
93,CCP Equity Partners,Connecticut,19064,"The Galtney Group, Inc.",Insurance,"Houston, Texas, United States",1999-04-20,"Buyout (LBO, MBO, MBI)",2001-06-18,Divestiture,2.1,False,,0,0,https://mergr.com/company/19064,2026-09-07T00:00:00Z
93,CCP Equity Partners,Connecticut,17718,"Sterling Collision Centers, Inc.",Automotive,"Tustin, California, United States",1998-07-31,Growth Capital,2001-05-08,Divestiture,2.8,False,,0,0,https://mergr.com/company/17718,2026-09-07T00:00:00Z
93,CCP Equity Partners,Connecticut,20138,ERS Insurance,Insurance,"London, United Kingdom",1996-01-01,Stake Purchase,2005-07-01,Recapitalization,9.5,False,,1,0,https://mergr.com/company/20138,2026-09-07T00:00:00Z
93,CCP Equity Partners,Connecticut,22724,SS&C Technologies,Software,"Windsor, Connecticut, United States",1994-01-01,"Buyout (LBO, MBO, MBI)",1995-01-01,IPO,1,False,6272,0,0,https://mergr.com/company/22724,2026-09-07T00:00:00Z
93,CCP Equity Partners,Connecticut,15017,"Discover Re Managers, Inc.",Insurance,"Farmington, Connecticut, United States",1994-01-01,"Buyout (LBO, MBO, MBI)",1995-01-13,Divestiture,1,False,,0,0,https://mergr.com/company/15017,2026-09-07T00:00:00Z
93,CCP Equity Partners,Connecticut,16331,"PennCorp Financial Group, Inc.",Insurance,"Dallas, Texas, United States",1990-08-01,"Buyout (LBO, MBO, MBI)",1994-10-01,IPO,4.2,False,,0,0,https://mergr.com/company/16331,2026-09-07T00:00:00Z
