owner_firm_id,owner_firm_name,owner_firm_state,company_id,company_name,sector,location,acquired_date,acquisition_type,exit_date,exit_type,hold_years,is_current,revenue_millions_usd,acquisitions_during_hold,divestitures_during_hold,mergr_url,_fetched_at
1464,Southfield Capital,Connecticut,335410,Metric,Staffing,"New York, New York, United States",2026-03-24,Secondary Buyout,,,0.4,True,,0,0,https://mergr.com/company/335410,2026-09-04T01:29:30Z
1464,Southfield Capital,Connecticut,345292,Contextual,Software,"Leesburg, Virginia, United States",2026-01-26,"Buyout (LBO, MBO, MBI)",,,0.6,True,,0,0,https://mergr.com/company/345292,2026-09-04T01:29:30Z
1464,Southfield Capital,Connecticut,345034,Perfect Franchise,Business Services,"Shohola, Pennsylvania, United States",2026-01-15,Growth Capital,,,0.6,True,,0,0,https://mergr.com/company/345034,2026-09-04T01:29:30Z
1464,Southfield Capital,Connecticut,327068,TFS,Business Services,"Perrysburg, Ohio, United States",2024-07-15,Divestiture,,,2.1,True,,0,0,https://mergr.com/company/327068,2026-09-04T01:29:30Z
1464,Southfield Capital,Connecticut,326969,Business Development Resources,Education,"SeaTac, Washington, United States",2024-07-10,Growth Capital,,,2.1,True,,0,0,https://mergr.com/company/326969,2026-09-04T01:29:30Z
1464,Southfield Capital,Connecticut,334304,Property Management Holdings,Business Services,"Clearwater, Florida, United States",2023-03-01,"Buyout (LBO, MBO, MBI)",,,3.5,True,,0,0,https://mergr.com/company/334304,2026-09-04T01:29:30Z
1464,Southfield Capital,Connecticut,303118,Franchise FastLane,Business Services,"Omaha, Nebraska, United States",2022-05-11,Growth Capital,,,4.3,True,,2,0,https://mergr.com/company/303118,2026-09-04T01:29:30Z
1464,Southfield Capital,Connecticut,338391,Osprey Landscape Group,Business Services,"Carlsbad, California, United States",2021-12-01,Consolidation,,,4.8,True,,3,0,https://mergr.com/company/338391,2026-09-04T01:29:30Z
1464,Southfield Capital,Connecticut,303119,Alba Wheels Up,Transportation,"Valley Stream, New York, United States",2021-03-16,Growth Capital,,,5.4,True,,4,0,https://mergr.com/company/303119,2026-09-04T01:29:30Z
1464,Southfield Capital,Connecticut,269211,Milrose Consultants,Engineering,"New York, New York, United States",2019-08-07,"Buyout (LBO, MBO, MBI)",2026-06-03,Trade Sale - Public Company,6.8,False,,6,0,https://mergr.com/company/269211,2026-09-04T01:29:30Z
1464,Southfield Capital,Connecticut,263793,Protos Security,Safety/Security,"Norwalk, Connecticut, United States",2019-03-06,"Buyout (LBO, MBO, MBI)",,,7.4,True,,8,2,https://mergr.com/company/263793,2026-09-04T01:29:30Z
1464,Southfield Capital,Connecticut,116661,Match Marketing Group,Marketing,"Mississauga, Ontario, Canada",2018-07-13,Secondary Buyout,,,8.1,True,,0,2,https://mergr.com/company/116661,2026-09-04T01:29:30Z
1464,Southfield Capital,Connecticut,245398,ARC Mechanical,Business Services,"Wilmington, Massachusetts, United States",2017-11-14,"Buyout (LBO, MBO, MBI)",,,8.8,True,,5,0,https://mergr.com/company/245398,2026-09-04T01:29:30Z
1464,Southfield Capital,Connecticut,295750,Kelvin Group,Business Services,"Wilmington, Massachusetts, United States",2017-10-01,"Buyout (LBO, MBO, MBI)",,,8.9,True,,5,0,https://mergr.com/company/295750,2026-09-04T01:29:30Z
1464,Southfield Capital,Connecticut,214272,Ntiva,Information Technology,"Mclean, Virginia, United States",2016-11-30,Growth Capital,2022-01-27,Trade Sale - Public Company,5.1,False,,11,0,https://mergr.com/company/214272,2026-09-04T01:29:30Z
1464,Southfield Capital,Connecticut,216022,Tier One Relocation,Transportation,"Weirton, West Virginia, United States",2016-02-22,"Buyout (LBO, MBO, MBI)",2018-12-06,Trade Sale - Public Company,2.8,False,,0,0,https://mergr.com/company/216022,2026-09-04T01:29:30Z
1464,Southfield Capital,Connecticut,265095,Spectrum Automotive Holdings,Business Services,"Fairfield, New Jersey, United States",2015-01-01,"Buyout (LBO, MBO, MBI)",2019-10-11,Trade Sale,4.8,False,,0,0,https://mergr.com/company/265095,2026-09-04T01:29:30Z
1464,Southfield Capital,Connecticut,30168,BioPharm Communications LLC,Marketing,"New Hope, Pennsylvania, United States",2012-04-18,Recapitalization,2016-05-05,Divestiture,4,False,,0,0,https://mergr.com/company/30168,2026-09-04T01:29:30Z
1464,Southfield Capital,Connecticut,7614,Hallcon,Transportation,"Chicago, Illinois, United States",2011-05-04,Secondary Buyout,2015-08-04,Trade Sale - Public Company,4.3,False,,2,0,https://mergr.com/company/7614,2026-09-04T01:29:30Z
1464,Southfield Capital,Connecticut,11601,"RPS Composites, Inc.",Plastics,"Mahone Bay, Nova Scotia, Canada",2008-01-14,Growth Capital,,,18.6,True,,0,0,https://mergr.com/company/11601,2026-09-04T01:29:30Z
1464,Southfield Capital,Connecticut,11602,Dealers' Financial Services LLC,Financial Services,"Lexington, Kentucky, United States",2006-11-01,"Buyout (LBO, MBO, MBI)",2009-10-28,Divestiture,2.9,False,,0,0,https://mergr.com/company/11602,2026-09-04T01:29:30Z
1464,Southfield Capital,Connecticut,11603,RCR International,Building Materials,"Boucherville, Quebec, Canada",2006-04-01,"Buyout (LBO, MBO, MBI)",2014-06-17,Trade Sale - Public Company,8.2,False,,0,0,https://mergr.com/company/11603,2026-09-04T01:29:30Z
1464,Southfield Capital,Connecticut,15503,OnPoint Group,Business Services,"Perrysburg, Ohio, United States",2005-10-01,"Buyout (LBO, MBO, MBI)",2012-07-19,Trade Sale - Public Company,6.8,False,,0,0,https://mergr.com/company/15503,2026-09-04T01:29:30Z
1464,Southfield Capital,Connecticut,27346,TS3 Technology,Electronics,"Franklin, Tennessee, United States",2004-03-01,"Buyout (LBO, MBO, MBI)",,,22.5,True,,2,0,https://mergr.com/company/27346,2026-09-04T01:29:30Z
1464,Southfield Capital,Connecticut,11605,Presidio Partners LLC,Real Estate,"San Francisco, California, United States",2003-04-01,"Buyout (LBO, MBO, MBI)",2007-01-01,Trade Sale,3.8,False,,0,0,https://mergr.com/company/11605,2026-09-04T01:29:30Z
537,Sterling Investment Partners,Connecticut,306663,Cyber Advisors,Information Technology,"Maple Grove, Minnesota, United States",2026-03-19,Secondary Buyout,,,0.4,True,,0,0,https://mergr.com/company/306663,2026-09-04T01:29:30Z
537,Sterling Investment Partners,Connecticut,257845,PROtect,Business Services,"Wichita, Kansas, United States",2024-11-12,Secondary Buyout,,,1.8,True,,2,0,https://mergr.com/company/257845,2026-09-04T01:29:30Z
537,Sterling Investment Partners,Connecticut,302014,Verdantas,Engineering,"Dublin, Ohio, United States",2024-05-07,Secondary Buyout,,,2.3,True,,22,0,https://mergr.com/company/302014,2026-09-04T01:29:30Z
537,Sterling Investment Partners,Connecticut,338808,Banner Industries,Distribution,"Danvers, Massachusetts, United States",2023-12-20,Growth Capital,,,2.7,True,,0,0,https://mergr.com/company/338808,2026-09-04T01:29:30Z
537,Sterling Investment Partners,Connecticut,268105,Mr Greens Produce,Distribution,"Miami, Florida, United States",2023-05-04,Secondary Buyout,,,3.3,True,,1,0,https://mergr.com/company/268105,2026-09-04T01:29:30Z
537,Sterling Investment Partners,Connecticut,257195,Kendall Vegetation Services,Business Services,"Norfolk, Virginia, United States",2022-04-26,Secondary Buyout,,,4.3,True,,2,0,https://mergr.com/company/257195,2026-09-04T01:29:30Z
537,Sterling Investment Partners,Connecticut,292830,Camp Facility Services,Construction,"Houston, Texas, United States",2021-11-16,Growth Capital,,,4.8,True,,0,0,https://mergr.com/company/292830,2026-09-04T01:29:30Z
537,Sterling Investment Partners,Connecticut,278205,Markon Solutions,Business Services,"Falls Church, Virginia, United States",2021-10-12,"Buyout (LBO, MBO, MBI)",,,4.8,True,,2,0,https://mergr.com/company/278205,2026-09-04T01:29:30Z
537,Sterling Investment Partners,Connecticut,261154,Anser Advisory,Business Services,"Cypress, California, United States",2021-03-08,Recapitalization,2023-06-21,Divestiture,2.3,False,,3,0,https://mergr.com/company/261154,2026-09-04T01:29:30Z
537,Sterling Investment Partners,Connecticut,271132,AIMS Companies,Business Services,"Scottsdale, Arizona, United States",2020-04-13,Growth Capital,,,6.3,True,,2,0,https://mergr.com/company/271132,2026-09-04T01:29:30Z
537,Sterling Investment Partners,Connecticut,263974,HeartLand,Business Services,"Kansas City, Missouri, United States",2019-08-30,Growth Capital,2023-12-14,Trade Sale - Public Company,4.3,False,,13,0,https://mergr.com/company/263974,2026-09-04T01:29:30Z
537,Sterling Investment Partners,Connecticut,69410,Marcone,Distribution,"St Louis, Missouri, United States",2019-01-02,Growth Capital,2021-06-01,Trade Sale - Public Company,2.3,False,,0,0,https://mergr.com/company/69410,2026-09-04T01:29:30Z
537,Sterling Investment Partners,Connecticut,259260,All My Sons,Transportation,"Carrollton, Texas, United States",2017-09-01,"Buyout (LBO, MBO, MBI)",2021-10-26,Merger,4.1,False,,0,0,https://mergr.com/company/259260,2026-09-04T01:29:30Z
537,Sterling Investment Partners,Connecticut,239513,Ubique Group,Furniture,"Canton, Georgia, United States",2017-02-02,Growth Capital,,,9.6,True,,1,0,https://mergr.com/company/239513,2026-09-04T01:29:30Z
537,Sterling Investment Partners,Connecticut,31442,Aurora Parts & Accessories,Distribution,"Lebanon, Indiana, United States",2015-09-30,Secondary Buyout,,,10.9,True,,0,0,https://mergr.com/company/31442,2026-09-04T01:29:30Z
537,Sterling Investment Partners,Connecticut,190559,Power Stop,Automotive,"Bedford Park, Illinois, United States",2015-06-01,"Buyout (LBO, MBO, MBI)",,,11.3,True,,0,0,https://mergr.com/company/190559,2026-09-04T01:29:30Z
537,Sterling Investment Partners,Connecticut,100057,Lipari Foods,Distribution,"Warren, Michigan, United States",2014-10-31,Growth Capital,2019-01-08,Trade Sale - Public Company,4.2,False,,4,0,https://mergr.com/company/100057,2026-09-04T01:29:30Z
537,Sterling Investment Partners,Connecticut,14960,American West Restaurant Group,Restaurants,"Orange, California, United States",2012-12-13,Secondary Buyout,2022-02-02,Trade Sale - Public Company,9.1,False,,0,0,https://mergr.com/company/14960,2026-09-04T01:29:30Z
537,Sterling Investment Partners,Connecticut,18646,Service Logic,Business Services,"Charlotte, North Carolina, United States",2012-11-05,Secondary Buyout,2017-07-31,Trade Sale - Public Company,4.7,False,,0,0,https://mergr.com/company/18646,2026-09-04T01:29:30Z
537,Sterling Investment Partners,Connecticut,4421,Excelligence Learning,Retail,"Monterey, California, United States",2011-07-18,Secondary Buyout,2015-01-06,Secondary Sale,3.4,False,,0,0,https://mergr.com/company/4421,2026-09-04T01:29:30Z
537,Sterling Investment Partners,Connecticut,27627,Lazer Logistics,Transportation,"Alpharetta, Georgia, United States",2010-09-10,"Buyout (LBO, MBO, MBI)",2015-02-18,Trade Sale - Public Company,4.4,False,,0,0,https://mergr.com/company/27627,2026-09-04T01:29:30Z
537,Sterling Investment Partners,Connecticut,13546,FCX Performance,Machinery,"Columbus, Ohio, United States",2008-10-16,Secondary Buyout,2012-10-19,Trade Sale - Public Company,4,False,,0,0,https://mergr.com/company/13546,2026-09-04T01:29:30Z
537,Sterling Investment Partners,Connecticut,1960,Miller Heiman,Education,"Chicago, Illinois, United States",2008-07-02,Secondary Buyout,2013-01-09,Divestiture,4.5,False,,1,0,https://mergr.com/company/1960,2026-09-04T01:29:30Z
537,Sterling Investment Partners,Connecticut,4041,Fairway Group Holdings Corp.,Retail,"New York, New York, United States",2007-01-25,"Buyout (LBO, MBO, MBI)",2013-04-01,IPO,6.2,False,,0,0,https://mergr.com/company/4041,2026-09-04T01:29:30Z
537,Sterling Investment Partners,Connecticut,13906,"Cambridge International, Inc.",Metals/Mining,"Cambridge, Maryland, United States",2006-05-12,Secondary Buyout,2012-04-11,Trade Sale - Public Company,5.8,False,,0,0,https://mergr.com/company/13906,2026-09-04T01:29:30Z
537,Sterling Investment Partners,Connecticut,23630,GPX International Tire Corp.,Manufacturing,"Malden, Massachusetts, United States",2005-11-29,"Buyout (LBO, MBO, MBI)",2010-07-21,Bankruptcy,4.6,False,,1,0,https://mergr.com/company/23630,2026-09-04T01:29:30Z
537,Sterling Investment Partners,Connecticut,23442,Dynata,Information Services,"Shelton, Connecticut, United States",2005-05-06,Secondary Buyout,2015-02-01,Trade Sale - Public Company,9.7,False,,0,0,https://mergr.com/company/23442,2026-09-04T01:29:30Z
537,Sterling Investment Partners,Connecticut,23632,"The CBORD Group, Inc.",Technology Hardware,"Ithaca, New York, United States",2004-07-07,"Buyout (LBO, MBO, MBI)",2008-03-17,Divestiture,3.7,False,,0,0,https://mergr.com/company/23632,2026-09-04T01:29:30Z
537,Sterling Investment Partners,Connecticut,23637,"USM, Inc.",Business Services,"Norristown, Pennsylvania, United States",2003-08-15,"Buyout (LBO, MBO, MBI)",,,23,True,,1,0,https://mergr.com/company/23637,2026-09-04T01:29:30Z
537,Sterling Investment Partners,Connecticut,23635,U.S. Shipping Corp,Transportation,"Edison, New Jersey, United States",2002-09-01,"Buyout (LBO, MBO, MBI)",2004-11-09,IPO,2.2,False,,0,0,https://mergr.com/company/23635,2026-09-04T01:29:30Z
537,Sterling Investment Partners,Connecticut,2891,KAG,Transportation,"North Canton, Ohio, United States",2001-01-26,Going Private,2005-12-21,Trade Sale - Public Company,4.8,False,,3,0,https://mergr.com/company/2891,2026-09-04T01:29:30Z
537,Sterling Investment Partners,Connecticut,19173,"Wilmar Industries, Inc.",Internet Software and Services,"Mount Laurel Township, New Jersey, United States",2000-05-15,Going Private,,,26.3,True,,0,0,https://mergr.com/company/19173,2026-09-04T01:29:30Z
537,Sterling Investment Partners,Connecticut,3289,"Interline Brands, Inc.",Distribution,"Jacksonville, Florida, United States",1999-08-25,"Buyout (LBO, MBO, MBI)",2004-12-15,IPO,5.3,False,303,1,0,https://mergr.com/company/3289,2026-09-04T01:29:30Z
6782,Sandbrook Capital,Connecticut,280104,United Utility,Utilities,"Charlotte, North Carolina, United States",2025-12-22,Secondary Buyout,,,0.7,True,,0,0,https://mergr.com/company/280104,2026-09-04T01:29:30Z
6782,Sandbrook Capital,Connecticut,334079,Intellirent,Test/Measurement Equipment,"Roanoke, Texas, United States",2025-02-19,Divestiture,,,1.5,True,,0,0,https://mergr.com/company/334079,2026-09-04T01:29:30Z
6782,Sandbrook Capital,Connecticut,341927,Cloverleaf Infrastructure,Infrastructure,"Seattle, Washington, United States",2024-07-17,Growth Capital,,,2.1,True,,0,0,https://mergr.com/company/341927,2026-09-04T01:29:30Z
6782,Sandbrook Capital,Connecticut,341876,rPlus Energies,Renewable Energy,"Salt Lake City, Utah, United States",2024-02-22,Growth Capital,,,2.5,True,,0,0,https://mergr.com/company/341876,2026-09-04T01:29:30Z
6782,Sandbrook Capital,Connecticut,315920,NeXtWind,Renewable Energy,"Berlin, Germany",2023-08-09,Secondary Buyout,,,3,True,,0,0,https://mergr.com/company/315920,2026-09-04T01:29:30Z
6782,Sandbrook Capital,Connecticut,341893,Voltwise,Renewable Energy,"London, United Kingdom",2023-06-21,Growth Capital,,,3.2,True,,0,0,https://mergr.com/company/341893,2026-09-04T01:29:30Z
1434,Great Point Partners,Connecticut,343795,Lenis,Distribution,"Ljubljana, Slovenia",2025-12-10,"Buyout (LBO, MBO, MBI)",,,0.7,True,,0,0,https://mergr.com/company/343795,2026-09-04T01:29:30Z
1434,Great Point Partners,Connecticut,347384,Eutecma,Packaging,"Mannheim, Germany",2025-06-11,"Buyout (LBO, MBO, MBI)",,,1.2,True,,0,0,https://mergr.com/company/347384,2026-09-04T01:29:30Z
1434,Great Point Partners,Connecticut,347381,Pyramids Pharmacy,Life Science,"Pearland, Texas, United States",2025-01-01,"Buyout (LBO, MBO, MBI)",,,1.7,True,,0,0,https://mergr.com/company/347381,2026-09-04T01:29:30Z
1434,Great Point Partners,Connecticut,326003,Lyocontract,Life Science,"Ilsenburg, Germany",2024-06-13,"Buyout (LBO, MBO, MBI)",,,2.2,True,,0,0,https://mergr.com/company/326003,2026-09-04T01:29:30Z
1434,Great Point Partners,Connecticut,319828,Ludi,Information Technology,"Nashville, Tennessee, United States",2023-12-13,Recapitalization,,,2.7,True,,0,0,https://mergr.com/company/319828,2026-09-04T01:29:30Z
1434,Great Point Partners,Connecticut,325963,iXCells Biotechnologies,Life Science,"San Diego, California, United States",2022-09-29,Growth Capital,,,3.9,True,,0,0,https://mergr.com/company/325963,2026-09-04T01:29:30Z
1434,Great Point Partners,Connecticut,302813,Ephicacy,Life Science,"Iselin, New Jersey, United States",2022-07-22,Growth Capital,,,4.1,True,,1,0,https://mergr.com/company/302813,2026-09-04T01:29:30Z
1434,Great Point Partners,Connecticut,299454,JPA Health,Marketing,"Washington, District of Columbia, United States",2022-05-04,Recapitalization,,,4.3,True,,3,0,https://mergr.com/company/299454,2026-09-04T01:29:30Z
1434,Great Point Partners,Connecticut,304171,Cellipont Bioservices,Life Science,"The Woodlands, Texas, United States",2022-01-11,"Buyout (LBO, MBO, MBI)",,,4.6,True,,0,0,https://mergr.com/company/304171,2026-09-04T01:29:30Z
1434,Great Point Partners,Connecticut,347382,VetnCare,Consumer Services,"Oakland, California, United States",2022-01-01,"Buyout (LBO, MBO, MBI)",,,4.7,True,,2,0,https://mergr.com/company/347382,2026-09-04T01:29:30Z
1434,Great Point Partners,Connecticut,304368,E-Therapy,Consumer Services,"Flagstaff, Arizona, United States",2022-01-01,"Buyout (LBO, MBO, MBI)",2026-02-02,Divestiture,4.1,False,,0,0,https://mergr.com/company/304368,2026-09-04T01:29:30Z
1434,Great Point Partners,Connecticut,291345,Velentium Medical,Medical Products,"Richmond, Texas, United States",2021-09-29,Recapitalization,,,4.9,True,,0,1,https://mergr.com/company/291345,2026-09-04T01:29:30Z
1434,Great Point Partners,Connecticut,276079,Family Resource Home Care,Consumer Services,"Liberty Lake, Washington, United States",2020-09-08,Recapitalization,,,5.9,True,,4,0,https://mergr.com/company/276079,2026-09-04T01:29:30Z
1434,Great Point Partners,Connecticut,219016,SteriPack,Packaging,"Mullingar, Ireland",2019-06-17,Recapitalization,2022-07-01,Trade Sale - Public Company,3,False,,2,0,https://mergr.com/company/219016,2026-09-04T01:29:30Z
1434,Great Point Partners,Connecticut,249638,Tergus Pharma,Life Science,"Durham, North Carolina, United States",2019-06-07,Recapitalization,2024-07-08,Spin Off,5.1,False,,0,0,https://mergr.com/company/249638,2026-09-04T01:29:30Z
1434,Great Point Partners,Connecticut,260690,Axiom Real-Time Metrics,Information Technology,"Mississauga, Ontario, Canada",2019-05-08,Recapitalization,2025-07-15,Divestiture,6.2,False,,0,0,https://mergr.com/company/260690,2026-09-04T01:29:30Z
1434,Great Point Partners,Connecticut,225363,Little Spurs Pediatric Urgent Care,Healthcare Services,"San Antonio, Texas, United States",2019-04-04,Recapitalization,,,7.4,True,,1,0,https://mergr.com/company/225363,2026-09-04T01:29:30Z
1434,Great Point Partners,Connecticut,274044,MLM Medical Labs,Life Science,"Mönchengladbach, Germany",2019-01-01,"Buyout (LBO, MBO, MBI)",,,7.7,True,,2,0,https://mergr.com/company/274044,2026-09-04T01:29:30Z
1434,Great Point Partners,Connecticut,241079,Spine & Sport,Healthcare Services,"San Diego, California, United States",2018-12-17,Divestiture,2025-03-04,Divestiture,6.2,False,,5,0,https://mergr.com/company/241079,2026-09-04T01:29:30Z
1434,Great Point Partners,Connecticut,283503,Valenz,Business Services,"Phoenix, Arizona, United States",2017-08-16,"Buyout (LBO, MBO, MBI)",2023-06-21,Trade Sale - Public Company,5.8,False,,6,0,https://mergr.com/company/283503,2026-09-04T01:29:30Z
1434,Great Point Partners,Connecticut,228495,"Clinical Supplies Management, Inc.",Life Science,"Fargo, North Dakota, United States",2016-10-12,Recapitalization,2018-09-27,Unknown,1.9,False,,2,0,https://mergr.com/company/228495,2026-09-04T01:29:30Z
1434,Great Point Partners,Connecticut,227064,Alliance Biomedical,Life Science,"Spartanburg, South Carolina, United States",2016-09-20,Recapitalization,,,9.9,True,,0,0,https://mergr.com/company/227064,2026-09-04T01:29:30Z
1434,Great Point Partners,Connecticut,264276,VitaLink Research,Life Science,"Greenville, South Carolina, United States",2016-01-01,"Buyout (LBO, MBO, MBI)",2021-09-22,Divestiture,5.7,False,,1,0,https://mergr.com/company/264276,2026-09-04T01:29:30Z
1434,Great Point Partners,Connecticut,178252,MaSTherCell SA,Life Science,"Gosselies, Belgium",2015-03-09,Add-on Acquisition,2020-02-03,Bankruptcy,4.8,False,,0,0,https://mergr.com/company/178252,2026-09-04T01:29:30Z
1434,Great Point Partners,Connecticut,203980,Softbox,Packaging,"Long Crendon, United Kingdom",2014-07-08,Recapitalization,2021-12-15,Divestiture,7.4,False,,2,0,https://mergr.com/company/203980,2026-09-04T01:29:30Z
1434,Great Point Partners,Connecticut,87669,CorEvitas,Life Science,"Waltham, Massachusetts, United States",2014-04-22,Recapitalization,2019-12-19,Merger,5.6,False,,1,0,https://mergr.com/company/87669,2026-09-04T01:29:30Z
1434,Great Point Partners,Connecticut,203981,"Citra Health Solutions, Inc.",Software,"Jacksonville, Florida, United States",2014-04-15,Growth Capital,2020-06-25,Divestiture,6.2,False,,3,0,https://mergr.com/company/203981,2026-09-04T01:29:30Z
1434,Great Point Partners,Connecticut,55530,iVantage,Information Technology,"Portland, Maine, United States",2013-06-07,Recapitalization,2015-11-05,Divestiture,2.3,False,,3,0,https://mergr.com/company/55530,2026-09-04T01:29:30Z
1434,Great Point Partners,Connecticut,32287,Aris,Healthcare Services,"Hudson, Ohio, United States",2011-11-04,Growth Capital,,,14.8,True,,1,0,https://mergr.com/company/32287,2026-09-04T01:29:30Z
1434,Great Point Partners,Connecticut,32288,Professional Physical Therapy,Healthcare Services,"Melville, New York, United States",2011-11-01,Recapitalization,2016-12-19,Trade Sale - Public Company,5.1,False,,17,0,https://mergr.com/company/32288,2026-09-04T01:29:30Z
1434,Great Point Partners,Connecticut,27585,American Surgical Professionals,Staffing,"Hunt Valley, Maryland, United States",2011-03-23,Going Private,,,15.4,True,,2,0,https://mergr.com/company/27585,2026-09-04T01:29:30Z
1434,Great Point Partners,Connecticut,27584,"Cytovance Biologics, Inc.",Life Science,"Oklahoma City, Oklahoma, United States",2011-03-15,"Buyout (LBO, MBO, MBI)",2015-08-24,Divestiture,4.4,False,,0,0,https://mergr.com/company/27584,2026-09-04T01:29:30Z
1434,Great Point Partners,Connecticut,24196,"Pacific Child & Family Associates, LLC",Healthcare Services,"Santa Paula, California, United States",2010-01-15,Growth Capital,,,16.6,True,,3,0,https://mergr.com/company/24196,2026-09-04T01:29:30Z
1434,Great Point Partners,Connecticut,12596,Biotronic NeuroNetwork LLC,Healthcare Services,"Ann Arbor, Michigan, United States",2008-08-21,"Buyout (LBO, MBO, MBI)",2016-06-06,Divestiture,7.8,False,,5,0,https://mergr.com/company/12596,2026-09-04T01:29:30Z
1434,Great Point Partners,Connecticut,11484,Equian LLC,Information Technology,"Indianapolis, Indiana, United States",2007-12-04,Recapitalization,2015-12-18,Trade Sale - Public Company,8,False,,6,0,https://mergr.com/company/11484,2026-09-04T01:29:30Z
1434,Great Point Partners,Connecticut,11486,APT,Life Science,"Burlingame, California, United States",2007-10-04,Venture,,,18.9,True,,0,0,https://mergr.com/company/11486,2026-09-04T01:29:30Z
1434,Great Point Partners,Connecticut,11483,CellCarta,Life Science,"Montreal, Quebec, Canada",2007-06-28,Divestiture,2012-07-23,Merger,5,False,,0,0,https://mergr.com/company/11483,2026-09-04T01:29:30Z
1434,Great Point Partners,Connecticut,11487,"Biodel, Inc.",Life Science,"Danbury, Connecticut, United States",2006-01-01,"Buyout (LBO, MBO, MBI)",2007-01-01,IPO,1,False,,0,0,https://mergr.com/company/11487,2026-09-04T01:29:30Z
1434,Great Point Partners,Connecticut,4034,"Connecture, Inc.",Software,"Brookfield, Wisconsin, United States",2004-03-26,Growth Capital,2014-12-12,IPO,10.7,False,96,2,0,https://mergr.com/company/4034,2026-09-04T01:29:30Z
6404,Avesi Partners,Connecticut,286853,Mosaic Consulting Group,Business Services,"Nashville, Tennessee, United States",2025-10-02,Growth Capital,,,0.9,True,,0,0,https://mergr.com/company/286853,2026-09-04T01:29:30Z
6404,Avesi Partners,Connecticut,341875,OPOC,Business Services,"Worthington, Ohio, United States",2025-05-09,"Buyout (LBO, MBO, MBI)",,,1.3,True,,0,0,https://mergr.com/company/341875,2026-09-04T01:29:30Z
6404,Avesi Partners,Connecticut,341869,Therapy 2000,Healthcare Services,"Irving, Texas, United States",2025-01-01,"Buyout (LBO, MBO, MBI)",,,1.7,True,,0,0,https://mergr.com/company/341869,2026-09-04T01:29:30Z
6404,Avesi Partners,Connecticut,324239,First Steps Recovery,Healthcare Services,"Clovis, California, United States",2024-04-23,Growth Capital,,,2.3,True,,0,0,https://mergr.com/company/324239,2026-09-04T01:29:30Z
6404,Avesi Partners,Connecticut,341877,Visante,Business Services,"St. Paul, Minnesota, United States",2024-02-12,Growth Capital,,,2.5,True,,0,0,https://mergr.com/company/341877,2026-09-04T01:29:30Z
6404,Avesi Partners,Connecticut,309142,Muir Wood,Consumer Services,"Petaluma, California, United States",2023-01-16,Growth Capital,,,3.6,True,,0,0,https://mergr.com/company/309142,2026-09-04T01:29:30Z
6404,Avesi Partners,Connecticut,338633,Sands Point Risk,Insurance,"New York, New York, United States",2023-01-01,"Buyout (LBO, MBO, MBI)",,,3.7,True,,2,0,https://mergr.com/company/338633,2026-09-04T01:29:30Z
6404,Avesi Partners,Connecticut,306477,Point Quest Education,Healthcare Services,"Elk Grove, California, United States",2022-08-25,Growth Capital,,,4,True,,1,0,https://mergr.com/company/306477,2026-09-04T01:29:30Z
6404,Avesi Partners,Connecticut,301569,memoryBlue,Business Services,"Tysons, Virginia, United States",2022-06-21,Growth Capital,,,4.2,True,,1,0,https://mergr.com/company/301569,2026-09-04T01:29:30Z
6404,Avesi Partners,Connecticut,258996,Danforth Advisors,Business Services,"Waltham, Massachusetts, United States",2021-12-17,Stake Purchase,,,4.7,True,,5,0,https://mergr.com/company/258996,2026-09-04T01:29:30Z
6088,Hudson Structured Capital Management,Connecticut,347319,Cybcube,Software,"San Francisco, California, United States",2025-10-01,Growth Capital,,,0.9,True,,0,0,https://mergr.com/company/347319,2026-09-04T01:29:30Z
6088,Hudson Structured Capital Management,Connecticut,278151,Vault,Insurance,"St. Petersburg, Florida, United States",2020-11-12,Divestiture,,,5.8,True,,0,0,https://mergr.com/company/278151,2026-09-04T01:29:30Z
699,Atlas Holdings,Connecticut,3935,Office Depot,Retail,"Boca Raton, Florida, United States",2025-09-22,Going Private,,,0.9,True,6990,0,0,https://mergr.com/company/3935,2026-09-04T01:29:30Z
699,Atlas Holdings,Connecticut,112441,De La Rue,Business Services,"Basingstoke, United Kingdom",2025-04-15,Going Private,,,1.3,True,477,0,0,https://mergr.com/company/112441,2026-09-04T01:29:30Z
699,Atlas Holdings,Connecticut,342479,Bovis,Construction,"London, United Kingdom",2025-01-04,"Buyout (LBO, MBO, MBI)",,,1.7,True,,0,0,https://mergr.com/company/342479,2026-09-04T01:29:30Z
699,Atlas Holdings,Connecticut,121453,RESRG Automotive,Automotive,"Troy, Michigan, United States",2024-10-17,Divestiture,,,1.8,True,,0,0,https://mergr.com/company/121453,2026-09-04T01:29:30Z
699,Atlas Holdings,Connecticut,246065,InfraServices,Communications,"Blue Bell, Pennsylvania, United States",2024-08-28,Special Situations/Distressed,,,2,True,,0,0,https://mergr.com/company/246065,2026-09-04T01:29:30Z
699,Atlas Holdings,Connecticut,342483,Thunder Bay Pulp & Paper,Forest Products,"Thunder Bay, Ontario, Canada",2023-05-26,Divestiture,,,3.3,True,,0,0,https://mergr.com/company/342483,2026-09-04T01:29:30Z
699,Atlas Holdings,Connecticut,171577,US Farathane,Automotive,"Auburn Hills, Michigan, United States",2023-04-25,Secondary Buyout,,,3.3,True,,0,0,https://mergr.com/company/171577,2026-09-04T01:29:30Z
699,Atlas Holdings,Connecticut,177782,Crown Paper Group,Forest Products,"Port Townsend, Washington, United States",2022-10-11,Secondary Buyout,,,3.8,True,,0,0,https://mergr.com/company/177782,2026-09-04T01:29:30Z
699,Atlas Holdings,Connecticut,300860,Foster Farms,Food,"Livingston, California, United States",2022-06-07,"Buyout (LBO, MBO, MBI)",,,4.2,True,,0,0,https://mergr.com/company/300860,2026-09-04T01:29:30Z
699,Atlas Holdings,Connecticut,342480,Carlex Glass,Automotive,"Nashville, Tennessee, United States",2022-04-01,Divestiture,,,4.4,True,,0,0,https://mergr.com/company/342480,2026-09-04T01:29:30Z
699,Atlas Holdings,Connecticut,231839,LSC Communications,Publishing,"Warrenville, Illinois, United States",2020-12-04,Divestiture,,,5.8,True,3603,1,0,https://mergr.com/company/231839,2026-09-04T01:29:30Z
699,Atlas Holdings,Connecticut,275658,Stryten Energy,Electrical Equipment,"Alpharetta, Georgia, United States",2020-08-25,Divestiture,,,6,True,,3,0,https://mergr.com/company/275658,2026-09-04T01:29:30Z
699,Atlas Holdings,Connecticut,29505,Permasteelisa,Engineering,"Vittorio Veneto, Italy",2020-05-01,Divestiture,,,6.3,True,,0,1,https://mergr.com/company/29505,2026-09-04T01:29:30Z
699,Atlas Holdings,Connecticut,32006,Flagstone Foods,Food,"Minneapolis, Minnesota, United States",2019-07-08,Divestiture,,,7.1,True,,1,0,https://mergr.com/company/32006,2026-09-04T01:29:30Z
699,Atlas Holdings,Connecticut,34593,EQI,Distribution,"Spring Lake, Michigan, United States",2019-05-28,Secondary Buyout,,,7.3,True,,1,0,https://mergr.com/company/34593,2026-09-04T01:29:30Z
699,Atlas Holdings,Connecticut,196046,International Wire Group,Manufacturing,"Camden, New York, United States",2019-04-30,Going Private,2023-04-14,Trade Sale - Public Company,3.9,False,639,1,1,https://mergr.com/company/196046,2026-09-04T01:29:30Z
699,Atlas Holdings,Connecticut,26188,Saxco,Packaging,"Concord, California, United States",2019-01-04,Secondary Buyout,2025-01-09,Divestiture,6,False,,0,0,https://mergr.com/company/26188,2026-09-04T01:29:30Z
699,Atlas Holdings,Connecticut,244253,Granite Shore Power,Utilities,"Bow, New Hampshire, United States",2017-10-12,Joint Venture,,,8.8,True,,1,0,https://mergr.com/company/244253,2026-09-04T01:29:30Z
699,Atlas Holdings,Connecticut,240372,Millar Western,Forest Products,"Edmonton, Alberta, Canada",2017-05-10,"Buyout (LBO, MBO, MBI)",,,9.3,True,,2,1,https://mergr.com/company/240372,2026-09-04T01:29:30Z
699,Atlas Holdings,Connecticut,244966,Iconex,Forest Products,"Atlanta, Georgia, United States",2016-05-27,Divestiture,2024-11-04,Divestiture,8.4,False,,6,1,https://mergr.com/company/244966,2026-09-04T01:29:30Z
699,Atlas Holdings,Connecticut,305367,Winston Plywood & Veneer,Forest Products,"Louisville, Mississippi, United States",2016-01-01,"Buyout (LBO, MBO, MBI)",,,10.7,True,,0,0,https://mergr.com/company/305367,2026-09-04T01:29:30Z
699,Atlas Holdings,Connecticut,78041,Tecumseh Products Company,Manufacturing,"Ann Arbor, Michigan, United States",2015-08-05,Going Private,,,11,True,,0,0,https://mergr.com/company/78041,2026-09-04T01:29:30Z
699,Atlas Holdings,Connecticut,180264,Merchants Metals,Building Materials,"Atlanta, Georgia, United States",2015-04-30,Divestiture,2021-03-01,Divestiture,5.8,False,,0,0,https://mergr.com/company/180264,2026-09-04T01:29:30Z
699,Atlas Holdings,Connecticut,181077,Novipax,Packaging,"Oak Brook, Illinois, United States",2015-04-02,Divestiture,2020-12-01,Trade Sale - Public Company,5.6,False,,0,0,https://mergr.com/company/181077,2026-09-04T01:29:30Z
699,Atlas Holdings,Connecticut,175749,Aludium,Metals/Mining,"Alicante, Spain",2015-01-01,Divestiture,2023-04-17,Divestiture,8.3,False,,0,0,https://mergr.com/company/175749,2026-09-04T01:29:30Z
699,Atlas Holdings,Connecticut,218026,Banker Steel,Construction,"Lynchburg, Virginia, United States",2014-08-01,"Buyout (LBO, MBO, MBI)",2021-05-27,Bankruptcy,6.8,False,,1,0,https://mergr.com/company/218026,2026-09-04T01:29:30Z
699,Atlas Holdings,Connecticut,178155,Motus Integrated Technologies,Automotive,"Holland, Michigan, United States",2014-06-02,Divestiture,,,12.3,True,,2,0,https://mergr.com/company/178155,2026-09-04T01:29:30Z
699,Atlas Holdings,Connecticut,84593,Twin Rivers Paper Company,Forest Products,"Madawaska, Maine, United States",2013-06-21,Secondary Buyout,,,13.2,True,,1,0,https://mergr.com/company/84593,2026-09-04T01:29:30Z
699,Atlas Holdings,Connecticut,212084,Veritas Steel,Manufacturing,"Lisle, Illinois, United States",2013-01-01,"Buyout (LBO, MBO, MBI)",,,13.7,True,,1,0,https://mergr.com/company/212084,2026-09-04T01:29:30Z
699,Atlas Holdings,Connecticut,19615,Erickson Construction,Building Materials,"Chandler, Arizona, United States",2012-11-14,Divestiture,2018-11-05,Divestiture,5.9,False,,0,0,https://mergr.com/company/19615,2026-09-04T01:29:30Z
699,Atlas Holdings,Connecticut,20811,Marcal Paper,Consumer Products,"Elmwood Park, New Jersey, United States",2012-05-01,"Buyout (LBO, MBO, MBI)",,,14.3,True,,1,0,https://mergr.com/company/20811,2026-09-04T01:29:30Z
699,Atlas Holdings,Connecticut,5187,Forest Resources LLC,Packaging,"Hartford City, Illinois, United States",2012-01-25,Recapitalization,2015-07-02,Divestiture,3.4,False,200,0,0,https://mergr.com/company/5187,2026-09-04T01:29:30Z
699,Atlas Holdings,Connecticut,26090,Bridgewell,Distribution,"Tigard, Oregon, United States",2010-03-02,"Buyout (LBO, MBO, MBI)",,,16.5,True,,0,0,https://mergr.com/company/26090,2026-09-04T01:29:30Z
699,Atlas Holdings,Connecticut,24041,RedBuilt,Building Materials,"Boise, Idaho, United States",2009-08-18,Divestiture,,,17,True,,0,0,https://mergr.com/company/24041,2026-09-04T01:29:30Z
699,Atlas Holdings,Connecticut,19652,Northern Pulp,Forest Products,"Abercrombie, Nova Scotia, Canada",2008-06-24,"Buyout (LBO, MBO, MBI)",2011-03-31,Divestiture,2.8,False,,0,0,https://mergr.com/company/19652,2026-09-04T01:29:30Z
699,Atlas Holdings,Connecticut,5192,Finch Paper,Forest Products,"Glens Falls, New York, United States",2007-04-24,"Buyout (LBO, MBO, MBI)",,,19.3,True,,0,0,https://mergr.com/company/5192,2026-09-04T01:29:30Z
699,Atlas Holdings,Connecticut,37581,Capital Equipment Resources LLC (dba Pangborn Group),Machinery,"Fairburn, Georgia, United States",2006-06-07,"Buyout (LBO, MBO, MBI)",2015-11-16,Divestiture,9.4,False,,0,0,https://mergr.com/company/37581,2026-09-04T01:29:30Z
699,Atlas Holdings,Connecticut,17749,Phoenix Services,Business Services,"Radnor, Pennsylvania, United States",2006-06-01,"Buyout (LBO, MBO, MBI)",2009-04-24,Trade Sale - Public Company,2.8,False,,0,0,https://mergr.com/company/17749,2026-09-04T01:29:30Z
699,Atlas Holdings,Connecticut,19651,CanamPAC,Packaging,"Toronto, Ontario, Canada",2006-05-01,Special Situations/Distressed,,,20.3,True,,0,0,https://mergr.com/company/19651,2026-09-04T01:29:30Z
699,Atlas Holdings,Connecticut,9452,Michigan Seamless Tube LLC,Manufacturing,"South Lyon, Michigan, United States",2002-10-01,"Buyout (LBO, MBO, MBI)",2004-01-01,Shut Down,1.3,False,,0,0,https://mergr.com/company/9452,2026-09-04T01:29:30Z
889,GarMark Partners,Connecticut,340205,ComNet Communications,Communications,"Bethel, Connecticut, United States",2025-09-10,"Buyout (LBO, MBO, MBI)",,,0.9,True,,0,0,https://mergr.com/company/340205,2026-09-04T01:29:30Z
889,GarMark Partners,Connecticut,336590,Abbiamo Pasta,Food,"Casselton, North Dakota, United States",2025-03-21,"Buyout (LBO, MBO, MBI)",,,1.4,True,,0,0,https://mergr.com/company/336590,2026-09-04T01:29:30Z
889,GarMark Partners,Connecticut,336579,A First Name Basis,Healthcare Services," Lafayette, Louisiana, United States",2024-05-01,Growth Capital,,,2.3,True,,0,0,https://mergr.com/company/336579,2026-09-04T01:29:30Z
889,GarMark Partners,Connecticut,311088,Banker Wire,Manufacturing,"Mukwonago, Wisconsin, United States",2023-03-14,"Buyout (LBO, MBO, MBI)",,,3.4,True,,0,0,https://mergr.com/company/311088,2026-09-04T01:29:30Z
889,GarMark Partners,Connecticut,59702,US Auto Supply,Automotive,"Elgin, Illinois, United States",2022-11-22,Secondary Buyout,,,3.8,True,,0,0,https://mergr.com/company/59702,2026-09-04T01:29:30Z
889,GarMark Partners,Connecticut,265062,Monetate,Internet Software and Services,"Dallas, Texas, United States",2022-10-28,Divestiture,,,3.8,True,,2,0,https://mergr.com/company/265062,2026-09-04T01:29:30Z
889,GarMark Partners,Connecticut,34249,Stratix,Information Technology,"Peachtree Corners, Georgia, United States",2022-09-16,Secondary Buyout,,,3.9,True,,2,0,https://mergr.com/company/34249,2026-09-04T01:29:30Z
889,GarMark Partners,Connecticut,305316,Capital Pump & Equipment,Distribution,"Chandler, Arizona, United States",2022-08-31,Growth Capital,,,4,True,,0,0,https://mergr.com/company/305316,2026-09-04T01:29:30Z
889,GarMark Partners,Connecticut,13504,FCA Packaging,Packaging,"Moline, Illinois, United States",2022-07-21,Secondary Buyout,,,4.1,True,,2,0,https://mergr.com/company/13504,2026-09-04T01:29:30Z
889,GarMark Partners,Connecticut,294065,Talk More Wireless,Retail,"Saint Petersburg, Florida, United States",2021-12-21,Growth Capital,2025-01-01,Unknown,3,False,,0,0,https://mergr.com/company/294065,2026-09-04T01:29:30Z
889,GarMark Partners,Connecticut,324935,ACTGeo,Construction,"Irvine, California, United States",2021-10-25,Consolidation,,,4.8,True,,2,0,https://mergr.com/company/324935,2026-09-04T01:29:30Z
889,GarMark Partners,Connecticut,284612,REMEDI8,Safety/Security,"Lenexa, Kansas, United States",2021-04-28,Growth Capital,,,5.3,True,,3,0,https://mergr.com/company/284612,2026-09-04T01:29:30Z
889,GarMark Partners,Connecticut,284523,Homestyle Direct,Food,"Twin Falls, Idaho, United States",2021-04-26,Growth Capital,,,5.3,True,,0,0,https://mergr.com/company/284523,2026-09-04T01:29:30Z
889,GarMark Partners,Connecticut,280885,SV Labs,Consumer Products,"Watsonville, California, United States",2021-01-25,"Buyout (LBO, MBO, MBI)",,,5.6,True,,1,0,https://mergr.com/company/280885,2026-09-04T01:29:30Z
889,GarMark Partners,Connecticut,259989,Avision,Business Services,"Hershey, Pennsylvania, United States",2020-08-18,Secondary Buyout,,,6,True,,9,0,https://mergr.com/company/259989,2026-09-04T01:29:30Z
889,GarMark Partners,Connecticut,264043,Pro-Vision Video Systems,Technology Hardware,"Byron Center, Michigan, United States",2019-09-06,"Buyout (LBO, MBO, MBI)",2024-09-26,Trade Sale - Public Company,5,False,,1,0,https://mergr.com/company/264043,2026-09-04T01:29:30Z
889,GarMark Partners,Connecticut,271095,Salt Dental Collective,Healthcare Services,"Phoenix, Arizona, United States",2019-01-01,Stake Purchase,,,7.7,True,,0,0,https://mergr.com/company/271095,2026-09-04T01:29:30Z
889,GarMark Partners,Connecticut,254003,Phoenix Lighting,Electrical Equipment,"Milwaukee, Wisconsin, United States",2018-09-06,"Buyout (LBO, MBO, MBI)",,,7.9,True,,2,0,https://mergr.com/company/254003,2026-09-04T01:29:30Z
889,GarMark Partners,Connecticut,253687,Discovery Behavioral Health,Healthcare Services,"Irvine, California, United States",2018-06-15,Consolidation,,,8.2,True,,14,0,https://mergr.com/company/253687,2026-09-04T01:29:30Z
889,GarMark Partners,Connecticut,266830,Esp Associates,Engineering,"Fort Mill, California, United States",2018-04-13,Growth Capital,,,8.3,True,,4,0,https://mergr.com/company/266830,2026-09-04T01:29:30Z
889,GarMark Partners,Connecticut,200407,Dutchland Plastics,Plastics,"Oostburg, Wisconsin, United States",2017-05-03,Secondary Buyout,2022-01-21,Divestiture,4.7,False,,0,0,https://mergr.com/company/200407,2026-09-04T01:29:30Z
889,GarMark Partners,Connecticut,200929,Advanced Solutions International,Internet Software and Services,"Alexandria, Virginia, United States",2016-07-13,Growth Capital,,,10.1,True,,2,1,https://mergr.com/company/200929,2026-09-04T01:29:30Z
889,GarMark Partners,Connecticut,305367,Winston Plywood & Veneer,Forest Products,"Louisville, Mississippi, United States",2016-01-01,"Buyout (LBO, MBO, MBI)",,,10.7,True,,0,0,https://mergr.com/company/305367,2026-09-04T01:29:30Z
889,GarMark Partners,Connecticut,24181,Baja Fresh,Restaurants,"Irvine, California, United States",2014-06-11,Divestiture,2016-09-09,Divestiture,2.2,False,,0,0,https://mergr.com/company/24181,2026-09-04T01:29:30Z
889,GarMark Partners,Connecticut,24495,Glo Skin Beauty,Consumer Products,"Denver, Colorado, United States",2013-04-02,Secondary Buyout,2026-03-03,Trade Sale - Public Company,12.9,False,,0,0,https://mergr.com/company/24495,2026-09-04T01:29:30Z
889,GarMark Partners,Connecticut,5187,Forest Resources LLC,Packaging,"Hartford City, Illinois, United States",2012-01-25,Recapitalization,2015-07-02,Divestiture,3.4,False,200,0,0,https://mergr.com/company/5187,2026-09-04T01:29:30Z
889,GarMark Partners,Connecticut,30402,Tire Group International,Distribution,"Miami, Florida, United States",2011-10-07,"Buyout (LBO, MBO, MBI)",,,14.8,True,,0,0,https://mergr.com/company/30402,2026-09-04T01:29:30Z
889,GarMark Partners,Connecticut,27308,Allison Marine Contractors,Marine,"Amelia, Louisiana, United States",2011-09-07,"Buyout (LBO, MBO, MBI)",,,14.9,True,,0,0,https://mergr.com/company/27308,2026-09-04T01:29:30Z
889,GarMark Partners,Connecticut,30286,Designer Wellness,Consumer Products,"Carlsbad, California, United States",2011-04-26,"Buyout (LBO, MBO, MBI)",,,15.3,True,,0,0,https://mergr.com/company/30286,2026-09-04T01:29:30Z
889,GarMark Partners,Connecticut,93285,KODA Distribution Group LLC,Distribution,"Stamford, Connecticut, United States",2010-11-02,Secondary Buyout,2015-12-21,Divestiture,5.1,False,,4,0,https://mergr.com/company/93285,2026-09-04T01:29:30Z
889,GarMark Partners,Connecticut,29369,Mid-Atlantic Convenience Stores LLC,Retail,"Richmond, Virginia, United States",2010-06-24,Growth Capital,2013-10-03,Divestiture,3.3,False,,0,0,https://mergr.com/company/29369,2026-09-04T01:29:30Z
889,GarMark Partners,Connecticut,17749,Phoenix Services,Business Services,"Radnor, Pennsylvania, United States",2009-04-24,Secondary Buyout,2012-07-09,Merger,3.2,False,,0,0,https://mergr.com/company/17749,2026-09-04T01:29:30Z
889,GarMark Partners,Connecticut,2591,New Horizons Plastics Recycling LLC,Plastics,"Greenville, South Carolina, United States",2008-09-27,Venture,,,17.9,True,,0,0,https://mergr.com/company/2591,2026-09-04T01:29:30Z
889,GarMark Partners,Connecticut,11858,Stant,Manufacturing,"Connersville, Indiana, United States",2008-06-19,Divestiture,,,18.2,True,,1,0,https://mergr.com/company/11858,2026-09-04T01:29:30Z
889,GarMark Partners,Connecticut,12757,Nudo Products,Building Materials,"Springfield, Illinois, United States",2008-04-23,"Buyout (LBO, MBO, MBI)",,,18.3,True,,1,0,https://mergr.com/company/12757,2026-09-04T01:29:30Z
889,GarMark Partners,Connecticut,13413,Hoffmaster Group,Consumer Products,"Oshkosh, Wisconsin, United States",2007-10-01,"Buyout (LBO, MBO, MBI)",2011-12-01,Trade Sale - Public Company,4.2,False,,2,0,https://mergr.com/company/13413,2026-09-04T01:29:30Z
889,GarMark Partners,Connecticut,5192,Finch Paper,Forest Products,"Glens Falls, New York, United States",2007-04-24,"Buyout (LBO, MBO, MBI)",,,19.3,True,,0,0,https://mergr.com/company/5192,2026-09-04T01:29:30Z
889,GarMark Partners,Connecticut,6902,Rock Bottom Restaurant & Brewery,Restaurants,"Louisville, Colorado, United States",2007-01-01,Growth Capital,2010-01-01,Divestiture,3,False,,0,0,https://mergr.com/company/6902,2026-09-04T01:29:30Z
889,GarMark Partners,Connecticut,18319,CrossCom,Information Technology,"Buffalo Grove, Illinois, United States",2004-11-02,Recapitalization,,,21.8,True,,0,0,https://mergr.com/company/18319,2026-09-04T01:29:30Z
889,GarMark Partners,Connecticut,9452,Michigan Seamless Tube LLC,Manufacturing,"South Lyon, Michigan, United States",2004-01-01,Special Situations/Distressed,2008-07-08,Divestiture,4.5,False,,0,0,https://mergr.com/company/9452,2026-09-04T01:29:30Z
889,GarMark Partners,Connecticut,854,Carey,Transportation,"Washington, District of Columbia, United States",2000-09-01,Going Private,2007-10-23,Divestiture,7.1,False,,0,0,https://mergr.com/company/854,2026-09-04T01:29:30Z
889,GarMark Partners,Connecticut,2168,Rough Country,Automotive,"Dyersburg, Tennessee, United States",2000-06-01,"Buyout (LBO, MBO, MBI)",2004-10-04,Trade Sale,4.3,False,,0,0,https://mergr.com/company/2168,2026-09-04T01:29:30Z
889,GarMark Partners,Connecticut,19761,"Experimental & Applied Sciences, Inc. (EAS)",Consumer Products,"Burlington, Ontario, Canada",1999-01-01,"Buyout (LBO, MBO, MBI)",2004-10-11,Divestiture,5.8,False,,0,0,https://mergr.com/company/19761,2026-09-04T01:29:30Z
889,GarMark Partners,Connecticut,6904,BC Components Holdings B.V,Electrical Equipment,"Eindhoven, Netherlands",1998-11-01,Divestiture,2002-12-16,Divestiture,4.1,False,,0,0,https://mergr.com/company/6904,2026-09-04T01:29:30Z
889,GarMark Partners,Connecticut,28973,Service Partners LLC,Distribution,"Glen Allen, Virginia, United States",1998-07-01,Stake Purchase,2002-09-10,Divestiture,4.2,False,,0,0,https://mergr.com/company/28973,2026-09-04T01:29:30Z
889,GarMark Partners,Connecticut,6903,"Uniscribe Professional Services, Inc.",Business Services,"Wilton, Connecticut, United States",1998-01-01,Growth Capital,2005-08-01,Divestiture,7.6,False,,0,0,https://mergr.com/company/6903,2026-09-04T01:29:30Z
6591,BharCap Partners,Connecticut,315600,GCG Wealth Management,Financial Services,"Charlotte, North Carolina, United States",2025-09-10,Recapitalization,,,0.9,True,,1,0,https://mergr.com/company/315600,2026-09-04T01:29:30Z
6591,BharCap Partners,Connecticut,255321,Kurv,Information Technology,"Cleveland, Ohio, United States",2024-08-19,"Buyout (LBO, MBO, MBI)",,,2,True,,1,0,https://mergr.com/company/255321,2026-09-04T01:29:30Z
6591,BharCap Partners,Connecticut,323023,Red Oak Inventory Finance,Financial Services,"Alpharetta, Georgia, United States",2024-03-22,Divestiture,,,2.4,True,,0,0,https://mergr.com/company/323023,2026-09-04T01:29:30Z
6591,BharCap Partners,Connecticut,284782,Insurvia,Insurance,"Las Vegas, Nevada, United States",2024-03-14,Secondary Buyout,,,2.4,True,,0,0,https://mergr.com/company/284782,2026-09-04T01:29:30Z
6591,BharCap Partners,Connecticut,317879,ARMStrong,Business Services,"Itasca, Illinois, United States",2023-10-10,"Buyout (LBO, MBO, MBI)",,,2.8,True,,0,1,https://mergr.com/company/317879,2026-09-04T01:29:30Z
6591,BharCap Partners,Connecticut,317919,Clarus Capital,Financial Services,"Boston, Massachusetts, United States",2021-12-15,Growth Capital,,,4.7,True,,0,0,https://mergr.com/company/317919,2026-09-04T01:29:30Z
76,Heartwood Partners,Connecticut,339120,VITALSpace,Manufacturing,"Baldwin, Georgia, United States",2025-04-22,Consolidation,,,1.3,True,,1,0,https://mergr.com/company/339120,2026-09-04T01:29:30Z
76,Heartwood Partners,Connecticut,290459,Norlee Group,Construction,"Jacksonville, Florida, United States",2024-11-05,Secondary Buyout,,,1.8,True,,2,0,https://mergr.com/company/290459,2026-09-04T01:29:30Z
76,Heartwood Partners,Connecticut,328850,Royal Products,Manufacturing,"Hauppauge, New York, United States",2024-09-16,Growth Capital,,,1.9,True,,0,0,https://mergr.com/company/328850,2026-09-04T01:29:30Z
76,Heartwood Partners,Connecticut,319924,Bush Brothers,Food,"Royal Palm Beach, Florida, United States",2023-12-14,Growth Capital,,,2.7,True,,0,0,https://mergr.com/company/319924,2026-09-04T01:29:30Z
76,Heartwood Partners,Connecticut,317383,Somafina Nutraceutical Builders,Life Science,"Layton, Utah, United States",2023-09-26,Growth Capital,,,2.9,True,,1,0,https://mergr.com/company/317383,2026-09-04T01:29:30Z
76,Heartwood Partners,Connecticut,311552,NativeSeed,Agriculture,"Carpinteria, California, United States",2023-03-27,"Buyout (LBO, MBO, MBI)",,,3.4,True,,2,0,https://mergr.com/company/311552,2026-09-04T01:29:30Z
76,Heartwood Partners,Connecticut,13379,Amlon Group,Environmental,"Plano, Texas, United States",2022-07-22,Growth Capital,,,4.1,True,,6,0,https://mergr.com/company/13379,2026-09-04T01:29:30Z
76,Heartwood Partners,Connecticut,303696,Imprimus,Packaging,"Brea, California, United States",2021-11-01,"Buyout (LBO, MBO, MBI)",,,4.8,True,,0,0,https://mergr.com/company/303696,2026-09-04T01:29:30Z
76,Heartwood Partners,Connecticut,303713,Super-Sod,Agriculture,"Charleston, South Carolina, United States",2020-09-28,Growth Capital,2026-06-10,Trade Sale - Public Company,5.7,False,,2,0,https://mergr.com/company/303713,2026-09-04T01:29:30Z
76,Heartwood Partners,Connecticut,303721,MicroCare,Chemicals,"New Britain, Connecticut, United States",2020-05-28,Growth Capital,2025-08-13,Trade Sale - Public Company,5.2,False,,1,0,https://mergr.com/company/303721,2026-09-04T01:29:30Z
76,Heartwood Partners,Connecticut,149917,Allentown,Life Science,"Allentown, New Jersey, United States",2019-10-22,Growth Capital,2022-05-11,Trade Sale - Public Company,2.5,False,,0,0,https://mergr.com/company/149917,2026-09-04T01:29:30Z
76,Heartwood Partners,Connecticut,263849,UW Solutions,Manufacturing,"Louisville, Kentucky, United States",2019-03-15,Growth Capital,2024-09-25,Divestiture,5.5,False,,1,0,https://mergr.com/company/263849,2026-09-04T01:29:30Z
76,Heartwood Partners,Connecticut,254300,High Bar Brands,Automotive,"Owatonna, Minnesota, United States",2018-09-20,Growth Capital,2023-12-20,Trade Sale - Public Company,5.3,False,,1,0,https://mergr.com/company/254300,2026-09-04T01:29:30Z
76,Heartwood Partners,Connecticut,251579,Cohesive Components,Manufacturing,"Charlotte, North Carolina, United States",2018-06-12,Growth Capital,2026-01-06,Trade Sale - Public Company,7.5,False,,3,0,https://mergr.com/company/251579,2026-09-04T01:29:30Z
76,Heartwood Partners,Connecticut,251580,ChromaScape,Chemicals,"Independence, Ohio, United States",2018-05-02,Growth Capital,,,8.3,True,,3,1,https://mergr.com/company/251580,2026-09-04T01:29:30Z
76,Heartwood Partners,Connecticut,248503,Fletcher-Terry,Manufacturing,"East Berlin, Connecticut, United States",2018-02-14,Recapitalization,,,8.5,True,,0,0,https://mergr.com/company/248503,2026-09-04T01:29:30Z
76,Heartwood Partners,Connecticut,244883,CMI,Manufacturing,"Marietta, Georgia, United States",2017-09-26,"Buyout (LBO, MBO, MBI)",2023-01-17,Trade Sale - Public Company,5.3,False,,2,0,https://mergr.com/company/244883,2026-09-04T01:29:30Z
76,Heartwood Partners,Connecticut,248531,M&Q Packaging,Packaging,"Schuylkill Haven, Pennsylvania, United States",2016-01-14,"Buyout (LBO, MBO, MBI)",2025-07-07,Trade Sale - Public Company,9.4,False,,2,1,https://mergr.com/company/248531,2026-09-04T01:29:30Z
76,Heartwood Partners,Connecticut,30555,Parkway Products,Plastics,"Greenville, South Carolina, United States",2015-06-23,"Buyout (LBO, MBO, MBI)",2023-04-11,Divestiture,7.8,False,,2,0,https://mergr.com/company/30555,2026-09-04T01:29:30Z
76,Heartwood Partners,Connecticut,13542,Breen Color,Chemicals,"Lambertville, New Jersey, United States",2014-02-01,Secondary Buyout,2017-10-31,Spin Off,3.7,False,,0,0,https://mergr.com/company/13542,2026-09-04T01:29:30Z
76,Heartwood Partners,Connecticut,31969,Artisant Lane,Furniture,"Dallas, Texas, United States",2012-07-23,"Buyout (LBO, MBO, MBI)",,,14.1,True,,2,0,https://mergr.com/company/31969,2026-09-04T01:29:30Z
76,Heartwood Partners,Connecticut,26790,The S.M. Stoller Corp.,Environmental,"Broomfield, Colorado, United States",2012-04-01,"Buyout (LBO, MBO, MBI)",2014-01-02,Divestiture,1.8,False,,0,0,https://mergr.com/company/26790,2026-09-04T01:29:30Z
76,Heartwood Partners,Connecticut,19745,Twitchell Technical Products,Apparel/Textiles,"Dothan, Alabama, United States",2011-11-28,Secondary Buyout,2015-07-09,Trade Sale - Public Company,3.6,False,,0,0,https://mergr.com/company/19745,2026-09-04T01:29:30Z
76,Heartwood Partners,Connecticut,6036,Roll-Rite LLC,Manufacturing,"Alger, Michigan, United States",2011-10-13,Secondary Buyout,2018-11-30,Divestiture,7.1,False,,0,0,https://mergr.com/company/6036,2026-09-04T01:29:30Z
76,Heartwood Partners,Connecticut,26791,Fintube LLC,Manufacturing,"Tulsa, Oklahoma, United States",2010-09-01,Divestiture,2017-06-27,Bankruptcy,6.8,False,,0,0,https://mergr.com/company/26791,2026-09-04T01:29:30Z
76,Heartwood Partners,Connecticut,13005,Weaver Leather,Consumer Products,"Mount Hope, Ohio, United States",2008-10-27,"Buyout (LBO, MBO, MBI)",2016-02-25,Trade Sale - Public Company,7.3,False,,0,0,https://mergr.com/company/13005,2026-09-04T01:29:30Z
76,Heartwood Partners,Connecticut,645,Linen Holdings,Distribution,"Gibbsboro, New Jersey, United States",2008-01-01,"Buyout (LBO, MBO, MBI)",2012-06-01,Divestiture,4.4,False,,1,0,https://mergr.com/company/645,2026-09-04T01:29:30Z
76,Heartwood Partners,Connecticut,72081,Derby Fabricating Solutions,Manufacturing,"Louisville, Kentucky, United States",2007-09-30,"Buyout (LBO, MBO, MBI)",2017-04-10,Trade Sale - Public Company,9.5,False,,0,0,https://mergr.com/company/72081,2026-09-04T01:29:30Z
76,Heartwood Partners,Connecticut,18987,Dayton Parts,Automotive,"Harrisburg, Pennsylvania, United States",2006-01-01,Secondary Buyout,2012-05-04,Trade Sale - Public Company,6.3,False,,1,0,https://mergr.com/company/18987,2026-09-04T01:29:30Z
76,Heartwood Partners,Connecticut,15963,Hilco Vision,Consumer Products,"Mansfield, Massachusetts, United States",2003-05-20,"Buyout (LBO, MBO, MBI)",2007-01-02,Trade Sale - Public Company,3.6,False,,0,0,https://mergr.com/company/15963,2026-09-04T01:29:30Z
76,Heartwood Partners,Connecticut,29196,"Dimensions Holdings, LLC",Manufacturing,"Reading, Pennsylvania, United States",2001-01-01,Stake Purchase,2007-08-01,Divestiture,6.6,False,,0,0,https://mergr.com/company/29196,2026-09-04T01:29:30Z
76,Heartwood Partners,Connecticut,3936,"Border Foods, Inc.",Food,"Mount Prospect, Illinois, United States",1993-01-01,Growth Capital,2000-01-03,Sold to Management,7,False,,2,0,https://mergr.com/company/3936,2026-09-04T01:29:30Z
579,Compass Diversified,Connecticut,322798,Honey Pot,Consumer Products,"Atlanta, Georgia, United States",2024-01-16,"Buyout (LBO, MBO, MBI)",,,2.6,True,,0,0,https://mergr.com/company/322798,2026-09-04T01:29:30Z
579,Compass Diversified,Connecticut,244178,PrimaLoft,Apparel/Textiles,"Latham, New York, United States",2022-06-06,Secondary Buyout,,,4.2,True,,0,0,https://mergr.com/company/244178,2026-09-04T01:29:30Z
579,Compass Diversified,Connecticut,272320,Lugano Diamonds & Jewelry,Consumer Products,"Newport Beach, California, United States",2021-09-07,Secondary Buyout,,,4.9,True,,0,0,https://mergr.com/company/272320,2026-09-04T01:29:30Z
579,Compass Diversified,Connecticut,322793,BOA Fit,Consumer Products,"Denver, Colorado, United States",2020-10-19,"Buyout (LBO, MBO, MBI)",,,5.8,True,,0,0,https://mergr.com/company/322793,2026-09-04T01:29:30Z
579,Compass Diversified,Connecticut,176626,Marucci,Consumer Products,"Baton Rouge, Louisiana, United States",2020-03-09,Secondary Buyout,2023-11-15,Trade Sale - Public Company,3.7,False,,2,0,https://mergr.com/company/176626,2026-09-04T01:29:30Z
579,Compass Diversified,Connecticut,247670,Altor Solutions,Manufacturing,"Chesterfield, Missouri, United States",2018-01-18,"Buyout (LBO, MBO, MBI)",,,8.6,True,126,3,0,https://mergr.com/company/247670,2026-09-04T01:29:30Z
579,Compass Diversified,Connecticut,20999,Crosman Corp.,Consumer Products,"Bloomfield, New York, United States",2017-06-05,Secondary Buyout,,,9.2,True,118,0,0,https://mergr.com/company/20999,2026-09-04T01:29:30Z
579,Compass Diversified,Connecticut,253936,Velocity Outdoor,Consumer Products,"Rochester, New York, United States",2017-06-01,"Buyout (LBO, MBO, MBI)",,,9.3,True,,1,0,https://mergr.com/company/253936,2026-09-04T01:29:30Z
579,Compass Diversified,Connecticut,4176,5.11 Tactical,Apparel/Textiles,"Costa Mesa, California, United States",2016-08-01,Secondary Buyout,,,10.1,True,293,0,0,https://mergr.com/company/4176,2026-09-04T01:29:30Z
579,Compass Diversified,Connecticut,190716,Manitoba Harvest,Food,"Winnipeg, Manitoba, Canada",2015-07-13,"Buyout (LBO, MBO, MBI)",2019-02-20,Divestiture,3.6,False,,1,0,https://mergr.com/company/190716,2026-09-04T01:29:30Z
579,Compass Diversified,Connecticut,4775,Sterno,Consumer Products,"Plano, Texas, United States",2014-10-13,Secondary Buyout,,,11.8,True,134,2,1,https://mergr.com/company/4775,2026-09-04T01:29:30Z
579,Compass Diversified,Connecticut,2892,Clean Earth,Environmental,"King of Prussia, Pennsylvania, United States",2014-08-07,Secondary Buyout,2019-05-09,Divestiture,4.8,False,156,4,0,https://mergr.com/company/2892,2026-09-04T01:29:30Z
579,Compass Diversified,Connecticut,135,Arnold Magnetic,Manufacturing,"Rochester, New York, United States",2012-03-06,Secondary Buyout,,,14.4,True,,0,0,https://mergr.com/company/135,2026-09-04T01:29:30Z
579,Compass Diversified,Connecticut,20972,CamelBak Products LLC,Consumer Products,"Petaluma, California, United States",2011-08-24,Secondary Buyout,2015-07-27,Divestiture,3.9,False,122,0,0,https://mergr.com/company/20972,2026-09-04T01:29:30Z
579,Compass Diversified,Connecticut,26039,Ergobaby,Consumer Products,"Concord, California, United States",2010-09-17,"Buyout (LBO, MBO, MBI)",2024-12-30,Trade Sale - Public Company,14.3,False,23,2,0,https://mergr.com/company/26039,2026-09-04T01:29:30Z
579,Compass Diversified,Connecticut,26038,Liberty Safe,Safety/Security,"Payson, Utah, United States",2010-04-01,Secondary Buyout,2021-08-25,Trade Sale - Public Company,11.3,False,150,0,0,https://mergr.com/company/26038,2026-09-04T01:29:30Z
579,Compass Diversified,Connecticut,4347,Fox Racing Shox,Automotive,"Braselton, California, United States",2008-01-04,"Buyout (LBO, MBO, MBI)",2013-08-07,IPO,5.6,False,891,0,0,https://mergr.com/company/4347,2026-09-04T01:29:30Z
579,Compass Diversified,Connecticut,22000,American Furniture Manufacturing,Furniture,"Ecru, Mississippi, United States",2007-09-04,Secondary Buyout,2015-10-06,Sold to Management,8.1,False,,0,0,https://mergr.com/company/22000,2026-09-04T01:29:30Z
579,Compass Diversified,Connecticut,4350,HALO,Marketing,"Sterling, Illinois, United States",2007-03-01,Secondary Buyout,2012-05-03,Trade Sale - Public Company,5.2,False,,1,0,https://mergr.com/company/4350,2026-09-04T01:29:30Z
579,Compass Diversified,Connecticut,31407,Aeroglide,Machinery,"Cary, North Carolina, United States",2007-01-01,"Buyout (LBO, MBO, MBI)",2008-06-24,Divestiture,1.4,False,,0,0,https://mergr.com/company/31407,2026-09-04T01:29:30Z
579,Compass Diversified,Connecticut,4348,"Tridien Medical, Inc.",Medical Products,"Coral Springs, Florida, United States",2006-07-01,"Buyout (LBO, MBO, MBI)",2016-09-22,Divestiture,10.2,False,,0,0,https://mergr.com/company/4348,2026-09-04T01:29:30Z
579,Compass Diversified,Connecticut,19539,"Staffmark Holdings, Inc.",Staffing,"Cincinnati, Ohio, United States",2006-05-01,"Buyout (LBO, MBO, MBI)",2011-10-18,Divestiture,5.4,False,1003,0,0,https://mergr.com/company/19539,2026-09-04T01:29:30Z
579,Compass Diversified,Connecticut,4349,Advanced Circuits,Technology Hardware,"Aurora, California, United States",2006-01-01,"Buyout (LBO, MBO, MBI)",2021-10-14,Divestiture,15.8,False,,0,0,https://mergr.com/company/4349,2026-09-04T01:29:30Z
579,Compass Diversified,Connecticut,256018,CPM,Machinery,"Blaine, Minnesota, United States",2003-02-21,Recapitalization,2003-02-21,Merger,0,False,,0,0,https://mergr.com/company/256018,2026-09-04T01:29:30Z
579,Compass Diversified,Connecticut,472,Au Bon Pain,Restaurants,"Boston, Massachusetts, United States",2002-01-01,Secondary Buyout,2008-03-04,Trade Sale - Public Company,6.2,False,,0,0,https://mergr.com/company/472,2026-09-04T01:29:30Z
579,Compass Diversified,Connecticut,256018,CPM,Machinery,"Blaine, Minnesota, United States",2001-05-01,"Buyout (LBO, MBO, MBI)",2003-02-21,Merger,1.8,False,,0,0,https://mergr.com/company/256018,2026-09-04T01:29:30Z
6618,Jacobs Private Equity,Connecticut,207953,QXO,Information Technology,"Greenwich, Connecticut, United States",2023-12-04,PIPE,,,2.8,True,6842,2,0,https://mergr.com/company/207953,2026-09-04T01:29:30Z
1391,Atlantic Street Capital,Connecticut,302874,CyberGuard Compliance,Information Technology,"Las Vegas, Nevada, United States",2022-06-13,"Buyout (LBO, MBO, MBI)",,,4.2,True,,1,0,https://mergr.com/company/302874,2026-09-04T01:29:30Z
1391,Atlantic Street Capital,Connecticut,264383,ACIS Innovative Solutions,Business Services,"McKinney, Texas, United States",2021-12-21,Secondary Buyout,,,4.7,True,,0,0,https://mergr.com/company/264383,2026-09-04T01:29:30Z
1391,Atlantic Street Capital,Connecticut,319140,Renew Digital,Medical Products,"Chamblee, Georgia, United States",2021-08-19,"Buyout (LBO, MBO, MBI)",,,5,True,,0,0,https://mergr.com/company/319140,2026-09-04T01:29:30Z
1391,Atlantic Street Capital,Connecticut,304045,Prestige Medical Imaging,Medical Products,"Newburgh, New York, United States",2021-01-01,"Buyout (LBO, MBO, MBI)",,,5.7,True,,3,0,https://mergr.com/company/304045,2026-09-04T01:29:30Z
1391,Atlantic Street Capital,Connecticut,226188,Zips Car Wash,Automotive,"Plano, Texas, United States",2020-05-13,Growth Capital,2025-02-05,Bankruptcy,4.7,False,,2,0,https://mergr.com/company/226188,2026-09-04T01:29:30Z
1391,Atlantic Street Capital,Connecticut,319143,Tambourine,Internet Software and Services,"Fort Lauderdale, Florida, United States",2020-01-01,"Buyout (LBO, MBO, MBI)",,,6.7,True,,1,0,https://mergr.com/company/319143,2026-09-04T01:29:30Z
1391,Atlantic Street Capital,Connecticut,313769,Anatomy IT,Information Technology,"White Plains, New York, United States",2020-01-01,"Buyout (LBO, MBO, MBI)",,,6.7,True,,3,0,https://mergr.com/company/313769,2026-09-04T01:29:30Z
1391,Atlantic Street Capital,Connecticut,264784,All Star,Distribution,"Orlando, Florida, United States",2019-09-10,Recapitalization,2024-07-18,Divestiture,4.8,False,,5,0,https://mergr.com/company/264784,2026-09-04T01:29:30Z
1391,Atlantic Street Capital,Connecticut,263067,Advancing Eyecare,Medical Products,"Jacksonville, Florida, United States",2019-01-10,Consolidation,2022-05-09,Trade Sale - Public Company,3.3,False,,4,0,https://mergr.com/company/263067,2026-09-04T01:29:30Z
1391,Atlantic Street Capital,Connecticut,270215,Prescott’s,Medical Products,"Monument, Colorado, United States",2019-01-01,"Buyout (LBO, MBO, MBI)",2024-12-10,Trade Sale - Public Company,5.9,False,,2,0,https://mergr.com/company/270215,2026-09-04T01:29:30Z
1391,Atlantic Street Capital,Connecticut,270217,United Veterinary Care,Consumer Services,"Palm Beach Gardens, Florida, United States",2019-01-01,"Buyout (LBO, MBO, MBI)",2021-04-23,Trade Sale - Public Company,2.3,False,,0,0,https://mergr.com/company/270217,2026-09-04T01:29:30Z
1391,Atlantic Street Capital,Connecticut,270224,eIVF,Software,"Irving, Texas, United States",2018-09-28,"Buyout (LBO, MBO, MBI)",,,7.9,True,,0,0,https://mergr.com/company/270224,2026-09-04T01:29:30Z
1391,Atlantic Street Capital,Connecticut,253975,OrthoBethesda,Healthcare Services,"Bethesda, Maryland, United States",2018-09-05,"Buyout (LBO, MBO, MBI)",,,7.9,True,,1,0,https://mergr.com/company/253975,2026-09-04T01:29:30Z
1391,Atlantic Street Capital,Connecticut,270229,BioTouch,Transportation,"Morrisville, North Carolina, United States",2018-01-01,"Buyout (LBO, MBO, MBI)",,,8.7,True,,3,0,https://mergr.com/company/270229,2026-09-04T01:29:30Z
1391,Atlantic Street Capital,Connecticut,270233,Sunrise,Transportation,"Downers Grove, Illinois, United States",2018-01-01,"Buyout (LBO, MBO, MBI)",,,8.7,True,,0,0,https://mergr.com/company/270233,2026-09-04T01:29:30Z
1391,Atlantic Street Capital,Connecticut,319132,Aligned Orthopedic Partners,Healthcare Services,"Bethesda, Maryland, United States",2018-01-01,"Buyout (LBO, MBO, MBI)",,,8.7,True,,0,0,https://mergr.com/company/319132,2026-09-04T01:29:30Z
1391,Atlantic Street Capital,Connecticut,246535,Lori's Gifts,Retail,"Plano, Texas, United States",2017-12-20,"Buyout (LBO, MBO, MBI)",,,8.7,True,,0,0,https://mergr.com/company/246535,2026-09-04T01:29:30Z
1391,Atlantic Street Capital,Connecticut,239115,Gat Airline Ground Support,Airlines,"Peachtree, Georgia, United States",2017-05-02,"Buyout (LBO, MBO, MBI)",2026-02-05,Divestiture,8.8,False,,0,0,https://mergr.com/company/239115,2026-09-04T01:29:30Z
1391,Atlantic Street Capital,Connecticut,237446,Lombart Instrument,Medical Products,"Norfolk, Virginia, United States",2016-01-01,"Buyout (LBO, MBO, MBI)",2019-01-10,Spin Off,3,False,,2,0,https://mergr.com/company/237446,2026-09-04T01:29:30Z
1391,Atlantic Street Capital,Connecticut,199342,The Sandwich Shop Holdings Co.,Restaurants,"Chicago, Illinois, United States",2015-08-04,"Buyout (LBO, MBO, MBI)",,,11.1,True,,0,0,https://mergr.com/company/199342,2026-09-04T01:29:30Z
1391,Atlantic Street Capital,Connecticut,73717,Uniguest,Information Technology,"Nashville, Tennessee, United States",2013-12-16,"Buyout (LBO, MBO, MBI)",,,12.7,True,,8,0,https://mergr.com/company/73717,2026-09-04T01:29:30Z
1391,Atlantic Street Capital,Connecticut,32265,Alex Evenings,Apparel/Textiles,"New York City, New York, United States",2011-12-19,Growth Capital,2019-05-28,Trade Sale - Public Company,7.4,False,,1,0,https://mergr.com/company/32265,2026-09-04T01:29:30Z
1391,Atlantic Street Capital,Connecticut,32266,Victra,Retail,"Durham, North Carolina, United States",2011-10-21,"Buyout (LBO, MBO, MBI)",2016-01-19,Trade Sale - Public Company,4.2,False,,0,0,https://mergr.com/company/32266,2026-09-04T01:29:30Z
1391,Atlantic Street Capital,Connecticut,13408,Eze Trucking,Transportation,"Rialto, California, United States",2009-03-27,"Buyout (LBO, MBO, MBI)",2016-09-20,Spin Off,7.4,False,,2,0,https://mergr.com/company/13408,2026-09-04T01:29:30Z
1391,Atlantic Street Capital,Connecticut,13409,"Fleetgistics, Inc.",Transportation,"Orlando, Florida, United States",2007-05-05,"Buyout (LBO, MBO, MBI)",2010-03-23,Trade Sale - Public Company,2.8,False,,2,0,https://mergr.com/company/13409,2026-09-04T01:29:30Z
1391,Atlantic Street Capital,Connecticut,11278,Double B Foods,Food,"Arlington, Texas, United States",2006-12-01,"Buyout (LBO, MBO, MBI)",2024-10-17,Trade Sale - Public Company,17.8,False,,0,0,https://mergr.com/company/11278,2026-09-04T01:29:30Z
6346,Drum Capital Management,Connecticut,296143,Excel Door,Building Materials,"Hartselle, Alabama, United States",2022-02-09,"Buyout (LBO, MBO, MBI)",,,4.5,True,,0,0,https://mergr.com/company/296143,2026-09-04T01:29:30Z
6346,Drum Capital Management,Connecticut,314182,Showcase,Building Materials,"Missouri City, Texas, United States",2020-11-01,"Buyout (LBO, MBO, MBI)",,,5.8,True,,0,0,https://mergr.com/company/314182,2026-09-04T01:29:30Z
6346,Drum Capital Management,Connecticut,113073,Dura,Automotive,"Auburn Hills, Michigan, United States",2020-08-04,Secondary Buyout,,,6.1,True,,1,0,https://mergr.com/company/113073,2026-09-04T01:29:30Z
6346,Drum Capital Management,Connecticut,263898,Venture Metals,Environmental,"Dallas, Texas, United States",2019-08-05,Growth Capital,,,7,True,,2,0,https://mergr.com/company/263898,2026-09-04T01:29:30Z
6346,Drum Capital Management,Connecticut,314156,Hayfield Window & Door,Building Materials,"Hayfield, Minnesota, United States",2019-08-05,"Buyout (LBO, MBO, MBI)",,,7,True,,0,0,https://mergr.com/company/314156,2026-09-04T01:29:30Z
6346,Drum Capital Management,Connecticut,14887,P.F. Chang’s,Restaurants,"Scottsdale, Arizona, United States",2019-03-01,Secondary Buyout,,,7.5,True,,0,0,https://mergr.com/company/14887,2026-09-04T01:29:30Z
6346,Drum Capital Management,Connecticut,15280,Worldwide Flight Services,Airlines,"Roissy, France",2018-06-19,Secondary Buyout,2023-04-03,Unknown,4.8,False,,0,0,https://mergr.com/company/15280,2026-09-04T01:29:30Z
6346,Drum Capital Management,Connecticut,236200,Klaussner,Furniture,"Asheboro, North Carolina, United States",2017-02-15,"Buyout (LBO, MBO, MBI)",2023-08-07,Shut Down,6.4,False,300,0,0,https://mergr.com/company/236200,2026-09-04T01:29:30Z
6346,Drum Capital Management,Connecticut,242152,Affinity Gaming,Gaming,"Las Vegas, Nevada, United States",2017-02-01,"Buyout (LBO, MBO, MBI)",2021-06-14,Spin Off,4.3,False,,1,1,https://mergr.com/company/242152,2026-09-04T01:29:30Z
6346,Drum Capital Management,Connecticut,314198,Nichols Brothers Boat Builders,Marine,"Freeland, Washington, United States",2008-02-29,Special Situations/Distressed,,,18.5,True,,0,0,https://mergr.com/company/314198,2026-09-04T01:29:30Z
6302,Snapdragon Capital Partners,Connecticut,292593,Mathnasium,Franchising,"Los Angeles, California, United States",2021-11-16,"Buyout (LBO, MBO, MBI)",,,4.8,True,,0,0,https://mergr.com/company/292593,2026-09-04T01:29:30Z
6302,Snapdragon Capital Partners,Connecticut,292394,Fullscript,Internet Software and Services,"Ottawa, Ontario, Canada",2021-11-09,Growth Capital,,,4.8,True,,2,0,https://mergr.com/company/292394,2026-09-04T01:29:30Z
6302,Snapdragon Capital Partners,Connecticut,119885,Better Being,Consumer Products,"Salt Lake City, Utah, United States",2017-05-22,Going Private,,,9.3,True,216,0,0,https://mergr.com/company/119885,2026-09-04T01:29:30Z
2526,J.H. Whitney Capital Partners,Connecticut,303672,Cooley Group,Chemicals,"Pawtucket, Rhode Island, United States",2021-01-05,"Buyout (LBO, MBO, MBI)",2026-01-02,Divestiture,4.9,False,,0,0,https://mergr.com/company/303672,2026-09-04T01:29:30Z
2526,J.H. Whitney Capital Partners,Connecticut,36825,Firebirds Wood Fired Grill,Restaurants,"Charlotte, North Carolina, United States",2019-01-08,Secondary Buyout,2023-03-27,Merger,4.2,False,,0,0,https://mergr.com/company/36825,2026-09-04T01:29:30Z
2526,J.H. Whitney Capital Partners,Connecticut,303676,Southern Aluminum,Furniture,"Magnolia, Arkansas, United States",2018-01-01,Growth Capital,2024-02-20,Trade Sale - Public Company,6.1,False,,0,0,https://mergr.com/company/303676,2026-09-04T01:29:30Z
2526,J.H. Whitney Capital Partners,Connecticut,2023,Accupac,Consumer Products,"Mainland, Pennsylvania, United States",2017-09-18,Secondary Buyout,2020-01-22,Trade Sale - Public Company,2.3,False,,0,0,https://mergr.com/company/2023,2026-09-04T01:29:30Z
2526,J.H. Whitney Capital Partners,Connecticut,250826,Aveanna Healthcare,Healthcare Services,"Atlanta, Georgia, United States",2017-03-16,Consolidation,2021-04-05,IPO,4,False,2425,5,0,https://mergr.com/company/250826,2026-09-04T01:29:30Z
2526,J.H. Whitney Capital Partners,Connecticut,234946,3B Scientific,Medical Products,"Hamburg, Germany",2017-01-26,"Buyout (LBO, MBO, MBI)",,,9.6,True,,6,0,https://mergr.com/company/234946,2026-09-04T01:29:30Z
2526,J.H. Whitney Capital Partners,Connecticut,18328,PSA HealthCare,Healthcare Services,"Norcross, Georgia, United States",2015-03-23,"Buyout (LBO, MBO, MBI)",2017-01-17,Trade Sale - Public Company,1.8,False,,4,0,https://mergr.com/company/18328,2026-09-04T01:29:30Z
2526,J.H. Whitney Capital Partners,Connecticut,165693,Autosplice,Electrical Equipment,"San Diego, California, United States",2014-10-09,Recapitalization,,,11.8,True,,0,0,https://mergr.com/company/165693,2026-09-04T01:29:30Z
2526,J.H. Whitney Capital Partners,Connecticut,25877,Alphia,Food,"Bern, Kansas, United States",2014-06-04,Secondary Buyout,2023-08-24,Trade Sale - Public Company,9.2,False,,2,0,https://mergr.com/company/25877,2026-09-04T01:29:30Z
2526,J.H. Whitney Capital Partners,Connecticut,252186,Confluence Outdoor,Consumer Products,"Greenville, South Carolina, United States",2014-04-22,"Buyout (LBO, MBO, MBI)",2019-12-16,Divestiture,5.6,False,,1,0,https://mergr.com/company/252186,2026-09-04T01:29:30Z
2526,J.H. Whitney Capital Partners,Connecticut,216102,"Stevens Manufacturing Co., Inc.",Aerospace,"Milford, Connecticut, United States",2013-08-20,"Buyout (LBO, MBO, MBI)",2021-02-16,Divestiture,7.4,False,,1,0,https://mergr.com/company/216102,2026-09-04T01:29:30Z
2526,J.H. Whitney Capital Partners,Connecticut,74489,Precision for Medicine,Life Science,"Bethesda, Maryland, United States",2013-04-12,Growth Capital,2015-12-22,Trade Sale - Public Company,2.7,False,,2,0,https://mergr.com/company/74489,2026-09-04T01:29:30Z
2526,J.H. Whitney Capital Partners,Connecticut,5512,TIDI,Medical Products,"Neenah, Wisconsin, United States",2012-07-17,Secondary Buyout,2015-07-02,Secondary Sale,2.9,False,,0,0,https://mergr.com/company/5512,2026-09-04T01:29:30Z
2526,J.H. Whitney Capital Partners,Connecticut,56446,cabi,Retail,"Carson, California, United States",2012-01-01,Recapitalization,2017-03-02,Trade Sale - Public Company,5.2,False,,0,0,https://mergr.com/company/56446,2026-09-04T01:29:30Z
2526,J.H. Whitney Capital Partners,Connecticut,16349,Uncle Julio's,Restaurants,"Irving, Texas, United States",2011-09-22,"Buyout (LBO, MBO, MBI)",2017-10-11,Trade Sale - Public Company,6,False,,0,0,https://mergr.com/company/16349,2026-09-04T01:29:30Z
2526,J.H. Whitney Capital Partners,Connecticut,21036,UBC,Life Science,"King of Prussia, Pennsylvania, United States",2009-10-08,Growth Capital,2010-09-17,Divestiture,0.9,False,,0,0,https://mergr.com/company/21036,2026-09-04T01:29:30Z
2526,J.H. Whitney Capital Partners,Connecticut,4777,Igloo Products,Consumer Products,"Katy, Texas, United States",2008-10-13,Secondary Buyout,2014-03-31,Trade Sale - Public Company,5.4,False,,0,0,https://mergr.com/company/4777,2026-09-04T01:29:30Z
2526,J.H. Whitney Capital Partners,Connecticut,60006,FNF Construction,Construction,"Tempe, Arizona, United States",2008-05-13,"Buyout (LBO, MBO, MBI)",2021-02-04,Divestiture,12.7,False,,0,0,https://mergr.com/company/60006,2026-09-04T01:29:30Z
2526,J.H. Whitney Capital Partners,Connecticut,21379,Authentix,Software,"Addison, Texas, United States",2008-04-21,Growth Capital,2017-09-12,Trade Sale - Public Company,9.3,False,,0,0,https://mergr.com/company/21379,2026-09-04T01:29:30Z
2526,J.H. Whitney Capital Partners,Connecticut,74241,Joe's Crab Shack,Restaurants,"Houston, Texas, United States",2006-10-11,Divestiture,2017-06-06,Bankruptcy,10.6,False,492,1,1,https://mergr.com/company/74241,2026-09-04T01:29:30Z
2526,J.H. Whitney Capital Partners,Connecticut,2587,Eastern Mountain Sports,Retail,"Meriden, Connecticut, United States",2004-09-01,"Buyout (LBO, MBO, MBI)",2012-11-26,Trade Sale - Public Company,8.2,False,,0,0,https://mergr.com/company/2587,2026-09-04T01:29:30Z
2526,J.H. Whitney Capital Partners,Connecticut,273189,AZEK,Building Materials,"Chicago, Illinois, United States",2001-03-01,"Buyout (LBO, MBO, MBI)",2013-09-30,Trade Sale - Public Company,12.5,False,1441,0,0,https://mergr.com/company/273189,2026-09-04T01:29:30Z
2526,J.H. Whitney Capital Partners,Connecticut,179265,Vitesse Semiconductor Corp.,Semiconductors,"Camarillo, California, United States",1998-02-16,Venture,,,28.5,True,108,0,0,https://mergr.com/company/179265,2026-09-04T01:29:30Z
214,Galen Partners,Connecticut,310232,Evolve Treatment Centers,Consumer Services,"El Segundo, California, United States",2020-01-22,"Buyout (LBO, MBO, MBI)",,,6.6,True,,0,0,https://mergr.com/company/310232,2026-09-04T01:29:30Z
214,Galen Partners,Connecticut,252732,SMP,Life Science,"Miami, Florida, United States",2018-07-19,Recapitalization,,,8.1,True,,1,0,https://mergr.com/company/252732,2026-09-04T01:29:30Z
214,Galen Partners,Connecticut,241587,CDx Diagnostics,Life Science,"Suffern, New York, United States",2017-07-11,Recapitalization,,,9.1,True,,0,0,https://mergr.com/company/241587,2026-09-04T01:29:30Z
214,Galen Partners,Connecticut,213672,"Consensys Imaging Service, Inc.",Healthcare Services,"Cary, Illinois, United States",2015-11-23,Growth Capital,2017-09-28,Divestiture,1.8,False,,0,0,https://mergr.com/company/213672,2026-09-04T01:29:30Z
214,Galen Partners,Connecticut,12930,Tactile Medical,Medical Products,"Minneapolis, Minnesota, United States",2012-10-04,Venture,2016-07-27,IPO,3.8,False,330,0,0,https://mergr.com/company/12930,2026-09-04T01:29:30Z
214,Galen Partners,Connecticut,58726,"International Medical Group, Inc.",Insurance,"Indianapolis, Indiana, United States",2012-08-01,"Buyout (LBO, MBO, MBI)",2015-09-10,Trade Sale - Public Company,3.1,False,,0,0,https://mergr.com/company/58726,2026-09-04T01:29:30Z
214,Galen Partners,Connecticut,33613,AliveDx,Medical Products,"Eysins, Switzerland",2012-03-07,Growth Capital,2023-01-10,Bankruptcy,10.8,False,39,0,0,https://mergr.com/company/33613,2026-09-04T01:29:30Z
214,Galen Partners,Connecticut,58734,Sharecare,Internet Software and Services,"Atlanta, Georgia, United States",2012-01-17,Venture,2021-06-29,Sold to Existing Investors,9.4,False,413,12,0,https://mergr.com/company/58734,2026-09-04T01:29:30Z
214,Galen Partners,Connecticut,245242,"Ajinomoto Cambrooke, Inc.",Life Science,"Ayer, Massachusetts, United States",2011-03-08,Venture,2017-11-09,Divestiture,6.7,False,,0,0,https://mergr.com/company/245242,2026-09-04T01:29:30Z
214,Galen Partners,Connecticut,26640,lifeIMAGE,Business Services,"Newton, Massachusetts, United States",2011-01-10,Venture,2022-09-15,Divestiture,11.7,False,,1,0,https://mergr.com/company/26640,2026-09-04T01:29:30Z
214,Galen Partners,Connecticut,1661,Integrated Diagnostic Centers (IDC),Healthcare Services,"Houston, Texas, United States",2011-01-04,"Buyout (LBO, MBO, MBI)",,,15.7,True,,0,0,https://mergr.com/company/1661,2026-09-04T01:29:30Z
214,Galen Partners,Connecticut,1653,"InTouch Health, Inc.",Information Technology,"Santa Barbara, California, United States",2010-05-03,Venture,2020-01-12,Divestiture,9.7,False,,4,0,https://mergr.com/company/1653,2026-09-04T01:29:30Z
214,Galen Partners,Connecticut,21149,"Unisyn Medical Technologies, Inc.",Healthcare Services,"Golden, Colorado, United States",2009-11-19,"Buyout (LBO, MBO, MBI)",2013-05-29,Divestiture,3.5,False,,0,1,https://mergr.com/company/21149,2026-09-04T01:29:30Z
214,Galen Partners,Connecticut,21157,"Nautilus Neurosciences, Inc.",Life Science,"Bedminster, New Jersey, United States",2009-11-01,"Buyout (LBO, MBO, MBI)",,,16.8,True,,0,1,https://mergr.com/company/21157,2026-09-04T01:29:30Z
214,Galen Partners,Connecticut,20226,PeriGen,Software,"Cranbury, New Jersey, United States",2009-07-01,Venture,,,17.2,True,,1,0,https://mergr.com/company/20226,2026-09-04T01:29:30Z
214,Galen Partners,Connecticut,1651,Cardiva Medical,Medical Products,"Sunnyvale, California, United States",2008-05-05,Venture,2021-01-20,Divestiture,12.7,False,,0,0,https://mergr.com/company/1651,2026-09-04T01:29:30Z
214,Galen Partners,Connecticut,12931,Dakim,Consumer Services,"Santa Monica, California, United States",2008-02-20,Venture,,,18.5,True,,0,0,https://mergr.com/company/12931,2026-09-04T01:29:30Z
214,Galen Partners,Connecticut,1662,FinThrive,Internet Software and Services,"Plano, Texas, United States",2007-10-27,PIPE,,,18.8,True,720,9,1,https://mergr.com/company/1662,2026-09-04T01:29:30Z
214,Galen Partners,Connecticut,1649,National Rehab Equipment,Healthcare Services,"Moon Township, Pennsylvania, United States",2007-07-01,"Buyout (LBO, MBO, MBI)",2012-09-01,Divestiture,5.2,False,,0,0,https://mergr.com/company/1649,2026-09-04T01:29:30Z
214,Galen Partners,Connecticut,2562,"ONI Medical Systems, Inc.",Medical Products,"Wilmington, Massachusetts, United States",2007-06-29,Venture,2009-11-06,Divestiture,2.3,False,,0,0,https://mergr.com/company/2562,2026-09-04T01:29:30Z
214,Galen Partners,Connecticut,1377,Acura Pharmaceuticals,Life Science,"Palatine, Illinois, United States",2006-02-13,Stake Purchase,,,20.5,True,2,0,0,https://mergr.com/company/1377,2026-09-04T01:29:30Z
214,Galen Partners,Connecticut,12932,Pet DRx Corp.,Healthcare Services,"Brentwood, Tennessee, United States",2005-12-05,"Buyout (LBO, MBO, MBI)",2010-06-02,Divestiture,4.4,False,,0,0,https://mergr.com/company/12932,2026-09-04T01:29:30Z
214,Galen Partners,Connecticut,1650,Aperio Technologies,Medical Products,"Vista, California, United States",2005-11-07,Venture,2012-10-24,Divestiture,6.9,False,,0,0,https://mergr.com/company/1650,2026-09-04T01:29:30Z
214,Galen Partners,Connecticut,109785,JDS Pharmaceuticals,Life Science,"Morrisville, Pennsylvania, United States",2005-10-19,Venture,2007-07-10,Divestiture,1.7,False,,0,0,https://mergr.com/company/109785,2026-09-04T01:29:30Z
214,Galen Partners,Connecticut,1666,"Dow Pharmaceutical Sciences, Inc.",Life Science,"Petaluma, California, United States",2005-07-06,Venture,2008-12-10,Divestiture,3.4,False,,0,0,https://mergr.com/company/1666,2026-09-04T01:29:30Z
214,Galen Partners,Connecticut,1659,"Chamberlin, Edmonds & Associates, Inc.",Business Services,"Atlanta, Georgia, United States",2002-01-01,Growth Capital,2008-06-04,Trade Sale - Public Company,6.4,False,,0,0,https://mergr.com/company/1659,2026-09-04T01:29:30Z
214,Galen Partners,Connecticut,5176,"EduNeering, Inc.",Business Services,"Princeton, New Jersey, United States",2000-06-21,"Buyout (LBO, MBO, MBI)",2007-03-07,Divestiture,6.7,False,,0,0,https://mergr.com/company/5176,2026-09-04T01:29:30Z
214,Galen Partners,Connecticut,21152,"Lumenos, Inc.",Healthcare Services,"Alexandria, Virginia, United States",2000-06-01,"Buyout (LBO, MBO, MBI)",2005-06-09,Divestiture,5,False,,0,0,https://mergr.com/company/21152,2026-09-04T01:29:30Z
214,Galen Partners,Connecticut,21150,"DAOU Systems, Inc.",Information Technology,"Exton, Pennsylvania, United States",1999-07-28,Venture,2005-10-28,Divestiture,6.3,False,,0,0,https://mergr.com/company/21150,2026-09-04T01:29:30Z
421,Pegasus Capital Advisors,Connecticut,276134,Healthe,Electrical Equipment,"Melbourne, Florida, United States",2019-01-01,"Buyout (LBO, MBO, MBI)",2021-12-10,Bankruptcy,2.9,False,,0,0,https://mergr.com/company/276134,2026-09-04T01:29:30Z
421,Pegasus Capital Advisors,Connecticut,252690,Yanzi Networks AB,Internet Software and Services,"Kista, Sweden",2018-07-19,Growth Capital,,,8.1,True,,0,0,https://mergr.com/company/252690,2026-09-04T01:29:30Z
421,Pegasus Capital Advisors,Connecticut,276086,Global Value Lighting,Retail,"West Warwick, Rhode Island, United States",2017-01-01,"Buyout (LBO, MBO, MBI)",,,9.7,True,,0,0,https://mergr.com/company/276086,2026-09-04T01:29:30Z
421,Pegasus Capital Advisors,Connecticut,217904,PanTheryx,Life Science,"Boulder, Colorado, United States",2016-03-30,Acquisition Financing,,,10.4,True,,4,0,https://mergr.com/company/217904,2026-09-04T01:29:30Z
421,Pegasus Capital Advisors,Connecticut,250057,SleepScore Labs,Technology Hardware,"Carlsbad, California, United States",2016-01-01,Joint Venture,,,10.7,True,,1,0,https://mergr.com/company/250057,2026-09-04T01:29:30Z
421,Pegasus Capital Advisors,Connecticut,276141,Renaissance Downtowns,Real Estate,"Huntington Station, New York, United States",2016-01-01,"Buyout (LBO, MBO, MBI)",,,10.7,True,,0,0,https://mergr.com/company/276141,2026-09-04T01:29:30Z
421,Pegasus Capital Advisors,Connecticut,268255,Accordant Energy,Renewable Energy,"Rutland, Vermont, United States",2013-01-01,"Buyout (LBO, MBO, MBI)",,,13.7,True,,0,0,https://mergr.com/company/268255,2026-09-04T01:29:30Z
421,Pegasus Capital Advisors,Connecticut,30314,Pure Biofuels del Perú SAC,Energy Services and Equipment,"San Isidro, Peru",2012-05-07,"Buyout (LBO, MBO, MBI)",2018-05-14,Divestiture,6,False,,0,0,https://mergr.com/company/30314,2026-09-04T01:29:30Z
421,Pegasus Capital Advisors,Connecticut,30296,Climatec Building Technologies Group,Energy Services and Equipment,"Phoenix, Arizona, United States",2012-04-18,"Buyout (LBO, MBO, MBI)",2015-01-15,Divestiture,2.7,False,,0,0,https://mergr.com/company/30296,2026-09-04T01:29:30Z
421,Pegasus Capital Advisors,Connecticut,64206,Six Senses Hotels Resorts Spas,Leisure,"Bangkok, Thailand",2012-04-10,"Buyout (LBO, MBO, MBI)",2019-02-13,Divestiture,6.8,False,,0,0,https://mergr.com/company/64206,2026-09-04T01:29:30Z
421,Pegasus Capital Advisors,Connecticut,30315,ReCommunity Holdings LP,Environmental,"Charlotte, North Carolina, United States",2011-03-02,Divestiture,2017-08-24,Divestiture,6.4,False,,3,0,https://mergr.com/company/30315,2026-09-04T01:29:30Z
421,Pegasus Capital Advisors,Connecticut,12272,Lighting Science Group Corp.,Electrical Equipment,"West Warwick, Rhode Island, United States",2010-10-06,Stake Purchase,,,15.8,True,52,0,0,https://mergr.com/company/12272,2026-09-04T01:29:30Z
421,Pegasus Capital Advisors,Connecticut,16662,Spirit Music,Publishing,"New York, New York, United States",2009-04-08,"Buyout (LBO, MBO, MBI)",,,17.3,True,,0,0,https://mergr.com/company/16662,2026-09-04T01:29:30Z
421,Pegasus Capital Advisors,Connecticut,12273,"Molycorp, Inc.",Metals/Mining,"Greenwood Village, Colorado, United States",2009-01-01,"Buyout (LBO, MBO, MBI)",2010-07-29,IPO,1.5,False,475,0,0,https://mergr.com/company/12273,2026-09-04T01:29:30Z
421,Pegasus Capital Advisors,Connecticut,16659,Fiberon LLC,Building Materials,"New London, North Carolina, United States",2008-12-16,Secondary Buyout,2018-08-23,Divestiture,9.7,False,200,0,0,https://mergr.com/company/16659,2026-09-04T01:29:30Z
421,Pegasus Capital Advisors,Connecticut,3310,National Strategies,Business Services,"Washington, District of Columbia, United States",2008-03-06,"Buyout (LBO, MBO, MBI)",,,18.4,True,,0,0,https://mergr.com/company/3310,2026-09-04T01:29:30Z
421,Pegasus Capital Advisors,Connecticut,213825,Gyro Communications Ltd.,Marketing,"London, United Kingdom",2008-01-01,"Buyout (LBO, MBO, MBI)",2016-07-25,Divestiture,8.5,False,,0,0,https://mergr.com/company/213825,2026-09-04T01:29:30Z
421,Pegasus Capital Advisors,Connecticut,12274,Slipstream Communications,Marketing,"New York city, New York, United States",2008-01-01,"Buyout (LBO, MBO, MBI)",,,18.7,True,,0,0,https://mergr.com/company/12274,2026-09-04T01:29:30Z
421,Pegasus Capital Advisors,Connecticut,3308,Carol's Daughter LLC,Retail,"New York, New York, United States",2007-12-23,"Buyout (LBO, MBO, MBI)",,,18.7,True,,0,0,https://mergr.com/company/3308,2026-09-04T01:29:30Z
421,Pegasus Capital Advisors,Connecticut,30317,Valogix,Software,"Saratoga Springs, New York, United States",2007-12-17,"Buyout (LBO, MBO, MBI)",2022-05-13,Divestiture,14.3,False,,0,0,https://mergr.com/company/30317,2026-09-04T01:29:30Z
421,Pegasus Capital Advisors,Connecticut,3313,T&M Protection Resources,Safety/Security,"New York City, New York, United States",2007-11-12,"Buyout (LBO, MBO, MBI)",,,18.8,True,,1,1,https://mergr.com/company/3313,2026-09-04T01:29:30Z
421,Pegasus Capital Advisors,Connecticut,3309,Hi-Tech Solutions Ltd.,Technology Hardware,"Rishon Le-Zion, Israel",2007-05-01,"Buyout (LBO, MBO, MBI)",,,19.3,True,,0,0,https://mergr.com/company/3309,2026-09-04T01:29:30Z
421,Pegasus Capital Advisors,Connecticut,25857,iGPS,Business Services,"Orlando, Florida, United States",2007-04-01,"Buyout (LBO, MBO, MBI)",2013-06-01,Shut Down,6.2,False,,0,0,https://mergr.com/company/25857,2026-09-04T01:29:30Z
421,Pegasus Capital Advisors,Connecticut,30298,Sensibuilt Building Solutions LLC,Manufacturing,"Windsor, Connecticut, United States",2007-01-01,"Buyout (LBO, MBO, MBI)",2008-12-16,Merger,1.9,False,,0,0,https://mergr.com/company/30298,2026-09-04T01:29:30Z
421,Pegasus Capital Advisors,Connecticut,3307,Olympus Insurance,Insurance,"Palm Beach Gardens, Florida, United States",2007-01-01,"Buyout (LBO, MBO, MBI)",,,19.7,True,,0,0,https://mergr.com/company/3307,2026-09-04T01:29:30Z
421,Pegasus Capital Advisors,Connecticut,7183,Traxys,Metals/Mining,"Strassen, Luxembourg",2006-01-11,"Buyout (LBO, MBO, MBI)",2014-03-13,Trade Sale - Public Company,8.2,False,,1,1,https://mergr.com/company/7183,2026-09-04T01:29:30Z
421,Pegasus Capital Advisors,Connecticut,3317,Hain Pure Protein,Food,"Fredericksburg, Pennsylvania, United States",2005-07-01,"Buyout (LBO, MBO, MBI)",2014-07-17,Divestiture,9,False,,1,0,https://mergr.com/company/3317,2026-09-04T01:29:30Z
421,Pegasus Capital Advisors,Connecticut,3701,Command Alkon,Information Technology,"Birmingham, Alabama, United States",2005-06-01,"Buyout (LBO, MBO, MBI)",2020-03-31,Trade Sale - Public Company,14.8,False,,1,0,https://mergr.com/company/3701,2026-09-04T01:29:30Z
421,Pegasus Capital Advisors,Connecticut,2717,"Genesis Worldwide II, Inc.",Machinery,"Callery, Pennsylvania, United States",2001-12-21,"Buyout (LBO, MBO, MBI)",2007-09-07,Trade Sale - Public Company,5.7,False,,0,0,https://mergr.com/company/2717,2026-09-04T01:29:30Z
421,Pegasus Capital Advisors,Connecticut,30304,"The Leiber Group, Inc.",Apparel/Textiles,"New York, New York, United States",2000-06-23,"Buyout (LBO, MBO, MBI)",,,26.2,True,,0,0,https://mergr.com/company/30304,2026-09-04T01:29:30Z
421,Pegasus Capital Advisors,Connecticut,3318,"Jenzabar, Inc.",Software,"Boston, Massachusetts, United States",2000-01-01,Venture,,,26.7,True,,3,0,https://mergr.com/company/3318,2026-09-04T01:29:30Z
5876,Victoria Capital Partners,Connecticut,316370,Cellera Farma,Life Science,"Indaiatuba, Brazil",2017-01-01,"Buyout (LBO, MBO, MBI)",,,9.7,True,,0,0,https://mergr.com/company/316370,2026-09-04T01:29:30Z
5876,Victoria Capital Partners,Connecticut,316392,LOSGROBO,Agriculture,"Carlos Casares, Argentina",2016-11-18,"Buyout (LBO, MBO, MBI)",,,9.8,True,550,0,0,https://mergr.com/company/316392,2026-09-04T01:29:30Z
5876,Victoria Capital Partners,Connecticut,191640,Corona,Building Materials,"Bogota, Colombia",2014-02-13,Stake Purchase,2025-01-01,Unknown,10.8,False,,0,0,https://mergr.com/company/191640,2026-09-04T01:29:30Z
5876,Victoria Capital Partners,Connecticut,316393,Energy Clubs,Consumer Services,Chile,2014-01-01,"Buyout (LBO, MBO, MBI)",,,12.7,True,,0,0,https://mergr.com/company/316393,2026-09-04T01:29:30Z
220,Generation Partners,Connecticut,14301,Captivate,Marketing,"New York City, Massachusetts, United States",2013-09-26,Divestiture,2026-08-11,Divestiture,12.8,False,,0,0,https://mergr.com/company/14301,2026-09-04T01:29:30Z
220,Generation Partners,Connecticut,343276,TrueDialog,Internet Software and Services,"Austin, Texas, United States",2011-01-01,"Buyout (LBO, MBO, MBI)",,,15.7,True,,0,0,https://mergr.com/company/343276,2026-09-04T01:29:30Z
220,Generation Partners,Connecticut,1774,Leaf Group,Internet Software and Services,"Santa Monica, California, United States",2006-09-28,Venture,2011-01-15,IPO,4.3,False,212,4,0,https://mergr.com/company/1774,2026-09-04T01:29:30Z
220,Generation Partners,Connecticut,27460,ShopWiki Corp.,Internet Software and Services,"New York, New York, United States",2006-07-01,Stake Purchase,2011-01-28,Divestiture,4.5,False,,0,0,https://mergr.com/company/27460,2026-09-04T01:29:30Z
220,Generation Partners,Connecticut,1775,"iCrossing, Inc.",Marketing,"Scottsdale, Arizona, United States",2005-07-12,Venture,2010-06-02,Divestiture,4.8,False,,1,0,https://mergr.com/company/1775,2026-09-04T01:29:30Z
220,Generation Partners,Connecticut,1773,Virtual Radiologic Corp.,Information Technology,"Eden Prairie, Minnesota, United States",2005-05-03,"Buyout (LBO, MBO, MBI)",2007-11-14,IPO,2.5,False,,0,0,https://mergr.com/company/1773,2026-09-04T01:29:30Z
220,Generation Partners,Connecticut,1770,Post University,Education,"Waterbury, Connecticut, United States",2004-10-01,"Buyout (LBO, MBO, MBI)",2024-12-17,Divestiture,20.2,False,,0,0,https://mergr.com/company/1770,2026-09-04T01:29:30Z
220,Generation Partners,Connecticut,1779,Fortis Institute,Diversified,"Grand Prairie, Texas, United States",2004-02-03,Stake Purchase,2009-12-15,Divestiture,5.8,False,,0,0,https://mergr.com/company/1779,2026-09-04T01:29:30Z
220,Generation Partners,Connecticut,1772,Sterling,Business Services,"Independence, Ohio, United States",2003-04-01,"Buyout (LBO, MBO, MBI)",2010-12-02,Trade Sale - Public Company,7.7,False,719,1,0,https://mergr.com/company/1772,2026-09-04T01:29:30Z
220,Generation Partners,Connecticut,9007,Agility,Business Services,"Las Vegas, Nevada, United States",2001-01-01,"Buyout (LBO, MBO, MBI)",2023-11-30,Divestiture,22.8,False,,5,0,https://mergr.com/company/9007,2026-09-04T01:29:30Z
220,Generation Partners,Connecticut,23202,"HotJobs.com, Ltd.",Staffing,"New York, New York, United States",1999-05-01,"Buyout (LBO, MBO, MBI)",2001-12-01,Trade Sale - Public Company,2.6,False,,0,0,https://mergr.com/company/23202,2026-09-04T01:29:30Z
220,Generation Partners,Connecticut,17040,American Cellular corp.,Communications,"Franklin, Tennessee, United States",1998-03-09,"Buyout (LBO, MBO, MBI)",2000-02-26,Divestiture,1.9,False,,0,0,https://mergr.com/company/17040,2026-09-04T01:29:30Z
220,Generation Partners,Connecticut,1767,"LVI Services, Inc.",Environmental,"New York City, New York, United States",1997-03-26,"Buyout (LBO, MBO, MBI)",2002-11-11,Trade Sale - Public Company,5.6,False,350,0,0,https://mergr.com/company/1767,2026-09-04T01:29:30Z
220,Generation Partners,Connecticut,23203,Muzak LLC,Media,"Fort Mill, South Carolina, United States",1992-01-01,"Buyout (LBO, MBO, MBI)",1998-01-01,Trade Sale - Public Company,6,False,,0,0,https://mergr.com/company/23203,2026-09-04T01:29:30Z
220,Generation Partners,Connecticut,23206,Light & Wonder,Gaming,"Las Vegas, Nevada, United States",1991-01-01,"Buyout (LBO, MBO, MBI)",,,35.7,True,3314,25,1,https://mergr.com/company/23206,2026-09-04T01:29:30Z
1872,AMCI Capital,Connecticut,26730,Umcebo Mining Pty. Ltd.,Metals/Mining,"Johannesburg, South Africa",2010-07-01,"Buyout (LBO, MBO, MBI)",2011-12-07,Divestiture,1.4,False,,0,0,https://mergr.com/company/26730,2026-09-04T01:29:30Z
1872,AMCI Capital,Connecticut,26726,GRL,Metals/Mining,"Gloucester, Australia",2010-03-01,"Buyout (LBO, MBO, MBI)",,,16.5,True,,0,0,https://mergr.com/company/26726,2026-09-04T01:29:30Z
1872,AMCI Capital,Connecticut,214294,LakeCoal (Chain Valley Colliery),Metals/Mining,"Mannering Park, Australia",2009-11-01,"Buyout (LBO, MBO, MBI)",,,16.8,True,,0,0,https://mergr.com/company/214294,2026-09-04T01:29:30Z
1872,AMCI Capital,Connecticut,26731,United Maritime Group LLC,Transportation,"Tampa, Florida, United States",2007-12-01,"Buyout (LBO, MBO, MBI)",,,18.8,True,,0,0,https://mergr.com/company/26731,2026-09-04T01:29:30Z
1872,AMCI Capital,Connecticut,26723,China Coal Energy,Metals/Mining,"Beijing, China",2007-01-26,Stake Purchase,,,19.6,True,28547,0,0,https://mergr.com/company/26723,2026-09-04T01:29:30Z
2662,Balance Point Capital Partners,Connecticut,352817,Allied Roofing Partners,Business Services,"Nashville, Tennessee, United States",2026-08-13,Growth Capital,,,0,True,,0,0,https://mergr.com/company/352817,2026-09-04T01:45:30Z
2662,Balance Point Capital Partners,Connecticut,352275,ShipSigma,Internet Software and Services,"Indianapolis, Indiana, United States",2026-07-30,Growth Capital,,,0.1,True,,0,0,https://mergr.com/company/352275,2026-09-04T01:45:30Z
2662,Balance Point Capital Partners,Connecticut,350559,AquaVerse,Consumer Services,"Palm Beach, Florida, United States",2026-06-16,Consolidation,,,0.2,True,,0,0,https://mergr.com/company/350559,2026-09-04T01:45:30Z
2662,Balance Point Capital Partners,Connecticut,349191,Edge,Software,"Shelton, Connecticut, United States",2026-05-01,"Buyout (LBO, MBO, MBI)",,,0.3,True,,0,0,https://mergr.com/company/349191,2026-09-04T01:45:30Z
2662,Balance Point Capital Partners,Connecticut,335154,Bar Keepers Friend,Consumer Products,"Indianapolis, Indiana, United States",2025-03-27,Growth Capital,,,1.4,True,,0,0,https://mergr.com/company/335154,2026-09-04T01:45:30Z
2662,Balance Point Capital Partners,Connecticut,334632,Duende Software,Software,"San Francisco, California, United States",2024-09-03,Growth Capital,,,2,True,,0,0,https://mergr.com/company/334632,2026-09-04T01:45:30Z
2662,Balance Point Capital Partners,Connecticut,328249,SPS PoolCare,Business Services,"Austin, Texas, United States",2024-08-27,Growth Capital,,,2,True,,2,0,https://mergr.com/company/328249,2026-09-04T01:45:30Z
2662,Balance Point Capital Partners,Connecticut,326311,Lightbridge Academy,Education,"Iselin, New Jersey, United States",2024-06-20,Growth Capital,,,2.2,True,,0,0,https://mergr.com/company/326311,2026-09-04T01:45:30Z
2662,Balance Point Capital Partners,Connecticut,325487,Essential Turbines,Aerospace,"Dorval, Quebec, Canada",2024-05-29,Growth Capital,,,2.3,True,,1,0,https://mergr.com/company/325487,2026-09-04T01:45:30Z
2662,Balance Point Capital Partners,Connecticut,255386,JSI,Business Services,"Greenbelt, Maryland, United States",2024-05-09,Secondary Buyout,,,2.3,True,,2,0,https://mergr.com/company/255386,2026-09-04T01:45:30Z
2662,Balance Point Capital Partners,Connecticut,324113,Firehook,Food,"Chantilly, Virginia, United States",2024-04-15,"Buyout (LBO, MBO, MBI)",,,2.3,True,,0,0,https://mergr.com/company/324113,2026-09-04T01:45:30Z
2662,Balance Point Capital Partners,Connecticut,323685,BenefitHub,Information Technology,"New York City, New York, United States",2024-04-10,"Buyout (LBO, MBO, MBI)",,,2.3,True,,1,0,https://mergr.com/company/323685,2026-09-04T01:45:30Z
2662,Balance Point Capital Partners,Connecticut,325253,Trilliad,Business Services,"Annapolis, Maryland, United States",2023-06-27,Consolidation,,,3.2,True,,3,0,https://mergr.com/company/325253,2026-09-04T01:45:30Z
2662,Balance Point Capital Partners,Connecticut,254140,Innovia Medical,Medical Products,"St. Paul, Minnesota, United States",2023-04-04,Secondary Buyout,,,3.4,True,,2,0,https://mergr.com/company/254140,2026-09-04T01:45:30Z
2662,Balance Point Capital Partners,Connecticut,311090,Supreme Optimization,Marketing,"Dallas, Texas, United States",2023-03-14,Growth Capital,,,3.4,True,,8,0,https://mergr.com/company/311090,2026-09-04T01:45:30Z
2662,Balance Point Capital Partners,Connecticut,324891,Dualboot Partners,Information Technology,"Charlotte, North Carolina, United States",2023-01-25,Growth Capital,,,3.6,True,,0,0,https://mergr.com/company/324891,2026-09-04T01:45:30Z
2662,Balance Point Capital Partners,Connecticut,307095,Sylmar,Business Services,"Los Angeles, California, United States",2022-11-08,Growth Capital,,,3.8,True,,7,0,https://mergr.com/company/307095,2026-09-04T01:45:30Z
2662,Balance Point Capital Partners,Connecticut,307093,CraneTech,Business Services,"Stockton, California, United States",2022-10-31,Growth Capital,,,3.8,True,,2,0,https://mergr.com/company/307093,2026-09-04T01:45:30Z
2662,Balance Point Capital Partners,Connecticut,301194,Stance Health Solutions,Medical Products,"Irvine, California, United States",2022-06-10,Growth Capital,,,4.2,True,,1,0,https://mergr.com/company/301194,2026-09-04T01:45:30Z
2662,Balance Point Capital Partners,Connecticut,300883,Konovo,Business Services,"Pocatello, Idaho, United States",2022-06-07,"Buyout (LBO, MBO, MBI)",,,4.2,True,,1,0,https://mergr.com/company/300883,2026-09-04T01:45:30Z
2662,Balance Point Capital Partners,Connecticut,297453,Concord,Internet Software and Services,"Scottsdale, Arizona, United States",2022-03-15,Growth Capital,2025-01-08,Trade Sale - Public Company,2.8,False,,1,0,https://mergr.com/company/297453,2026-09-04T01:45:30Z
2662,Balance Point Capital Partners,Connecticut,295161,ABTB Mid-Atlantic,Restaurants,"Virginia, United States",2022-01-18,Growth Capital,,,4.6,True,,0,0,https://mergr.com/company/295161,2026-09-04T01:45:30Z
2662,Balance Point Capital Partners,Connecticut,289790,Raw Sugar,Consumer Products,"Los Angeles, California, United States",2021-08-31,Growth Capital,,,5,True,,0,0,https://mergr.com/company/289790,2026-09-04T01:45:30Z
2662,Balance Point Capital Partners,Connecticut,276683,Schill Grounds Management,Business Services,"Westlake, Ohio, United States",2020-09-21,Growth Capital,2026-01-13,Trade Sale - Public Company,5.3,False,,6,0,https://mergr.com/company/276683,2026-09-04T01:45:30Z
2662,Balance Point Capital Partners,Connecticut,272767,Recom,Retail,"Deerfield Beach, Florida, United States",2020-04-28,Growth Capital,,,6.3,True,,2,0,https://mergr.com/company/272767,2026-09-04T01:45:30Z
2662,Balance Point Capital Partners,Connecticut,296229,The Stable,Business Services,"Minneapolis, Minnesota, United States",2020-04-15,Growth Capital,2022-07-13,Divestiture,2.2,False,,1,0,https://mergr.com/company/296229,2026-09-04T01:45:30Z
2662,Balance Point Capital Partners,Connecticut,248744,Excellarate,Information Technology,"Wayne, Pennsylvania, United States",2020-01-07,Secondary Buyout,2023-01-26,Divestiture,3,False,,2,0,https://mergr.com/company/248744,2026-09-04T01:45:30Z
2662,Balance Point Capital Partners,Connecticut,300242,BlueRoot Health,Consumer Products,"Middletown, Connecticut, United States",2020-01-01,Growth Capital,,,6.7,True,,0,0,https://mergr.com/company/300242,2026-09-04T01:45:30Z
2662,Balance Point Capital Partners,Connecticut,262493,Budderfly,Information Technology,"Shelton, Connecticut, United States",2019-07-01,Growth Capital,2022-07-11,Trade Sale - Public Company,3,False,,0,0,https://mergr.com/company/262493,2026-09-04T01:45:30Z
2662,Balance Point Capital Partners,Connecticut,273688,Alliance Animal Health,Consumer Services,"Rye Brook, New York, United States",2019-06-01,"Buyout (LBO, MBO, MBI)",,,7.3,True,,0,0,https://mergr.com/company/273688,2026-09-04T01:45:30Z
2662,Balance Point Capital Partners,Connecticut,273260,Eventus WholeHealth,Healthcare Services,"Concord, North Carolina, United States",2019-01-09,Growth Capital,2024-11-11,Trade Sale - Public Company,5.8,False,,2,0,https://mergr.com/company/273260,2026-09-04T01:45:30Z
2662,Balance Point Capital Partners,Connecticut,253960,Shift Paradigm,Business Services,"Austin, Texas, United States",2018-09-05,Growth Capital,,,7.9,True,,6,0,https://mergr.com/company/253960,2026-09-04T01:45:30Z
2662,Balance Point Capital Partners,Connecticut,244533,Bear Down Brands,Consumer Products,"Santa Ana, California, United States",2017-10-19,Growth Capital,,,8.8,True,,0,0,https://mergr.com/company/244533,2026-09-04T01:45:30Z
2662,Balance Point Capital Partners,Connecticut,238978,JustFoodForDogs,Retail,"Irvine, California, United States",2017-04-25,Growth Capital,,,9.3,True,,0,0,https://mergr.com/company/238978,2026-09-04T01:45:30Z
2662,Balance Point Capital Partners,Connecticut,228158,GigaTrust,Software,"Herndon, Virginia, United States",2016-10-11,Growth Capital,,,9.8,True,,0,0,https://mergr.com/company/228158,2026-09-04T01:45:30Z
2662,Balance Point Capital Partners,Connecticut,217580,ebbo,Internet Software and Services,"Rocky Hill, Connecticut, United States",2016-05-16,Growth Capital,2019-07-08,Trade Sale - Public Company,3.1,False,,0,0,https://mergr.com/company/217580,2026-09-04T01:45:30Z
2662,Balance Point Capital Partners,Connecticut,220869,ACL AirShop,Aerospace,"Greenville, South Carolina, United States",2016-03-30,"Buyout (LBO, MBO, MBI)",2021-04-22,Trade Sale - Public Company,5,False,,0,0,https://mergr.com/company/220869,2026-09-04T01:45:30Z
2662,Balance Point Capital Partners,Connecticut,215627,ProHealth Partners,Healthcare Services,"Monroe, Connecticut, United States",2016-02-16,"Buyout (LBO, MBO, MBI)",,,10.5,True,,0,0,https://mergr.com/company/215627,2026-09-04T01:45:30Z
2662,Balance Point Capital Partners,Connecticut,264603,City Tap House,Restaurants,"Philadelphia, Pennsylvania, United States",2015-12-01,Growth Capital,,,10.8,True,,0,0,https://mergr.com/company/264603,2026-09-04T01:45:30Z
2662,Balance Point Capital Partners,Connecticut,203967,IGeneX,Life Science,"Milpitas, California, United States",2015-09-17,"Buyout (LBO, MBO, MBI)",,,10.9,True,,0,0,https://mergr.com/company/203967,2026-09-04T01:45:30Z
2662,Balance Point Capital Partners,Connecticut,195543,Mapleton Communications,Media,"Los Angeles, California, United States",2015-07-08,Growth Capital,2019-07-01,Divestiture,3.9,False,,0,0,https://mergr.com/company/195543,2026-09-04T01:45:30Z
2662,Balance Point Capital Partners,Connecticut,191080,Family Entertainment Group,Leisure,"Itasca, Illinois, United States",2015-06-10,Recapitalization,2022-07-21,Trade Sale - Public Company,7.1,False,,0,0,https://mergr.com/company/191080,2026-09-04T01:45:30Z
2662,Balance Point Capital Partners,Connecticut,176492,Food Evolution,Food,"Schiller Park, Illinois, United States",2014-09-29,Consolidation,,,11.9,True,,1,0,https://mergr.com/company/176492,2026-09-04T01:45:30Z
2662,Balance Point Capital Partners,Connecticut,229382,PlayMonster,Consumer Products,"Beloit, Wisconsin, United States",2014-09-01,"Buyout (LBO, MBO, MBI)",2018-11-19,Trade Sale - Public Company,4.2,False,,4,0,https://mergr.com/company/229382,2026-09-04T01:45:30Z
2662,Balance Point Capital Partners,Connecticut,2810,"HALO Innovations, Inc.",Consumer Products,"Minnetonka, Minnesota, United States",2014-06-25,Growth Capital,2016-12-12,Divestiture,2.4,False,,0,0,https://mergr.com/company/2810,2026-09-04T01:45:30Z
2662,Balance Point Capital Partners,Connecticut,214360,Compass Media Networks,Media,"Rye, New York, United States",2014-04-30,Growth Capital,,,12.3,True,,0,0,https://mergr.com/company/214360,2026-09-04T01:45:30Z
2662,Balance Point Capital Partners,Connecticut,87649,"Johnny on the Spot, Inc.",Consumer Services,"Old Bridge Township, New Jersey, United States",2014-04-21,"Buyout (LBO, MBO, MBI)",2016-02-16,Divestiture,1.8,False,,2,0,https://mergr.com/company/87649,2026-09-04T01:45:30Z
2662,Balance Point Capital Partners,Connecticut,177836,Digity Companies,Media,"West Palm Beach, Florida, United States",2014-02-01,Growth Capital,,,12.6,True,,1,1,https://mergr.com/company/177836,2026-09-04T01:45:30Z
2662,Balance Point Capital Partners,Connecticut,214354,Connoisseur Media,Media,"Westport, Connecticut, United States",2013-05-01,Growth Capital,,,13.3,True,,1,1,https://mergr.com/company/214354,2026-09-04T01:45:30Z
2662,Balance Point Capital Partners,Connecticut,60498,Meridien Research,Life Science,"Winter Park, Florida, United States",2012-12-17,"Buyout (LBO, MBO, MBI)",2018-04-16,Trade Sale - Public Company,5.3,False,,1,0,https://mergr.com/company/60498,2026-09-04T01:45:30Z
2662,Balance Point Capital Partners,Connecticut,11718,"HelloWorld, Inc.",Digital Media,"Southfield, Michigan, United States",2012-08-21,Secondary Buyout,,,14,True,,1,0,https://mergr.com/company/11718,2026-09-04T01:45:30Z
2662,Balance Point Capital Partners,Connecticut,60430,Wholesome Sweeteners,Food,"Sugar Land, Texas, United States",2012-04-19,"Buyout (LBO, MBO, MBI)",2020-12-17,Divestiture,8.6,False,,1,0,https://mergr.com/company/60430,2026-09-04T01:45:30Z
2662,Balance Point Capital Partners,Connecticut,60502,Pamal Broadcasting,Media,"Latham, New York, United States",2012-03-01,Growth Capital,,,14.5,True,,0,0,https://mergr.com/company/60502,2026-09-04T01:45:30Z
2662,Balance Point Capital Partners,Connecticut,26067,Awareness Technologies,Software,"Westport, Connecticut, United States",2010-05-17,"Buyout (LBO, MBO, MBI)",2020-12-07,Trade Sale - Public Company,10.5,False,,3,0,https://mergr.com/company/26067,2026-09-04T01:45:30Z
2662,Balance Point Capital Partners,Connecticut,15625,OnRamp Access,Internet Software and Services,"Austin, Texas, United States",2009-09-18,Growth Capital,2018-01-01,Divestiture,8.3,False,,0,0,https://mergr.com/company/15625,2026-09-04T01:45:30Z
2662,Balance Point Capital Partners,Connecticut,24341,Grindmaster-Cecilware Corp.,Machinery,"Louisville, Kentucky, United States",2009-09-17,Consolidation,2017-03-02,Divestiture,7.4,False,65,1,0,https://mergr.com/company/24341,2026-09-04T01:45:30Z
2662,Balance Point Capital Partners,Connecticut,26069,"Ranger International Services Group, Inc.",Aerospace,"Greenville, South Carolina, United States",2009-08-12,"Buyout (LBO, MBO, MBI)",2012-02-01,Divestiture,2.4,False,,1,0,https://mergr.com/company/26069,2026-09-04T01:45:30Z
5186,Brookside Capital Partners,Connecticut,351129,Tebco,Automotive,"Clay City, Kentucky, United States",2026-06-15,"Buyout (LBO, MBO, MBI)",,,0.2,True,,0,0,https://mergr.com/company/351129,2026-09-04T01:45:30Z
5186,Brookside Capital Partners,Connecticut,347744,RK HydroVac,Business Services,"Piqua, Ohio, United States",2026-04-07,"Buyout (LBO, MBO, MBI)",,,0.3,True,,0,0,https://mergr.com/company/347744,2026-09-04T01:45:30Z
5186,Brookside Capital Partners,Connecticut,347255,Boston Green Co.,Environmental,"Lakeville, Massachusetts, United States",2026-03-19,Recapitalization,,,0.4,True,,0,0,https://mergr.com/company/347255,2026-09-04T01:45:30Z
5186,Brookside Capital Partners,Connecticut,346341,HSC,Manufacturing,"Mabelvale, United States",2026-02-19,"Buyout (LBO, MBO, MBI)",,,0.5,True,,0,0,https://mergr.com/company/346341,2026-09-04T01:45:30Z
5186,Brookside Capital Partners,Connecticut,345992,Erie Strayer,Building Materials,"Erie, Pennsylvania, United States",2026-02-11,Growth Capital,,,0.5,True,,0,0,https://mergr.com/company/345992,2026-09-04T01:45:30Z
5186,Brookside Capital Partners,Connecticut,346440,CVM Electric,Electrical Equipment,"Buffalo, New York, United States",2026-01-26,Recapitalization,,,0.6,True,,0,0,https://mergr.com/company/346440,2026-09-04T01:45:30Z
5186,Brookside Capital Partners,Connecticut,340279,Vytex,Building Materials,"Laurel, Maryland, United States",2025-09-11,Growth Capital,,,0.9,True,,1,0,https://mergr.com/company/340279,2026-09-04T01:45:30Z
5186,Brookside Capital Partners,Connecticut,338365,Sepratech Liquid Solutions,Environmental,"Gonzales, Louisiana, United States",2025-07-14,"Buyout (LBO, MBO, MBI)",,,1.1,True,,0,0,https://mergr.com/company/338365,2026-09-04T01:45:30Z
5186,Brookside Capital Partners,Connecticut,338191,Five Lakes Manufacturing,Building Materials,"Clinton Township, Michigan, United States",2025-07-08,"Buyout (LBO, MBO, MBI)",,,1.1,True,,0,0,https://mergr.com/company/338191,2026-09-04T01:45:30Z
5186,Brookside Capital Partners,Connecticut,249321,Dart Appraisal,Business Services,"Troy, Michigan, United States",2025-04-03,Growth Capital,,,1.4,True,,0,0,https://mergr.com/company/249321,2026-09-04T01:45:30Z
5186,Brookside Capital Partners,Connecticut,329989,Hoffman Engineering,Defense,"Stamford, Connecticut, United States",2024-10-23,Divestiture,,,1.8,True,,0,0,https://mergr.com/company/329989,2026-09-04T01:45:30Z
5186,Brookside Capital Partners,Connecticut,335774,Winterberry Gardens,Business Services,"Southington, Connecticut, United States",2024-10-01,Recapitalization,,,1.9,True,,1,0,https://mergr.com/company/335774,2026-09-04T01:45:30Z
5186,Brookside Capital Partners,Connecticut,210133,Stueve Construction,Construction,"Algona, Iowa, United States",2024-10-01,"Buyout (LBO, MBO, MBI)",,,1.9,True,,0,0,https://mergr.com/company/210133,2026-09-04T01:45:30Z
5186,Brookside Capital Partners,Connecticut,328677,Military Fasteners,Distribution,"Melbourne, Florida, United States",2024-09-11,Growth Capital,,,1.9,True,,0,0,https://mergr.com/company/328677,2026-09-04T01:45:30Z
5186,Brookside Capital Partners,Connecticut,4068,NewBold,Information Services,"Greenville, South Carolina, United States",2024-08-13,Secondary Buyout,,,2,True,,0,0,https://mergr.com/company/4068,2026-09-04T01:45:30Z
5186,Brookside Capital Partners,Connecticut,336579,A First Name Basis,Healthcare Services,"Lafayette, Louisiana, United States",2024-05-01,Growth Capital,,,2.3,True,,0,0,https://mergr.com/company/336579,2026-09-04T01:45:30Z
5186,Brookside Capital Partners,Connecticut,319869,Phaedon,Marketing,"Minneapolis, Minnesota, United States",2023-12-14,Divestiture,,,2.7,True,,0,0,https://mergr.com/company/319869,2026-09-04T01:45:30Z
5186,Brookside Capital Partners,Connecticut,317939,Architectural Polymers,Chemicals,"Palmerton, Pennsylvania, United States",2023-10-04,Recapitalization,,,2.9,True,,0,0,https://mergr.com/company/317939,2026-09-04T01:45:30Z
5186,Brookside Capital Partners,Connecticut,327651,SafeTouch,Safety/Security,"Jacksonville, Florida, United States",2023-05-02,Growth Capital,,,3.3,True,,0,0,https://mergr.com/company/327651,2026-09-04T01:45:30Z
5186,Brookside Capital Partners,Connecticut,270998,iPROMOTEu,Marketing,"Wayland, Massachusetts, United States",2023-01-13,Secondary Buyout,,,3.6,True,,0,0,https://mergr.com/company/270998,2026-09-04T01:45:30Z
5186,Brookside Capital Partners,Connecticut,315856,ToxStrategies,Business Services,"Asheville, North Carolina, United States",2023-01-06,Growth Capital,,,3.6,True,,3,0,https://mergr.com/company/315856,2026-09-04T01:45:30Z
5186,Brookside Capital Partners,Connecticut,312487,Adams,Food,"Gonzales, Texas, United States",2022-03-24,Growth Capital,,,4.4,True,,0,0,https://mergr.com/company/312487,2026-09-04T01:45:30Z
5186,Brookside Capital Partners,Connecticut,250873,TopDown,Automotive,"North Hollywood, California, United States",2022-03-07,Recapitalization,,,4.4,True,,0,0,https://mergr.com/company/250873,2026-09-04T01:45:30Z
5186,Brookside Capital Partners,Connecticut,316483,Porch Swing Company,E-Commerce,"Oldsmar, Florida, United States",2022-02-18,"Buyout (LBO, MBO, MBI)",,,4.5,True,,0,0,https://mergr.com/company/316483,2026-09-04T01:45:30Z
5186,Brookside Capital Partners,Connecticut,319134,Clean Solutions Group,Manufacturing,"Mooresville, North Carolina, United States",2022-02-09,Consolidation,2024-09-09,Trade Sale - Public Company,2.6,False,,2,0,https://mergr.com/company/319134,2026-09-04T01:45:30Z
5186,Brookside Capital Partners,Connecticut,294827,Signal Control Products,Distribution,"Branchburg, New Jersey, United States",2022-01-11,Recapitalization,,,4.6,True,,0,0,https://mergr.com/company/294827,2026-09-04T01:45:30Z
5186,Brookside Capital Partners,Connecticut,271960,Catalyst MedTech,Medical Products,"Pittsburgh, Pennsylvania, United States",2021-12-27,Secondary Buyout,,,4.7,True,,4,0,https://mergr.com/company/271960,2026-09-04T01:45:30Z
5186,Brookside Capital Partners,Connecticut,319918,Brilliance LED,Electrical Equipment,"Carefree, Arizona, United States",2021-11-03,"Buyout (LBO, MBO, MBI)",,,4.8,True,,0,0,https://mergr.com/company/319918,2026-09-04T01:45:30Z
5186,Brookside Capital Partners,Connecticut,290649,Next Net Media,Marketing,"Saint Petersburg, Florida, United States",2021-09-03,Growth Capital,,,5,True,,1,0,https://mergr.com/company/290649,2026-09-04T01:45:30Z
5186,Brookside Capital Partners,Connecticut,288039,Formulife,Consumer Products,"Allen, Texas, United States",2021-07-20,Growth Capital,,,5.1,True,,0,0,https://mergr.com/company/288039,2026-09-04T01:45:30Z
5186,Brookside Capital Partners,Connecticut,287350,Flow Service Partners,Business Services,"Mount Juliet, Tennessee, United States",2021-06-30,Consolidation,2024-11-21,Trade Sale - Public Company,3.3,False,,3,0,https://mergr.com/company/287350,2026-09-04T01:45:30Z
5186,Brookside Capital Partners,Connecticut,312565,AAA Distributor,Distribution,"Philadelphia, Pennsylvania, United States",2021-06-17,"Buyout (LBO, MBO, MBI)",,,5.2,True,,0,0,https://mergr.com/company/312565,2026-09-04T01:45:30Z
5186,Brookside Capital Partners,Connecticut,286444,American Equipment,Distribution,"Salt Lake City, Utah, United States",2021-06-10,Consolidation,,,5.2,True,,3,1,https://mergr.com/company/286444,2026-09-04T01:45:30Z
5186,Brookside Capital Partners,Connecticut,327673,South Bay Home Health Care,Medical Products,"Torrance, California, United States",2021-04-21,Growth Capital,,,5.3,True,,0,0,https://mergr.com/company/327673,2026-09-04T01:45:30Z
5186,Brookside Capital Partners,Connecticut,283770,Lafayette Instrument,Manufacturing,"Lafayette, Indiana, United States",2021-04-07,"Buyout (LBO, MBO, MBI)",,,5.3,True,,5,0,https://mergr.com/company/283770,2026-09-04T01:45:30Z
5186,Brookside Capital Partners,Connecticut,275835,Gerard Daniel Worldwide,Manufacturing,"Hanover, Pennsylvania, United States",2020-09-02,"Buyout (LBO, MBO, MBI)",,,6,True,,3,0,https://mergr.com/company/275835,2026-09-04T01:45:30Z
5186,Brookside Capital Partners,Connecticut,264081,SWAT Group,Business Services,"Lansing, Michigan, United States",2020-03-06,"Buyout (LBO, MBO, MBI)",,,6.4,True,,0,0,https://mergr.com/company/264081,2026-09-04T01:45:30Z
5186,Brookside Capital Partners,Connecticut,269878,BMG360,Marketing,"Shelton, Connecticut, United States",2020-03-03,Recapitalization,,,6.5,True,,4,0,https://mergr.com/company/269878,2026-09-04T01:45:30Z
5186,Brookside Capital Partners,Connecticut,268132,Express Flooring,Building Materials,"Phoenix, Arizona, United States",2019-11-27,"Buyout (LBO, MBO, MBI)",,,6.8,True,,0,0,https://mergr.com/company/268132,2026-09-04T01:45:30Z
5186,Brookside Capital Partners,Connecticut,33709,ABC Industries,Manufacturing,"Winona Lake, Indiana, United States",2019-08-05,Secondary Buyout,,,7,True,,0,0,https://mergr.com/company/33709,2026-09-04T01:45:30Z
5186,Brookside Capital Partners,Connecticut,290053,IntraLogic Solutions,Safety/Security,"Massapequa, New York, United States",2019-07-24,Recapitalization,,,7.1,True,,0,0,https://mergr.com/company/290053,2026-09-04T01:45:30Z
5186,Brookside Capital Partners,Connecticut,272290,RJW Logistics Group,Transportation,"Woodridge, Illinois, United States",2019-03-07,"Buyout (LBO, MBO, MBI)",,,7.4,True,,0,0,https://mergr.com/company/272290,2026-09-04T01:45:30Z
5186,Brookside Capital Partners,Connecticut,242878,SmartSource Computer & Audio Visual Rentals,Business Services,"Itasca, Illinois, United States",2018-11-13,Growth Capital,,,7.8,True,,1,0,https://mergr.com/company/242878,2026-09-04T01:45:30Z
5186,Brookside Capital Partners,Connecticut,253822,Fabian Couture Group,Apparel/Textiles,"Vernon Hills, Illinois, United States",2018-05-01,Growth Capital,,,8.3,True,,1,0,https://mergr.com/company/253822,2026-09-04T01:45:30Z
5186,Brookside Capital Partners,Connecticut,163165,Quantix,Transportation,"Woodlands, Texas, United States",2018-03-01,Recapitalization,2019-05-07,Trade Sale - Public Company,1.2,False,,0,0,https://mergr.com/company/163165,2026-09-04T01:45:30Z
5186,Brookside Capital Partners,Connecticut,250030,UpSwell,Marketing,"Marietta, Georgia, United States",2018-02-27,"Buyout (LBO, MBO, MBI)",2026-03-31,Trade Sale - Public Company,8.1,False,,2,0,https://mergr.com/company/250030,2026-09-04T01:45:30Z
5186,Brookside Capital Partners,Connecticut,312578,Principal Sloan,Electrical Equipment,"San Angelo, Texas, United States",2018-01-02,Growth Capital,2024-11-04,Trade Sale - Public Company,6.8,False,,0,0,https://mergr.com/company/312578,2026-09-04T01:45:30Z
5186,Brookside Capital Partners,Connecticut,135789,Spectrio,Marketing,"Tampa, Florida, United States",2017-09-19,Secondary Buyout,2020-12-15,Trade Sale - Public Company,3.2,False,,5,0,https://mergr.com/company/135789,2026-09-04T01:45:30Z
5186,Brookside Capital Partners,Connecticut,200407,Dutchland Plastics,Plastics,"Oostburg, Wisconsin, United States",2017-05-03,Secondary Buyout,2022-01-21,Divestiture,4.7,False,,0,0,https://mergr.com/company/200407,2026-09-04T01:45:30Z
5186,Brookside Capital Partners,Connecticut,57010,Surface Preparation Technologies,Construction,"New Kingstown, Pennsylvania, United States",2017-02-16,Secondary Buyout,2019-11-14,Trade Sale - Public Company,2.7,False,,1,0,https://mergr.com/company/57010,2026-09-04T01:45:30Z
5186,Brookside Capital Partners,Connecticut,250979,Circa,Business Services,"Milwaukee, Wisconsin, United States",2016-12-09,Recapitalization,2023-04-11,Divestiture,6.3,False,,2,0,https://mergr.com/company/250979,2026-09-04T01:45:30Z
5186,Brookside Capital Partners,Connecticut,190807,The Legacy Companies,Machinery,"Weston, Florida, United States",2016-07-13,Recapitalization,,,10.1,True,,7,0,https://mergr.com/company/190807,2026-09-04T01:45:30Z
5186,Brookside Capital Partners,Connecticut,4398,Water-Jel Technologies LLC,Medical Products,"Carlstadt, New Jersey, United States",2016-06-28,Secondary Buyout,2020-05-05,Divestiture,3.8,False,,0,0,https://mergr.com/company/4398,2026-09-04T01:45:30Z
5186,Brookside Capital Partners,Connecticut,220348,Centauri Health Solutions,Information Technology,"Tempe, Arizona, United States",2016-05-16,Growth Capital,2020-01-09,Trade Sale - Public Company,3.6,False,,3,0,https://mergr.com/company/220348,2026-09-04T01:45:30Z
5186,Brookside Capital Partners,Connecticut,237878,ADI American Distributors,Distribution,"Randolph, New Jersey, United States",2016-04-29,Growth Capital,2025-09-25,Divestiture,9.3,False,149,1,0,https://mergr.com/company/237878,2026-09-04T01:45:30Z
5186,Brookside Capital Partners,Connecticut,2655,Controlled Products,Consumer Products,"Dalton, Georgia, United States",2016-03-29,Secondary Buyout,2021-10-25,Trade Sale - Public Company,5.5,False,,1,0,https://mergr.com/company/2655,2026-09-04T01:45:30Z
5186,Brookside Capital Partners,Connecticut,231855,StewMac,E-Commerce,"Athens, Ohio, United States",2016-02-04,"Buyout (LBO, MBO, MBI)",,,10.6,True,,0,0,https://mergr.com/company/231855,2026-09-04T01:45:30Z
5186,Brookside Capital Partners,Connecticut,210733,SunTree Snack Foods,Food,"Phoenix, Arizona, United States",2015-11-19,"Buyout (LBO, MBO, MBI)",2023-09-01,Unknown,7.8,False,100,0,0,https://mergr.com/company/210733,2026-09-04T01:45:30Z
5186,Brookside Capital Partners,Connecticut,203275,Driven Performance Brands,Automotive,"Santa Rosa, California, United States",2015-09-10,Secondary Buyout,2018-10-29,Spin Off,3.1,False,,0,0,https://mergr.com/company/203275,2026-09-04T01:45:30Z
5186,Brookside Capital Partners,Connecticut,201998,Taos,Information Technology,"San Jose, California, United States",2015-09-01,Growth Capital,2021-01-14,Divestiture,5.3,False,,0,0,https://mergr.com/company/201998,2026-09-04T01:45:30Z
5186,Brookside Capital Partners,Connecticut,26952,Corporate Visions,Marketing,"Mesa, Arizona, United States",2015-05-29,Secondary Buyout,2021-08-19,Trade Sale - Public Company,6.2,False,,1,0,https://mergr.com/company/26952,2026-09-04T01:45:30Z
5186,Brookside Capital Partners,Connecticut,184710,Stored Energy Holdings,Distribution,"Auburn, Massachusetts, United States",2015-04-27,Recapitalization,,,11.3,True,,0,0,https://mergr.com/company/184710,2026-09-04T01:45:30Z
5186,Brookside Capital Partners,Connecticut,13504,FCA Packaging,Packaging,"Moline, Illinois, United States",2015-01-06,Secondary Buyout,2022-07-21,Trade Sale - Public Company,7.5,False,,2,0,https://mergr.com/company/13504,2026-09-04T01:45:30Z
5186,Brookside Capital Partners,Connecticut,153909,Fleetwood Fixtures,Furniture,"Leesport, Pennsylvania, United States",2014-11-21,Recapitalization,2019-11-07,Bankruptcy,4.9,False,,0,0,https://mergr.com/company/153909,2026-09-04T01:45:30Z
5186,Brookside Capital Partners,Connecticut,253712,Elevation Labs,Consumer Products,"Idaho Falls, Idaho, United States",2014-04-10,Consolidation,2022-06-30,Trade Sale - Public Company,8.2,False,,2,0,https://mergr.com/company/253712,2026-09-04T01:45:30Z
5186,Brookside Capital Partners,Connecticut,76085,HCOA Fitness,Consumer Services,"Miami, Florida, United States",2014-01-08,"Buyout (LBO, MBO, MBI)",,,12.6,True,,0,0,https://mergr.com/company/76085,2026-09-04T01:45:30Z
5186,Brookside Capital Partners,Connecticut,6001,Naylor Association Solutions,Business Services,"McLean, Virginia, United States",2013-12-18,Secondary Buyout,,,12.7,True,,4,1,https://mergr.com/company/6001,2026-09-04T01:45:30Z
5186,Brookside Capital Partners,Connecticut,2873,Hubbardton Forge,Building Materials,"Castleton, Vermont, United States",2013-11-15,Secondary Buyout,,,12.8,True,,0,0,https://mergr.com/company/2873,2026-09-04T01:45:30Z
5186,Brookside Capital Partners,Connecticut,39489,TenderHeart Health Outcomes,Healthcare Services,"Austin, Texas, United States",2013-03-06,Growth Capital,2020-08-14,Trade Sale - Public Company,7.4,False,,0,0,https://mergr.com/company/39489,2026-09-04T01:45:30Z
5186,Brookside Capital Partners,Connecticut,38961,"Skandia, Inc.",Aerospace,"Davis Junction, Illinois, United States",2012-04-24,"Buyout (LBO, MBO, MBI)",2018-07-13,Divestiture,6.2,False,,0,0,https://mergr.com/company/38961,2026-09-04T01:45:30Z
5186,Brookside Capital Partners,Connecticut,4387,MSI,Publishing,"Plain City, Ohio, United States",2011-11-09,Secondary Buyout,2014-07-16,Unknown,2.7,False,,0,0,https://mergr.com/company/4387,2026-09-04T01:45:30Z
5186,Brookside Capital Partners,Connecticut,14246,Drive DeVilbiss Healthcare,Medical Products,"Port Washington, New York, United States",2011-10-11,"Buyout (LBO, MBO, MBI)",2016-08-30,Trade Sale - Public Company,4.8,False,,14,0,https://mergr.com/company/14246,2026-09-04T01:45:30Z
5186,Brookside Capital Partners,Connecticut,34341,Pediatric Health Choice,Healthcare Services,"Tampa, Florida, United States",2011-09-07,Secondary Buyout,2024-04-19,Unknown,12.6,False,,1,0,https://mergr.com/company/34341,2026-09-04T01:45:30Z
5186,Brookside Capital Partners,Connecticut,26916,Pyramid Healthcare,Healthcare Services,"Altoona, Pennsylvania, United States",2011-07-07,"Buyout (LBO, MBO, MBI)",2021-05-10,Trade Sale - Public Company,9.8,False,,8,0,https://mergr.com/company/26916,2026-09-04T01:45:30Z
5186,Brookside Capital Partners,Connecticut,31102,Enhanced Resource Centers,Business Services,"Jacksonville, Florida, United States",2010-08-01,Growth Capital,2022-10-04,Divestiture,12.2,False,,1,0,https://mergr.com/company/31102,2026-09-04T01:45:30Z
5186,Brookside Capital Partners,Connecticut,2525,Femco Machine Co.,Business Services,"Pittsburgh, Pennsylvania, United States",2007-06-28,Recapitalization,,,19.2,True,,0,0,https://mergr.com/company/2525,2026-09-04T01:45:30Z
5186,Brookside Capital Partners,Connecticut,466,Dimex,Plastics,"Marietta, Ohio, United States",2004-12-01,Recapitalization,2014-01-01,Trade Sale - Public Company,9.1,False,,0,0,https://mergr.com/company/466,2026-09-04T01:45:30Z
741,Brynwood Partners,Connecticut,328423,Miracapo,Food,"Elk Grove Village, Illinois, United States",2024-09-03,Divestiture,,,2,True,,0,0,https://mergr.com/company/328423,2026-09-07T00:00:00Z
741,Brynwood Partners,Connecticut,315365,West Madison Foods,Food,"Chicago, Illinois, United States",2023-07-20,Consolidation,,,3.1,True,,2,0,https://mergr.com/company/315365,2026-09-07T00:00:00Z
741,Brynwood Partners,Connecticut,20273,Great Kitchens,Food,"Romeoville, Illinois, United States",2020-12-07,Divestiture,2026-01-26,Divestiture,5.1,False,,1,0,https://mergr.com/company/20273,2026-09-07T00:00:00Z
741,Brynwood Partners,Connecticut,273083,Buitoni,Food,"Stamford, Connecticut, United States",2020-06-09,Divestiture,,,6.2,True,,0,0,https://mergr.com/company/273083,2026-09-07T00:00:00Z
741,Brynwood Partners,Connecticut,252348,Hometown Food,Food,"Chicago, Illinois, United States",2018-07-09,Divestiture,,,8.1,True,,5,0,https://mergr.com/company/252348,2026-09-07T00:00:00Z
741,Brynwood Partners,Connecticut,242430,Carolina Beverage Group,Beverages,"Mooresville, North Carolina, United States",2017-08-04,"Buyout (LBO, MBO, MBI)",,,9.1,True,,1,0,https://mergr.com/company/242430,2026-09-07T00:00:00Z
741,Brynwood Partners,Connecticut,7131,SunnyD,Beverages,"Cincinnati, Ohio, United States",2016-01-14,Secondary Buyout,2018-08-01,Divestiture,2.5,False,400,0,0,https://mergr.com/company/7131,2026-09-07T00:00:00Z
741,Brynwood Partners,Connecticut,175212,Harvest Hill,Beverages,"Stamford, Connecticut, United States",2014-07-02,Divestiture,2025-04-03,Divestiture,10.8,False,,2,0,https://mergr.com/company/175212,2026-09-07T00:00:00Z
741,Brynwood Partners,Connecticut,75881,Joseph's Gourmet Pasta,Food,"Haverhill, Massachusetts, United States",2014-01-06,Divestiture,2019-10-23,Trade Sale - Public Company,5.8,False,,0,0,https://mergr.com/company/75881,2026-09-07T00:00:00Z
741,Brynwood Partners,Connecticut,67454,Lightlife Foods,Food,"Turners Falls, Massachusetts, United States",2013-09-16,Divestiture,2017-02-21,Divestiture,3.4,False,40,0,0,https://mergr.com/company/67454,2026-09-07T00:00:00Z
741,Brynwood Partners,Connecticut,75229,Back to Nature Foods Company LLC,Food,"Madison, Wisconsin, United States",2012-08-22,Divestiture,2017-08-20,Divestiture,4.9,False,,1,0,https://mergr.com/company/75229,2026-09-07T00:00:00Z
741,Brynwood Partners,Connecticut,31675,"Golden Sun, Inc.",Consumer Products,"Santa Clarita, California, United States",2011-12-02,Divestiture,,,14.8,True,,0,0,https://mergr.com/company/31675,2026-09-07T00:00:00Z
741,Brynwood Partners,Connecticut,31677,"Sun Country Foods, Inc.",Consumer Products,"Norwood, Massachusetts, United States",2011-12-01,Divestiture,2012-12-11,Divestiture,1,False,,0,0,https://mergr.com/company/31677,2026-09-07T00:00:00Z
741,Brynwood Partners,Connecticut,31674,Pearson's,Food,"St. Paul, Minnesota, United States",2011-08-22,"Buyout (LBO, MBO, MBI)",2018-11-01,Trade Sale - Public Company,7.2,False,,1,0,https://mergr.com/company/31674,2026-09-07T00:00:00Z
741,Brynwood Partners,Connecticut,31673,High Ridge Brands,Consumer Products,"Stamford, Connecticut, United States",2010-12-01,"Buyout (LBO, MBO, MBI)",2016-05-17,Trade Sale - Public Company,5.4,False,,2,1,https://mergr.com/company/31673,2026-09-07T00:00:00Z
741,Brynwood Partners,Connecticut,5593,Balance Bar Co.,Food,"New York, New York, United States",2009-11-23,Divestiture,2012-11-26,Divestiture,3,False,,0,0,https://mergr.com/company/5593,2026-09-07T00:00:00Z
741,Brynwood Partners,Connecticut,12487,DeMet's Candy Co.,Food,"Stamford, Connecticut, United States",2007-05-24,Acquisition Financing,2014-01-02,Divestiture,6.6,False,,1,1,https://mergr.com/company/12487,2026-09-07T00:00:00Z
741,Brynwood Partners,Connecticut,5595,S. Walter Packaging,Packaging,"Trevose, Pennsylvania, United States",2006-12-14,"Buyout (LBO, MBO, MBI)",,,19.7,True,,0,1,https://mergr.com/company/5595,2026-09-07T00:00:00Z
741,Brynwood Partners,Connecticut,5594,"Stella D'oro Biscuit Co., Inc.",Food,"Bronx, New York, United States",2006-01-30,Divestiture,2009-10-13,Divestiture,3.7,False,,0,0,https://mergr.com/company/5594,2026-09-07T00:00:00Z
741,Brynwood Partners,Connecticut,5592,Richelieu Foods,Packaging,"Wheeling, Illinois, United States",2005-04-20,"Buyout (LBO, MBO, MBI)",2010-11-19,Trade Sale - Public Company,5.5,False,,0,0,https://mergr.com/company/5592,2026-09-07T00:00:00Z
741,Brynwood Partners,Connecticut,31682,Royal Boon Edam Group Holding B.V.,Building Materials,"Edam, Netherlands",2005-04-06,Consolidation,2008-12-18,Divestiture,3.7,False,,0,0,https://mergr.com/company/31682,2026-09-07T00:00:00Z
741,Brynwood Partners,Connecticut,5590,"IJS Global, Inc.",Transportation,"Stamford, Connecticut, United States",2004-12-16,"Buyout (LBO, MBO, MBI)",2015-10-15,Divestiture,10.8,False,,0,0,https://mergr.com/company/5590,2026-09-07T00:00:00Z
741,Brynwood Partners,Connecticut,5591,"Metro Door, Inc.",Consumer Services,"Great River, New York, United States",2004-12-04,"Buyout (LBO, MBO, MBI)",2010-12-10,Divestiture,6,False,,0,0,https://mergr.com/company/5591,2026-09-07T00:00:00Z
741,Brynwood Partners,Connecticut,31686,Lincoln Snacks Co.,Food,"Lincoln, United States",1998-01-01,Stake Purchase,2004-03-01,Trade Sale - Public Company,6.2,False,,0,0,https://mergr.com/company/31686,2026-09-07T00:00:00Z
741,Brynwood Partners,Connecticut,31684,Craft House Corp.,Consumer Products,"Charlottesville, Virginia, United States",1997-06-18,"Buyout (LBO, MBO, MBI)",2006-06-15,Unknown,8.9,False,,0,0,https://mergr.com/company/31684,2026-09-07T00:00:00Z
