owner_firm_id,owner_firm_name,owner_firm_state,company_id,company_name,sector,location,acquired_date,acquisition_type,exit_date,exit_type,hold_years,is_current,revenue_millions_usd,acquisitions_during_hold,divestitures_during_hold,mergr_url,_fetched_at
1995,AE Industrial Partners,Florida,351476,PAC,Chemicals,"Loveland, Ohio, United States",2026-07-13,"Buyout (LBO, MBO, MBI)",,,0.1,True,,0,0,https://mergr.com/company/351476,2026-09-04T02:09:13Z
1995,AE Industrial Partners,Florida,344463,L3 Harris Technologies - Space Propulsion and Power Systems business,Defense,"Melbourne, Florida, United States",2026-01-05,Divestiture,,,0.6,True,,0,0,https://mergr.com/company/344463,2026-09-04T02:09:13Z
1995,AE Industrial Partners,Florida,25865,Air Transport Components,Aerospace,"Gilbert, Arizona, United States",2025-06-16,"Buyout (LBO, MBO, MBI)",,,1.2,True,,2,0,https://mergr.com/company/25865,2026-09-04T02:09:13Z
1995,AE Industrial Partners,Florida,334030,United Building Solutions,Building Materials,"Pennsauken, New Jersey, United States",2025-02-18,Growth Capital,,,1.5,True,,2,0,https://mergr.com/company/334030,2026-09-04T02:09:13Z
1995,AE Industrial Partners,Florida,322445,Calca,Chemicals,"Westlake, Louisiana, United States",2024-03-04,"Buyout (LBO, MBO, MBI)",2025-09-17,Divestiture,1.5,False,,0,0,https://mergr.com/company/322445,2026-09-04T02:09:13Z
1995,AE Industrial Partners,Florida,313918,Yingling Aviation,Aerospace,"Wichita, Kansas, United States",2023-06-05,"Buyout (LBO, MBO, MBI)",,,3.2,True,,3,0,https://mergr.com/company/313918,2026-09-04T02:09:13Z
1995,AE Industrial Partners,Florida,309381,REDLattice,Information Technology,"Chantilly, Virginia, United States",2023-01-26,Stake Purchase,,,3.6,True,,0,0,https://mergr.com/company/309381,2026-09-04T02:09:13Z
1995,AE Industrial Partners,Florida,329740,Case Consulting,Information Technology,"Leesburg, Virginia, United States",2022-10-26,"Buyout (LBO, MBO, MBI)",,,3.8,True,,2,0,https://mergr.com/company/329740,2026-09-04T02:09:13Z
1995,AE Industrial Partners,Florida,305519,York Space Systems,Aerospace,"Denver, Colorado, United States",2022-10-04,Stake Purchase,2026-01-29,IPO,3.3,False,386,1,0,https://mergr.com/company/305519,2026-09-04T02:09:13Z
1995,AE Industrial Partners,Florida,296756,Firefly Aerospace,Aerospace,"Cedar Park, Texas, United States",2022-02-24,Stake Purchase,2025-08-07,IPO,3.4,False,160,1,0,https://mergr.com/company/296756,2026-09-04T02:09:13Z
1995,AE Industrial Partners,Florida,291967,Fire Team Solutions,Information Technology,"Reston, Virginia, United States",2021-11-01,Growth Capital,2022-10-26,Spin Off,0.9,False,,0,0,https://mergr.com/company/291967,2026-09-04T02:09:13Z
1995,AE Industrial Partners,Florida,290882,HealthWay,Electrical Equipment,"Pulaski, New York, United States",2021-09-30,"Buyout (LBO, MBO, MBI)",,,4.9,True,,0,0,https://mergr.com/company/290882,2026-09-04T02:09:13Z
1995,AE Industrial Partners,Florida,285598,Altus,Safety/Security,"Atlanta, Georgia, United States",2021-05-20,"Buyout (LBO, MBO, MBI)",2024-09-03,Trade Sale - Public Company,3.3,False,,8,0,https://mergr.com/company/285598,2026-09-04T02:09:13Z
1995,AE Industrial Partners,Florida,144185,Enercon,Engineering,"Kennesaw, Georgia, United States",2021-02-02,"Buyout (LBO, MBO, MBI)",2023-02-08,Trade Sale - Public Company,2,False,,1,0,https://mergr.com/company/144185,2026-09-04T02:09:13Z
1995,AE Industrial Partners,Florida,281046,Edge Autonomy,Aerospace,"San Luis Obispo, California, United States",2021-01-28,"Buyout (LBO, MBO, MBI)",2025-01-20,Divestiture,3.9,False,,2,0,https://mergr.com/company/281046,2026-09-04T02:09:13Z
1995,AE Industrial Partners,Florida,277935,Pangiam,Business Services,"McLean, Virginia, United States",2020-11-04,"Buyout (LBO, MBO, MBI)",2023-11-06,Divestiture,3,False,,3,0,https://mergr.com/company/277935,2026-09-04T02:09:13Z
1995,AE Industrial Partners,Florida,277562,PCI,Information Technology,"Columbia, Maryland, United States",2020-10-26,"Buyout (LBO, MBO, MBI)",2021-02-02,Spin Off,0.3,False,,0,0,https://mergr.com/company/277562,2026-09-04T02:09:13Z
1995,AE Industrial Partners,Florida,277144,Seanair Machine,Aerospace,"Farmingdale, New York, United States",2020-10-12,"Buyout (LBO, MBO, MBI)",,,5.8,True,,0,0,https://mergr.com/company/277144,2026-09-04T02:09:13Z
1995,AE Industrial Partners,Florida,273475,BigBear.ai,Information Technology,"McLean, Virginia, United States",2020-06-22,"Buyout (LBO, MBO, MBI)",2021-12-08,IPO,1.4,False,128,3,0,https://mergr.com/company/273475,2026-09-04T02:09:13Z
1995,AE Industrial Partners,Florida,269800,G.S. Precision,Aerospace,"Brattleboro, Vermont, United States",2020-03-03,"Buyout (LBO, MBO, MBI)",,,6.5,True,,3,0,https://mergr.com/company/269800,2026-09-04T02:09:13Z
1995,AE Industrial Partners,Florida,273517,Redwire,Aerospace,"Jacksonville, Florida, United States",2020-03-01,"Buyout (LBO, MBO, MBI)",2021-09-02,SPAC,1.5,False,335,6,0,https://mergr.com/company/273517,2026-09-04T02:09:13Z
1995,AE Industrial Partners,Florida,268920,American Pacific,Manufacturing,"Cedar City, Utah, United States",2020-02-06,Secondary Buyout,2024-01-04,Trade Sale - Public Company,3.8,False,,1,0,https://mergr.com/company/268920,2026-09-04T02:09:13Z
1995,AE Industrial Partners,Florida,266892,AIM MRO,Aerospace,"Miamiville, Ohio, United States",2019-12-03,"Buyout (LBO, MBO, MBI)",,,6.8,True,,2,0,https://mergr.com/company/266892,2026-09-04T02:09:13Z
1995,AE Industrial Partners,Florida,263923,Blue Raven Solutions,Distribution,"Morristown, New Jersey, United States",2019-09-03,"Buyout (LBO, MBO, MBI)",,,7,True,,2,0,https://mergr.com/company/263923,2026-09-04T02:09:13Z
1995,AE Industrial Partners,Florida,262695,Columbia Helicopters,Aerospace,"Aurora, Oregon, United States",2019-07-18,"Buyout (LBO, MBO, MBI)",,,7.1,True,,0,0,https://mergr.com/company/262695,2026-09-04T02:09:13Z
1995,AE Industrial Partners,Florida,260476,Alpine Air Express,Transportation,"Provo, Utah, United States",2019-05-01,Secondary Buyout,,,7.3,True,,2,0,https://mergr.com/company/260476,2026-09-04T02:09:13Z
1995,AE Industrial Partners,Florida,211799,Resolute Industrial,Manufacturing,"Indianapolis, Indiana, United States",2019-03-08,Secondary Buyout,2022-12-28,Divestiture,3.8,False,,5,0,https://mergr.com/company/211799,2026-09-04T02:09:13Z
1995,AE Industrial Partners,Florida,28272,Atlas,Aerospace,"Wichita, Kansas, United States",2018-10-09,Secondary Buyout,,,7.8,True,,1,0,https://mergr.com/company/28272,2026-09-04T02:09:13Z
1995,AE Industrial Partners,Florida,254127,Gryphon Technologies,Defense,"Washington, District of Columbia, United States",2018-09-13,"Buyout (LBO, MBO, MBI)",2021-11-01,Divestiture,3.1,False,,3,0,https://mergr.com/company/254127,2026-09-04T02:09:13Z
1995,AE Industrial Partners,Florida,244924,"F.M.I., Inc.",Aerospace,"Park City, Kansas, United States",2017-11-01,"Buyout (LBO, MBO, MBI)",2018-10-09,Divestiture,0.9,False,,0,0,https://mergr.com/company/244924,2026-09-04T02:09:13Z
1995,AE Industrial Partners,Florida,4106,BHI Energy,Business Services,"Weymouth, Massachusetts, United States",2017-08-28,Secondary Buyout,2022-04-14,Divestiture,4.6,False,,3,0,https://mergr.com/company/4106,2026-09-04T02:09:13Z
1995,AE Industrial Partners,Florida,24848,CDI Engineering Solutions,Staffing,"Houston, Texas, United States",2017-07-31,Going Private,2025-01-06,Divestiture,7.4,False,985,0,3,https://mergr.com/company/24848,2026-09-04T02:09:13Z
1995,AE Industrial Partners,Florida,223510,Moeller Aerospace,Aerospace,"Wixom, Michigan, United States",2016-07-08,"Buyout (LBO, MBO, MBI)",,,10.1,True,,0,0,https://mergr.com/company/223510,2026-09-04T02:09:13Z
1995,AE Industrial Partners,Florida,220558,Applied Composites,Manufacturing,"Lake Forest, California, United States",2016-05-19,"Buyout (LBO, MBO, MBI)",,,10.3,True,,3,0,https://mergr.com/company/220558,2026-09-04T02:09:13Z
1995,AE Industrial Partners,Florida,190094,Belcan,Staffing,"Cincinnati, Ohio, United States",2015-06-04,"Buyout (LBO, MBO, MBI)",2024-06-10,Divestiture,9,False,,16,1,https://mergr.com/company/190094,2026-09-04T02:09:13Z
1995,AE Industrial Partners,Florida,241025,Kellstrom Aerospace,Aerospace,"Davie, Florida, United States",2015-04-13,Secondary Buyout,2024-10-15,Divestiture,9.5,False,,1,0,https://mergr.com/company/241025,2026-09-04T02:09:13Z
1995,AE Industrial Partners,Florida,220603,Global Jet Capital,Financial Services,"Danbury, Connecticut, United States",2015-01-19,Growth Capital,,,11.6,True,,0,0,https://mergr.com/company/220603,2026-09-04T02:09:13Z
1995,AE Industrial Partners,Florida,23472,"Douglas Machine & Tool Co., Inc.",Aerospace,"Cincinnati, Ohio, United States",2006-05-08,"Buyout (LBO, MBO, MBI)",2007-08-29,Divestiture,1.3,False,,0,0,https://mergr.com/company/23472,2026-09-04T02:09:13Z
1995,AE Industrial Partners,Florida,571,TurboCombustor Technology,Energy Services and Equipment,"Stuart, Florida, United States",2004-03-31,"Buyout (LBO, MBO, MBI)",2012-01-09,Divestiture,7.8,False,,1,0,https://mergr.com/company/571,2026-09-04T02:09:13Z
1995,AE Industrial Partners,Florida,564,AeroSat,Communications,"Amherst, New Hampshire, United States",2003-05-01,Venture,2013-10-01,Divestiture,10.4,False,,0,0,https://mergr.com/company/564,2026-09-04T02:09:13Z
4940,Warren Equity Partners,Florida,310512,USG Water Solutions,Utilities,"Atlanta, Georgia, United States",2026-06-04,Secondary Buyout,,,0.3,True,,0,0,https://mergr.com/company/310512,2026-09-04T02:09:13Z
4940,Warren Equity Partners,Florida,352327,Productivity Quality,Distribution,"Plymouth, Minnesota, United States",2026-05-01,"Buyout (LBO, MBO, MBI)",,,0.3,True,,0,0,https://mergr.com/company/352327,2026-09-04T02:09:13Z
4940,Warren Equity Partners,Florida,352338,Main Line Commercial Pools,Construction,"King of Prussia, Pennsylvania, United States",2026-04-01,"Buyout (LBO, MBO, MBI)",,,0.4,True,,0,0,https://mergr.com/company/352338,2026-09-04T02:09:13Z
4940,Warren Equity Partners,Florida,27178,American Roller Company,Manufacturing,"Union Grove, Wisconsin, United States",2025-11-01,Secondary Buyout,,,0.8,True,,1,0,https://mergr.com/company/27178,2026-09-04T02:09:13Z
4940,Warren Equity Partners,Florida,320710,Obsequio Group,Safety/Security,"Leicester, United Kingdom",2025-10-24,Secondary Buyout,,,0.8,True,,0,0,https://mergr.com/company/320710,2026-09-04T02:09:13Z
4940,Warren Equity Partners,Florida,240174,First Mile,Environmental,"London, United Kingdom",2025-02-25,Secondary Buyout,,,1.5,True,,0,0,https://mergr.com/company/240174,2026-09-04T02:09:13Z
4940,Warren Equity Partners,Florida,348415,Wisconsin Automation,Information Technology,"Wales, Wisconsin, United States",2024-12-01,"Buyout (LBO, MBO, MBI)",,,1.8,True,,0,0,https://mergr.com/company/348415,2026-09-04T02:09:13Z
4940,Warren Equity Partners,Florida,308001,Dragonfly Pond Works,Environmental,"Charlotte, North Carolina, United States",2024-08-01,"Buyout (LBO, MBO, MBI)",,,2.1,True,,0,0,https://mergr.com/company/308001,2026-09-04T02:09:13Z
4940,Warren Equity Partners,Florida,326885,MoboTrex,Manufacturing,"Pflugerville, Texas, United States",2024-07-09,"Buyout (LBO, MBO, MBI)",,,2.1,True,,0,0,https://mergr.com/company/326885,2026-09-04T02:09:13Z
4940,Warren Equity Partners,Florida,329978,SLTC,Education,"Trenton, Georgia, United States",2024-01-01,"Buyout (LBO, MBO, MBI)",,,2.7,True,,0,0,https://mergr.com/company/329978,2026-09-04T02:09:13Z
4940,Warren Equity Partners,Florida,352341,Townsend,Utilities,"Muncie, Indiana, United States",2023-08-01,"Buyout (LBO, MBO, MBI)",,,3.1,True,,0,0,https://mergr.com/company/352341,2026-09-04T02:09:13Z
4940,Warren Equity Partners,Florida,330006,Ovation Holdings,Business Services,"Riverdale, Iowa, United States",2023-02-01,"Buyout (LBO, MBO, MBI)",,,3.6,True,,0,0,https://mergr.com/company/330006,2026-09-04T02:09:13Z
4940,Warren Equity Partners,Florida,256937,kVP Energy Services,Construction,"Benbrook, Texas, United States",2023-01-19,Recapitalization,,,3.6,True,,1,0,https://mergr.com/company/256937,2026-09-04T02:09:13Z
4940,Warren Equity Partners,Florida,352344,TMS,Information Technology,"Palm Beach Gardens, Florida, United States",2022-11-01,"Buyout (LBO, MBO, MBI)",,,3.8,True,,0,0,https://mergr.com/company/352344,2026-09-04T02:09:13Z
4940,Warren Equity Partners,Florida,307844,HB Next,Business Services,"Lawrenceville, Georgia, United States",2022-09-01,"Buyout (LBO, MBO, MBI)",,,4,True,,0,0,https://mergr.com/company/307844,2026-09-04T02:09:13Z
4940,Warren Equity Partners,Florida,263059,Code Red Safety,Safety/Security,"La Porte, Texas, United States",2022-09-01,Secondary Buyout,,,4,True,,0,0,https://mergr.com/company/263059,2026-09-04T02:09:13Z
4940,Warren Equity Partners,Florida,307845,Lynkwell,Energy Services and Equipment,"Schenectady, New York, United States",2022-08-01,"Buyout (LBO, MBO, MBI)",2025-12-04,Divestiture,3.3,False,,0,0,https://mergr.com/company/307845,2026-09-04T02:09:13Z
4940,Warren Equity Partners,Florida,307847,Think Power Solutions,Energy Services and Equipment,"Plano, Texas, United States",2022-06-01,"Buyout (LBO, MBO, MBI)",,,4.3,True,,1,0,https://mergr.com/company/307847,2026-09-04T02:09:13Z
4940,Warren Equity Partners,Florida,273419,O6 ENV,Environmental,"St. Louis, Missouri, United States",2022-06-01,"Buyout (LBO, MBO, MBI)",2025-08-12,Trade Sale - Public Company,3.2,False,,0,0,https://mergr.com/company/273419,2026-09-04T02:09:13Z
4940,Warren Equity Partners,Florida,255583,MacQueen Equipment,Distribution,"St. Paul, Minnesota, United States",2022-01-18,Secondary Buyout,,,4.6,True,,0,0,https://mergr.com/company/255583,2026-09-04T02:09:13Z
4940,Warren Equity Partners,Florida,330005,Flatiron Crane,Machinery,"Salem, Ohio, United States",2021-12-01,"Buyout (LBO, MBO, MBI)",,,4.8,True,,0,0,https://mergr.com/company/330005,2026-09-04T02:09:13Z
4940,Warren Equity Partners,Florida,307849,Vortex,Business Services,"Irvine, California, United States",2021-12-01,"Buyout (LBO, MBO, MBI)",,,4.8,True,,0,0,https://mergr.com/company/307849,2026-09-04T02:09:13Z
4940,Warren Equity Partners,Florida,307848,SurfaceCycle,Construction,"Westminster, Colorado, United States",2021-08-01,"Buyout (LBO, MBO, MBI)",,,5.1,True,,2,0,https://mergr.com/company/307848,2026-09-04T02:09:13Z
4940,Warren Equity Partners,Florida,284526,ADB Companies,Construction,"Pacific, Missouri, United States",2021-04-26,Divestiture,,,5.3,True,,1,0,https://mergr.com/company/284526,2026-09-04T02:09:13Z
4940,Warren Equity Partners,Florida,284299,Magnolia River,Engineering,"Huntsville, Alabama, United States",2021-04-20,"Buyout (LBO, MBO, MBI)",,,5.3,True,,2,0,https://mergr.com/company/284299,2026-09-04T02:09:13Z
4940,Warren Equity Partners,Florida,278191,Integrated Facility Solutions,Business Services,"Sugar Land, Texas, United States",2020-11-13,Consolidation,,,5.8,True,,2,0,https://mergr.com/company/278191,2026-09-04T02:09:13Z
4940,Warren Equity Partners,Florida,307840,USA Water,Environmental,"Houston, Texas, United States",2020-10-07,Consolidation,2024-02-22,Trade Sale - Public Company,3.3,False,,1,0,https://mergr.com/company/307840,2026-09-04T02:09:13Z
4940,Warren Equity Partners,Florida,273824,Gunnison Tree Services,Business Services,"Atlanta, Georgia, United States",2020-07-02,"Buyout (LBO, MBO, MBI)",,,6.2,True,,4,0,https://mergr.com/company/273824,2026-09-04T02:09:13Z
4940,Warren Equity Partners,Florida,332119,PowerGrid Services,Business Services,"Hartselle, Alabama, United States",2020-04-01,"Buyout (LBO, MBO, MBI)",2021-10-08,Trade Sale - Public Company,1.5,False,,0,0,https://mergr.com/company/332119,2026-09-04T02:09:13Z
4940,Warren Equity Partners,Florida,212469,Allied Power Group,Energy Services and Equipment,"Houston, Texas, United States",2019-06-17,Secondary Buyout,,,7.2,True,,2,0,https://mergr.com/company/212469,2026-09-04T02:09:13Z
4940,Warren Equity Partners,Florida,258089,M&D Distributors,Distribution,"Humble, Texas, United States",2019-01-08,"Buyout (LBO, MBO, MBI)",2022-09-01,Trade Sale - Public Company,3.6,False,,1,0,https://mergr.com/company/258089,2026-09-04T02:09:13Z
4940,Warren Equity Partners,Florida,256834,StormTrap,Construction,"Romeoville, Illinois, United States",2018-12-19,"Buyout (LBO, MBO, MBI)",2022-04-06,Trade Sale - Public Company,3.3,False,,0,0,https://mergr.com/company/256834,2026-09-04T02:09:13Z
4940,Warren Equity Partners,Florida,250983,Superior Industrial Maintenance,Business Services,"Concord, North Carolina, United States",2018-05-17,"Buyout (LBO, MBO, MBI)",,,8.3,True,,2,0,https://mergr.com/company/250983,2026-09-04T02:09:13Z
4940,Warren Equity Partners,Florida,247948,Meridian Waste,Environmental,"Charlotte, North Carolina, United States",2018-04-23,Secondary Buyout,,,8.3,True,,7,0,https://mergr.com/company/247948,2026-09-04T02:09:13Z
4940,Warren Equity Partners,Florida,238757,SSP Innovations,Information Technology,"Centennial, Colorado, United States",2017-04-13,"Buyout (LBO, MBO, MBI)",,,9.3,True,,3,0,https://mergr.com/company/238757,2026-09-04T02:09:13Z
4940,Warren Equity Partners,Florida,228902,IPC Lydon,Engineering,"Avon, Massachusetts, United States",2016-10-21,"Buyout (LBO, MBO, MBI)",,,9.8,True,,0,0,https://mergr.com/company/228902,2026-09-04T02:09:13Z
4940,Warren Equity Partners,Florida,219170,Hydromax,Information Services,"Coppell, Texas, United States",2016-04-22,Growth Capital,2020-12-30,Trade Sale - Public Company,4.7,False,,1,0,https://mergr.com/company/219170,2026-09-04T02:09:13Z
4940,Warren Equity Partners,Florida,219171,Multifuels Midstream Group,Energy Services and Equipment,"Houston, Texas, United States",2016-01-22,"Buyout (LBO, MBO, MBI)",2020-04-30,Trade Sale - Public Company,4.3,False,,0,0,https://mergr.com/company/219171,2026-09-04T02:09:13Z
5519,DigitalBridge Group,Florida,349490,Equans Infra & Mobility,Business Services,Netherlands,2026-05-22,Divestiture,,,0.3,True,,0,0,https://mergr.com/company/349490,2026-09-04T02:09:13Z
5519,DigitalBridge Group,Florida,23372,WOW!,Communications,"Englewood, Colorado, United States",2025-12-31,Going Private,,,0.7,True,631,0,0,https://mergr.com/company/23372,2026-09-04T02:09:13Z
5519,DigitalBridge Group,Florida,330143,Yondr,Information Technology,"London, United Kingdom",2024-10-28,"Buyout (LBO, MBO, MBI)",,,1.8,True,,0,1,https://mergr.com/company/330143,2026-09-04T02:09:13Z
5519,DigitalBridge Group,Florida,329975,Jtower,Communications,"Tokyo, Japan",2024-10-21,Going Private,,,1.8,True,95,0,0,https://mergr.com/company/329975,2026-09-04T02:09:13Z
5519,DigitalBridge Group,Florida,90645,Switch,Information Technology,"Las Vegas, Nevada, United States",2022-12-06,Going Private,,,3.7,True,512,0,0,https://mergr.com/company/90645,2026-09-04T02:09:13Z
5519,DigitalBridge Group,Florida,307346,AIMS Group,Information Technology,"Kuala Lumpur, Malaysia",2022-11-21,Divestiture,,,3.8,True,,0,0,https://mergr.com/company/307346,2026-09-04T02:09:13Z
5519,DigitalBridge Group,Florida,309646,Xenith IG,Communications,"Singapore, Singapore",2022-08-02,Consolidation,,,4.1,True,,0,0,https://mergr.com/company/309646,2026-09-04T02:09:13Z
5519,DigitalBridge Group,Florida,342865,GD Towers,Communications,Germany,2022-07-14,"Buyout (LBO, MBO, MBI)",,,4.1,True,,0,0,https://mergr.com/company/342865,2026-09-04T02:09:13Z
5519,DigitalBridge Group,Florida,8576,Leeds Bradford,Infrastructure,"Leeds, United Kingdom",2022-04-27,Secondary Buyout,,,4.3,True,,0,0,https://mergr.com/company/8576,2026-09-04T02:09:13Z
5519,DigitalBridge Group,Florida,19867,London Luton Airport,Airlines,"Luton, United Kingdom",2022-04-27,Stake Purchase,,,4.3,True,,0,0,https://mergr.com/company/19867,2026-09-04T02:09:13Z
5519,DigitalBridge Group,Florida,31713,Achieve together,Healthcare Services,"London, United Kingdom",2022-04-27,Secondary Buyout,2022-04-27,Trade Sale - Public Company,0,False,,0,0,https://mergr.com/company/31713,2026-09-04T02:09:13Z
5519,DigitalBridge Group,Florida,270258,Mundo Pacifico,Communications,"Vitacura, Chile",2022-04-02,Secondary Buyout,,,4.4,True,,0,0,https://mergr.com/company/270258,2026-09-04T02:09:13Z
5519,DigitalBridge Group,Florida,215348,Everstream,Communications,"Cleveland, Ohio, United States",2022-04-01,Secondary Buyout,2026-03-06,Divestiture,3.9,False,,0,1,https://mergr.com/company/215348,2026-09-04T02:09:13Z
5519,DigitalBridge Group,Florida,297837,Belgium Tower Partners,Communications,"Diegem, Belgium",2022-03-25,Divestiture,,,4.4,True,69,0,0,https://mergr.com/company/297837,2026-09-04T02:09:13Z
5519,DigitalBridge Group,Florida,305768,AtlasEdge Data Centres,Information Technology,"London, United Kingdom",2021-10-15,Joint Venture,,,4.8,True,,1,0,https://mergr.com/company/305768,2026-09-04T02:09:13Z
5519,DigitalBridge Group,Florida,137545,Vertical Bridge,Infrastructure,"Delray Beach, Florida, United States",2021-08-10,Secondary Buyout,,,5,True,,0,0,https://mergr.com/company/137545,2026-09-04T02:09:13Z
5519,DigitalBridge Group,Florida,309028,EdgePoint,Communications,"CapitaSpring, Singapore",2021-07-01,"Buyout (LBO, MBO, MBI)",,,5.2,True,,0,0,https://mergr.com/company/309028,2026-09-04T02:09:13Z
5519,DigitalBridge Group,Florida,65950,Landmark Dividend,Infrastructure,"El Segundo, California, United States",2021-05-17,Secondary Buyout,,,5.3,True,,0,0,https://mergr.com/company/65950,2026-09-04T02:09:13Z
5519,DigitalBridge Group,Florida,84641,Boingo Wireless,Communications,"Los Angeles, California, United States",2021-03-01,Going Private,,,5.5,True,264,0,0,https://mergr.com/company/84641,2026-09-04T02:09:13Z
5519,DigitalBridge Group,Florida,307766,Fibernow,Communications,"Miami, Florida, United States",2021-01-01,"Buyout (LBO, MBO, MBI)",,,5.7,True,,0,0,https://mergr.com/company/307766,2026-09-04T02:09:13Z
5519,DigitalBridge Group,Florida,342905,Netomnia,Communications,"Tewkesbury, United Kingdom",2020-10-01,Growth Capital,2026-02-18,Trade Sale - Public Company,5.3,False,,0,0,https://mergr.com/company/342905,2026-09-04T02:09:13Z
5519,DigitalBridge Group,Florida,31795,DataBank,Information Technology,"Dallas, Texas, United States",2020-02-10,Secondary Buyout,2020-02-10,Trade Sale - Public Company,0,False,,0,0,https://mergr.com/company/31795,2026-09-04T02:09:13Z
5519,DigitalBridge Group,Florida,342907,Freshwave Group,Communications,"London, United Kingdom",2020-01-28,Consolidation,,,6.6,True,,1,0,https://mergr.com/company/342907,2026-09-04T02:09:13Z
5519,DigitalBridge Group,Florida,267132,Highline do Brasil,Infrastructure,"São Paulo, Brazil",2019-12-10,Secondary Buyout,,,6.7,True,,1,0,https://mergr.com/company/267132,2026-09-04T02:09:13Z
5519,DigitalBridge Group,Florida,266281,Beanfield Technologies,Communications,"Toronto, Ontario, Canada",2019-11-12,"Buyout (LBO, MBO, MBI)",,,6.8,True,,5,0,https://mergr.com/company/266281,2026-09-04T02:09:13Z
5519,DigitalBridge Group,Florida,281915,Alpine Summit Energy Partners,Financial Services,"Nashville, Tennessee, United States",2019-09-10,Joint Venture,2022-09-28,IPO,3,False,,1,0,https://mergr.com/company/281915,2026-09-04T02:09:13Z
5519,DigitalBridge Group,Florida,20383,Zayo,Communications,"Boulder, Colorado, United States",2019-05-08,Going Private,,,7.3,True,2604,4,3,https://mergr.com/company/20383,2026-09-04T02:09:13Z
5519,DigitalBridge Group,Florida,5882,Aptum Technologies,Information Technology,"Toronto, Ontario, Canada",2019-02-27,Divestiture,,,7.5,True,,1,0,https://mergr.com/company/5882,2026-09-04T02:09:13Z
5519,DigitalBridge Group,Florida,31713,Achieve together,Healthcare Services,"London, United Kingdom",2018-12-11,Divestiture,2022-04-27,Trade Sale - Public Company,3.3,False,,0,0,https://mergr.com/company/31713,2026-09-04T02:09:13Z
5519,DigitalBridge Group,Florida,10674,etc.venues,Business Services,"London, United Kingdom",2018-06-08,Secondary Buyout,2023-02-01,Divestiture,4.6,False,,0,0,https://mergr.com/company/10674,2026-09-04T02:09:13Z
5519,DigitalBridge Group,Florida,342863,Digita,Communications,"Helsinki, Finland",2018-04-11,Secondary Buyout,2025-12-02,Trade Sale - Public Company,7.6,False,,0,0,https://mergr.com/company/342863,2026-09-04T02:09:13Z
5519,DigitalBridge Group,Florida,25771,Vantage Data Centers,Information Technology,"Denver, Colorado, United States",2017-03-27,Secondary Buyout,,,9.4,True,,6,0,https://mergr.com/company/25771,2026-09-04T02:09:13Z
5519,DigitalBridge Group,Florida,279756,Andean Telecom Partners,Communications,"Hollywood, Florida, United States",2017-03-17,Growth Capital,,,9.4,True,,2,0,https://mergr.com/company/279756,2026-09-04T02:09:13Z
5519,DigitalBridge Group,Florida,31795,DataBank,Information Technology,"Dallas, Texas, United States",2016-07-13,Secondary Buyout,2020-02-10,Trade Sale - Public Company,3.5,False,,3,1,https://mergr.com/company/31795,2026-09-04T02:09:13Z
5519,DigitalBridge Group,Florida,255673,StrattoOpencell,Communications,"London, United Kingdom",2016-01-01,"Buyout (LBO, MBO, MBI)",2020-01-28,Divestiture,4,False,,1,0,https://mergr.com/company/255673,2026-09-04T02:09:13Z
5519,DigitalBridge Group,Florida,220135,ExteNet Systems,Information Technology,"Frisco, Texas, United States",2015-07-23,Recapitalization,,,11.1,True,,4,1,https://mergr.com/company/220135,2026-09-04T02:09:13Z
5519,DigitalBridge Group,Florida,342897,Mexico Telecom Partners,Communications,"Mexico, Mexico",2014-01-01,"Buyout (LBO, MBO, MBI)",,,12.7,True,,0,0,https://mergr.com/company/342897,2026-09-04T02:09:13Z
5519,DigitalBridge Group,Florida,185693,SBE Entertainment Group LLC,Leisure,"Los Angeles, California, United States",2011-01-12,"Buyout (LBO, MBO, MBI)",2018-10-05,Divestiture,7.7,False,,1,1,https://mergr.com/company/185693,2026-09-04T02:09:13Z
5519,DigitalBridge Group,Florida,128345,Miramax LLC,Media,"Santa Monica, California, United States",2010-07-30,Divestiture,2016-03-01,Divestiture,5.6,False,,0,0,https://mergr.com/company/128345,2026-09-04T02:09:13Z
5519,DigitalBridge Group,Florida,34601,BUT,Retail,"Emerainville, France",2008-03-31,Divestiture,2016-06-29,Trade Sale - Public Company,8.2,False,1690,0,0,https://mergr.com/company/34601,2026-09-04T02:09:13Z
5519,DigitalBridge Group,Florida,69230,Carrefour,Retail,"Massy, France",2007-03-07,PIPE,2017-01-24,Stake Sale,9.8,False,98345,12,1,https://mergr.com/company/69230,2026-09-04T02:09:13Z
5519,DigitalBridge Group,Florida,28612,Fairmont Hotels & Resorts,Leisure,"Toronto, Ontario, Canada",2006-01-30,"Buyout (LBO, MBO, MBI)",2016-07-12,Divestiture,10.4,False,,0,0,https://mergr.com/company/28612,2026-09-04T02:09:13Z
5519,DigitalBridge Group,Florida,23532,Buffalo Grill,Restaurants,"Montrouge, France",2005-10-01,Growth Capital,2008-09-30,Trade Sale - Public Company,2.9,False,396,0,0,https://mergr.com/company/23532,2026-09-04T02:09:13Z
5519,DigitalBridge Group,Florida,29462,Colony Sardegna S.à.r.l.,Leisure,Luxembourg,2003-06-01,Stake Purchase,,,23.3,True,,0,0,https://mergr.com/company/29462,2026-09-04T02:09:13Z
5961,Elliott,Florida,95725,Toyota Industries,Machinery,"Kariya, Japan",2026-03-24,Add-on Acquisition,,,0.4,True,33811,0,0,https://mergr.com/company/95725,2026-09-04T02:09:13Z
5961,Elliott,Florida,175196,Pinterest,Internet Software and Services,"San Francisco, California, United States",2026-03-03,Stake Purchase,,,0.5,True,4222,0,0,https://mergr.com/company/175196,2026-09-04T02:09:13Z
5961,Elliott,Florida,110253,American Greetings,Consumer Products,"Cleveland, Ohio, United States",2024-12-20,Secondary Buyout,,,1.7,True,,0,0,https://mergr.com/company/110253,2026-09-04T02:09:13Z
5961,Elliott,Florida,206260,LastPass,Internet Software and Services,"Boston, Massachusetts, United States",2024-05-01,Divestiture,,,2.3,True,,0,0,https://mergr.com/company/206260,2026-09-04T02:09:13Z
5961,Elliott,Florida,6390,Syneos Health,Life Science,"Morrisville, North Carolina, United States",2023-05-10,Going Private,,,3.3,True,4416,0,0,https://mergr.com/company/6390,2026-09-04T02:09:13Z
5961,Elliott,Florida,85221,Western Digital,Technology Hardware,"San Jose, California, United States",2023-01-31,Stake Purchase,,,3.6,True,9520,0,0,https://mergr.com/company/85221,2026-09-04T02:09:13Z
5961,Elliott,Florida,80917,Salesforce,Internet Software and Services,"San Francisco, California, United States",2023-01-23,Stake Purchase,,,3.6,True,41525,7,0,https://mergr.com/company/80917,2026-09-04T02:09:13Z
5961,Elliott,Florida,6105,Nielsen,Information Services,"New York, New York, United States",2022-03-29,Going Private,,,4.4,True,3500,1,0,https://mergr.com/company/6105,2026-09-04T02:09:13Z
5961,Elliott,Florida,80113,Enra Specialist Finance,Financial Services,"Borehamwood, United Kingdom",2022-03-04,Secondary Buyout,2022-10-03,Spin Off,0.5,False,,0,0,https://mergr.com/company/80113,2026-09-04T02:09:13Z
5961,Elliott,Florida,271879,Wordery.com,E-Commerce,"London, United Kingdom",2020-05-04,Divestiture,,,6.3,True,,0,0,https://mergr.com/company/271879,2026-09-04T02:09:13Z
5961,Elliott,Florida,17690,Acosta,Marketing,"Jacksonville, Florida, United States",2020-01-02,Special Situations/Distressed,,,6.7,True,,4,0,https://mergr.com/company/17690,2026-09-04T02:09:13Z
5961,Elliott,Florida,87613,Barnes & Noble,Retail,"New York, New York, United States",2019-06-07,"Buyout (LBO, MBO, MBI)",,,7.2,True,3553,2,1,https://mergr.com/company/87613,2026-09-04T02:09:13Z
5961,Elliott,Florida,331059,AC Milan,Leisure,"Milan, Italy",2018-07-01,"Buyout (LBO, MBO, MBI)",2022-06-01,Trade Sale - Public Company,3.9,False,,0,0,https://mergr.com/company/331059,2026-09-04T02:09:13Z
5961,Elliott,Florida,200635,Channel,Financial Services,"Minnetonka, Minnesota, United States",2018-05-30,Secondary Buyout,2025-04-08,Divestiture,6.8,False,,0,0,https://mergr.com/company/200635,2026-09-04T02:09:13Z
5961,Elliott,Florida,305166,Eliantus Energy,Renewable Energy,"Madrid, Spain",2017-07-31,Growth Capital,2020-07-17,Divestiture,2.9,False,,0,0,https://mergr.com/company/305166,2026-09-04T02:09:13Z
5961,Elliott,Florida,180214,Thiess,Metals/Mining,"South Bank, Australia",2014-12-17,Joint Venture,,,11.7,True,,0,1,https://mergr.com/company/180214,2026-09-04T02:09:13Z
5961,Elliott,Florida,15056,BMC,Software,"Houston, Texas, United States",2013-09-11,Going Private,2018-05-29,Trade Sale - Public Company,4.7,False,,2,0,https://mergr.com/company/15056,2026-09-04T02:09:13Z
2010,Deerpath Capital Management,Florida,335673,Vasco,Business Services,"Massillon, Ohio, United States",2025-04-16,"Buyout (LBO, MBO, MBI)",,,1.3,True,,3,0,https://mergr.com/company/335673,2026-09-04T02:09:13Z
2010,Deerpath Capital Management,Florida,290911,Roadrunner Restoration,Construction,"Houston, Texas, United States",2021-09-09,"Buyout (LBO, MBO, MBI)",,,4.9,True,,0,0,https://mergr.com/company/290911,2026-09-04T02:09:13Z
2010,Deerpath Capital Management,Florida,250191,Blueprint,Education,"Manhattan Beach, California, United States",2018-04-13,Growth Capital,,,8.3,True,,5,0,https://mergr.com/company/250191,2026-09-04T02:09:13Z
2010,Deerpath Capital Management,Florida,246132,Ocean State Urgent Care,Healthcare Services,"Cumberland, Rhode Island, United States",2017-11-17,Growth Capital,2021-03-19,Divestiture,3.3,False,,0,0,https://mergr.com/company/246132,2026-09-04T02:09:13Z
2010,Deerpath Capital Management,Florida,36409,Alsana,Healthcare Services,"Westlake Village, California, United States",2017-01-03,Secondary Buyout,,,9.7,True,,1,0,https://mergr.com/company/36409,2026-09-04T02:09:13Z
2010,Deerpath Capital Management,Florida,271104,Excel Physical Therapy,Healthcare Services,"Hackensack, New Jersey, United States",2016-11-01,Recapitalization,2023-08-31,Divestiture,6.8,False,,4,0,https://mergr.com/company/271104,2026-09-04T02:09:13Z
2010,Deerpath Capital Management,Florida,195470,"Certica Solutions, Inc.",Internet Software and Services,"Wakefield, Massachusetts, United States",2016-02-16,Secondary Buyout,2020-12-10,Divestiture,4.8,False,,3,0,https://mergr.com/company/195470,2026-09-04T02:09:13Z
2010,Deerpath Capital Management,Florida,192489,NY Kids Club,Education,"New York, New York, United States",2015-06-18,"Buyout (LBO, MBO, MBI)",2021-09-01,Unknown,6.2,False,,0,0,https://mergr.com/company/192489,2026-09-04T02:09:13Z
2010,Deerpath Capital Management,Florida,116385,Database Marketing Agency,Financial Services,"Beaverton, Oregon, United States",2014-08-26,"Buyout (LBO, MBO, MBI)",2015-09-02,Divestiture,1,False,,0,0,https://mergr.com/company/116385,2026-09-04T02:09:13Z
2010,Deerpath Capital Management,Florida,139413,AWP Windows & Doors,Building Materials,"Medley, Florida, United States",2014-03-20,Divestiture,2018-02-19,Divestiture,3.8,False,,0,0,https://mergr.com/company/139413,2026-09-04T02:09:13Z
2010,Deerpath Capital Management,Florida,186467,"Castronics, Inc. ",Energy Services and Equipment,"Kimball, Nebraska, United States",2010-01-04,"Buyout (LBO, MBO, MBI)",2012-01-30,Divestiture,2,False,,0,0,https://mergr.com/company/186467,2026-09-04T02:09:13Z
2010,Deerpath Capital Management,Florida,135789,Spectrio,Marketing,"Tampa, Florida, United States",2009-01-01,Stake Purchase,2014-10-15,Trade Sale - Public Company,5.8,False,,4,0,https://mergr.com/company/135789,2026-09-04T02:09:13Z
4533,PennantPark,Florida,322769,Mission Microwave Technologies,Semiconductors,"Cypress, California, United States",2024-03-14,"Buyout (LBO, MBO, MBI)",,,2.4,True,,0,0,https://mergr.com/company/322769,2026-09-04T02:09:13Z
4533,PennantPark,Florida,301752,Cartessa Aesthetics,Medical Products,"Melville, New York, United States",2022-06-27,Growth Capital,,,4.2,True,,0,0,https://mergr.com/company/301752,2026-09-04T02:09:13Z
4533,PennantPark,Florida,247329,Gen3 Marketing,Marketing,"Blue Bell, Pennsylvania, United States",2021-09-21,Secondary Buyout,,,4.9,True,,1,0,https://mergr.com/company/247329,2026-09-04T02:09:13Z
4533,PennantPark,Florida,254674,Institute for Integrative Nutrition,Education,"Newark, Ohio, United States",2018-10-03,Growth Capital,2025-01-01,Unknown,6.2,False,,1,0,https://mergr.com/company/254674,2026-09-04T02:09:13Z
4533,PennantPark,Florida,22634,Cascade Drilling,Environmental,"Bothell, Washington, United States",2015-02-24,Secondary Buyout,,,11.5,True,,4,0,https://mergr.com/company/22634,2026-09-04T02:09:13Z
4533,PennantPark,Florida,11760,RotoMetrics,Manufacturing,"Eureka, Missouri, United States",2014-11-17,Secondary Buyout,2018-06-05,Unknown,3.5,False,,0,0,https://mergr.com/company/11760,2026-09-04T02:09:13Z
4533,PennantPark,Florida,125581,Robertshaw Controls,Manufacturing,"Itasca, Illinois, United States",2014-02-05,Divestiture,2018-01-05,Trade Sale - Public Company,3.9,False,,1,0,https://mergr.com/company/125581,2026-09-04T02:09:13Z
4533,PennantPark,Florida,26384,e.l.f. Cosmetics,Consumer Products,"New York, New York, United States",2014-02-03,Secondary Buyout,2016-09-22,IPO,2.6,False,318,0,0,https://mergr.com/company/26384,2026-09-04T02:09:13Z
4533,PennantPark,Florida,73597,ECM Industries,Electrical Equipment,"New Berlin, Wisconsin, United States",2013-12-13,Divestiture,2017-03-10,Trade Sale - Public Company,3.2,False,415,3,0,https://mergr.com/company/73597,2026-09-04T02:09:13Z
4533,PennantPark,Florida,6070,Vestcom,Marketing,"Little Rock, Arkansas, United States",2012-12-13,Secondary Buyout,2016-01-01,Trade Sale - Public Company,3,False,,0,0,https://mergr.com/company/6070,2026-09-04T02:09:13Z
4533,PennantPark,Florida,64174,Foundation Building Materials,Distribution,"Santa Ana, California, United States",2012-12-01,"Buyout (LBO, MBO, MBI)",2017-02-10,IPO,4.2,False,6500,6,0,https://mergr.com/company/64174,2026-09-04T02:09:13Z
4533,PennantPark,Florida,31911,Convergint,Safety/Security,"Schaumburg, Illinois, United States",2012-09-25,Recapitalization,2018-02-02,Trade Sale - Public Company,5.3,False,,18,0,https://mergr.com/company/31911,2026-09-04T02:09:13Z
4533,PennantPark,Florida,3923,Boyd,Manufacturing,"Boca Raton, Florida, United States",2012-07-19,Secondary Buyout,2015-04-02,Trade Sale - Public Company,2.7,False,,0,0,https://mergr.com/company/3923,2026-09-04T02:09:13Z
4533,PennantPark,Florida,8679,Paradigm,Healthcare Services,"Walnut Creek, California, United States",2012-02-01,Secondary Buyout,2015-06-02,Trade Sale - Public Company,3.3,False,,0,0,https://mergr.com/company/8679,2026-09-04T02:09:13Z
4533,PennantPark,Florida,32266,Victra,Retail,"Durham, North Carolina, United States",2011-10-21,"Buyout (LBO, MBO, MBI)",2016-01-19,Trade Sale - Public Company,4.2,False,,0,0,https://mergr.com/company/32266,2026-09-04T02:09:13Z
4533,PennantPark,Florida,31243,Galls,Distribution,"Lexington, Kentucky, United States",2011-10-03,Divestiture,2018-02-01,Trade Sale - Public Company,6.3,False,163,4,0,https://mergr.com/company/31243,2026-09-04T02:09:13Z
4533,PennantPark,Florida,31832,LegalShield,Business Services,"Ada, Oklahoma, United States",2011-06-30,Going Private,2018-02-27,Trade Sale - Public Company,6.6,False,,0,0,https://mergr.com/company/31832,2026-09-04T02:09:13Z
4533,PennantPark,Florida,30020,"CINgroup, Inc.",Software,"Dayton, Ohio, United States",2011-01-01,"Buyout (LBO, MBO, MBI)",2019-03-01,Divestiture,8.2,False,,0,0,https://mergr.com/company/30020,2026-09-04T02:09:13Z
4533,PennantPark,Florida,19269,Acentia LLC,Information Technology,"Falls Church, Virginia, United States",2009-06-30,Secondary Buyout,2015-03-09,Divestiture,5.7,False,,4,0,https://mergr.com/company/19269,2026-09-04T02:09:13Z
4533,PennantPark,Florida,13403,Randall-Reilly,Marketing,"Tuscaloosa, Alabama, United States",2008-01-30,Secondary Buyout,2017-06-05,Trade Sale - Public Company,9.3,False,,0,0,https://mergr.com/company/13403,2026-09-04T02:09:13Z
4533,PennantPark,Florida,24514,Vibrantz,Chemicals,"Houston, Texas, United States",2007-01-09,Recapitalization,2018-03-29,Trade Sale - Public Company,11.2,False,,6,0,https://mergr.com/company/24514,2026-09-04T02:09:13Z
4533,PennantPark,Florida,13493,Datavant Group,Information Technology,"Phoenix, Arizona, United States",2006-01-01,"Buyout (LBO, MBO, MBI)",2014-10-31,Trade Sale - Public Company,8.8,False,,2,0,https://mergr.com/company/13493,2026-09-04T02:09:13Z
6178,Carlyle Aviation Partners,Florida,38853,FLY Leasing,Aerospace,"Dun Laoghaire, Ireland",2021-03-29,Going Private,,,5.4,True,294,0,0,https://mergr.com/company/38853,2026-09-04T02:09:13Z
715,Bayside Capital,Florida,141,TriMark,Distribution,"Mansfield, Massachusetts, United States",2017-08-01,Secondary Buyout,,,9.1,True,,0,0,https://mergr.com/company/141,2026-09-04T02:09:13Z
715,Bayside Capital,Florida,64974,Project Bull,Real Estate,Spain,2013-08-07,"Buyout (LBO, MBO, MBI)",,,13,True,,0,0,https://mergr.com/company/64974,2026-09-04T02:09:13Z
715,Bayside Capital,Florida,20065,Smallsteps,Consumer Services,"Amersfoort, Netherlands",2013-02-08,Recapitalization,2014-07-09,Bankruptcy,1.4,False,,0,0,https://mergr.com/company/20065,2026-09-04T02:09:13Z
715,Bayside Capital,Florida,4948,Alexander Gallo,Business Services,"Atlanta, Georgia, United States",2011-12-06,Special Situations/Distressed,,,14.7,True,,0,0,https://mergr.com/company/4948,2026-09-04T02:09:13Z
715,Bayside Capital,Florida,3160,Beziers,Marketing,"London, United Kingdom",2011-08-30,Secondary Buyout,,,15,True,,0,0,https://mergr.com/company/3160,2026-09-04T02:09:13Z
715,Bayside Capital,Florida,26825,Silentnight Group,Furniture,"Barnoldswick, United Kingdom",2011-05-11,Special Situations/Distressed,,,15.3,True,,0,0,https://mergr.com/company/26825,2026-09-04T02:09:13Z
715,Bayside Capital,Florida,14631,Jackson Hewitt,Business Services,"Sarasota, Florida, United States",2011-01-01,Divestiture,2018-05-31,Trade Sale - Public Company,7.3,False,,0,0,https://mergr.com/company/14631,2026-09-04T02:09:13Z
715,Bayside Capital,Florida,12870,BodyBell,Retail,"Madrid, Spain",2008-09-16,Secondary Buyout,2017-03-16,Divestiture,8.5,False,338,0,0,https://mergr.com/company/12870,2026-09-04T02:09:13Z
715,Bayside Capital,Florida,119509,Shapes/Arch Holdings,Building Materials,"Delair, New Jersey, United States",2008-08-08,Special Situations/Distressed,,,18,True,,0,0,https://mergr.com/company/119509,2026-09-04T02:09:13Z
715,Bayside Capital,Florida,20356,Pendum,Business Services,"Elmhurst, Illinois, United States",2008-06-25,Growth Capital,2015-02-02,Divestiture,6.6,False,,0,0,https://mergr.com/company/20356,2026-09-04T02:09:13Z
715,Bayside Capital,Florida,20346,AirNet Systems,Transportation,"Columbus, Ohio, United States",2008-03-31,Going Private,,,18.4,True,,0,0,https://mergr.com/company/20346,2026-09-04T02:09:13Z
715,Bayside Capital,Florida,18136,"Ready Pac Foods, Inc.",Food,"Irwindale, California, United States",2007-04-16,Growth Capital,2017-02-23,Divestiture,9.8,False,,0,0,https://mergr.com/company/18136,2026-09-04T02:09:13Z
715,Bayside Capital,Florida,22641,Consolis,Building Materials,"Brussels, Belgium",2006-12-11,Secondary Buyout,2016-12-23,Trade Sale - Public Company,10,False,139,1,0,https://mergr.com/company/22641,2026-09-04T02:09:13Z
715,Bayside Capital,Florida,3842,"Protocol Global Solutions, Inc.",Information Technology,"Sarasota, Florida, United States",2006-01-02,Secondary Buyout,2011-05-19,Divestiture,5.3,False,,0,0,https://mergr.com/company/3842,2026-09-04T02:09:13Z
715,Bayside Capital,Florida,2066,Environmental Filtration Technologies LLC,Machinery,"Charlotte, North Carolina, United States",2005-10-21,"Buyout (LBO, MBO, MBI)",2012-09-11,Divestiture,6.8,False,99,0,0,https://mergr.com/company/2066,2026-09-04T02:09:13Z
1442,Hudson Sustainable Group,Florida,193876,Lyft,Internet Software and Services,"San Francisco, California, United States",2017-04-11,Venture,2019-03-29,IPO,1.9,False,6316,2,0,https://mergr.com/company/193876,2026-09-04T02:09:13Z
1442,Hudson Sustainable Group,Florida,204334,Sky Solar Holdings,Renewable Energy,"Central Hong Kong, China",2015-09-22,Growth Capital,,,10.9,True,490,0,0,https://mergr.com/company/204334,2026-09-04T02:09:13Z
1442,Hudson Sustainable Group,Florida,206656,Sunlight Financial,Financial Services,"New York, New York, United States",2015-09-16,Growth Capital,2021-01-30,SPAC,5.3,False,115,0,0,https://mergr.com/company/206656,2026-09-04T02:09:13Z
1442,Hudson Sustainable Group,Florida,303656,Adenium Solar,Business Services,Japan,2015-01-01,"Buyout (LBO, MBO, MBI)",,,11.7,True,,0,0,https://mergr.com/company/303656,2026-09-04T02:09:13Z
1442,Hudson Sustainable Group,Florida,105373,Powermat Technologies,Consumer Products,"Neve Ilan, Israel",2012-01-01,"Buyout (LBO, MBO, MBI)",,,14.7,True,,1,0,https://mergr.com/company/105373,2026-09-04T02:09:13Z
1442,Hudson Sustainable Group,Florida,30214,Green Campus Partners (GCP),Business Services,"Edison, New Jersey, United States",2010-10-28,"Buyout (LBO, MBO, MBI)",2014-01-01,Sold to Management,3.2,False,,0,0,https://mergr.com/company/30214,2026-09-04T02:09:13Z
1442,Hudson Sustainable Group,Florida,30213,Eagle Creek Renewable Energy,Renewable Energy,"Bethesda, Maryland, United States",2010-01-01,"Buyout (LBO, MBO, MBI)",2018-08-09,Divestiture,8.6,False,,2,1,https://mergr.com/company/30213,2026-09-04T02:09:13Z
1442,Hudson Sustainable Group,Florida,29422,GSE Investment Corp.,Environmental,"Beijing, China",2009-12-01,Stake Purchase,2014-12-24,Divestiture,5,False,,0,0,https://mergr.com/company/29422,2026-09-04T02:09:13Z
1442,Hudson Sustainable Group,Florida,6162,Solopower,Renewable Energy,"Portland, Oregon, United States",2008-09-01,Venture,,,18,True,,0,0,https://mergr.com/company/6162,2026-09-04T02:09:13Z
1442,Hudson Sustainable Group,Florida,22604,Recurrent Energy LLC,Renewable Energy,"San Francisco, California, United States",2008-07-16,"Buyout (LBO, MBO, MBI)",2010-09-21,Divestiture,2.2,False,,0,0,https://mergr.com/company/22604,2026-09-04T02:09:13Z
1442,Hudson Sustainable Group,Florida,15874,Element Power,Energy Services and Equipment,"London, United Kingdom",2008-01-01,"Buyout (LBO, MBO, MBI)",,,18.7,True,,0,1,https://mergr.com/company/15874,2026-09-04T02:09:13Z
1442,Hudson Sustainable Group,Florida,15876,Silicor Materials,Manufacturing,"San Jose, California, United States",2008-01-01,"Buyout (LBO, MBO, MBI)",,,18.7,True,,1,0,https://mergr.com/company/15876,2026-09-04T02:09:13Z
1442,Hudson Sustainable Group,Florida,15877,Wind to Power Systems SL,Energy Services and Equipment,"Madrid, Spain",2008-01-01,"Buyout (LBO, MBO, MBI)",,,18.7,True,,0,0,https://mergr.com/company/15877,2026-09-04T02:09:13Z
251,H.I.G. Capital,Florida,191953,Outcomes,Software,"Orlando, Florida, United States",2026-09-02,Secondary Buyout,,,0,True,,0,0,https://mergr.com/company/191953,2026-09-07T14:00:00Z
251,H.I.G. Capital,Florida,290825,HBK CPA,Business Services,"Canfield, Ohio, United States",2026-08-25,Growth Capital,,,0,True,,0,0,https://mergr.com/company/290825,2026-09-07T14:00:00Z
251,H.I.G. Capital,Florida,352699,Phoenix,Engineering,"London, United Kingdom",2026-08-11,"Buyout (LBO, MBO, MBI)",,,0,True,,0,0,https://mergr.com/company/352699,2026-09-07T14:00:00Z
251,H.I.G. Capital,Florida,352651,Rewind,Software,"Ottawa, Ontario, Canada",2026-07-29,Growth Capital,,,0.1,True,,0,0,https://mergr.com/company/352651,2026-09-07T14:00:00Z
251,H.I.G. Capital,Florida,328987,Avove,Utilities,"Chorley, United Kingdom",2026-07-28,Secondary Buyout,,,0.1,True,,0,0,https://mergr.com/company/328987,2026-09-07T14:00:00Z
251,H.I.G. Capital,Florida,67026,Outward Hound,Consumer Products,"Centennial, Colorado, United States",2026-07-09,Secondary Buyout,,,0.1,True,,0,0,https://mergr.com/company/67026,2026-09-07T14:00:00Z
251,H.I.G. Capital,Florida,324313,Terras,Environmental,"Montabaur, Germany",2026-07-06,Secondary Buyout,,,0.2,True,,0,0,https://mergr.com/company/324313,2026-09-07T14:00:00Z
251,H.I.G. Capital,Florida,261302,Premier Forge,Metals/Mining,"Portland, Indiana, United States",2026-06-29,Secondary Buyout,,,0.2,True,,0,0,https://mergr.com/company/261302,2026-09-07T14:00:00Z
251,H.I.G. Capital,Florida,32208,IAC,Aerospace,"Shannon, Ireland",2026-05-15,Secondary Buyout,,,0.3,True,,0,0,https://mergr.com/company/32208,2026-09-07T14:00:00Z
251,H.I.G. Capital,Florida,29054,Inventus Power,Electrical Equipment,"Woodridge, Illinois, United States",2026-04-15,Secondary Buyout,,,0.3,True,,0,0,https://mergr.com/company/29054,2026-09-07T14:00:00Z
251,H.I.G. Capital,Florida,257445,Global Elite Group,Safety/Security,"Garden City, New York, United States",2026-04-01,Divestiture,,,0.4,True,,0,0,https://mergr.com/company/257445,2026-09-07T14:00:00Z
251,H.I.G. Capital,Florida,345754,CargoTuff,Packaging,"Virginia Beach, Virginia, United States",2026-02-05,"Buyout (LBO, MBO, MBI)",,,0.6,True,,0,0,https://mergr.com/company/345754,2026-09-07T14:00:00Z
251,H.I.G. Capital,Florida,346812,Coriant,Business Services,"Brentwood, United Kingdom",2026-01-27,Consolidation,,,0.6,True,,4,0,https://mergr.com/company/346812,2026-09-07T14:00:00Z
251,H.I.G. Capital,Florida,344021,Shore Excursions Group,Leisure,"Plantation, Florida, United States",2025-12-16,"Buyout (LBO, MBO, MBI)",,,0.7,True,,0,0,https://mergr.com/company/344021,2026-09-07T14:00:00Z
251,H.I.G. Capital,Florida,288310,United Flow Technologies,Business Services,"Irving, Texas, United States",2025-12-08,Secondary Buyout,2025-12-08,Trade Sale - Public Company,0,False,,0,0,https://mergr.com/company/288310,2026-09-07T14:00:00Z
251,H.I.G. Capital,Florida,345787,GT Independence,Business Services,"Sturgis, Michigan, United States",2025-11-18,Growth Capital,,,0.8,True,,0,0,https://mergr.com/company/345787,2026-09-07T14:00:00Z
251,H.I.G. Capital,Florida,345786,Rely Home,Business Services,"Bedminster, New Jersey, United States",2025-11-12,Growth Capital,,,0.8,True,,0,0,https://mergr.com/company/345786,2026-09-07T14:00:00Z
251,H.I.G. Capital,Florida,341907,ALA,Transportation,"Napoli, Italy",2025-10-21,Going Private,,,0.8,True,326,0,0,https://mergr.com/company/341907,2026-09-07T14:00:00Z
251,H.I.G. Capital,Florida,341084,Netexial,Apparel/Textiles,"Boulogne-Billancourt, France",2025-09-30,Divestiture,,,0.9,True,,0,0,https://mergr.com/company/341084,2026-09-07T14:00:00Z
251,H.I.G. Capital,Florida,24740,4Refuel,Energy Services and Equipment,"Surrey, British Columbia, Canada",2025-07-01,Divestiture,,,1.2,True,,0,0,https://mergr.com/company/24740,2026-09-07T14:00:00Z
251,H.I.G. Capital,Florida,337146,ITH Group,Life Science,"London, United Kingdom",2025-06-09,"Buyout (LBO, MBO, MBI)",,,1.2,True,,0,0,https://mergr.com/company/337146,2026-09-07T14:00:00Z
251,H.I.G. Capital,Florida,302778,AgileBlue,Information Technology,"Cleveland, Ohio, United States",2025-05-22,Growth Capital,,,1.3,True,,0,0,https://mergr.com/company/302778,2026-09-07T14:00:00Z
251,H.I.G. Capital,Florida,351720,Zenith Structural Engineers,Engineering,"Loanhead, United Kingdom",2025-05-13,"Buyout (LBO, MBO, MBI)",2026-01-27,Divestiture,0.7,False,,0,0,https://mergr.com/company/351720,2026-09-07T14:00:00Z
251,H.I.G. Capital,Florida,178236,GetixHealth,Business Services,"Sugar Land, Texas, United States",2025-04-07,Secondary Buyout,,,1.4,True,,1,0,https://mergr.com/company/178236,2026-09-07T14:00:00Z
251,H.I.G. Capital,Florida,351725,TEi,Engineering,"Wakefield, United Kingdom",2025-03-20,"Buyout (LBO, MBO, MBI)",,,1.4,True,,0,0,https://mergr.com/company/351725,2026-09-07T14:00:00Z
251,H.I.G. Capital,Florida,334698,Protos,Business Services,"Rome, Italy",2025-03-11,"Buyout (LBO, MBO, MBI)",,,1.4,True,,0,0,https://mergr.com/company/334698,2026-09-07T14:00:00Z
251,H.I.G. Capital,Florida,334792,Cohera,Media,"Irvine, California, United States",2025-03-11,Growth Capital,,,1.4,True,,1,0,https://mergr.com/company/334792,2026-09-07T14:00:00Z
251,H.I.G. Capital,Florida,285066,Timetoact Group,Information Technology,"Cologne, Germany",2025-03-03,Secondary Buyout,,,1.5,True,406,0,0,https://mergr.com/company/285066,2026-09-07T14:00:00Z
251,H.I.G. Capital,Florida,283215,Pellera Technologies,Information Technology,"Tallahassee, Florida, United States",2025-02-07,"Buyout (LBO, MBO, MBI)",,,1.6,True,,2,0,https://mergr.com/company/283215,2026-09-07T14:00:00Z
251,H.I.G. Capital,Florida,99677,Fifty5Blue,Media,"London, United Kingdom",2025-01-17,Divestiture,,,1.6,True,,0,0,https://mergr.com/company/99677,2026-09-07T14:00:00Z
251,H.I.G. Capital,Florida,254890,Best Version Media,Marketing,"Brookfield, Wisconsin, United States",2025-01-02,Secondary Buyout,,,1.7,True,,0,0,https://mergr.com/company/254890,2026-09-07T14:00:00Z
251,H.I.G. Capital,Florida,248156,Quisitive,Information Technology,"Irving, Texas, United States",2025-01-02,Going Private,,,1.7,True,92,0,0,https://mergr.com/company/248156,2026-09-07T14:00:00Z
251,H.I.G. Capital,Florida,332055,TGD,Real Estate,"Berlin, Germany",2024-12-19,"Buyout (LBO, MBO, MBI)",,,1.7,True,,0,0,https://mergr.com/company/332055,2026-09-07T14:00:00Z
251,H.I.G. Capital,Florida,251492,Kora Saude,Healthcare Services,"Sao Paulo, Brazil",2024-12-16,Going Private,,,1.7,True,,0,0,https://mergr.com/company/251492,2026-09-07T14:00:00Z
251,H.I.G. Capital,Florida,330986,Northwest Pump,Energy Services and Equipment,"Portland, Oregon, United States",2024-11-22,"Buyout (LBO, MBO, MBI)",,,1.8,True,,3,0,https://mergr.com/company/330986,2026-09-07T14:00:00Z
251,H.I.G. Capital,Florida,351422,Carebox,Software,"Sanford, North Carolina, United States",2024-11-18,Growth Capital,,,1.8,True,,0,0,https://mergr.com/company/351422,2026-09-07T14:00:00Z
251,H.I.G. Capital,Florida,330393,Life Agro,Chemicals,"Chapeco, Brazil",2024-11-05,"Buyout (LBO, MBO, MBI)",,,1.8,True,,0,0,https://mergr.com/company/330393,2026-09-07T14:00:00Z
251,H.I.G. Capital,Florida,330347,CompTIA,Education,"Downers Grove, Illinois, United States",2024-11-04,"Buyout (LBO, MBO, MBI)",,,1.8,True,,0,0,https://mergr.com/company/330347,2026-09-07T14:00:00Z
251,H.I.G. Capital,Florida,329960,Rainham,Business Services,"Little Warley, United Kingdom",2024-10-22,"Buyout (LBO, MBO, MBI)",2026-01-27,Divestiture,1.3,False,,0,0,https://mergr.com/company/329960,2026-09-07T14:00:00Z
251,H.I.G. Capital,Florida,163197,STS Aviation Group,Aerospace,"Jensen Beach, Florida, United States",2024-10-08,Secondary Buyout,,,1.8,True,,0,0,https://mergr.com/company/163197,2026-09-07T14:00:00Z
251,H.I.G. Capital,Florida,329435,Polar,Infrastructure,"London, United Kingdom",2024-10-07,"Buyout (LBO, MBO, MBI)",,,1.9,True,,0,0,https://mergr.com/company/329435,2026-09-07T14:00:00Z
251,H.I.G. Capital,Florida,288978,SkinCure Oncology,Healthcare Services,"Burr Ridge, Illinois, United States",2024-10-01,Secondary Buyout,,,1.9,True,,0,0,https://mergr.com/company/288978,2026-09-07T14:00:00Z
251,H.I.G. Capital,Florida,329096,Greenflash Infrastructure,Infrastructure,"Houston, Texas, United States",2024-09-25,Growth Capital,,,1.9,True,,0,0,https://mergr.com/company/329096,2026-09-07T14:00:00Z
251,H.I.G. Capital,Florida,321694,Action Elevator,Business Services,"Millersville, Maryland, United States",2024-09-03,Divestiture,,,2,True,,0,0,https://mergr.com/company/321694,2026-09-07T14:00:00Z
251,H.I.G. Capital,Florida,351774,Axis CLC,Business Services,"Southampton, United Kingdom",2024-08-13,"Buyout (LBO, MBO, MBI)",,,2,True,,1,0,https://mergr.com/company/351774,2026-09-07T14:00:00Z
251,H.I.G. Capital,Florida,266774,Ascension Property Services,Consumer Services,"Memphis, Tennessee, United States",2024-07-25,Secondary Buyout,,,2.1,True,,1,0,https://mergr.com/company/266774,2026-09-07T14:00:00Z
251,H.I.G. Capital,Florida,276661,Naturalia Tantum,Consumer Products,"Milan, Italy",2024-07-23,Secondary Buyout,,,2.1,True,,0,0,https://mergr.com/company/276661,2026-09-07T14:00:00Z
251,H.I.G. Capital,Florida,293792,Best Trash,Environmental,"Richmond, Texas, United States",2024-07-11,Secondary Buyout,,,2.1,True,,1,0,https://mergr.com/company/293792,2026-09-07T14:00:00Z
251,H.I.G. Capital,Florida,326756,CGH,Manufacturing,"Bydgoszcz, Poland",2024-07-04,"Buyout (LBO, MBO, MBI)",,,2.2,True,,0,0,https://mergr.com/company/326756,2026-09-07T14:00:00Z
251,H.I.G. Capital,Florida,258408,Health-E Commerce,E-Commerce,"New York, New York, United States",2024-06-18,Secondary Buyout,,,2.2,True,,0,0,https://mergr.com/company/258408,2026-09-07T14:00:00Z
251,H.I.G. Capital,Florida,326071,Mobile Health,Healthcare Services,"Palo Alto, California, United States",2024-06-17,"Buyout (LBO, MBO, MBI)",,,2.2,True,,0,0,https://mergr.com/company/326071,2026-09-07T14:00:00Z
251,H.I.G. Capital,Florida,205094,USA DeBusk,Energy Services and Equipment,"Deer Park, Texas, United States",2024-05-01,Secondary Buyout,,,2.3,True,,2,0,https://mergr.com/company/205094,2026-09-07T14:00:00Z
251,H.I.G. Capital,Florida,323639,Segers,Aerospace,"Fairhope, Alabama, United States",2024-04-09,"Buyout (LBO, MBO, MBI)",,,2.3,True,,0,0,https://mergr.com/company/323639,2026-09-07T14:00:00Z
251,H.I.G. Capital,Florida,323001,Strada,Business Services,"The Woodlands, Texas, United States",2024-03-20,Divestiture,,,2.4,True,,0,0,https://mergr.com/company/323001,2026-09-07T14:00:00Z
251,H.I.G. Capital,Florida,10480,Spheros,Automotive,"Gilching, Germany",2024-03-14,Divestiture,,,2.4,True,282,0,0,https://mergr.com/company/10480,2026-09-07T14:00:00Z
251,H.I.G. Capital,Florida,9094,DX Group,Transportation,"Datchet, United Kingdom",2024-01-29,Going Private,,,2.6,True,725,0,0,https://mergr.com/company/9094,2026-09-07T14:00:00Z
251,H.I.G. Capital,Florida,243916,CHA,Business Services,"Albany, New York, United States",2024-01-23,Secondary Buyout,,,2.6,True,,5,0,https://mergr.com/company/243916,2026-09-07T14:00:00Z
251,H.I.G. Capital,Florida,298832,Patriot Pickle,Food,"Wayne, New Jersey, United States",2024-01-16,Secondary Buyout,,,2.6,True,,1,0,https://mergr.com/company/298832,2026-09-07T14:00:00Z
251,H.I.G. Capital,Florida,329038,ARC Compactors,Business Services,"Columbus, Mississippi, United States",2024-01-01,"Buyout (LBO, MBO, MBI)",,,2.7,True,,0,0,https://mergr.com/company/329038,2026-09-07T14:00:00Z
251,H.I.G. Capital,Florida,351783,Trail Ridge Power,Renewable Energy,"Boulder, Colorado, United States",2024-01-01,Growth Capital,,,2.7,True,,0,0,https://mergr.com/company/351783,2026-09-07T14:00:00Z
251,H.I.G. Capital,Florida,1007,Penhall,Construction,"Irving, Texas, United States",2023-12-21,"Buyout (LBO, MBO, MBI)",,,2.7,True,,0,0,https://mergr.com/company/1007,2026-09-07T14:00:00Z
251,H.I.G. Capital,Florida,320082,Highridge Medical,Medical Products,"Westminster, Colorado, United States",2023-12-18,Divestiture,,,2.7,True,,1,1,https://mergr.com/company/320082,2026-09-07T14:00:00Z
251,H.I.G. Capital,Florida,319503,Mainline Information System,Information Technology,"Tallahassee, Florida, United States",2023-12-05,"Buyout (LBO, MBO, MBI)",2025-04-22,Spin Off,1.3,False,,0,0,https://mergr.com/company/319503,2026-09-07T14:00:00Z
251,H.I.G. Capital,Florida,15788,Recochem,Chemicals,"Montreal, Quebec, Canada",2023-11-06,Secondary Buyout,2023-11-06,Trade Sale - Public Company,0,False,,0,0,https://mergr.com/company/15788,2026-09-07T14:00:00Z
251,H.I.G. Capital,Florida,278742,Ascent Global Logistics,Transportation,"Belleville, Michigan, United States",2023-08-22,Secondary Buyout,,,3,True,,0,0,https://mergr.com/company/278742,2026-09-07T14:00:00Z
251,H.I.G. Capital,Florida,329116,Worksuite,Software,"San Francisco, California, United States",2023-08-14,Growth Capital,,,3,True,,0,0,https://mergr.com/company/329116,2026-09-07T14:00:00Z
251,H.I.G. Capital,Florida,238788,RBmedia,Internet Software and Services,"Landover, Maryland, United States",2023-07-26,Secondary Buyout,,,3.1,True,,0,0,https://mergr.com/company/238788,2026-09-07T14:00:00Z
251,H.I.G. Capital,Florida,314649,CLC Group,Construction,"Southampton, United Kingdom",2023-06-28,Growth Capital,2024-08-13,Spin Off,1.1,False,,1,0,https://mergr.com/company/314649,2026-09-07T14:00:00Z
251,H.I.G. Capital,Florida,315205,Advanced Dental Brands,Healthcare Services,"Canton, Massachusetts, United States",2023-06-26,Recapitalization,,,3.2,True,,0,0,https://mergr.com/company/315205,2026-09-07T14:00:00Z
251,H.I.G. Capital,Florida,214842,Riveron,Business Services,"Dallas, Texas, United States",2023-06-09,Secondary Buyout,2023-06-09,Trade Sale - Public Company,0,False,,0,0,https://mergr.com/company/214842,2026-09-07T14:00:00Z
251,H.I.G. Capital,Florida,178813,Tower Engineering Professionals,Engineering,"Raleigh, North Carolina, United States",2023-04-12,Secondary Buyout,,,3.3,True,,0,0,https://mergr.com/company/178813,2026-09-07T14:00:00Z
251,H.I.G. Capital,Florida,313476,Office People,Staffing,"Munster, Germany",2023-04-12,"Buyout (LBO, MBO, MBI)",,,3.3,True,,0,0,https://mergr.com/company/313476,2026-09-07T14:00:00Z
251,H.I.G. Capital,Florida,329201,andwis,Business Services,"London, United Kingdom",2023-04-03,Consolidation,,,3.4,True,,4,0,https://mergr.com/company/329201,2026-09-07T14:00:00Z
251,H.I.G. Capital,Florida,311139,Polygon,Business Services,"Rome, Italy",2023-03-08,"Buyout (LBO, MBO, MBI)",,,3.4,True,,0,0,https://mergr.com/company/311139,2026-09-07T14:00:00Z
251,H.I.G. Capital,Florida,310861,Pinalli,E-Commerce,"Milan, Italy",2023-02-16,"Buyout (LBO, MBO, MBI)",,,3.5,True,,0,0,https://mergr.com/company/310861,2026-09-07T14:00:00Z
251,H.I.G. Capital,Florida,199956,Milestone Technologies,Information Technology,"Fremont, California, United States",2022-12-13,Secondary Buyout,2022-12-13,Trade Sale - Public Company,0,False,,0,0,https://mergr.com/company/199956,2026-09-07T14:00:00Z
251,H.I.G. Capital,Florida,310859,ProsperOps,Internet Software and Services,"Austin, Texas, United States",2022-12-01,Growth Capital,2026-01-06,Divestiture,3.1,False,,0,0,https://mergr.com/company/310859,2026-09-07T14:00:00Z
251,H.I.G. Capital,Florida,329137,Onis Visa,Machinery,"Fontanelle, Italy",2022-11-15,"Buyout (LBO, MBO, MBI)",,,3.8,True,,0,0,https://mergr.com/company/329137,2026-09-07T14:00:00Z
251,H.I.G. Capital,Florida,68086,ThoughtFocus,Software,"McKinney, Texas, United States",2022-11-08,Secondary Buyout,,,3.8,True,,1,0,https://mergr.com/company/68086,2026-09-07T14:00:00Z
251,H.I.G. Capital,Florida,142717,Celerion,Life Science,"Lincoln, Nebraska, United States",2022-11-03,Secondary Buyout,2026-04-22,Trade Sale - Public Company,3.4,False,,0,0,https://mergr.com/company/142717,2026-09-07T14:00:00Z
251,H.I.G. Capital,Florida,312517,Formerra,Distribution,"Romeoville, Illinois, United States",2022-11-01,Divestiture,,,3.8,True,,2,0,https://mergr.com/company/312517,2026-09-07T14:00:00Z
251,H.I.G. Capital,Florida,304888,Northern Biogas,Renewable Energy,"Morgantown, West Virginia, United States",2022-09-20,"Buyout (LBO, MBO, MBI)",,,3.9,True,,0,0,https://mergr.com/company/304888,2026-09-07T14:00:00Z
251,H.I.G. Capital,Florida,258321,Navitas Life Sciences,Information Technology,"Gaithersburg, Maryland, United States",2022-09-13,Recapitalization,,,3.9,True,,0,0,https://mergr.com/company/258321,2026-09-07T14:00:00Z
251,H.I.G. Capital,Florida,304270,CPS,Construction,"Over, United Kingdom",2022-09-01,"Buyout (LBO, MBO, MBI)",2023-04-03,Divestiture,0.6,False,,0,0,https://mergr.com/company/304270,2026-09-07T14:00:00Z
251,H.I.G. Capital,Florida,303144,Barton & Associates,Staffing,"Peabody, Massachusetts, United States",2022-08-01,"Buyout (LBO, MBO, MBI)",,,4.1,True,,1,0,https://mergr.com/company/303144,2026-09-07T14:00:00Z
251,H.I.G. Capital,Florida,68402,Watchfire,Electrical Equipment,"Danville, Illinois, United States",2022-07-26,Secondary Buyout,,,4.1,True,,1,0,https://mergr.com/company/68402,2026-09-07T14:00:00Z
251,H.I.G. Capital,Florida,191080,Family Entertainment Group,Leisure,"Itasca, Illinois, United States",2022-07-21,Secondary Buyout,,,4.1,True,,0,0,https://mergr.com/company/191080,2026-09-07T14:00:00Z
251,H.I.G. Capital,Florida,301553,Load One,Transportation,"Taylor, Michigan, United States",2022-06-22,Growth Capital,,,4.2,True,,1,0,https://mergr.com/company/301553,2026-09-07T14:00:00Z
251,H.I.G. Capital,Florida,300750,Virutex Ilko,Consumer Products,"Cerrillos, Chile",2022-06-03,Growth Capital,,,4.3,True,,0,0,https://mergr.com/company/300750,2026-09-07T14:00:00Z
251,H.I.G. Capital,Florida,228488,J.T. Thorpe Group,Energy Services and Equipment,"Houston, Texas, United States",2022-05-26,Secondary Buyout,2026-07-30,Trade Sale - Public Company,4.2,False,,0,0,https://mergr.com/company/228488,2026-09-07T14:00:00Z
251,H.I.G. Capital,Florida,31768,Siat,Machinery,"Turate, Italy",2022-04-11,"Buyout (LBO, MBO, MBI)",,,4.3,True,,0,0,https://mergr.com/company/31768,2026-09-07T14:00:00Z
251,H.I.G. Capital,Florida,293060,myKaarma,Internet Software and Services,"Long Beach, California, United States",2022-04-05,Secondary Buyout,,,4.4,True,,0,0,https://mergr.com/company/293060,2026-09-07T14:00:00Z
251,H.I.G. Capital,Florida,253603,Pixelle Specialty Solutions,Forest Products,"Spring Grove, Pennsylvania, United States",2022-04-04,Secondary Buyout,,,4.4,True,783,0,0,https://mergr.com/company/253603,2026-09-07T14:00:00Z
251,H.I.G. Capital,Florida,297646,Lovett Care,Healthcare Services,"Staffordshire, United Kingdom",2022-03-21,Growth Capital,,,4.4,True,,0,0,https://mergr.com/company/297646,2026-09-07T14:00:00Z
251,H.I.G. Capital,Florida,189592,Mobileum,Software,"Cupertino, California, United States",2022-03-02,Secondary Buyout,,,4.5,True,,0,0,https://mergr.com/company/189592,2026-09-07T14:00:00Z
251,H.I.G. Capital,Florida,296314,Titan Storage,Real Estate,"Berkshire, United Kingdom",2022-02-14,Recapitalization,,,4.5,True,,0,0,https://mergr.com/company/296314,2026-09-07T14:00:00Z
251,H.I.G. Capital,Florida,295898,Berardi,Distribution,"Castel Guelfo, Italy",2022-02-03,"Buyout (LBO, MBO, MBI)",,,4.6,True,,0,0,https://mergr.com/company/295898,2026-09-07T14:00:00Z
251,H.I.G. Capital,Florida,72473,EYSA,Business Services,"Madrid, Spain",2022-01-24,Secondary Buyout,2025-05-20,Trade Sale - Public Company,3.3,False,,0,0,https://mergr.com/company/72473,2026-09-07T14:00:00Z
251,H.I.G. Capital,Florida,294458,GDT,Information Technology,"Dallas, Texas, United States",2022-01-04,Growth Capital,,,4.7,True,,1,0,https://mergr.com/company/294458,2026-09-07T14:00:00Z
251,H.I.G. Capital,Florida,329061,iDC Logistics,Transportation,"City of Industry, California, United States",2022-01-01,"Buyout (LBO, MBO, MBI)",,,4.7,True,,0,0,https://mergr.com/company/329061,2026-09-07T14:00:00Z
2442,Comvest Partners,Florida,351950,PHFM,Business Services,"Westerville, Ohio, United States",2026-07-23,Divestiture,,,0.1,True,,0,0,https://mergr.com/company/351950,2026-09-07T14:00:00Z
2442,Comvest Partners,Florida,247368,Bland Landscaping,Business Services,"Apex, North Carolina, United States",2024-12-11,Recapitalization,,,1.7,True,,4,0,https://mergr.com/company/247368,2026-09-07T14:00:00Z
2442,Comvest Partners,Florida,249529,Riccobene Associates Family Dentistry,Healthcare Services,"Cary, North Carolina, United States",2024-11-04,Secondary Buyout,,,1.8,True,,0,0,https://mergr.com/company/249529,2026-09-07T14:00:00Z
2442,Comvest Partners,Florida,252413,Seatex,Chemicals,"Rosenberg, Texas, United States",2024-10-28,Secondary Buyout,,,1.8,True,,0,0,https://mergr.com/company/252413,2026-09-07T14:00:00Z
2442,Comvest Partners,Florida,327068,TFS,Business Services,"Perrysburg, Ohio, United States",2024-07-15,Divestiture,,,2.1,True,,0,0,https://mergr.com/company/327068,2026-09-07T14:00:00Z
2442,Comvest Partners,Florida,101533,Senior Helpers,Franchising,"Towson, Maryland, United States",2024-03-21,Divestiture,,,2.4,True,,0,0,https://mergr.com/company/101533,2026-09-07T14:00:00Z
2442,Comvest Partners,Florida,174533,ClearOne Advantage,Financial Services,"Tempe, Arizona, United States",2023-09-11,Growth Capital,,,2.9,True,,0,0,https://mergr.com/company/174533,2026-09-07T14:00:00Z
2442,Comvest Partners,Florida,314544,Your Behavioral Health,Healthcare Services,"Torrance, California, United States",2023-06-27,"Buyout (LBO, MBO, MBI)",,,3.2,True,,1,0,https://mergr.com/company/314544,2026-09-07T14:00:00Z
2442,Comvest Partners,Florida,17924,Flash Global,Transportation,"Parsippany, New Jersey, United States",2022-12-15,Secondary Buyout,,,3.7,True,,0,0,https://mergr.com/company/17924,2026-09-07T14:00:00Z
2442,Comvest Partners,Florida,293186,Duke’s Root Control,Environmental,"Elgin, Illinois, United States",2022-12-13,Divestiture,,,3.7,True,,2,0,https://mergr.com/company/293186,2026-09-07T14:00:00Z
2442,Comvest Partners,Florida,222822,Bradford Health Services,Healthcare Services,"Birmingham, Alabama, United States",2022-10-28,Secondary Buyout,,,3.8,True,,4,0,https://mergr.com/company/222822,2026-09-07T14:00:00Z
2442,Comvest Partners,Florida,211242,GAI Consultants,Engineering,"Homestead, Pennsylvania, United States",2022-10-13,Growth Capital,,,3.8,True,,2,0,https://mergr.com/company/211242,2026-09-07T14:00:00Z
2442,Comvest Partners,Florida,331059,AC Milan,Leisure,"Milan, Italy",2022-06-01,Secondary Buyout,,,4.3,True,,0,0,https://mergr.com/company/331059,2026-09-07T14:00:00Z
2442,Comvest Partners,Florida,30840,Renovation Brands,Distribution,"Florence, Alabama, United States",2021-11-22,Secondary Buyout,,,4.8,True,,0,0,https://mergr.com/company/30840,2026-09-07T14:00:00Z
2442,Comvest Partners,Florida,247329,Gen3 Marketing,Marketing,"Blue Bell, Pennsylvania, United States",2021-09-21,Secondary Buyout,,,4.9,True,,1,0,https://mergr.com/company/247329,2026-09-07T14:00:00Z
2442,Comvest Partners,Florida,287300,Atomic Transport,Environmental,"Chattanooga, Tennessee, United States",2021-07-01,Growth Capital,2025-02-20,Trade Sale - Public Company,3.6,False,,0,0,https://mergr.com/company/287300,2026-09-07T14:00:00Z
2442,Comvest Partners,Florida,283791,Leixir Dental Group,Medical Products,"Oldsmar, Florida, United States",2021-04-08,Growth Capital,,,5.3,True,,0,0,https://mergr.com/company/283791,2026-09-07T14:00:00Z
2442,Comvest Partners,Florida,203456,Encompass Supply Chain Solutions,Distribution,"Lawrenceville, Georgia, United States",2020-01-15,Recapitalization,2022-04-05,Divestiture,2.2,False,,0,0,https://mergr.com/company/203456,2026-09-07T14:00:00Z
2442,Comvest Partners,Florida,500,VanDeMark,Chemicals,"Lockport, New York, United States",2019-04-23,Secondary Buyout,,,7.3,True,,0,0,https://mergr.com/company/500,2026-09-07T14:00:00Z
2442,Comvest Partners,Florida,12203,Spinrite,Consumer Products,"Listowel, Ontario, Canada",2018-07-03,Secondary Buyout,,,8.2,True,,0,0,https://mergr.com/company/12203,2026-09-07T14:00:00Z
2442,Comvest Partners,Florida,250707,RugsUSA,E-Commerce,"Cranbury, New York, United States",2018-05-07,Growth Capital,2021-09-10,Trade Sale - Public Company,3.3,False,,0,0,https://mergr.com/company/250707,2026-09-07T14:00:00Z
2442,Comvest Partners,Florida,249756,Systems Control,Manufacturing,"Iron Mountain, Michigan, United States",2018-03-28,"Buyout (LBO, MBO, MBI)",2023-10-30,Divestiture,5.6,False,,0,0,https://mergr.com/company/249756,2026-09-07T14:00:00Z
2442,Comvest Partners,Florida,3882,Engage2Excel,Business Services,"Mooresville, North Carolina, United States",2018-03-08,Secondary Buyout,,,8.4,True,,1,0,https://mergr.com/company/3882,2026-09-07T14:00:00Z
2442,Comvest Partners,Florida,20800,Citizens Rx,Business Services,"Oak Park, Illinois, United States",2017-08-31,Growth Capital,2019-02-01,Merger,1.4,False,,0,1,https://mergr.com/company/20800,2026-09-07T14:00:00Z
2442,Comvest Partners,Florida,235453,IMC Health Medical Centers,Healthcare Services,"Miami Lakes, Florida, United States",2017-02-02,"Buyout (LBO, MBO, MBI)",2020-12-21,Spin Off,3.8,False,,2,0,https://mergr.com/company/235453,2026-09-07T14:00:00Z
2442,Comvest Partners,Florida,33973,Transfast,Information Technology,"New York, New York, United States",2017-01-17,Secondary Buyout,2019-03-08,Divestiture,2.1,False,,0,0,https://mergr.com/company/33973,2026-09-07T14:00:00Z
2442,Comvest Partners,Florida,230883,Lasko Products,Consumer Products,"West Chester, Pennsylvania, United States",2016-11-21,"Buyout (LBO, MBO, MBI)",,,9.8,True,,2,0,https://mergr.com/company/230883,2026-09-07T14:00:00Z
2442,Comvest Partners,Florida,213413,D&S Community Services,Consumer Services,"Austin, Texas, United States",2016-01-05,Secondary Buyout,2021-02-22,Divestiture,5.1,False,,0,0,https://mergr.com/company/213413,2026-09-07T14:00:00Z
2442,Comvest Partners,Florida,206100,Out West Restaurant Group,Restaurants,"San Diego, California, United States",2015-10-07,"Buyout (LBO, MBO, MBI)",,,10.9,True,,0,0,https://mergr.com/company/206100,2026-09-07T14:00:00Z
2442,Comvest Partners,Florida,204022,AxisPoint Health,Healthcare Services,"Westminster, Colorado, United States",2015-06-02,Divestiture,2018-03-28,Divestiture,2.8,False,,0,1,https://mergr.com/company/204022,2026-09-07T14:00:00Z
2442,Comvest Partners,Florida,58122,"Karmaloop, Inc.",E-Commerce,"Boston, Massachusetts, United States",2015-05-22,Special Situations/Distressed,2016-03-21,Divestiture,0.8,False,,0,0,https://mergr.com/company/58122,2026-09-07T14:00:00Z
2442,Comvest Partners,Florida,142753,Old Time Pottery,Retail,"Murfreesboro, Tennessee, United States",2014-10-29,"Buyout (LBO, MBO, MBI)",2023-04-01,Divestiture,8.4,False,,0,0,https://mergr.com/company/142753,2026-09-07T14:00:00Z
2442,Comvest Partners,Florida,77069,Robbins Brothers,Retail,"Azusa, California, United States",2014-01-22,Secondary Buyout,2022-01-13,Trade Sale - Public Company,7.9,False,,0,0,https://mergr.com/company/77069,2026-09-07T14:00:00Z
2442,Comvest Partners,Florida,57202,"Cartera Commerce, Inc.",Marketing,"Lexington, Massachusetts, United States",2012-06-05,Venture,2017-01-27,Divestiture,4.6,False,,0,0,https://mergr.com/company/57202,2026-09-07T14:00:00Z
2442,Comvest Partners,Florida,57250,IHP,Consumer Products,"Nashville, Tennessee, United States",2012-04-25,Divestiture,2019-02-20,Trade Sale - Public Company,6.8,False,,1,0,https://mergr.com/company/57250,2026-09-07T14:00:00Z
2442,Comvest Partners,Florida,21389,Red Hawk Fire & Security LLC,Safety/Security,"Boca Raton, Florida, United States",2012-04-02,Divestiture,2018-10-25,Divestiture,6.5,False,,6,0,https://mergr.com/company/21389,2026-09-07T14:00:00Z
2442,Comvest Partners,Florida,30664,"United States Pipe and Foundry Co., LLC",Building Materials,"Birmingham, Alabama, United States",2012-03-08,Divestiture,2016-04-15,Divestiture,4.1,False,,3,0,https://mergr.com/company/30664,2026-09-07T14:00:00Z
2442,Comvest Partners,Florida,42473,"Tekelec Global, Inc.",Software,"Morrisville, North Carolina, United States",2012-01-27,Going Private,2013-03-25,Divestiture,1.1,False,,0,1,https://mergr.com/company/42473,2026-09-07T14:00:00Z
2442,Comvest Partners,Florida,58138,Lemon-X Corp.,Beverages,"Huntington, New York, United States",2011-10-06,Growth Capital,,,14.9,True,,0,0,https://mergr.com/company/58138,2026-09-07T14:00:00Z
2442,Comvest Partners,Florida,32257,MinuteKEY,Machinery,"Boulder, Colorado, United States",2011-09-01,Growth Capital,2018-06-04,Divestiture,6.8,False,,0,0,https://mergr.com/company/32257,2026-09-07T14:00:00Z
2442,Comvest Partners,Florida,58114,Integrated Oncology Network,Healthcare Services,"Nashville, Tennessee, United States",2011-06-08,Growth Capital,2018-10-08,Merger,7.3,False,,1,0,https://mergr.com/company/58114,2026-09-07T14:00:00Z
2442,Comvest Partners,Florida,57238,Haggen,Retail,"Bellingham, Washington, United States",2011-02-17,"Buyout (LBO, MBO, MBI)",2015-09-09,Bankruptcy,4.5,False,,0,0,https://mergr.com/company/57238,2026-09-07T14:00:00Z
2442,Comvest Partners,Florida,35061,City Title Loan LLC,Financial Services,"Long Beach, California, United States",2011-02-01,"Buyout (LBO, MBO, MBI)",,,15.6,True,,0,0,https://mergr.com/company/35061,2026-09-07T14:00:00Z
2442,Comvest Partners,Florida,57230,FastMed Urgent Care,Healthcare Services,"Raleigh, North Carolina, United States",2010-11-10,"Buyout (LBO, MBO, MBI)",2015-05-21,Trade Sale - Public Company,4.5,False,,3,0,https://mergr.com/company/57230,2026-09-07T14:00:00Z
2442,Comvest Partners,Florida,57366,Custom Cable,Communications,"Tampa, Florida, United States",2010-10-20,Special Situations/Distressed,,,15.8,True,,0,0,https://mergr.com/company/57366,2026-09-07T14:00:00Z
2442,Comvest Partners,Florida,57214,Convey,Information Technology,"Fort Lauderdale, Florida, United States",2009-07-01,"Buyout (LBO, MBO, MBI)",2016-10-06,Trade Sale - Public Company,7.3,False,337,0,0,https://mergr.com/company/57214,2026-09-07T14:00:00Z
2442,Comvest Partners,Florida,57262,Critical Information Network LLC,Internet Software and Services,"Carrollton, Texas, United States",2008-12-01,"Buyout (LBO, MBO, MBI)",2012-08-09,Divestiture,3.7,False,,0,0,https://mergr.com/company/57262,2026-09-07T14:00:00Z
2442,Comvest Partners,Florida,58422,Rave LLC,Semiconductors,"Delray Beach, Florida, United States",2008-08-14,Growth Capital,,,18,True,,0,0,https://mergr.com/company/58422,2026-09-07T14:00:00Z
2442,Comvest Partners,Florida,12041,"Aptiv Solutions, Inc.",Life Science,"Reston, Virginia, United States",2008-07-10,Recapitalization,2014-03-31,Divestiture,5.7,False,,1,0,https://mergr.com/company/12041,2026-09-07T14:00:00Z
2442,Comvest Partners,Florida,57286,"AirTran Airways, Inc.",Airlines,"Orlando, Florida, United States",2008-06-04,PIPE,2010-09-27,Divestiture,2.3,False,,0,0,https://mergr.com/company/57286,2026-09-07T14:00:00Z
2442,Comvest Partners,Florida,58414,Crdentia Corp.,Healthcare Services,"Winter Park, Florida, United States",2008-02-23,PIPE,,,18.5,True,,0,0,https://mergr.com/company/58414,2026-09-07T14:00:00Z
2442,Comvest Partners,Florida,57246,Hi-Way Equipment Company LLC,Distribution,"Houston, Texas, United States",2007-10-10,"Buyout (LBO, MBO, MBI)",2013-05-29,Divestiture,5.6,False,,0,0,https://mergr.com/company/57246,2026-09-07T14:00:00Z
2442,Comvest Partners,Florida,58502,Western Forge Corp.,Metals/Mining,"Colorado Springs, Colorado, United States",2007-09-28,Growth Capital,2010-01-31,Bankruptcy,2.3,False,,0,0,https://mergr.com/company/58502,2026-09-07T14:00:00Z
2442,Comvest Partners,Florida,57266,Accelerated Care Plus Corp.,Healthcare Services,"Reno, Nevada, United States",2007-06-10,Growth Capital,2010-10-18,Divestiture,3.3,False,55,0,0,https://mergr.com/company/57266,2026-09-07T14:00:00Z
2442,Comvest Partners,Florida,57226,EVCI Career Colleges,Education,"Yonkers, New York, United States",2007-04-25,PIPE,,,19.3,True,65,0,0,https://mergr.com/company/57226,2026-09-07T14:00:00Z
2442,Comvest Partners,Florida,58510,"Controlled Semiconductor, Inc.",Semiconductors,"Orlando, Florida, United States",2006-12-14,Growth Capital,2008-08-01,Bankruptcy,1.6,False,,0,0,https://mergr.com/company/58510,2026-09-07T14:00:00Z
2442,Comvest Partners,Florida,6791,Digital Domain,Media,"Venice, California, United States",2006-07-21,Recapitalization,2012-09-11,Bankruptcy,6.1,False,,1,0,https://mergr.com/company/6791,2026-09-07T14:00:00Z
2442,Comvest Partners,Florida,278046,Allegiant,Airlines,"Las Vegas, Nevada, United States",2005-05-03,Growth Capital,2006-12-18,IPO,1.6,False,2607,0,0,https://mergr.com/company/278046,2026-09-07T14:00:00Z
2442,Comvest Partners,Florida,57346,CorVu Corp.,Software,"Edina, Minnesota, United States",2005-02-16,Growth Capital,2007-05-18,Spin Off,2.3,False,,0,0,https://mergr.com/company/57346,2026-09-07T14:00:00Z
2442,Comvest Partners,Florida,10463,Velocity Express Corp.,Transportation,"Stafford, Texas, United States",2005-01-05,PIPE,2013-02-04,Divestiture,8,False,,0,0,https://mergr.com/company/10463,2026-09-07T14:00:00Z
2442,Comvest Partners,Florida,57338,"Commerce One, Inc.",Internet Software and Services,"Greenville, South Carolina, United States",2004-12-13,Venture,2006-02-07,Divestiture,1.1,False,,0,0,https://mergr.com/company/57338,2026-09-07T14:00:00Z
2442,Comvest Partners,Florida,10765,"Egenera, Inc.",Information Technology,"Marlborough, Massachusetts, United States",2004-06-29,Venture,,,22.2,True,,1,0,https://mergr.com/company/10765,2026-09-07T14:00:00Z
2442,Comvest Partners,Florida,6031,Multiband Corp.,Business Services,"Minnetonka, Minnesota, United States",2000-03-01,Growth Capital,2013-03-01,Recapitalization,13,False,300,0,0,https://mergr.com/company/6031,2026-09-07T14:00:00Z
610,Trivest Partners,Florida,352564,Halo Service Partners,Safety/Security,"North Canton, Ohio, United States",2026-07-21,Consolidation,,,0.1,True,,0,0,https://mergr.com/company/352564,2026-09-07T14:00:00Z
610,Trivest Partners,Florida,350559,AquaVerse,Consumer Services,"Palm Beach, Florida, United States",2026-06-16,Consolidation,,,0.2,True,,0,0,https://mergr.com/company/350559,2026-09-07T14:00:00Z
610,Trivest Partners,Florida,352498,VueStay Vacations,Leisure,"Bethany Beach, Delaware, United States",2026-06-09,"Buyout (LBO, MBO, MBI)",,,0.2,True,,0,0,https://mergr.com/company/352498,2026-09-07T14:00:00Z
610,Trivest Partners,Florida,348939,Wheelhouse,Business Services,"Connecticut, United States",2026-04-07,Consolidation,,,0.4,True,,1,0,https://mergr.com/company/348939,2026-09-07T14:00:00Z
610,Trivest Partners,Florida,352496,Vannguard Utility Partners,Utilities,"DeForest, Wisconsin, United States",2025-09-09,"Buyout (LBO, MBO, MBI)",,,0.9,True,,0,0,https://mergr.com/company/352496,2026-09-07T14:00:00Z
610,Trivest Partners,Florida,257104,Applied Value Group,Business Services,"Andover, Massachusetts, United States",2025-08-22,Growth Capital,,,1,True,,0,0,https://mergr.com/company/257104,2026-09-07T14:00:00Z
610,Trivest Partners,Florida,340880,Direct Metals,Manufacturing,"Fort Myers, Florida, United States",2025-08-01,"Buyout (LBO, MBO, MBI)",,,1.1,True,,1,0,https://mergr.com/company/340880,2026-09-07T14:00:00Z
610,Trivest Partners,Florida,352590,True North Dental Partnership Organization,Healthcare Services,"Waterloo, Ontario, Canada",2025-05-20,Consolidation,,,1.3,True,,0,0,https://mergr.com/company/352590,2026-09-07T14:00:00Z
610,Trivest Partners,Florida,336071,Captiva Containers,Packaging,"Miami, Florida, United States",2025-04-15,Growth Capital,,,1.3,True,,0,0,https://mergr.com/company/336071,2026-09-07T14:00:00Z
610,Trivest Partners,Florida,341862,Canopy Services,Construction,"Coral Gables, Florida, United States",2025-01-21,Consolidation,,,1.6,True,,4,0,https://mergr.com/company/341862,2026-09-07T14:00:00Z
610,Trivest Partners,Florida,352558,Dominique Dawes Academy,Consumer Services,"Clarksburg, Maryland, United States",2024-08-22,"Buyout (LBO, MBO, MBI)",,,2,True,,0,0,https://mergr.com/company/352558,2026-09-07T14:00:00Z
610,Trivest Partners,Florida,327209,Province,Business Services,"Henderson, Nevada, United States",2024-07-18,Growth Capital,,,2.1,True,,1,0,https://mergr.com/company/327209,2026-09-07T14:00:00Z
610,Trivest Partners,Florida,327105,Hinton,Forest Products,"Tuscaloosa, Alabama, United States",2024-07-16,Growth Capital,,,2.1,True,,0,0,https://mergr.com/company/327105,2026-09-07T14:00:00Z
610,Trivest Partners,Florida,352592,Truway Transit Group,Transportation,"San Antonio, Texas, United States",2024-06-10,Consolidation,,,2.2,True,,0,0,https://mergr.com/company/352592,2026-09-07T14:00:00Z
610,Trivest Partners,Florida,325660,Dubin Research & Consulting,Business Services,"New York City, New York, United States",2024-06-04,Growth Capital,,,2.3,True,,1,0,https://mergr.com/company/325660,2026-09-07T14:00:00Z
610,Trivest Partners,Florida,336067,Pool Cleaning Services Atlanta,Business Services,"Atlanta, Georgia, United States",2024-06-04,"Buyout (LBO, MBO, MBI)",,,2.3,True,,0,0,https://mergr.com/company/336067,2026-09-07T14:00:00Z
610,Trivest Partners,Florida,324409,Alta Pest Control,Consumer Services,"Austin, Texas, United States",2024-04-30,Growth Capital,,,2.3,True,,0,0,https://mergr.com/company/324409,2026-09-07T14:00:00Z
610,Trivest Partners,Florida,324402,Prime Meats,Food,"Duluth, Georgia, United States",2024-04-25,Growth Capital,,,2.3,True,,0,0,https://mergr.com/company/324402,2026-09-07T14:00:00Z
610,Trivest Partners,Florida,297733,Bright Event Rentals,Business Services,"Los Angeles, California, United States",2024-03-19,Growth Capital,,,2.4,True,,1,0,https://mergr.com/company/297733,2026-09-07T14:00:00Z
610,Trivest Partners,Florida,313028,Lenworth Building Services,Business Services,"Mississauga, Ontario, Canada",2023-05-02,Growth Capital,2025-04-03,Divestiture,1.9,False,,0,0,https://mergr.com/company/313028,2026-09-07T14:00:00Z
610,Trivest Partners,Florida,347562,Citco Water,Business Services,"Huntington, West Virginia, United States",2023-04-25,"Buyout (LBO, MBO, MBI)",,,3.3,True,,1,0,https://mergr.com/company/347562,2026-09-07T14:00:00Z
610,Trivest Partners,Florida,345617,Pet Resort Hospitality Group,Consumer Services,United States,2023-04-18,Consolidation,,,3.3,True,,1,0,https://mergr.com/company/345617,2026-09-07T14:00:00Z
610,Trivest Partners,Florida,317087,Total Sanitation Services,Environmental,"Woodstock, Ontario, Canada",2023-02-14,Consolidation,,,3.5,True,,3,0,https://mergr.com/company/317087,2026-09-07T14:00:00Z
610,Trivest Partners,Florida,265183,Perricone Farms,Beverages,"Newport Beach, California, United States",2023-01-31,"Buyout (LBO, MBO, MBI)",,,3.6,True,,1,0,https://mergr.com/company/265183,2026-09-07T14:00:00Z
610,Trivest Partners,Florida,316877,FROM,Software,"New York City, New York, United States",2023-01-01,"Buyout (LBO, MBO, MBI)",,,3.7,True,,1,0,https://mergr.com/company/316877,2026-09-07T14:00:00Z
610,Trivest Partners,Florida,307622,LMC Landscape Partners,Business Services,"Dallas, Texas, United States",2022-10-01,Consolidation,,,3.9,True,,2,0,https://mergr.com/company/307622,2026-09-07T14:00:00Z
610,Trivest Partners,Florida,307436,OpenRoad Collision,Automotive,"Austin, Texas, United States",2022-09-06,Consolidation,,,4,True,,1,0,https://mergr.com/company/307436,2026-09-07T14:00:00Z
610,Trivest Partners,Florida,304189,Thermal Concepts,Business Services,"Davie, Florida, United States",2022-05-31,"Buyout (LBO, MBO, MBI)",,,4.3,True,,2,0,https://mergr.com/company/304189,2026-09-07T14:00:00Z
610,Trivest Partners,Florida,352419,Office Pride Commercial Cleaning Services,Business Services,"Palm Harbor, Florida, United States",2022-03-15,Growth Capital,,,4.4,True,,0,0,https://mergr.com/company/352419,2026-09-07T14:00:00Z
610,Trivest Partners,Florida,307625,Creative Multicare,Business Services,"Atlanta, Georgia, United States",2022-01-07,Growth Capital,,,4.7,True,,0,0,https://mergr.com/company/307625,2026-09-07T14:00:00Z
610,Trivest Partners,Florida,310852,Young American Food Brands,Food,"Miami, Florida, United States",2022-01-01,"Buyout (LBO, MBO, MBI)",2026-04-29,Trade Sale - Public Company,4.3,False,,3,0,https://mergr.com/company/310852,2026-09-07T14:00:00Z
610,Trivest Partners,Florida,352570,Optima Medical,Healthcare Services,"Scottsdale, Arizona, United States",2022-01-01,"Buyout (LBO, MBO, MBI)",,,4.7,True,,0,0,https://mergr.com/company/352570,2026-09-07T14:00:00Z
610,Trivest Partners,Florida,307628,Transit,Distribution,"Levis, Quebec, Canada",2021-10-11,Growth Capital,,,4.8,True,,0,0,https://mergr.com/company/307628,2026-09-07T14:00:00Z
610,Trivest Partners,Florida,307626,Family First Homecare,Healthcare Services,"Tampa, Florida, United States",2021-09-09,Growth Capital,2026-03-12,Sold to Management,4.5,False,,1,0,https://mergr.com/company/307626,2026-09-07T14:00:00Z
610,Trivest Partners,Florida,289870,Veritran,Software,"Buenos Aires, Argentina",2021-08-31,Growth Capital,,,5,True,,0,0,https://mergr.com/company/289870,2026-09-07T14:00:00Z
610,Trivest Partners,Florida,289288,Pave America,Construction,"Warrenton, Virginia, United States",2021-06-30,"Buyout (LBO, MBO, MBI)",2025-09-09,Trade Sale - Public Company,4.2,False,,6,0,https://mergr.com/company/289288,2026-09-07T14:00:00Z
610,Trivest Partners,Florida,307627,Redcon1,Consumer Products,"Boca Raton, Florida, United States",2021-04-20,Growth Capital,,,5.3,True,,1,0,https://mergr.com/company/307627,2026-09-07T14:00:00Z
610,Trivest Partners,Florida,288921,Growth Ortho,Healthcare Services,"New York City, New York, United States",2021-01-26,Consolidation,,,5.6,True,,1,0,https://mergr.com/company/288921,2026-09-07T14:00:00Z
610,Trivest Partners,Florida,288900,NaturPak,Food,"Janesville, Wisconsin, United States",2020-12-17,Growth Capital,2026-01-06,Trade Sale - Public Company,5,False,,1,0,https://mergr.com/company/288900,2026-09-07T14:00:00Z
610,Trivest Partners,Florida,310536,Brothers National,Construction,"Manassas, Virginia, United States",2020-12-01,Growth Capital,2023-02-27,Spin Off,2.2,False,,0,0,https://mergr.com/company/310536,2026-09-07T14:00:00Z
610,Trivest Partners,Florida,288897,Unosquare,Software,"Portland, Oregon, United States",2020-10-20,Growth Capital,2025-06-12,Merger,4.6,False,,2,0,https://mergr.com/company/288897,2026-09-07T14:00:00Z
610,Trivest Partners,Florida,288918,Front Row,Marketing,"New York City, New York, United States",2020-07-15,Stake Purchase,2024-09-03,Trade Sale - Public Company,4.1,False,,0,0,https://mergr.com/company/288918,2026-09-07T14:00:00Z
610,Trivest Partners,Florida,288893,MGT,Business Services,"Tampa, Florida, United States",2020-04-21,Growth Capital,2023-06-15,Trade Sale - Public Company,3.1,False,,0,0,https://mergr.com/company/288893,2026-09-07T14:00:00Z
610,Trivest Partners,Florida,269563,TCDI,Information Technology,"Greensboro, North Carolina, United States",2020-02-25,Growth Capital,,,6.5,True,,1,0,https://mergr.com/company/269563,2026-09-07T14:00:00Z
610,Trivest Partners,Florida,305871,HighGround,Construction,"Irving, Texas, United States",2020-01-01,"Buyout (LBO, MBO, MBI)",2025-03-10,Trade Sale - Public Company,5.2,False,,6,0,https://mergr.com/company/305871,2026-09-07T14:00:00Z
610,Trivest Partners,Florida,315425,ASA Safety Supply,Distribution,"Lawrenceville, Georgia, United States",2020-01-01,"Buyout (LBO, MBO, MBI)",,,6.7,True,,5,0,https://mergr.com/company/315425,2026-09-07T14:00:00Z
610,Trivest Partners,Florida,307624,Total PowerGen Solutions,Electrical Equipment,"Mississauga, Ontario, Canada",2019-10-30,"Buyout (LBO, MBO, MBI)",2024-09-10,Trade Sale - Public Company,4.8,False,,0,0,https://mergr.com/company/307624,2026-09-07T14:00:00Z
610,Trivest Partners,Florida,38445,ContinuServe,Business Services,"Marietta, Georgia, United States",2019-10-07,Secondary Buyout,,,6.9,True,,6,0,https://mergr.com/company/38445,2026-09-07T14:00:00Z
610,Trivest Partners,Florida,288894,BCC Engineering,Engineering,"Miami, Florida, United States",2019-08-07,Stake Purchase,2024-10-21,Divestiture,5.2,False,,0,0,https://mergr.com/company/288894,2026-09-07T14:00:00Z
610,Trivest Partners,Florida,307623,PCRK Group,Consumer Services,"Phoenix, Arizona, United States",2019-05-07,"Buyout (LBO, MBO, MBI)",,,7.3,True,,0,0,https://mergr.com/company/307623,2026-09-07T14:00:00Z
610,Trivest Partners,Florida,287079,Epika Fleet Services,Transportation,"Nashville, Tennessee, United States",2019-01-09,Consolidation,2025-04-21,Trade Sale - Public Company,6.3,False,,5,0,https://mergr.com/company/287079,2026-09-07T14:00:00Z
610,Trivest Partners,Florida,265778,ScanSTAT Technologies,Information Technology,"Alpharetta, Georgia, United States",2019-01-01,"Buyout (LBO, MBO, MBI)",2023-04-13,Spin Off,4.3,False,,3,0,https://mergr.com/company/265778,2026-09-07T14:00:00Z
610,Trivest Partners,Florida,319326,Cadex,Business Services,"Melville, New York, United States",2019-01-01,Consolidation,,,7.7,True,,4,0,https://mergr.com/company/319326,2026-09-07T14:00:00Z
610,Trivest Partners,Florida,253752,GAL,Energy Services and Equipment,"Ottawa, Ontario, Canada",2018-08-27,"Buyout (LBO, MBO, MBI)",,,8,True,,0,0,https://mergr.com/company/253752,2026-09-07T14:00:00Z
610,Trivest Partners,Florida,288896,Big Truck Rental,Business Services,"Tampa, Florida, United States",2018-06-01,"Buyout (LBO, MBO, MBI)",2021-10-18,Trade Sale - Public Company,3.3,False,,0,0,https://mergr.com/company/288896,2026-09-07T14:00:00Z
610,Trivest Partners,Florida,250316,Game One,Distribution,"Indianapolis, Indiana, United States",2018-04-06,Recapitalization,,,8.4,True,,5,0,https://mergr.com/company/250316,2026-09-07T14:00:00Z
610,Trivest Partners,Florida,256858,Oil Changers,Automotive,"Pleasanton, California, United States",2018-02-27,"Buyout (LBO, MBO, MBI)",2021-03-08,Trade Sale - Public Company,3,False,,1,0,https://mergr.com/company/256858,2026-09-07T14:00:00Z
610,Trivest Partners,Florida,288898,PowerHome Solar,Renewable Energy,"Mooresville, North Carolina, United States",2018-01-01,Growth Capital,,,8.7,True,,0,0,https://mergr.com/company/288898,2026-09-07T14:00:00Z
610,Trivest Partners,Florida,300296,Lamark Media,Marketing,"Boca Raton, Florida, United States",2018-01-01,Growth Capital,2021-12-15,Secondary Sale,3.9,False,,0,0,https://mergr.com/company/300296,2026-09-07T14:00:00Z
610,Trivest Partners,Florida,245941,NuEnergen,Business Services,"White Plains, New York, United States",2017-11-29,Recapitalization,,,8.8,True,,0,0,https://mergr.com/company/245941,2026-09-07T14:00:00Z
610,Trivest Partners,Florida,245781,Jon-Don,Distribution,"Roselle, Illinois, United States",2017-10-31,Growth Capital,2021-01-12,Trade Sale - Public Company,3.2,False,,2,0,https://mergr.com/company/245781,2026-09-07T14:00:00Z
610,Trivest Partners,Florida,242347,Novatech,Information Technology,"Nashville, Tennessee, United States",2017-08-02,"Buyout (LBO, MBO, MBI)",2024-09-04,Trade Sale - Public Company,7.1,False,,4,0,https://mergr.com/company/242347,2026-09-07T14:00:00Z
610,Trivest Partners,Florida,245787,Innovative Foodservice Group,Distribution,"Tampa, Florida, United States",2017-06-01,Consolidation,,,9.3,True,,5,0,https://mergr.com/company/245787,2026-09-07T14:00:00Z
610,Trivest Partners,Florida,240186,Aerospace Resource Group,Aerospace,"Miami, Florida, United States",2017-04-17,Growth Capital,2020-08-21,Bankruptcy,3.3,False,,0,0,https://mergr.com/company/240186,2026-09-07T14:00:00Z
610,Trivest Partners,Florida,288919,Envirowaste Services Group,Environmental,"Palmetto Bay, Florida, United States",2017-01-01,"Buyout (LBO, MBO, MBI)",,,9.7,True,,0,0,https://mergr.com/company/288919,2026-09-07T14:00:00Z
610,Trivest Partners,Florida,240187,Vohra Wound Physicians,Healthcare Services,"Miramar, Florida, United States",2016-12-09,Growth Capital,,,9.7,True,,0,0,https://mergr.com/company/240187,2026-09-07T14:00:00Z
610,Trivest Partners,Florida,267081,Turnpoint Services,Business Services,"Louisville, Kentucky, United States",2016-08-29,Recapitalization,2020-11-17,Trade Sale - Public Company,4.2,False,,8,0,https://mergr.com/company/267081,2026-09-07T14:00:00Z
610,Trivest Partners,Florida,215641,IDMWORKS,Information Technology,"Coral Gables, Florida, United States",2016-01-29,Recapitalization,,,10.6,True,,0,0,https://mergr.com/company/215641,2026-09-07T14:00:00Z
610,Trivest Partners,Florida,163285,PeopleShare,Staffing,"Collegeville, Pennsylvania, United States",2015-09-03,Recapitalization,2023-03-31,Divestiture,7.5,False,,3,0,https://mergr.com/company/163285,2026-09-07T14:00:00Z
610,Trivest Partners,Florida,178236,GetixHealth,Business Services,"Sugar Land, Texas, United States",2015-03-02,Recapitalization,2025-04-07,Trade Sale - Public Company,10.1,False,,3,0,https://mergr.com/company/178236,2026-09-07T14:00:00Z
610,Trivest Partners,Florida,112281,Advanced Discovery,Software,"Los Angeles, California, United States",2014-08-05,Recapitalization,2018-04-17,Spin Off,3.7,False,,5,0,https://mergr.com/company/112281,2026-09-07T14:00:00Z
610,Trivest Partners,Florida,199760,Columbus Recycling,Environmental,"Columbus, Mississippi, United States",2014-05-08,Growth Capital,2021-08-17,Divestiture,7.3,False,,1,0,https://mergr.com/company/199760,2026-09-07T14:00:00Z
610,Trivest Partners,Florida,199748,Precision Machining Group,Machinery,"Schaumburg, Illinois, United States",2014-03-25,Recapitalization,2023-04-01,Divestiture,9,False,,1,0,https://mergr.com/company/199748,2026-09-07T14:00:00Z
610,Trivest Partners,Florida,199757,"North Star Seafood, Inc.",Food,"Pompano Beach, Florida, United States",2013-07-08,Recapitalization,2016-02-25,Divestiture,2.6,False,128,0,0,https://mergr.com/company/199757,2026-09-07T14:00:00Z
610,Trivest Partners,Florida,138253,Pelican Water Systems,Consumer Products,"DeLand, Florida, United States",2013-06-05,"Buyout (LBO, MBO, MBI)",2019-01-07,Divestiture,5.6,False,,0,0,https://mergr.com/company/138253,2026-09-07T14:00:00Z
610,Trivest Partners,Florida,185480,"American Covers, Inc. (dba Handstands)",Consumer Products,"Draper, Utah, United States",2013-05-14,Recapitalization,2016-05-24,Divestiture,3,False,,3,0,https://mergr.com/company/185480,2026-09-07T14:00:00Z
610,Trivest Partners,Florida,44493,National Auto Care,Business Services,"Westerville, Ohio, United States",2013-01-31,"Buyout (LBO, MBO, MBI)",2018-07-30,Trade Sale - Public Company,5.4,False,,0,0,https://mergr.com/company/44493,2026-09-07T14:00:00Z
610,Trivest Partners,Florida,44517,Wise,Food,"Salt Lake City, Utah, United States",2012-10-11,Recapitalization,,,13.8,True,,0,0,https://mergr.com/company/44517,2026-09-07T14:00:00Z
610,Trivest Partners,Florida,31804,"Take 5 Oil Change, Inc.",Consumer Services,"Algiers, Louisiana, United States",2011-12-14,"Buyout (LBO, MBO, MBI)",2016-03-30,Divestiture,4.3,False,,1,0,https://mergr.com/company/31804,2026-09-07T14:00:00Z
610,Trivest Partners,Florida,31802,"Hazmasters, Inc.",Safety/Security,"Pickering, Ontario, Canada",2011-11-16,Recapitalization,2014-04-07,Divestiture,2.3,False,80,1,0,https://mergr.com/company/31802,2026-09-07T14:00:00Z
610,Trivest Partners,Florida,31805,Group III International Ltd.,Apparel/Textiles,"Pompano Beach, Florida, United States",2011-09-12,Recapitalization,,,14.9,True,,0,0,https://mergr.com/company/31805,2026-09-07T14:00:00Z
610,Trivest Partners,Florida,26644,Ellery Homestyles,Consumer Products,"New York, New York, United States",2011-01-05,Recapitalization,2018-09-19,Divestiture,7.7,False,,0,0,https://mergr.com/company/26644,2026-09-07T14:00:00Z
610,Trivest Partners,Florida,26646,Ryko Manufacturing,Machinery,"Grimes, Iowa, United States",2010-12-21,Recapitalization,,,15.7,True,,3,1,https://mergr.com/company/26646,2026-09-07T14:00:00Z
610,Trivest Partners,Florida,26645,AM Conservation Group,Environmental,"Charleston, South Carolina, United States",2010-12-14,Recapitalization,2015-04-01,Trade Sale - Public Company,4.3,False,,1,0,https://mergr.com/company/26645,2026-09-07T14:00:00Z
610,Trivest Partners,Florida,26643,Onepath,Information Technology,"Atlanta, Georgia, United States",2010-11-30,Recapitalization,2017-10-16,Trade Sale - Public Company,6.8,False,,3,0,https://mergr.com/company/26643,2026-09-07T14:00:00Z
610,Trivest Partners,Florida,26642,Onepath Field Services,Communications,"Marietta, Georgia, United States",2010-03-11,Recapitalization,2015-06-01,Spin Off,5.2,False,,0,0,https://mergr.com/company/26642,2026-09-07T14:00:00Z
610,Trivest Partners,Florida,12917,ATX Networks,Technology Hardware,"Whitby, Ontario, Canada",2008-08-25,"Buyout (LBO, MBO, MBI)",2010-11-18,Trade Sale - Public Company,2.2,False,,1,0,https://mergr.com/company/12917,2026-09-07T14:00:00Z
610,Trivest Partners,Florida,4550,"DirectBuy Holdings, Inc.",Franchising,"Merrillville, Indiana, United States",2007-11-01,"Buyout (LBO, MBO, MBI)",,,18.8,True,,1,0,https://mergr.com/company/4550,2026-09-07T14:00:00Z
610,Trivest Partners,Florida,4553,Twin Star Home,Furniture,"Boca Raton, Florida, United States",2007-04-30,"Buyout (LBO, MBO, MBI)",2016-04-25,Trade Sale - Public Company,8.9,False,,1,0,https://mergr.com/company/4553,2026-09-07T14:00:00Z
610,Trivest Partners,Florida,4554,Allegiance Security Group LLC,Safety/Security,"Morehead City, North Carolina, United States",2007-04-02,"Buyout (LBO, MBO, MBI)",2013-04-02,Divestiture,6,False,,2,0,https://mergr.com/company/4554,2026-09-07T14:00:00Z
610,Trivest Partners,Florida,4551,"Box-Board Products, Inc.",Manufacturing,"Greensboro, North Carolina, United States",2006-12-12,Recapitalization,2009-12-01,Divestiture,2.9,False,,1,1,https://mergr.com/company/4551,2026-09-07T14:00:00Z
610,Trivest Partners,Florida,12849,"CMX, Inc.",Engineering,"Manalapan, New Jersey, United States",2006-05-18,"Buyout (LBO, MBO, MBI)",2010-05-11,Shut Down,3.9,False,,0,0,https://mergr.com/company/12849,2026-09-07T14:00:00Z
610,Trivest Partners,Florida,4555,Lady of America Franchise Corp.,Franchising,"Miami, Florida, United States",2005-02-03,"Buyout (LBO, MBO, MBI)",,,21.6,True,,0,0,https://mergr.com/company/4555,2026-09-07T14:00:00Z
610,Trivest Partners,Florida,21120,Herbal Magic,Healthcare Services,"Mississauga, Ontario, Canada",2003-12-19,"Buyout (LBO, MBO, MBI)",,,22.7,True,,0,0,https://mergr.com/company/21120,2026-09-07T14:00:00Z
610,Trivest Partners,Florida,8072,"Herbal Magic, Inc.",Consumer Services,"Toronto, Ontario, Canada",2003-12-19,"Buyout (LBO, MBO, MBI)",2006-10-26,Trade Sale - Public Company,2.8,False,,0,0,https://mergr.com/company/8072,2026-09-07T14:00:00Z
610,Trivest Partners,Florida,128793,"Regional Diagnostic Imaging, Inc.",Healthcare Services,"Warrensville Heights, Ohio, United States",2003-05-14,Recapitalization,,,23.3,True,,0,0,https://mergr.com/company/128793,2026-09-07T14:00:00Z
610,Trivest Partners,Florida,21121,"Aero Products International, Inc.",Consumer Products,"Schaumburg, Illinois, United States",2001-06-12,"Buyout (LBO, MBO, MBI)",2002-11-24,Trade Sale - Public Company,1.4,False,,0,0,https://mergr.com/company/21121,2026-09-07T14:00:00Z
610,Trivest Partners,Florida,21130,"Superior International Industries, Inc.",Manufacturing,"Carrollton, Georgia, United States",2001-01-04,"Buyout (LBO, MBO, MBI)",2006-09-27,Trade Sale - Public Company,5.7,False,,0,0,https://mergr.com/company/21130,2026-09-07T14:00:00Z
610,Trivest Partners,Florida,11436,The PendaForm Co.,Automotive,"Portage, Wisconsin, United States",2000-04-01,"Buyout (LBO, MBO, MBI)",,,26.4,True,,2,0,https://mergr.com/company/11436,2026-09-07T14:00:00Z
610,Trivest Partners,Florida,69358,Plassein International Corp.,Packaging,"Willington, Connecticut, United States",2000-01-01,"Buyout (LBO, MBO, MBI)",,,26.7,True,,0,0,https://mergr.com/company/69358,2026-09-07T14:00:00Z
1031,Sun Capital Partners,Florida,347466,B&H Worldwide,Transportation,"Middlesex, United Kingdom",2026-03-26,Growth Capital,,,0.4,True,,0,0,https://mergr.com/company/347466,2026-09-07T14:00:00Z
1031,Sun Capital Partners,Florida,150389,Precision Repair Group,Automotive,"London, United Kingdom",2025-07-14,"Buyout (LBO, MBO, MBI)",,,1.1,True,,1,0,https://mergr.com/company/150389,2026-09-07T14:00:00Z
1031,Sun Capital Partners,Florida,27310,Latite Roofing,Construction,"Pompano Beach, Florida, United States",2025-01-08,Secondary Buyout,,,1.6,True,,1,0,https://mergr.com/company/27310,2026-09-07T14:00:00Z
1031,Sun Capital Partners,Florida,282397,Northern Wholesale,Distribution,"Lino Lakes, Minnesota, United States",2024-11-26,Secondary Buyout,2026-01-09,Divestiture,1.1,False,,0,0,https://mergr.com/company/282397,2026-09-07T14:00:00Z
1031,Sun Capital Partners,Florida,277979,Kovalus Separation Solutions,Diversified,"Wilmington, Massachusetts, United States",2023-08-14,Divestiture,,,3,True,,0,0,https://mergr.com/company/277979,2026-09-07T14:00:00Z
1031,Sun Capital Partners,Florida,77133,MegaGroup,Transportation,"Veghel, Netherlands",2023-04-20,Secondary Buyout,,,3.3,True,,0,0,https://mergr.com/company/77133,2026-09-07T14:00:00Z
1031,Sun Capital Partners,Florida,311085,Anderson Business Advisors,Business Services,"Las Vegas, Nevada, United States",2023-03-14,Growth Capital,,,3.4,True,,0,0,https://mergr.com/company/311085,2026-09-07T14:00:00Z
1031,Sun Capital Partners,Florida,250807,Fresh Origins,Agriculture,"San Marcos, California, United States",2023-01-19,Secondary Buyout,,,3.6,True,,0,0,https://mergr.com/company/250807,2026-09-07T14:00:00Z
1031,Sun Capital Partners,Florida,302415,Andersen Commercial Plumbing,Business Services,"La Verne, California, United States",2022-07-13,"Buyout (LBO, MBO, MBI)",,,4.1,True,,0,0,https://mergr.com/company/302415,2026-09-07T14:00:00Z
1031,Sun Capital Partners,Florida,300481,Tenax,Communications,"Volargne, Italy",2022-05-31,"Buyout (LBO, MBO, MBI)",,,4.3,True,,0,0,https://mergr.com/company/300481,2026-09-07T14:00:00Z
1031,Sun Capital Partners,Florida,314791,Dental Directory,Distribution,"Witham, United Kingdom",2022-05-23,Secondary Buyout,,,4.3,True,,1,0,https://mergr.com/company/314791,2026-09-07T14:00:00Z
1031,Sun Capital Partners,Florida,157913,Total Transportation Services,Transportation,"Long Beach, California, United States",2022-01-13,Secondary Buyout,,,4.6,True,,1,0,https://mergr.com/company/157913,2026-09-07T14:00:00Z
1031,Sun Capital Partners,Florida,155457,Bellrock Property & Facilities Management,Business Services,"Leicester, United Kingdom",2021-11-02,Secondary Buyout,,,4.8,True,,1,0,https://mergr.com/company/155457,2026-09-07T14:00:00Z
1031,Sun Capital Partners,Florida,248482,Architectural Surfaces Group,Building Materials,"Austin, Texas, United States",2021-08-09,Going Private,,,5,True,554,0,0,https://mergr.com/company/248482,2026-09-07T14:00:00Z
1031,Sun Capital Partners,Florida,250915,Environmental Infrastructure Solutions,Environmental,"Westlake, Texas, United States",2021-07-20,Secondary Buyout,,,5.1,True,,7,0,https://mergr.com/company/250915,2026-09-07T14:00:00Z
1031,Sun Capital Partners,Florida,239617,Sport & Leisure Group,Leisure,"Sint-Niklaas, Belgium",2021-07-15,Secondary Buyout,2025-06-05,Divestiture,3.8,False,,0,0,https://mergr.com/company/239617,2026-09-07T14:00:00Z
1031,Sun Capital Partners,Florida,254754,LoanLogics,Information Technology,"Jacksonville, Florida, United States",2021-07-07,"Buyout (LBO, MBO, MBI)",,,5.2,True,,0,0,https://mergr.com/company/254754,2026-09-07T14:00:00Z
1031,Sun Capital Partners,Florida,286055,Century Supply Chain Solutions,Transportation,"Glen Allen, Virginia, United States",2021-06-02,"Buyout (LBO, MBO, MBI)",,,5.3,True,,0,0,https://mergr.com/company/286055,2026-09-07T14:00:00Z
1031,Sun Capital Partners,Florida,229373,Exadel,Software,"Walnut Creek, California, United States",2021-03-04,"Buyout (LBO, MBO, MBI)",,,5.5,True,,4,0,https://mergr.com/company/229373,2026-09-07T14:00:00Z
1031,Sun Capital Partners,Florida,93709,Calcium Products,Chemicals,"Ames, Iowa, United States",2020-12-01,Secondary Buyout,2024-09-25,Trade Sale - Public Company,3.8,False,,0,0,https://mergr.com/company/93709,2026-09-07T14:00:00Z
1031,Sun Capital Partners,Florida,59566,Coal and Coke Merchants,Environmental,"Harrogate, United Kingdom",2020-11-25,Secondary Buyout,2024-04-30,Divestiture,3.4,False,59,0,0,https://mergr.com/company/59566,2026-09-07T14:00:00Z
1031,Sun Capital Partners,Florida,234377,Clinical Care,Healthcare Services,"Miami Beach, Florida, United States",2020-11-18,Secondary Buyout,2024-10-13,Bankruptcy,3.8,False,,1,0,https://mergr.com/company/234377,2026-09-07T14:00:00Z
1031,Sun Capital Partners,Florida,346544,CNC,Agriculture,"Milsbeek, Netherlands",2020-10-19,"Buyout (LBO, MBO, MBI)",,,5.8,True,,0,0,https://mergr.com/company/346544,2026-09-07T14:00:00Z
1031,Sun Capital Partners,Florida,276415,Mancini's Sleepworld,Retail,"Livermore, California, United States",2020-09-17,Growth Capital,,,5.9,True,,0,0,https://mergr.com/company/276415,2026-09-07T14:00:00Z
1031,Sun Capital Partners,Florida,273144,WesCom Signal and Rescue,Safety/Security,"Derbyshire, United Kingdom",2020-02-28,Secondary Buyout,2025-08-04,Trade Sale - Public Company,5.4,False,,0,0,https://mergr.com/company/273144,2026-09-07T14:00:00Z
1031,Sun Capital Partners,Florida,165425,West Dermatology,Healthcare Services,"Redlands, California, United States",2020-02-12,Secondary Buyout,2022-06-21,Spin Off,2.3,False,,2,0,https://mergr.com/company/165425,2026-09-07T14:00:00Z
1031,Sun Capital Partners,Florida,273142,Cotton Holdings,Construction,"Houston, Texas, United States",2020-01-07,"Buyout (LBO, MBO, MBI)",2025-10-28,Divestiture,5.8,False,,4,0,https://mergr.com/company/273142,2026-09-07T14:00:00Z
1031,Sun Capital Partners,Florida,9320,Allied Glass,Packaging,"Leeds, United Kingdom",2020-01-07,Secondary Buyout,2022-11-02,Divestiture,2.8,False,,0,0,https://mergr.com/company/9320,2026-09-07T14:00:00Z
1031,Sun Capital Partners,Florida,30009,Complete Cover Group,Insurance,"Tarporley, United Kingdom",2019-12-01,Secondary Buyout,,,6.8,True,216,0,0,https://mergr.com/company/30009,2026-09-07T14:00:00Z
1031,Sun Capital Partners,Florida,266673,National Tree,E-Commerce,"Cranford, New Jersey, United States",2019-11-25,"Buyout (LBO, MBO, MBI)",,,6.8,True,,0,0,https://mergr.com/company/266673,2026-09-07T14:00:00Z
1031,Sun Capital Partners,Florida,273143,Stake Center Locating,Utilities,"Greensboro, North Carolina, United States",2019-11-19,Recapitalization,2022-09-09,Trade Sale - Public Company,2.8,False,,0,0,https://mergr.com/company/273143,2026-09-07T14:00:00Z
1031,Sun Capital Partners,Florida,265358,VR Group,Manufacturing,"Colognola Ai Colli, Italy",2019-10-14,"Buyout (LBO, MBO, MBI)",2024-01-31,Trade Sale - Public Company,4.3,False,,0,0,https://mergr.com/company/265358,2026-09-07T14:00:00Z
1031,Sun Capital Partners,Florida,35937,SOS Security,Safety/Security,"Parsippany, New Jersey, United States",2019-06-01,Secondary Buyout,2019-11-21,Divestiture,0.4,False,,1,0,https://mergr.com/company/35937,2026-09-07T14:00:00Z
1031,Sun Capital Partners,Florida,258085,Simply Beautiful Smiles,Healthcare Services,"Langhorne, Pennsylvania, United States",2019-02-05,Secondary Buyout,,,7.6,True,,1,0,https://mergr.com/company/258085,2026-09-07T14:00:00Z
1031,Sun Capital Partners,Florida,216022,Tier One Relocation,Transportation,"Weirton, West Virginia, United States",2018-12-06,Secondary Buyout,,,7.8,True,,0,0,https://mergr.com/company/216022,2026-09-07T14:00:00Z
1031,Sun Capital Partners,Florida,256492,Unico,Electrical Equipment,"Franksville, Wisconsin, United States",2018-12-05,Divestiture,,,7.8,True,,0,0,https://mergr.com/company/256492,2026-09-07T14:00:00Z
1031,Sun Capital Partners,Florida,250882,ESIM Chemicals,Chemicals,"Linz, Austria",2018-05-14,Secondary Buyout,2025-10-27,Bankruptcy,7.4,False,,0,1,https://mergr.com/company/250882,2026-09-07T14:00:00Z
1031,Sun Capital Partners,Florida,29816,ClearChoice Management Services LLC,Healthcare Services,"Greenwood Village, Colorado, United States",2017-11-28,Secondary Buyout,2020-11-16,Divestiture,2.9,False,,0,0,https://mergr.com/company/29816,2026-09-07T14:00:00Z
1031,Sun Capital Partners,Florida,243621,C&K,Electrical Equipment,"Waltham, Massachusetts, United States",2017-09-22,"Buyout (LBO, MBO, MBI)",2022-04-08,Divestiture,4.5,False,,0,0,https://mergr.com/company/243621,2026-09-07T14:00:00Z
1031,Sun Capital Partners,Florida,2742,Ames Taping Tools,Building Materials,"Duluth, Georgia, United States",2017-09-18,"Buyout (LBO, MBO, MBI)",2021-11-03,Divestiture,4.1,False,,0,0,https://mergr.com/company/2742,2026-09-07T14:00:00Z
1031,Sun Capital Partners,Florida,237334,Horizon Services,Business Services,"Wilmington, Delaware, United States",2017-03-07,"Buyout (LBO, MBO, MBI)",2019-11-13,Trade Sale - Public Company,2.7,False,,2,0,https://mergr.com/company/237334,2026-09-07T14:00:00Z
1031,Sun Capital Partners,Florida,2916,Arrow Tru-Line,Building Materials,"Archbold, Ohio, United States",2017-01-26,Secondary Buyout,2021-09-21,Trade Sale - Public Company,4.6,False,,0,0,https://mergr.com/company/2916,2026-09-07T14:00:00Z
1031,Sun Capital Partners,Florida,233776,BWGS Full Spectrum Distribution,Retail,"Bloomington, Indiana, United States",2017-01-04,"Buyout (LBO, MBO, MBI)",,,9.7,True,,0,0,https://mergr.com/company/233776,2026-09-07T14:00:00Z
1031,Sun Capital Partners,Florida,256095,StonePoint Materials,Building Materials,"Philadelphia, Pennsylvania, United States",2017-01-01,Consolidation,2021-03-22,Divestiture,4.2,False,,4,0,https://mergr.com/company/256095,2026-09-07T14:00:00Z
1031,Sun Capital Partners,Florida,346525,Windsor Fashions,Retail,"Santa Fe Springs, California, United States",2017-01-01,"Buyout (LBO, MBO, MBI)",,,9.7,True,,0,0,https://mergr.com/company/346525,2026-09-07T14:00:00Z
1031,Sun Capital Partners,Florida,221290,Admiral Petroleum Co. Inc.,Retail,"Coopersville, Michigan, United States",2016-05-23,"Buyout (LBO, MBO, MBI)",2016-11-16,Divestiture,0.4,False,,0,0,https://mergr.com/company/221290,2026-09-07T14:00:00Z
1031,Sun Capital Partners,Florida,221291,Lemmen Oil Co.,Retail,"Coopersville, Michigan, United States",2016-05-23,"Buyout (LBO, MBO, MBI)",2016-11-16,Divestiture,0.4,False,,0,0,https://mergr.com/company/221291,2026-09-07T14:00:00Z
1031,Sun Capital Partners,Florida,248404,FFO Home,Retail,"Fort Smith, Arkansas, United States",2016-02-11,Secondary Buyout,2020-12-28,Divestiture,4.8,False,,1,0,https://mergr.com/company/248404,2026-09-07T14:00:00Z
1031,Sun Capital Partners,Florida,214882,CCW,Restaurants,"Omaha, Nebraska, United States",2016-02-01,"Buyout (LBO, MBO, MBI)",,,10.6,True,,0,0,https://mergr.com/company/214882,2026-09-07T14:00:00Z
1031,Sun Capital Partners,Florida,244926,Platinum Dermatology Partners,Healthcare Services,"Dallas, Texas, United States",2016-01-01,Consolidation,,,10.7,True,,8,0,https://mergr.com/company/244926,2026-09-07T14:00:00Z
1031,Sun Capital Partners,Florida,208719,Flexitech,Automotive,"Saint-Andre-le-Puy, France",2015-10-28,Divestiture,,,10.8,True,,0,0,https://mergr.com/company/208719,2026-09-07T14:00:00Z
1031,Sun Capital Partners,Florida,213701,Flamingo,Food,"Stevenage, United Kingdom",2015-10-14,Divestiture,,,10.8,True,,1,0,https://mergr.com/company/213701,2026-09-07T14:00:00Z
1031,Sun Capital Partners,Florida,19586,Flabeg,Manufacturing,"Nuremburg, Germany",2015-09-29,"Buyout (LBO, MBO, MBI)",2020-05-14,Bankruptcy,4.6,False,,0,0,https://mergr.com/company/19586,2026-09-07T14:00:00Z
1031,Sun Capital Partners,Florida,228402,Critical Flow Solutions,Energy Services and Equipment,"Sandy, Utah, United States",2015-06-01,Divestiture,2016-10-13,Divestiture,1.3,False,120,0,0,https://mergr.com/company/228402,2026-09-07T14:00:00Z
1031,Sun Capital Partners,Florida,171961,Keepmoat Ltd.,Construction,"Doncaster, United Kingdom",2014-09-08,Divestiture,2017-03-02,Divestiture,2.4,False,1232,1,0,https://mergr.com/company/171961,2026-09-07T14:00:00Z
1031,Sun Capital Partners,Florida,108001,The River Group Ltd.,Marketing,"London, United Kingdom",2014-07-14,"Buyout (LBO, MBO, MBI)",,,12.1,True,,0,0,https://mergr.com/company/108001,2026-09-07T14:00:00Z
1031,Sun Capital Partners,Florida,83793,Aclara Technologies LLC,Technology Hardware,"Hazelwood, Missouri, United States",2014-03-17,Divestiture,2017-12-26,Divestiture,3.8,False,500,3,0,https://mergr.com/company/83793,2026-09-07T14:00:00Z
1031,Sun Capital Partners,Florida,87085,Applied Drilling Technology International Ltd.,Energy Services and Equipment,"Aberdeen, United Kingdom",2014-02-19,"Buyout (LBO, MBO, MBI)",,,12.5,True,,0,0,https://mergr.com/company/87085,2026-09-07T14:00:00Z
1031,Sun Capital Partners,Florida,125581,Robertshaw Controls,Manufacturing,"Itasca, Illinois, United States",2014-02-05,Divestiture,2018-01-05,Trade Sale - Public Company,3.9,False,,1,0,https://mergr.com/company/125581,2026-09-07T14:00:00Z
1031,Sun Capital Partners,Florida,67442,Gem Shopping,Retail,"Duluth, Georgia, United States",2013-09-13,Growth Capital,,,12.9,True,,0,0,https://mergr.com/company/67442,2026-09-07T14:00:00Z
1031,Sun Capital Partners,Florida,87089,"Demilec, Inc.",Chemicals,"Boisbriand, Quebec, Canada",2013-09-01,"Buyout (LBO, MBO, MBI)",2018-03-13,Divestiture,4.5,False,170,0,0,https://mergr.com/company/87089,2026-09-07T14:00:00Z
1031,Sun Capital Partners,Florida,87149,Flavor 1st Growers & Packers,Food,"Mills River, North Carolina, United States",2013-07-01,"Buyout (LBO, MBO, MBI)",,,13.2,True,,0,0,https://mergr.com/company/87149,2026-09-07T14:00:00Z
1031,Sun Capital Partners,Florida,23207,Johnny Rockets,Restaurants,"Lake Forest, California, United States",2013-06-18,Secondary Buyout,2020-08-13,Divestiture,7.1,False,,0,0,https://mergr.com/company/23207,2026-09-07T14:00:00Z
1031,Sun Capital Partners,Florida,18423,Dreams,Retail,"High Wycombe, United Kingdom",2013-03-07,Secondary Buyout,2021-05-27,Divestiture,8.2,False,400,0,0,https://mergr.com/company/18423,2026-09-07T14:00:00Z
1031,Sun Capital Partners,Florida,10046,BTX Group AS,Apparel/Textiles,"Brande, Denmark",2013-02-08,Secondary Buyout,2019-08-02,Secondary Sale,6.4,False,17,0,0,https://mergr.com/company/10046,2026-09-07T14:00:00Z
1031,Sun Capital Partners,Florida,8461,Paragon Print and Packaging Ltd.,Business Services,"Lincolnshire, United Kingdom",2013-01-02,Secondary Buyout,2013-05-01,Divestiture,0.3,False,193,0,0,https://mergr.com/company/8461,2026-09-07T14:00:00Z
1031,Sun Capital Partners,Florida,87073,"KubeTech Custom Molding, Inc.",Packaging,"Pittsburgh, Pennsylvania, United States",2012-12-01,Stake Purchase,2014-01-01,Divestiture,1.1,False,,0,0,https://mergr.com/company/87073,2026-09-07T14:00:00Z
1031,Sun Capital Partners,Florida,233137,"Innocor, Inc.",Consumer Products,"West Long Branch, New Jersey, United States",2012-10-18,Secondary Buyout,2016-12-14,Trade Sale - Public Company,4.1,False,,1,0,https://mergr.com/company/233137,2026-09-07T14:00:00Z
1031,Sun Capital Partners,Florida,4890,S&N Communications,Construction,"Louisa, Virginia, United States",2012-09-08,Secondary Buyout,,,13.9,True,,1,0,https://mergr.com/company/4890,2026-09-07T14:00:00Z
1031,Sun Capital Partners,Florida,7645,Jiffy Lube,Retail,"Irving, Texas, United States",2012-08-28,Secondary Buyout,2018-03-06,Trade Sale - Public Company,5.5,False,,0,0,https://mergr.com/company/7645,2026-09-07T14:00:00Z
1031,Sun Capital Partners,Florida,87117,Spectralink,Communications,"Boulder, Colorado, United States",2012-05-12,Divestiture,,,14.3,True,,0,0,https://mergr.com/company/87117,2026-09-07T14:00:00Z
1031,Sun Capital Partners,Florida,30900,"CornerStone Research & Development, Inc.",Manufacturing,"Ogden, Utah, United States",2012-04-09,Divestiture,2014-04-29,Divestiture,2,False,,0,0,https://mergr.com/company/30900,2026-09-07T14:00:00Z
1031,Sun Capital Partners,Florida,16294,Certified Power Solutions,Electronics,"Mundelein, Illinois, United States",2012-04-04,Secondary Buyout,2014-03-21,Trade Sale - Public Company,1.9,False,,0,0,https://mergr.com/company/16294,2026-09-07T14:00:00Z
1031,Sun Capital Partners,Florida,30901,ELIX Polymers SL,Chemicals,"La Canonja, Spain",2012-04-04,"Buyout (LBO, MBO, MBI)",2018-10-15,Divestiture,6.5,False,,0,0,https://mergr.com/company/30901,2026-09-07T14:00:00Z
1031,Sun Capital Partners,Florida,30898,Bonmarche Ltd.,Retail,"Wakefield, United Kingdom",2012-01-23,Special Situations/Distressed,2013-10-18,IPO,1.7,False,,0,0,https://mergr.com/company/30898,2026-09-07T14:00:00Z
1031,Sun Capital Partners,Florida,30910,Kobusch-Sengewald GmbH,Packaging,"Warburg, Germany",2012-01-03,Divestiture,2013-11-18,Spin Off,1.8,False,,0,0,https://mergr.com/company/30910,2026-09-07T14:00:00Z
1031,Sun Capital Partners,Florida,29044,American Golf,Retail,"Warrington, United Kingdom",2011-12-20,Secondary Buyout,2018-10-12,Trade Sale - Public Company,6.8,False,,0,0,https://mergr.com/company/29044,2026-09-07T14:00:00Z
1031,Sun Capital Partners,Florida,16875,Strauss Innovation GmbH & Co. KG,Retail,"Langenfeld, Germany",2011-12-09,Secondary Buyout,2014-08-18,Secondary Sale,2.7,False,190,0,0,https://mergr.com/company/16875,2026-09-07T14:00:00Z
1031,Sun Capital Partners,Florida,30909,Jacques Vert Plc,Retail,"London, United Kingdom",2011-09-01,Going Private,,,15,True,,0,0,https://mergr.com/company/30909,2026-09-07T14:00:00Z
1031,Sun Capital Partners,Florida,30899,"Contessa Premium Foods, Inc.",Food,"Commerce, California, United States",2011-07-20,"Buyout (LBO, MBO, MBI)",2014-05-01,Bankruptcy,2.8,False,,0,0,https://mergr.com/company/30899,2026-09-07T14:00:00Z
1031,Sun Capital Partners,Florida,30920,Scotch & Soda,Apparel/Textiles,"Hoofddorp, Netherlands",2011-07-12,"Buyout (LBO, MBO, MBI)",2023-03-27,Divestiture,11.7,False,,0,0,https://mergr.com/company/30920,2026-09-07T14:00:00Z
1031,Sun Capital Partners,Florida,25379,Paccor,Packaging,"Dusseldorf, Germany",2011-06-01,"Buyout (LBO, MBO, MBI)",2013-05-01,Spin Off,1.9,False,676,0,0,https://mergr.com/company/25379,2026-09-07T14:00:00Z
1031,Sun Capital Partners,Florida,7765,Creekstone Farms Premium Beef LLC,Food,"Arkansas City, Kansas, United States",2011-04-19,Recapitalization,2017-07-20,Divestiture,6.3,False,,0,0,https://mergr.com/company/7765,2026-09-07T14:00:00Z
1031,Sun Capital Partners,Florida,17904,Britton Group Ltd.,Packaging,"Winsford, United Kingdom",2011-04-15,Secondary Buyout,2013-05-01,Divestiture,2,False,,2,0,https://mergr.com/company/17904,2026-09-07T14:00:00Z
1031,Sun Capital Partners,Florida,30915,Polestar UK Print Ltd.,Business Services,"Dunstable, United Kingdom",2011-04-15,"Buyout (LBO, MBO, MBI)",2015-12-22,Bankruptcy,4.7,False,,0,0,https://mergr.com/company/30915,2026-09-07T14:00:00Z
1031,Sun Capital Partners,Florida,8101,NextPharma Technologies,Life Science,"London, United Kingdom",2011-02-17,Secondary Buyout,2017-06-28,Trade Sale - Public Company,6.3,False,,0,0,https://mergr.com/company/8101,2026-09-07T14:00:00Z
1031,Sun Capital Partners,Florida,30922,The SCOOTER Store Ltd.,Consumer Products,"New Braunfels, Texas, United States",2011-02-02,Recapitalization,2013-02-01,Bankruptcy,1.9,False,,0,0,https://mergr.com/company/30922,2026-09-07T14:00:00Z
1031,Sun Capital Partners,Florida,20493,Harry's Fresh Foods,Food,"Portland, Oregon, United States",2010-11-12,Divestiture,2013-08-05,Divestiture,2.7,False,,0,0,https://mergr.com/company/20493,2026-09-07T14:00:00Z
1031,Sun Capital Partners,Florida,25383,V&D B.V.,Retail,"Amsterdam, Netherlands",2010-11-08,Divestiture,2015-12-31,Bankruptcy,5.1,False,,0,0,https://mergr.com/company/25383,2026-09-07T14:00:00Z
1031,Sun Capital Partners,Florida,25382,Reuther Verpackung GmbH & Co. KG,Packaging,"Neuwied, Germany",2010-10-25,"Buyout (LBO, MBO, MBI)",2011-06-01,Divestiture,0.6,False,,0,0,https://mergr.com/company/25382,2026-09-07T14:00:00Z
1031,Sun Capital Partners,Florida,30916,Prodac NV,Manufacturing,"Zwijndrecht, Belgium",2010-08-16,"Buyout (LBO, MBO, MBI)",2012-08-02,Bankruptcy,1.9,False,,0,0,https://mergr.com/company/30916,2026-09-07T14:00:00Z
1031,Sun Capital Partners,Florida,25373,Betts Group Ltd.,Manufacturing,"Colchester, United Kingdom",2010-08-05,"Buyout (LBO, MBO, MBI)",2011-01-27,Divestiture,0.4,False,,0,0,https://mergr.com/company/25373,2026-09-07T14:00:00Z
1031,Sun Capital Partners,Florida,29683,Famosa,Consumer Products,"Alicante, Spain",2010-08-05,Secondary Buyout,2019-07-29,Divestiture,8.9,False,,0,0,https://mergr.com/company/29683,2026-09-07T14:00:00Z
1031,Sun Capital Partners,Florida,25369,Albea,Packaging,"Puteaux, France",2010-07-01,"Buyout (LBO, MBO, MBI)",2018-03-26,Trade Sale - Public Company,7.7,False,,2,0,https://mergr.com/company/25369,2026-09-07T14:00:00Z
1031,Sun Capital Partners,Florida,25380,"Pace American, Inc.",Manufacturing,"Middlebury, Indiana, United States",2010-06-28,Special Situations/Distressed,2011-10-21,Shut Down,1.3,False,,0,0,https://mergr.com/company/25380,2026-09-07T14:00:00Z
1031,Sun Capital Partners,Florida,25372,Bar Louie,Restaurants,"Glenview, Illinois, United States",2010-06-02,"Buyout (LBO, MBO, MBI)",2020-01-27,Bankruptcy,9.6,False,,0,0,https://mergr.com/company/25372,2026-09-07T14:00:00Z
1031,Sun Capital Partners,Florida,25378,Hewden Stuart Ltd.,Business Services,"Manchester, United Kingdom",2010-05-05,Divestiture,2016-11-22,Bankruptcy,6.5,False,,0,0,https://mergr.com/company/25378,2026-09-07T14:00:00Z
1031,Sun Capital Partners,Florida,25374,Captain D's,Restaurants,"Nashville, Tennessee, United States",2010-05-01,Secondary Buyout,2013-10-15,Trade Sale - Public Company,3.4,False,,0,0,https://mergr.com/company/25374,2026-09-07T14:00:00Z
1031,Sun Capital Partners,Florida,25371,Atmosphere Bars and Clubs Ltd.,Restaurants,"Knowlhill, United Kingdom",2010-02-01,"Buyout (LBO, MBO, MBI)",2013-05-14,Bankruptcy,3.3,False,,0,0,https://mergr.com/company/25371,2026-09-07T14:00:00Z
1031,Sun Capital Partners,Florida,30914,Point Blank Enterprises,Safety/Security,"Pompano Beach, Florida, United States",2010-02-01,Special Situations/Distressed,2015-06-15,Trade Sale - Public Company,5.3,False,,1,0,https://mergr.com/company/30914,2026-09-07T14:00:00Z
1894,Siris Capital Group,Florida,352142,EQ Customer Resolutions,Business Services,"Worthing, United Kingdom",2026-07-24,Divestiture,,,0.1,True,,0,0,https://mergr.com/company/352142,2026-09-07T00:00:00Z
1894,Siris Capital Group,Florida,352141,EQ Retirement Solutions,Business Services,"Worthing, United Kingdom",2026-07-24,Divestiture,,,0.1,True,,0,0,https://mergr.com/company/352141,2026-09-07T00:00:00Z
1894,Siris Capital Group,Florida,352140,Lenvi,Software,"Leeds, United Kingdom",2026-07-24,Divestiture,,,0.1,True,,0,0,https://mergr.com/company/352140,2026-09-07T00:00:00Z
1894,Siris Capital Group,Florida,291146,Takkion,Energy Services and Equipment,"Evansville, Wyoming, United States",2026-03-09,Secondary Buyout,,,0.4,True,,0,0,https://mergr.com/company/291146,2026-09-07T00:00:00Z
1894,Siris Capital Group,Florida,252787,Gigamon,Information Technology,"Santa Clara, California, United States",2024-02-22,Growth Capital,,,2.5,True,,0,0,https://mergr.com/company/252787,2026-09-07T00:00:00Z
1894,Siris Capital Group,Florida,247571,BearCom,Electronics,"Garland, Texas, United States",2023-11-27,Secondary Buyout,,,2.8,True,,2,0,https://mergr.com/company/247571,2026-09-07T00:00:00Z
1894,Siris Capital Group,Florida,6441,Equiniti,Financial Services,"Worthing, United Kingdom",2021-05-27,Going Private,2026-05-05,Divestiture,4.9,False,727,2,0,https://mergr.com/company/6441,2026-09-07T00:00:00Z
1894,Siris Capital Group,Florida,148013,Constant Contact,Internet Software and Services,"Waltham, Massachusetts, United States",2021-02-10,Divestiture,,,5.5,True,332,4,0,https://mergr.com/company/148013,2026-09-07T00:00:00Z
1894,Siris Capital Group,Florida,21714,Newfold Digital,Internet Software and Services,"Jacksonville, Florida, United States",2020-11-02,Going Private,,,5.8,True,1113,5,2,https://mergr.com/company/21714,2026-09-07T00:00:00Z
1894,Siris Capital Group,Florida,6006,TPx Communications,Communications,"Austin, Texas, United States",2019-08-19,Secondary Buyout,,,7,True,,0,1,https://mergr.com/company/6006,2026-09-07T00:00:00Z
1894,Siris Capital Group,Florida,123969,EFI,Technology Hardware,"Londonderry, New Hampshire, United States",2019-04-15,Going Private,,,7.3,True,1015,3,3,https://mergr.com/company/123969,2026-09-07T00:00:00Z
1894,Siris Capital Group,Florida,10823,Travelport,Information Technology,"Langley, United Kingdom",2018-12-10,Going Private,,,7.7,True,2447,1,2,https://mergr.com/company/10823,2026-09-07T00:00:00Z
1894,Siris Capital Group,Florida,17065,Web.com,Internet Software and Services,"Jacksonville, Florida, United States",2018-06-21,Going Private,2021-02-10,Spin Off,2.6,False,749,3,3,https://mergr.com/company/17065,2026-09-07T00:00:00Z
1894,Siris Capital Group,Florida,38633,Poly,Technology Hardware,"Santa Cruz, California, United States",2018-03-28,Stake Purchase,,,8.4,True,1728,1,0,https://mergr.com/company/38633,2026-09-07T00:00:00Z
1894,Siris Capital Group,Florida,7726,"IntraLinks Holdings, Inc.",Internet Software and Services,"New York City, New York, United States",2017-10-17,Divestiture,2018-09-06,Divestiture,0.8,False,290,0,0,https://mergr.com/company/7726,2026-09-07T00:00:00Z
1894,Siris Capital Group,Florida,285670,Mavenir,Internet Software and Services,"Richardson, Texas, United States",2017-02-08,Consolidation,,,9.5,True,,7,0,https://mergr.com/company/285670,2026-09-07T00:00:00Z
1894,Siris Capital Group,Florida,71537,"Polycom, Inc.",Information Technology,"San Jose, California, United States",2016-07-08,"Buyout (LBO, MBO, MBI)",2018-03-28,Divestiture,1.7,False,1100,1,0,https://mergr.com/company/71537,2026-09-07T00:00:00Z
1894,Siris Capital Group,Florida,180355,Xura,Information Technology,"Wakefield, Massachusetts, United States",2016-05-23,Going Private,2017-02-08,Spin Off,0.7,False,477,2,2,https://mergr.com/company/180355,2026-09-07T00:00:00Z
1894,Siris Capital Group,Florida,188353,PGI,Software,"Alpharetta, Georgia, United States",2015-12-08,Going Private,,,10.7,True,567,1,0,https://mergr.com/company/188353,2026-09-07T00:00:00Z
1894,Siris Capital Group,Florida,51318,Digital River,Internet Software and Services,"Minnetonka, Minnesota, United States",2014-10-23,Going Private,2025-01-28,Shut Down,10.3,False,390,0,3,https://mergr.com/company/51318,2026-09-07T00:00:00Z
1894,Siris Capital Group,Florida,130993,Pulse Secure LLC,Information Technology,"San Jose, California, United States",2014-10-01,Divestiture,2020-09-28,Divestiture,5.9,False,,2,0,https://mergr.com/company/130993,2026-09-07T00:00:00Z
1894,Siris Capital Group,Florida,3164,Stratus,Software,"Maynard, Massachusetts, United States",2014-03-31,Secondary Buyout,2022-06-29,Divestiture,8.2,False,,1,0,https://mergr.com/company/3164,2026-09-07T00:00:00Z
1894,Siris Capital Group,Florida,13884,Transaction Network Services,Communications,"Reston, Virginia, United States",2012-12-11,Going Private,2021-06-01,Divestiture,8.4,False,,5,2,https://mergr.com/company/13884,2026-09-07T00:00:00Z
1894,Siris Capital Group,Florida,42473,"Tekelec Global, Inc.",Software,"Morrisville, North Carolina, United States",2012-01-27,Going Private,2013-03-25,Divestiture,1.1,False,,0,1,https://mergr.com/company/42473,2026-09-07T00:00:00Z
1894,Siris Capital Group,Florida,81153,Airvana LP,Communications,"Chelmsford, Massachusetts, United States",2009-12-18,Going Private,2015-10-01,Divestiture,5.8,False,,0,0,https://mergr.com/company/81153,2026-09-07T00:00:00Z
