owner_firm_id,owner_firm_name,owner_firm_state,company_id,company_name,sector,location,acquired_date,acquisition_type,exit_date,exit_type,hold_years,is_current,revenue_millions_usd,acquisitions_during_hold,divestitures_during_hold,mergr_url,_fetched_at
1515,Mangrove Equity Partners,Florida,353264,Chamberlain Machine,Manufacturing,"Walpole, New Hampshire, United States",2026-08-26,"Buyout (LBO, MBO, MBI)",,,0,True,,0,0,https://mergr.com/company/353264,2026-09-04T02:09:13Z
1515,Mangrove Equity Partners,Florida,353259,Cascon,Manufacturing,"Yarmouth, Maine, United States",2026-08-26,"Buyout (LBO, MBO, MBI)",,,0,True,,0,0,https://mergr.com/company/353259,2026-09-04T02:09:13Z
1515,Mangrove Equity Partners,Florida,339798,Sphere Investigations,Business Services,"Tampa, Florida, United States",2025-03-14,Consolidation,,,1.4,True,,2,0,https://mergr.com/company/339798,2026-09-04T02:09:13Z
1515,Mangrove Equity Partners,Florida,266744,Griffin Gear,Manufacturing,"Roebuck, South Carolina, United States",2024-11-18,Secondary Buyout,,,1.8,True,,1,0,https://mergr.com/company/266744,2026-09-04T02:09:13Z
1515,Mangrove Equity Partners,Florida,350385,A&R Sealcoating,Business Services,"Waterford, Michigan, United States",2024-09-06,Growth Capital,,,1.9,True,,0,0,https://mergr.com/company/350385,2026-09-04T02:09:13Z
1515,Mangrove Equity Partners,Florida,328547,A & R Sealcoating,Construction,"Waterford, Michigan, United States",2024-09-06,Growth Capital,,,1.9,True,,0,0,https://mergr.com/company/328547,2026-09-04T02:09:13Z
1515,Mangrove Equity Partners,Florida,323916,Normco Pump & Power,Business Services,"Shawnee, Oklahoma, United States",2024-04-16,Growth Capital,,,2.3,True,,0,0,https://mergr.com/company/323916,2026-09-04T02:09:13Z
1515,Mangrove Equity Partners,Florida,323022,Wear-Concepts,Building Materials,"Liberty, Missouri, United States",2023-07-24,Growth Capital,,,3.1,True,,0,0,https://mergr.com/company/323022,2026-09-04T02:09:13Z
1515,Mangrove Equity Partners,Florida,307073,Atlas Greenhouse,Building Materials,"Alapaha, Georgia, United States",2022-10-26,"Buyout (LBO, MBO, MBI)",,,3.8,True,,1,0,https://mergr.com/company/307073,2026-09-04T02:09:13Z
1515,Mangrove Equity Partners,Florida,299285,Vintage Air,Automotive,"San Antonio, Texas, United States",2022-05-02,Growth Capital,2025-10-16,Trade Sale - Public Company,3.4,False,,0,0,https://mergr.com/company/299285,2026-09-04T02:09:13Z
1515,Mangrove Equity Partners,Florida,298596,STCR,Information Technology,"Endwell, New York, United States",2022-04-13,Growth Capital,,,4.3,True,,0,0,https://mergr.com/company/298596,2026-09-04T02:09:13Z
1515,Mangrove Equity Partners,Florida,307074,Seaside Waste Services,Environmental,"Hammonton, New Jersey, United States",2021-05-21,Growth Capital,2025-08-06,Divestiture,4.2,False,,0,0,https://mergr.com/company/307074,2026-09-04T02:09:13Z
1515,Mangrove Equity Partners,Florida,307071,MT2 Firing Range Experts,Environmental,"Arvada, Colorado, United States",2021-02-01,"Buyout (LBO, MBO, MBI)",,,5.6,True,,0,0,https://mergr.com/company/307071,2026-09-04T02:09:13Z
1515,Mangrove Equity Partners,Florida,278422,STAR Turbine,Energy Services and Equipment,"Marion, Ohio, United States",2020-11-18,Growth Capital,,,5.8,True,,0,0,https://mergr.com/company/278422,2026-09-04T02:09:13Z
1515,Mangrove Equity Partners,Florida,268626,Hi-Lite Airfield Services,Safety/Security,"Watertown, New York, United States",2020-01-30,Growth Capital,2021-01-04,Divestiture,0.9,False,,0,0,https://mergr.com/company/268626,2026-09-04T02:09:13Z
1515,Mangrove Equity Partners,Florida,307069,PPS,Safety/Security,"Alsip, Illinois, United States",2018-12-01,Consolidation,,,7.8,True,,1,0,https://mergr.com/company/307069,2026-09-04T02:09:13Z
1515,Mangrove Equity Partners,Florida,307072,Sharp Tooling Solutions,Manufacturing,"Romeo, Michigan, United States",2017-12-14,"Buyout (LBO, MBO, MBI)",2024-06-24,Divestiture,6.5,False,,0,0,https://mergr.com/company/307072,2026-09-04T02:09:13Z
1515,Mangrove Equity Partners,Florida,177958,Inline Filling Systems,Machinery,"Venice, Florida, United States",2016-06-30,Secondary Buyout,2020-12-08,Divestiture,4.4,False,,0,0,https://mergr.com/company/177958,2026-09-04T02:09:13Z
1515,Mangrove Equity Partners,Florida,279059,Wild Goose Filling,Machinery,"Louisville, Colorado, United States",2016-06-30,"Buyout (LBO, MBO, MBI)",2020-12-08,Divestiture,4.4,False,,1,0,https://mergr.com/company/279059,2026-09-04T02:09:13Z
1515,Mangrove Equity Partners,Florida,228327,DDM CONCUT,Manufacturing,"Tucker, Georgia, United States",2015-10-01,"Buyout (LBO, MBO, MBI)",,,10.9,True,,1,0,https://mergr.com/company/228327,2026-09-04T02:09:13Z
1515,Mangrove Equity Partners,Florida,200954,ChurchDesk,Internet Software and Services,"London, United Kingdom",2015-08-20,Growth Capital,,,11,True,,0,0,https://mergr.com/company/200954,2026-09-04T02:09:13Z
1515,Mangrove Equity Partners,Florida,199595,"ReadyLIFT Suspension, Inc.",Automotive,"Henderson, Nevada, United States",2015-02-01,Growth Capital,2018-10-29,Divestiture,3.7,False,,0,0,https://mergr.com/company/199595,2026-09-04T02:09:13Z
1515,Mangrove Equity Partners,Florida,199592,APR,Automotive,"Opelika, Alabama, United States",2014-04-01,Recapitalization,2017-11-16,Unknown,3.6,False,,0,0,https://mergr.com/company/199592,2026-09-04T02:09:13Z
1515,Mangrove Equity Partners,Florida,199591,Tioga,Electronics,"Brooklyn Center, Minnesota, United States",2013-06-28,"Buyout (LBO, MBO, MBI)",2017-08-07,Divestiture,4.1,False,,2,0,https://mergr.com/company/199591,2026-09-04T02:09:13Z
1515,Mangrove Equity Partners,Florida,32859,"North American Aviation Services, Inc.",Aerospace,"San Antonio, Texas, United States",2011-08-16,Recapitalization,2014-10-17,Divestiture,3.2,False,,1,0,https://mergr.com/company/32859,2026-09-04T02:09:13Z
1515,Mangrove Equity Partners,Florida,122805,Turbo Mach LLC,Manufacturing,"San Antonio, Texas, United States",2011-08-01,Recapitalization,2013-05-03,Divestiture,1.8,False,,0,0,https://mergr.com/company/122805,2026-09-04T02:09:13Z
1515,Mangrove Equity Partners,Florida,32858,"Westland Technologies, Inc.",Manufacturing,"Modesto, California, United States",2011-04-19,Recapitalization,2016-09-06,Divestiture,5.3,False,,0,0,https://mergr.com/company/32858,2026-09-04T02:09:13Z
1515,Mangrove Equity Partners,Florida,32857,Integrated Global Services,Chemicals,"Richmond, Virginia, United States",2010-08-26,"Buyout (LBO, MBO, MBI)",2014-05-15,Trade Sale - Public Company,3.7,False,,0,0,https://mergr.com/company/32857,2026-09-04T02:09:13Z
1515,Mangrove Equity Partners,Florida,24065,"Gayesco International, Inc.",Manufacturing,"Pasadena, Texas, United States",2010-01-13,Recapitalization,,,16.6,True,,0,0,https://mergr.com/company/24065,2026-09-04T02:09:13Z
1515,Mangrove Equity Partners,Florida,176133,"Excalibur Crossbow, Inc.",Aerospace,"Kitchener, Ontario, Canada",2010-01-01,"Buyout (LBO, MBO, MBI)",2014-01-08,Divestiture,4,False,,0,0,https://mergr.com/company/176133,2026-09-04T02:09:13Z
1515,Mangrove Equity Partners,Florida,14736,"R&H Supply, Inc.",Distribution,"Broussard, Louisiana, United States",2008-11-14,Recapitalization,,,17.8,True,,0,0,https://mergr.com/company/14736,2026-09-04T02:09:13Z
1515,Mangrove Equity Partners,Florida,32855,"Everett Laboratories, Inc.",Medical Products,"West Orange, New Jersey, United States",2008-08-20,Recapitalization,2010-03-16,Divestiture,1.5,False,,0,0,https://mergr.com/company/32855,2026-09-04T02:09:13Z
5390,Lightview Capital,Florida,352653,InStore Technology,Information Technology,"Bellevue, Washington, United States",2026-08-10,Growth Capital,,,0,True,,0,0,https://mergr.com/company/352653,2026-09-04T02:09:13Z
5390,Lightview Capital,Florida,342141,FSS Technologies,Safety/Security,"Arlington Heights, Illinois, United States",2025-10-28,Growth Capital,,,0.8,True,,0,0,https://mergr.com/company/342141,2026-09-04T02:09:13Z
5390,Lightview Capital,Florida,306528,Mile Marker,Marketing,"New York, New York, United States",2022-10-28,Growth Capital,,,3.8,True,,2,0,https://mergr.com/company/306528,2026-09-04T02:09:13Z
5390,Lightview Capital,Florida,319208,CyberSheath,Information Technology,"Reston, Virginia, United States",2021-12-14,Growth Capital,2024-05-22,Trade Sale - Public Company,2.4,False,,0,0,https://mergr.com/company/319208,2026-09-04T02:09:13Z
5390,Lightview Capital,Florida,70078,MotionPoint,Internet Software and Services,"Coconut Creek, Florida, United States",2021-04-01,Secondary Buyout,,,5.4,True,,2,0,https://mergr.com/company/70078,2026-09-04T02:09:13Z
5390,Lightview Capital,Florida,301614,Buchanan Technologies,Information Technology,"Grapevine, Texas, United States",2019-08-19,"Buyout (LBO, MBO, MBI)",,,7,True,,2,0,https://mergr.com/company/301614,2026-09-04T02:09:13Z
5390,Lightview Capital,Florida,257576,Array,Information Technology,"Greenwood Village, Colorado, United States",2019-01-17,Growth Capital,2024-08-05,Divestiture,5.5,False,,0,0,https://mergr.com/company/257576,2026-09-04T02:09:13Z
5390,Lightview Capital,Florida,218641,Metova,Information Technology,"Conway, Arkansas, United States",2018-05-01,Recapitalization,,,8.3,True,,0,0,https://mergr.com/company/218641,2026-09-04T02:09:13Z
5390,Lightview Capital,Florida,227105,Clarke Solutions,Packaging,"Fishers, Indiana, United States",2015-09-24,"Buyout (LBO, MBO, MBI)",2020-10-27,Unknown,5.1,False,,2,0,https://mergr.com/company/227105,2026-09-04T02:09:13Z
5390,Lightview Capital,Florida,221453,Acuant,Software,"Los Angeles, California, United States",2013-06-19,Growth Capital,2018-09-24,Trade Sale,5.3,False,,1,0,https://mergr.com/company/221453,2026-09-04T02:09:13Z
843,The Anderson Group,Florida,28924,Sirchie,Consumer Products,"Youngsville, North Carolina, United States",2026-08-04,"Buyout (LBO, MBO, MBI)",,,0.1,True,,0,0,https://mergr.com/company/28924,2026-09-04T02:09:13Z
843,The Anderson Group,Florida,338611,Schwenn Services,Business Services,"Winter Garden, Florida, United States",2025-07-22,"Buyout (LBO, MBO, MBI)",,,1.1,True,,0,0,https://mergr.com/company/338611,2026-09-04T02:09:13Z
843,The Anderson Group,Florida,11278,Double B Foods,Food,"Arlington, Texas, United States",2024-10-17,Secondary Buyout,,,1.8,True,,0,0,https://mergr.com/company/11278,2026-09-04T02:09:13Z
843,The Anderson Group,Florida,328366,MetalMart,Metals/Mining,"Commerce, California, United States",2024-08-12,"Buyout (LBO, MBO, MBI)",,,2,True,,0,0,https://mergr.com/company/328366,2026-09-04T02:09:13Z
843,The Anderson Group,Florida,272023,FK Instrument,Manufacturing,"Clearwater, Florida, United States",2019-10-30,Recapitalization,,,6.8,True,,0,0,https://mergr.com/company/272023,2026-09-04T02:09:13Z
843,The Anderson Group,Florida,5076,Fosbel,Business Services,"Cleveland, Ohio, United States",2019-05-13,"Buyout (LBO, MBO, MBI)",,,7.3,True,,1,0,https://mergr.com/company/5076,2026-09-04T02:09:13Z
843,The Anderson Group,Florida,272029,Olympic Aviation,Distribution,"Cerritos, California, United States",2018-06-18,"Buyout (LBO, MBO, MBI)",,,8.2,True,,1,0,https://mergr.com/company/272029,2026-09-04T02:09:13Z
843,The Anderson Group,Florida,247498,United Brands,Beverages,"San Diego, California, United States",2017-06-01,Growth Capital,,,9.3,True,,0,0,https://mergr.com/company/247498,2026-09-04T02:09:13Z
843,The Anderson Group,Florida,238518,World Precision Instruments,Test/Measurement Equipment,"Sarasota, Florida, United States",2016-05-02,"Buyout (LBO, MBO, MBI)",,,10.3,True,,0,0,https://mergr.com/company/238518,2026-09-04T02:09:13Z
843,The Anderson Group,Florida,203121,Parkview Health Services,Life Science,"Buffalo, New York, United States",2014-12-01,"Buyout (LBO, MBO, MBI)",2023-06-28,Divestiture,8.5,False,,2,0,https://mergr.com/company/203121,2026-09-04T02:09:13Z
843,The Anderson Group,Florida,109541,Red Monkey Foods,Food,"Springfield, Missouri, United States",2014-03-01,Recapitalization,2017-01-18,Trade Sale - Public Company,2.8,False,,0,0,https://mergr.com/company/109541,2026-09-04T02:09:13Z
843,The Anderson Group,Florida,177935,Aerial Wireless Services LLC,Infrastructure,"Bellingham, Massachusetts, United States",2013-11-01,Divestiture,2019-10-21,Bankruptcy,5.9,False,,0,0,https://mergr.com/company/177935,2026-09-04T02:09:13Z
843,The Anderson Group,Florida,109533,Valley International Cold Storage,Real Estate,"Harlingen, Texas, United States",2013-07-01,"Buyout (LBO, MBO, MBI)",,,13.2,True,,0,0,https://mergr.com/company/109533,2026-09-04T02:09:13Z
843,The Anderson Group,Florida,37225,Cole Kepro International,Manufacturing,"North Las Vegas, Nevada, United States",2011-09-01,Growth Capital,,,15,True,,1,0,https://mergr.com/company/37225,2026-09-04T02:09:13Z
843,The Anderson Group,Florida,37317,Oberfields,Building Materials,"Columbus, Ohio, United States",2011-07-26,"Buyout (LBO, MBO, MBI)",2017-04-05,Trade Sale - Public Company,5.7,False,,2,0,https://mergr.com/company/37317,2026-09-04T02:09:13Z
843,The Anderson Group,Florida,37257,Latina Boulevard Foods,Food,"Cheektowaga, New York, United States",2010-12-01,"Buyout (LBO, MBO, MBI)",,,15.8,True,,7,0,https://mergr.com/company/37257,2026-09-04T02:09:13Z
843,The Anderson Group,Florida,4689,"Perfect Fit Industries, Inc.",Consumer Products,"Charlotte, North Carolina, United States",2010-06-01,"Buyout (LBO, MBO, MBI)",2015-11-01,Divestiture,5.4,False,,0,0,https://mergr.com/company/4689,2026-09-04T02:09:13Z
843,The Anderson Group,Florida,22925,Thayer Power and Communications,Construction,"Pataskala, Ohio, United States",2010-03-01,Special Situations/Distressed,,,16.5,True,,0,0,https://mergr.com/company/22925,2026-09-04T02:09:13Z
843,The Anderson Group,Florida,22924,Michigan Wheel,Marine,"Grand Rapids, Michigan, United States",2009-09-01,Special Situations/Distressed,,,17,True,,0,0,https://mergr.com/company/22924,2026-09-04T02:09:13Z
843,The Anderson Group,Florida,13292,Quality Logging,Energy Services and Equipment,"Midland, Texas, United States",2008-03-01,Recapitalization,,,18.5,True,,1,0,https://mergr.com/company/13292,2026-09-04T02:09:13Z
843,The Anderson Group,Florida,13291,After Six LLC,Apparel/Textiles,"Athens, Georgia, United States",2008-02-01,"Buyout (LBO, MBO, MBI)",,,18.6,True,,2,0,https://mergr.com/company/13291,2026-09-04T02:09:13Z
843,The Anderson Group,Florida,6695,King Canopy,Distribution,"Fuquay Varina, North Carolina, United States",2006-11-01,"Buyout (LBO, MBO, MBI)",,,19.8,True,,0,0,https://mergr.com/company/6695,2026-09-04T02:09:13Z
843,The Anderson Group,Florida,37241,LaBella Sausage LLC,Food,"Brooksville, Florida, United States",2006-09-01,"Buyout (LBO, MBO, MBI)",2013-10-01,Divestiture,7.1,False,,0,0,https://mergr.com/company/37241,2026-09-04T02:09:13Z
843,The Anderson Group,Florida,6692,Hastings Manufacturing,Automotive,"Hastings, Michigan, United States",2005-12-01,Special Situations/Distressed,2013-05-01,Trade Sale - Public Company,7.4,False,,0,0,https://mergr.com/company/6692,2026-09-04T02:09:13Z
843,The Anderson Group,Florida,6697,TexStyle LLC,Apparel/Textiles,"Cincinnati, Ohio, United States",2005-12-01,"Buyout (LBO, MBO, MBI)",,,20.8,True,,0,0,https://mergr.com/company/6697,2026-09-04T02:09:13Z
843,The Anderson Group,Florida,178079,Digital Excellence LLC,Technology Hardware,"Minneapolis, Minnesota, United States",2002-01-01,"Buyout (LBO, MBO, MBI)",2006-11-01,Divestiture,4.8,False,,0,0,https://mergr.com/company/178079,2026-09-04T02:09:13Z
843,The Anderson Group,Florida,20466,"ATCO Products, Inc.",Automotive,"Ferris, Texas, United States",1997-02-13,"Buyout (LBO, MBO, MBI)",,,29.5,True,,0,0,https://mergr.com/company/20466,2026-09-04T02:09:13Z
7098,Tarte Capital,Florida,352431,Genergy,Internet Software and Services,"New York, New York, United States",2026-08-04,Acquisition Financing,,,0.1,True,,1,0,https://mergr.com/company/352431,2026-09-04T02:09:13Z
7098,Tarte Capital,Florida,352789,TPD Design House,Business Services,"Wayne, Pennsylvania, United States",2026-07-30,Growth Capital,,,0.1,True,,0,0,https://mergr.com/company/352789,2026-09-04T02:09:13Z
2355,White Wolf Capital,Florida,349493,AccuCast,Distribution,"Waco, Texas, United States",2026-05-20,Growth Capital,,,0.3,True,,0,0,https://mergr.com/company/349493,2026-09-04T02:09:13Z
2355,White Wolf Capital,Florida,319832,Seacoast Service Partners,Business Services,"Miami, Florida, United States",2023-12-11,Consolidation,,,2.7,True,,12,0,https://mergr.com/company/319832,2026-09-04T02:09:13Z
2355,White Wolf Capital,Florida,308351,CEIS,Business Services,"Miami, Florida, United States",2022-12-09,"Buyout (LBO, MBO, MBI)",,,3.7,True,,4,0,https://mergr.com/company/308351,2026-09-04T02:09:13Z
2355,White Wolf Capital,Florida,98241,Weatherhaven,Construction,"Burnaby, British Columbia, Canada",2021-09-15,Secondary Buyout,,,4.9,True,,0,0,https://mergr.com/company/98241,2026-09-04T02:09:13Z
2355,White Wolf Capital,Florida,298894,JS Global,Construction,"Upper Marlboro, Maryland, United States",2021-02-01,Recapitalization,,,5.6,True,,1,0,https://mergr.com/company/298894,2026-09-04T02:09:13Z
2355,White Wolf Capital,Florida,304967,NewCo Plastics,Plastics,"Miami, Florida, United States",2020-03-01,"Buyout (LBO, MBO, MBI)",,,6.5,True,,3,0,https://mergr.com/company/304967,2026-09-04T02:09:13Z
2355,White Wolf Capital,Florida,267072,Temporary Housing Directory,Business Services,"Plano, Texas, United States",2019-11-30,Recapitalization,2021-10-01,Divestiture,1.8,False,,0,0,https://mergr.com/company/267072,2026-09-04T02:09:13Z
2355,White Wolf Capital,Florida,241599,Consolidated Machine & Tool Holdings,Aerospace,"Miami, Florida, United States",2017-07-10,Consolidation,,,9.1,True,,9,0,https://mergr.com/company/241599,2026-09-04T02:09:13Z
2355,White Wolf Capital,Florida,230621,NSC Technologies,Staffing,"Atlanta, Georgia, United States",2016-11-11,Recapitalization,,,9.8,True,,6,0,https://mergr.com/company/230621,2026-09-04T02:09:13Z
2355,White Wolf Capital,Florida,222133,Consulting Solutions International,Information Technology,"Jacksonville, Florida, United States",2016-06-16,Recapitalization,,,10.2,True,,8,0,https://mergr.com/company/222133,2026-09-04T02:09:13Z
2355,White Wolf Capital,Florida,216165,Stag Arms,Defense,"Cheyenne, Wyoming, United States",2016-02-29,"Buyout (LBO, MBO, MBI)",,,10.5,True,,0,0,https://mergr.com/company/216165,2026-09-04T02:09:13Z
2355,White Wolf Capital,Florida,190089,Technicut Tool,Manufacturing,"Windsor, Ontario, Canada",2015-05-31,Recapitalization,,,11.3,True,,0,0,https://mergr.com/company/190089,2026-09-04T02:09:13Z
2355,White Wolf Capital,Florida,72025,Aero Precision,Defense,"Tacoma, Washington, United States",2013-11-08,Recapitalization,,,12.8,True,,3,0,https://mergr.com/company/72025,2026-09-04T02:09:13Z
2355,White Wolf Capital,Florida,36461,Hilco Technologies,Manufacturing,"Grand Rapids, Michigan, United States",2012-08-28,Recapitalization,2021-07-16,Divestiture,8.8,False,,0,0,https://mergr.com/company/36461,2026-09-04T02:09:13Z
7052,Hall Capital Holdings,Florida,349242,BatteryPlex,E-Commerce,"Coral Springs, Florida, United States",2026-05-18,"Buyout (LBO, MBO, MBI)",,,0.3,True,,0,0,https://mergr.com/company/349242,2026-09-04T02:09:13Z
7052,Hall Capital Holdings,Florida,349010,AC Direct,E-Commerce,"Winter Park, Florida, United States",2026-05-11,"Buyout (LBO, MBO, MBI)",,,0.3,True,,0,0,https://mergr.com/company/349010,2026-09-04T02:09:13Z
6557,Grovecourt Capital Partners,Florida,348219,Guide Architecture,Engineering,"Dallas, Texas, United States",2026-04-20,Growth Capital,,,0.3,True,,0,0,https://mergr.com/company/348219,2026-09-04T02:09:13Z
6557,Grovecourt Capital Partners,Florida,334092,IMRIS,Medical Products,"Chaska, Minnesota, United States",2025-02-19,"Buyout (LBO, MBO, MBI)",,,1.5,True,,0,0,https://mergr.com/company/334092,2026-09-04T02:09:13Z
6557,Grovecourt Capital Partners,Florida,317455,TMC,Engineering,"Orlando, Florida, United States",2023-08-28,"Buyout (LBO, MBO, MBI)",,,3,True,,4,0,https://mergr.com/company/317455,2026-09-04T02:09:13Z
6557,Grovecourt Capital Partners,Florida,314110,Premier Radiology Services,Healthcare Services,"Deerfield Beach, Florida, United States",2023-06-12,"Buyout (LBO, MBO, MBI)",,,3.2,True,,3,0,https://mergr.com/company/314110,2026-09-04T02:09:13Z
7035,Swaney Group Capital,Florida,347531,Apex Dental Laboratory Group,Healthcare Services,"Waco, Texas, United States",2026-03-31,Growth Capital,,,0.4,True,,0,0,https://mergr.com/company/347531,2026-09-04T02:09:13Z
7027,NewMile Capital,Florida,347177,Wilkerson Crane Rental,Business Services,"Bonner Springs, Kansas, United States",2026-03-17,Growth Capital,,,0.4,True,,0,0,https://mergr.com/company/347177,2026-09-04T02:09:13Z
7027,NewMile Capital,Florida,288865,OnPoint,Insurance,"Clarksville, Indiana, United States",2023-01-24,Acquisition Financing,,,3.6,True,,0,0,https://mergr.com/company/288865,2026-09-04T02:09:13Z
7027,NewMile Capital,Florida,288810,Newcleus,Financial Services,"Yardley, Pennsylvania, United States",2021-08-03,"Buyout (LBO, MBO, MBI)",,,5.1,True,,0,0,https://mergr.com/company/288810,2026-09-04T02:09:13Z
7027,NewMile Capital,Florida,315055,Mission Loans,Financial Services,"Irvine, California, United States",2020-12-01,"Buyout (LBO, MBO, MBI)",,,5.8,True,,0,0,https://mergr.com/company/315055,2026-09-04T02:09:13Z
7027,NewMile Capital,Florida,315057,Strong Home Mortgage,Financial Services,"Manassas, Virginia, United States",2020-06-01,"Buyout (LBO, MBO, MBI)",,,6.3,True,,0,0,https://mergr.com/company/315057,2026-09-04T02:09:13Z
7027,NewMile Capital,Florida,298192,EdgeCo Holdings,Financial Services,"Pittsburgh, Pennsylvania, United States",2018-06-01,"Buyout (LBO, MBO, MBI)",,,8.3,True,,1,1,https://mergr.com/company/298192,2026-09-04T02:09:13Z
7027,NewMile Capital,Florida,280828,Milestone Bank,Financial Services,"Troy, Michigan, United States",2013-11-15,Growth Capital,,,12.8,True,,0,0,https://mergr.com/company/280828,2026-09-04T02:09:13Z
6156,CapStone Holdings,Florida,344539,Structurely,Internet Software and Services,"Ames, Iowa, United States",2026-01-06,"Buyout (LBO, MBO, MBI)",,,0.6,True,,0,0,https://mergr.com/company/344539,2026-09-04T02:09:13Z
6156,CapStone Holdings,Florida,296614,Local Motors,Automotive,"Chandler, Arizona, United States",2021-05-06,Growth Capital,2022-03-24,Bankruptcy,0.8,False,,0,0,https://mergr.com/company/296614,2026-09-04T02:09:13Z
6156,CapStone Holdings,Florida,291915,The United Green,Staffing,"Auburn Hills, Michigan, United States",2021-03-11,Growth Capital,,,5.4,True,,0,0,https://mergr.com/company/291915,2026-09-04T02:09:13Z
6156,CapStone Holdings,Florida,282042,Perrone Robotics,Software,"Charlottesville, Virginia, United States",2021-02-22,Growth Capital,,,5.5,True,,0,0,https://mergr.com/company/282042,2026-09-04T02:09:13Z
6156,CapStone Holdings,Florida,263141,Ilera Healthcare,Agriculture,"Plymouth Meeting, Pennsylvania, United States",2020-12-21,Divestiture,,,5.7,True,,0,0,https://mergr.com/company/263141,2026-09-04T02:09:13Z
6156,CapStone Holdings,Florida,291914,Pro-Tech Group,Transportation,"Southfield, Michigan, United States",2020-10-13,Growth Capital,,,5.8,True,,0,0,https://mergr.com/company/291914,2026-09-04T02:09:13Z
6156,CapStone Holdings,Florida,258760,Curaleaf,Consumer Products,"Stamford, Connecticut, United States",2020-05-11,Stake Purchase,,,6.3,True,1268,10,0,https://mergr.com/company/258760,2026-09-04T02:09:13Z
6156,CapStone Holdings,Florida,296608,City Foundry STL,Real Estate,"St. Louis, Missouri, United States",2020-03-03,Growth Capital,,,6.5,True,,0,0,https://mergr.com/company/296608,2026-09-04T02:09:13Z
6916,Legacy Holdings,Florida,342636,PMT Site,Business Services,"Hermitage, Tennessee, United States",2025-11-08,Add-on Acquisition,,,0.8,True,,0,0,https://mergr.com/company/342636,2026-09-04T02:09:13Z
5266,Black Dragon Capital,Florida,341427,GenAspire,Internet Software and Services,United States,2025-10-07,"Buyout (LBO, MBO, MBI)",,,0.8,True,,0,0,https://mergr.com/company/341427,2026-09-04T02:09:13Z
5266,Black Dragon Capital,Florida,274043,PayOnWard,Internet Software and Services,"Boca Raton, Florida, United States",2022-11-15,Consolidation,,,3.8,True,,0,0,https://mergr.com/company/274043,2026-09-04T02:09:13Z
5266,Black Dragon Capital,Florida,333723,Veep,Software,"Boca Raton, Florida, United States",2022-09-08,Consolidation,,,3.9,True,,0,0,https://mergr.com/company/333723,2026-09-04T02:09:13Z
5266,Black Dragon Capital,Florida,333722,Digital Joy,Internet Software and Services,"Miami Beach, Florida, United States",2022-01-01,"Buyout (LBO, MBO, MBI)",,,4.7,True,,0,0,https://mergr.com/company/333722,2026-09-04T02:09:13Z
5266,Black Dragon Capital,Florida,27497,Grass Valley,Media,"San Francisco, California, United States",2020-02-04,Divestiture,,,6.6,True,,0,0,https://mergr.com/company/27497,2026-09-04T02:09:13Z
5266,Black Dragon Capital,Florida,266897,Maginus Software Solutions,Software,"Manchester, United Kingdom",2019-12-03,"Buyout (LBO, MBO, MBI)",,,6.8,True,,0,0,https://mergr.com/company/266897,2026-09-04T02:09:13Z
5266,Black Dragon Capital,Florida,4581,Enterworks,Internet Software and Services,"Sterling, Virginia, United States",2017-09-05,Growth Capital,2019-02-14,Spin Off,1.4,False,,0,0,https://mergr.com/company/4581,2026-09-04T02:09:13Z
5266,Black Dragon Capital,Florida,259120,Open Banking Solutions,Internet Software and Services,"Boca Raton, Florida, United States",2014-01-01,"Buyout (LBO, MBO, MBI)",,,12.7,True,,1,0,https://mergr.com/company/259120,2026-09-04T02:09:13Z
6764,Palm Peak Capital,Florida,31855,Domaille Engineering,Manufacturing,"Rochester, Minnesota, United States",2025-10-01,Divestiture,,,0.9,True,,0,0,https://mergr.com/company/31855,2026-09-04T02:09:13Z
6764,Palm Peak Capital,Florida,266878,Pacific Shoring,Manufacturing,"Santa Rosa, California, United States",2025-01-13,Secondary Buyout,,,1.6,True,,1,0,https://mergr.com/company/266878,2026-09-04T02:09:13Z
5620,Osceola Caital Management,Florida,338980,Fortify Restoration,Construction,"Tampa, Florida, United States",2025-07-10,Consolidation,,,1.1,True,,2,0,https://mergr.com/company/338980,2026-09-04T02:09:13Z
5620,Osceola Caital Management,Florida,333675,Bakers' Signs,Manufacturing,"Conroe, Texas, United States",2024-12-27,"Buyout (LBO, MBO, MBI)",,,1.7,True,,0,0,https://mergr.com/company/333675,2026-09-04T02:09:13Z
5620,Osceola Caital Management,Florida,328896,Valor Exterior Partners,Business Services,"Cincinnati, Ohio, United States",2024-09-18,"Buyout (LBO, MBO, MBI)",,,1.9,True,,7,0,https://mergr.com/company/328896,2026-09-04T02:09:13Z
5620,Osceola Caital Management,Florida,338970,Trauma Services,Business Services,"Mansfield, Massachusetts, United States",2024-04-10,Recapitalization,,,2.3,True,,0,0,https://mergr.com/company/338970,2026-09-04T02:09:13Z
5620,Osceola Caital Management,Florida,309565,Flotilla Partners,Business Services,"Tampa, Florida, United States",2023-02-01,"Buyout (LBO, MBO, MBI)",,,3.6,True,,7,0,https://mergr.com/company/309565,2026-09-04T02:09:13Z
5620,Osceola Caital Management,Florida,316415,Sightline Services,Marketing,"Houston, Texas, United States",2023-01-01,"Buyout (LBO, MBO, MBI)",,,3.7,True,,0,0,https://mergr.com/company/316415,2026-09-04T02:09:13Z
5620,Osceola Caital Management,Florida,295547,Revelation Pharma,Life Science,"Kennesaw, Georgia, United States",2021-03-23,Consolidation,,,5.4,True,,12,0,https://mergr.com/company/295547,2026-09-04T02:09:13Z
5620,Osceola Caital Management,Florida,276321,Industry Services,Business Services,"Theodore, Alabama, United States",2020-09-15,Recapitalization,,,5.9,True,,5,0,https://mergr.com/company/276321,2026-09-04T02:09:13Z
5620,Osceola Caital Management,Florida,272842,Central Medical Supply Group,Medical Products,"Flanders, New Jersey, United States",2020-06-02,Recapitalization,,,6.3,True,,3,0,https://mergr.com/company/272842,2026-09-04T02:09:13Z
5620,Osceola Caital Management,Florida,295248,PayrHealth,Business Services,"Austin, Texas, United States",2020-01-01,"Buyout (LBO, MBO, MBI)",,,6.7,True,,2,0,https://mergr.com/company/295248,2026-09-04T02:09:13Z
5620,Osceola Caital Management,Florida,264046,Tendit Group,Business Services,"Denver, Colorado, United States",2019-08-27,Recapitalization,,,7,True,,10,0,https://mergr.com/company/264046,2026-09-04T02:09:13Z
5620,Osceola Caital Management,Florida,258838,Quote,Digital Media,"St. Petersburg, Florida, United States",2019-03-01,"Buyout (LBO, MBO, MBI)",,,7.5,True,,1,0,https://mergr.com/company/258838,2026-09-04T02:09:13Z
5620,Osceola Caital Management,Florida,294840,Talent Groups,Staffing,"Houston, Texas, United States",2018-07-05,Consolidation,,,8.1,True,,5,0,https://mergr.com/company/294840,2026-09-04T02:09:13Z
5620,Osceola Caital Management,Florida,259989,Avision,Business Services,"Hershey, Pennsylvania, United States",2017-06-01,"Buyout (LBO, MBO, MBI)",2020-08-18,Trade Sale - Public Company,3.2,False,,3,0,https://mergr.com/company/259989,2026-09-04T02:09:13Z
5620,Osceola Caital Management,Florida,316092,Forward Solutions,Marketing,"Alpharetta, Georgia, United States",2017-01-01,"Buyout (LBO, MBO, MBI)",,,9.7,True,,3,0,https://mergr.com/company/316092,2026-09-04T02:09:13Z
5620,Osceola Caital Management,Florida,305677,O'Cloud,Internet Software and Services,"New York, New York, United States",2017-01-01,"Buyout (LBO, MBO, MBI)",,,9.7,True,,0,0,https://mergr.com/company/305677,2026-09-04T02:09:13Z
5620,Osceola Caital Management,Florida,305668,CMS Industrial Technologies,Machinery,"Gainesville, Georgia, United States",2015-01-01,"Buyout (LBO, MBO, MBI)",,,11.7,True,,0,0,https://mergr.com/company/305668,2026-09-04T02:09:13Z
6816,Everglades Equity,Florida,336760,Sun State,Business Services,"Jacksonville, Florida, United States",2025-05-23,Growth Capital,,,1.3,True,,0,0,https://mergr.com/company/336760,2026-09-04T02:09:13Z
5420,Canopy Capital Partners,Florida,336589,Archway Service Group,Business Services,"Shelby, North Carolina, United States",2025-05-15,"Buyout (LBO, MBO, MBI)",,,1.3,True,,0,0,https://mergr.com/company/336589,2026-09-04T02:09:13Z
5420,Canopy Capital Partners,Florida,327576,Pet Palette,Distribution,"Sykesville, Maryland, United States",2024-07-12,"Buyout (LBO, MBO, MBI)",,,2.1,True,,0,0,https://mergr.com/company/327576,2026-09-04T02:09:13Z
5420,Canopy Capital Partners,Florida,325887,Guardian Logistics Solutions,Transportation,"Durham, North Carolina, United States",2024-05-10,Growth Capital,,,2.3,True,,0,0,https://mergr.com/company/325887,2026-09-04T02:09:13Z
5420,Canopy Capital Partners,Florida,323100,American Vascular Associates,Healthcare Services,"Palm Harbor, Florida, United States",2023-04-26,Recapitalization,,,3.3,True,,0,0,https://mergr.com/company/323100,2026-09-04T02:09:13Z
5420,Canopy Capital Partners,Florida,296252,Cloud 9 Services,Consumer Services,"Orlando, Florida, United States",2022-02-11,"Buyout (LBO, MBO, MBI)",2024-02-02,Divestiture,1.9,False,,0,0,https://mergr.com/company/296252,2026-09-04T02:09:13Z
5420,Canopy Capital Partners,Florida,288118,Barcode,Marketing,"Bentonville, Arkansas, United States",2021-07-15,Recapitalization,,,5.1,True,,2,0,https://mergr.com/company/288118,2026-09-04T02:09:13Z
5420,Canopy Capital Partners,Florida,273598,Alloy Cladding,Manufacturing,"Jupiter, Florida, United States",2019-05-22,Recapitalization,,,7.3,True,,0,0,https://mergr.com/company/273598,2026-09-04T02:09:13Z
5420,Canopy Capital Partners,Florida,252033,Turtle Infrastructure Partners,Construction,"Largo, Florida, United States",2018-06-15,Recapitalization,,,8.2,True,,1,0,https://mergr.com/company/252033,2026-09-04T02:09:13Z
5420,Canopy Capital Partners,Florida,252034,DesignShop Holdings LLC,Business Services,"Orlando, Florida, United States",2016-05-02,Recapitalization,,,10.3,True,,0,0,https://mergr.com/company/252034,2026-09-04T02:09:13Z
5420,Canopy Capital Partners,Florida,210308,"Freight Force, Inc.",Transportation,"Anaheim, California, United States",2015-01-16,Recapitalization,2018-03-13,Divestiture,3.1,False,,0,0,https://mergr.com/company/210308,2026-09-04T02:09:13Z
6461,Halmos Capital Partners,Florida,335673,Vasco,Business Services,"Massillon, Ohio, United States",2025-04-16,"Buyout (LBO, MBO, MBI)",,,1.3,True,,3,0,https://mergr.com/company/335673,2026-09-04T02:09:13Z
6461,Halmos Capital Partners,Florida,310066,Northpoint,Construction,"Woodstock, Georgia, United States",2023-02-15,"Buyout (LBO, MBO, MBI)",,,3.5,True,,3,0,https://mergr.com/company/310066,2026-09-04T02:09:13Z
6461,Halmos Capital Partners,Florida,304189,Thermal Concepts,Business Services,"Davie, Florida, United States",2022-05-31,"Buyout (LBO, MBO, MBI)",,,4.3,True,,2,0,https://mergr.com/company/304189,2026-09-04T02:09:13Z
6461,Halmos Capital Partners,Florida,307251,Cedarline Outdoor,Business Services,"Colorado, United States",2022-01-26,"Buyout (LBO, MBO, MBI)",,,4.6,True,,0,0,https://mergr.com/company/307251,2026-09-04T02:09:13Z
6461,Halmos Capital Partners,Florida,270898,Aethon Energy,Energy Services and Equipment,"Dallas, Texas, United States",2015-04-30,"Buyout (LBO, MBO, MBI)",2026-01-16,Divestiture,10.7,False,,0,0,https://mergr.com/company/270898,2026-09-04T02:09:13Z
6807,Righting Group,Florida,335761,MKM Importers,Machinery,"Newington, Connecticut, United States",2025-04-14,"Buyout (LBO, MBO, MBI)",,,1.3,True,,0,0,https://mergr.com/company/335761,2026-09-04T02:09:13Z
6833,Azure Capital International,Florida,337247,S&E Renovations,Construction,"Venice, Florida, United States",2025-03-20,"Buyout (LBO, MBO, MBI)",,,1.4,True,,0,0,https://mergr.com/company/337247,2026-09-04T02:09:13Z
6363,A111 Capital,Florida,329632,Burnyzz,Automotive,"Ocala, Florida, United States",2024-10-10,"Buyout (LBO, MBO, MBI)",,,1.8,True,,0,0,https://mergr.com/company/329632,2026-09-04T02:09:13Z
6363,A111 Capital,Florida,314356,MacroCap Labs,Consumer Products,"Longwood, Florida, United States",2023-09-27,"Buyout (LBO, MBO, MBI)",,,2.9,True,,0,0,https://mergr.com/company/314356,2026-09-04T02:09:13Z
6363,A111 Capital,Florida,297178,Satellite Phone Store,Retail,"Bradenton, Florida, United States",2022-03-08,"Buyout (LBO, MBO, MBI)",,,4.4,True,,0,0,https://mergr.com/company/297178,2026-09-04T02:09:13Z
6446,Mollitiam Holdings,Florida,327577,BluRoc,Business Services,"Northampton, Massachusetts, United States",2024-07-30,Secondary Buyout,,,2.1,True,,0,0,https://mergr.com/company/327577,2026-09-04T02:09:13Z
6446,Mollitiam Holdings,Florida,306186,Extreme Steel Crane & Rigging,Transportation,"Manassas, Virginia, United States",2022-10-15,Growth Capital,,,3.8,True,,0,0,https://mergr.com/company/306186,2026-09-04T02:09:13Z
5445,Round Table Capital Management LP (RTC Partners),Florida,347836,Consertus,Business Services,"Miami, Florida, United States",2024-05-01,"Buyout (LBO, MBO, MBI)",,,2.3,True,,3,0,https://mergr.com/company/347836,2026-09-04T02:09:13Z
5445,Round Table Capital Management LP (RTC Partners),Florida,322557,Comm,Marketing,"Framingham, Massachusetts, United States",2024-03-06,Growth Capital,,,2.4,True,,0,0,https://mergr.com/company/322557,2026-09-04T02:09:13Z
5445,Round Table Capital Management LP (RTC Partners),Florida,318908,fama PR,Marketing,"Boston, Massachusetts, United States",2023-11-13,Growth Capital,,,2.8,True,,0,0,https://mergr.com/company/318908,2026-09-04T02:09:13Z
5445,Round Table Capital Management LP (RTC Partners),Florida,318909,Intelisent,Marketing,"Newington, Connecticut, United States",2023-11-13,Growth Capital,,,2.8,True,,0,0,https://mergr.com/company/318909,2026-09-04T02:09:13Z
5445,Round Table Capital Management LP (RTC Partners),Florida,318910,MarketBridge,Business Services,"Bethesda, Maryland, United States",2023-11-13,Growth Capital,,,2.8,True,,2,0,https://mergr.com/company/318910,2026-09-04T02:09:13Z
5445,Round Table Capital Management LP (RTC Partners),Florida,318911,Quarry,Marketing,"St. Jacobs, Ontario, Canada",2023-11-13,Growth Capital,,,2.8,True,,0,0,https://mergr.com/company/318911,2026-09-04T02:09:13Z
5445,Round Table Capital Management LP (RTC Partners),Florida,301744,Lumina,Healthcare Services,"Phoenix, Arizona, United States",2021-10-01,Growth Capital,2026-04-22,Divestiture,4.5,False,,0,0,https://mergr.com/company/301744,2026-09-04T02:09:13Z
5445,Round Table Capital Management LP (RTC Partners),Florida,274046,Hull & Associates,Engineering,"Dublin, Ohio, United States",2020-07-02,Growth Capital,,,6.2,True,,0,0,https://mergr.com/company/274046,2026-09-04T02:09:13Z
5445,Round Table Capital Management LP (RTC Partners),Florida,256902,Simplus Management Corp.,Engineering,"Cypress, California, United States",2018-06-29,"Buyout (LBO, MBO, MBI)",2018-10-26,Divestiture,0.3,False,,0,0,https://mergr.com/company/256902,2026-09-04T02:09:13Z
5089,Millpond Equity Partners,Florida,321820,Galileo Education,Education,"Franklin, Tennessee, United States",2024-02-07,Growth Capital,,,2.5,True,,2,0,https://mergr.com/company/321820,2026-09-04T02:09:13Z
5089,Millpond Equity Partners,Florida,298109,Paxton/Patterson,Education,"Alsip, Illinois, United States",2022-04-01,"Buyout (LBO, MBO, MBI)",,,4.4,True,,0,0,https://mergr.com/company/298109,2026-09-04T02:09:13Z
5089,Millpond Equity Partners,Florida,286878,Financial Aid Services,Business Services,"Atlanta, Georgia, United States",2021-06-02,Growth Capital,,,5.3,True,,0,0,https://mergr.com/company/286878,2026-09-04T02:09:13Z
5089,Millpond Equity Partners,Florida,218478,Futuri Media,Internet Software and Services,"Seven Hills, Ohio, United States",2019-02-13,Growth Capital,,,7.5,True,,0,0,https://mergr.com/company/218478,2026-09-04T02:09:13Z
5089,Millpond Equity Partners,Florida,255717,TouchMath,Publishing,"Colorado Springs, Colorado, United States",2018-11-02,"Buyout (LBO, MBO, MBI)",2024-02-29,Trade Sale - Public Company,5.3,False,,0,0,https://mergr.com/company/255717,2026-09-04T02:09:13Z
5089,Millpond Equity Partners,Florida,269904,PDS,Information Services,"Lake Worth, Florida, United States",2018-08-02,Growth Capital,2023-01-24,Bankruptcy,4.4,False,,0,0,https://mergr.com/company/269904,2026-09-04T02:09:13Z
5089,Millpond Equity Partners,Florida,247235,BrandRep,Digital Media,"Santa Ana, California, United States",2018-01-09,"Buyout (LBO, MBO, MBI)",,,8.6,True,,0,0,https://mergr.com/company/247235,2026-09-04T02:09:13Z
5089,Millpond Equity Partners,Florida,267221,Science Interactive,Education,"Englewood, Colorado, United States",2016-11-21,Recapitalization,,,9.8,True,,1,0,https://mergr.com/company/267221,2026-09-04T02:09:13Z
5089,Millpond Equity Partners,Florida,321985,Science First,Consumer Products,"Yulee, Florida, United States",2016-11-01,Recapitalization,,,9.8,True,,0,0,https://mergr.com/company/321985,2026-09-04T02:09:13Z
6342,Namakor Holdings,Florida,321060,CMI,Machinery,"Saint-Cyrille-De-Wendover, Quebec, Canada",2024-01-23,"Buyout (LBO, MBO, MBI)",,,2.6,True,,0,0,https://mergr.com/company/321060,2026-09-04T02:09:13Z
6342,Namakor Holdings,Florida,313357,Clotures Frontenac,Metals/Mining,"Terrebonne, Quebec, Canada",2023-01-10,"Buyout (LBO, MBO, MBI)",,,3.6,True,,0,0,https://mergr.com/company/313357,2026-09-04T02:09:13Z
6342,Namakor Holdings,Florida,296301,Duchesne,Metals/Mining,"Yamachiche, Quebec, Canada",2022-02-08,"Buyout (LBO, MBO, MBI)",,,4.5,True,,0,0,https://mergr.com/company/296301,2026-09-04T02:09:13Z
6342,Namakor Holdings,Florida,313352,Gelpac,Packaging,"Marieville, Quebec, Canada",2017-08-22,"Buyout (LBO, MBO, MBI)",2024-03-13,Divestiture,6.5,False,,2,0,https://mergr.com/company/313352,2026-09-04T02:09:13Z
6342,Namakor Holdings,Florida,313354,Termaco,Electrical Equipment,"Saint-Jean-sur-Richelieu, Quebec, Canada",2015-12-01,"Buyout (LBO, MBO, MBI)",,,10.8,True,,0,0,https://mergr.com/company/313354,2026-09-04T02:09:13Z
5907,Fourshore Partners,Florida,320329,Power Funding,Financial Services,"Miami, Florida, United States",2023-12-29,"Buyout (LBO, MBO, MBI)",,,2.7,True,,0,0,https://mergr.com/company/320329,2026-09-04T02:09:13Z
5907,Fourshore Partners,Florida,30441,Celtic Capital,Financial Services,"Santa Monica, California, United States",2022-04-29,Secondary Buyout,,,4.3,True,,0,0,https://mergr.com/company/30441,2026-09-04T02:09:13Z
5907,Fourshore Partners,Florida,122105,Buske Logistics,Transportation,"Edwardsville, Illinois, United States",2022-03-14,Divestiture,2025-11-04,Trade Sale - Public Company,3.6,False,,2,0,https://mergr.com/company/122105,2026-09-04T02:09:13Z
5907,Fourshore Partners,Florida,282762,Genesis Capital Finance,Financial Services,"Coral Gables, Florida, United States",2021-03-12,"Buyout (LBO, MBO, MBI)",,,5.4,True,,0,0,https://mergr.com/company/282762,2026-09-04T02:09:13Z
5907,Fourshore Partners,Florida,107713,North State Acceptance,Financial Services,"Raleigh, North Carolina, United States",2020-03-03,Secondary Buyout,,,6.5,True,,0,0,https://mergr.com/company/107713,2026-09-04T02:09:13Z
5450,Lincoln Road Global Management,Florida,338705,Silversand Services,Business Services,"Houston, Texas, United States",2023-11-07,"Buyout (LBO, MBO, MBI)",,,2.8,True,,2,0,https://mergr.com/company/338705,2026-09-04T02:09:13Z
5450,Lincoln Road Global Management,Florida,310536,Brothers National,Construction,"Manassas, Virginia, United States",2020-12-01,Growth Capital,2023-02-27,Spin Off,2.2,False,,0,0,https://mergr.com/company/310536,2026-09-04T02:09:13Z
5450,Lincoln Road Global Management,Florida,277597,Republic Fire Protection,Safety/Security,"Fort Myers, Florida, United States",2018-07-01,"Buyout (LBO, MBO, MBI)",2021-07-07,Divestiture,3,False,,2,0,https://mergr.com/company/277597,2026-09-04T02:09:13Z
6244,AIM Capital,Florida,343337,TICE,Restaurants,"Coconut Grove, Florida, United States",2023-08-01,"Buyout (LBO, MBO, MBI)",,,3.1,True,,0,0,https://mergr.com/company/343337,2026-09-04T02:09:13Z
6244,AIM Capital,Florida,287623,Reliance Medical Centers,Healthcare Services,"Lakeland, Florida, United States",2021-06-25,Growth Capital,,,5.2,True,,0,0,https://mergr.com/company/287623,2026-09-04T02:09:13Z
6572,Taconic Capital Holdings,Florida,315624,Excel,Business Services,"Tewksbury, Massachusetts, United States",2023-07-31,"Buyout (LBO, MBO, MBI)",,,3.1,True,,0,0,https://mergr.com/company/315624,2026-09-04T02:09:13Z
2013,Addison Capital Partners,Florida,316228,Communication Power Companies,Semiconductors,"Hauppauge, New York, United States",2023-07-06,Recapitalization,,,3.1,True,,0,0,https://mergr.com/company/316228,2026-09-04T02:09:13Z
2013,Addison Capital Partners,Florida,251212,IMG Companies,Manufacturing,"Livermore, California, United States",2016-06-22,Recapitalization,2021-11-16,Divestiture,5.3,False,,4,0,https://mergr.com/company/251212,2026-09-04T02:09:13Z
2013,Addison Capital Partners,Florida,266796,Gowanda Components Group,Electrical Equipment,"Gowanda, New York, United States",2016-06-15,Recapitalization,2020-12-31,Divestiture,4.5,False,,3,0,https://mergr.com/company/266796,2026-09-04T02:09:13Z
2013,Addison Capital Partners,Florida,247377,MPD Chemicals LLC,Chemicals,"Ambler, Pennsylvania, United States",2012-08-02,Recapitalization,2019-07-15,Divestiture,6.9,False,,2,0,https://mergr.com/company/247377,2026-09-04T02:09:13Z
2013,Addison Capital Partners,Florida,28162,Gowanda Electronics Corp.,Electronics,"Gowanda, New York, United States",2011-07-25,Recapitalization,2016-06-15,Divestiture,4.8,False,,2,0,https://mergr.com/company/28162,2026-09-04T02:09:13Z
2013,Addison Capital Partners,Florida,18456,"Accurate Inventory & Calculating Services, Inc.",Business Services,"Miami, Florida, United States",2009-04-15,Recapitalization,,,17.3,True,,3,0,https://mergr.com/company/18456,2026-09-04T02:09:13Z
2013,Addison Capital Partners,Florida,12553,"Monomer Polymer and Dajac Laboratories, Inc.",Life Science,"Ambler, Pennsylvania, United States",2008-03-31,"Buyout (LBO, MBO, MBI)",2012-08-02,Divestiture,4.3,False,,1,0,https://mergr.com/company/12553,2026-09-04T02:09:13Z
6390,JAL Equity,Florida,313878,Marketing.com,Marketing,"Eureka, Missouri, United States",2023-05-01,"Buyout (LBO, MBO, MBI)",,,3.3,True,,0,0,https://mergr.com/company/313878,2026-09-04T02:09:13Z
6390,JAL Equity,Florida,116869,Brant InStore,Business Services,"Brantford, Ontario, Canada",2022-12-01,Secondary Buyout,,,3.8,True,,0,0,https://mergr.com/company/116869,2026-09-04T02:09:13Z
6390,JAL Equity,Florida,305201,Eagle Productions,Apparel/Textiles,"Kansas, Kansas, United States",2022-09-27,"Buyout (LBO, MBO, MBI)",,,3.9,True,,0,0,https://mergr.com/company/305201,2026-09-04T02:09:13Z
6390,JAL Equity,Florida,313882,Tshirts.com,Apparel/Textiles,"Lake Forest, Illinois, United States",2022-01-01,"Buyout (LBO, MBO, MBI)",,,4.7,True,,0,0,https://mergr.com/company/313882,2026-09-04T02:09:13Z
6390,JAL Equity,Florida,299635,DAS Group,Marketing,"Philadelphia, Pennsylvania, United States",2021-11-30,"Buyout (LBO, MBO, MBI)",,,4.8,True,,0,0,https://mergr.com/company/299635,2026-09-04T02:09:13Z
6390,JAL Equity,Florida,313889,ColorArt,Business Services,"Eureka, Missouri, United States",2021-08-16,"Buyout (LBO, MBO, MBI)",,,5,True,,0,0,https://mergr.com/company/313889,2026-09-04T02:09:13Z
6390,JAL Equity,Florida,313913,Capital Signs & Awnings,Construction,"Bunkie, Louisiana, United States",2020-01-01,"Buyout (LBO, MBO, MBI)",,,6.7,True,,0,0,https://mergr.com/company/313913,2026-09-04T02:09:13Z
6304,Riveter Capital,Florida,311676,Twelve Oaks,Business Services,"Dallas, Texas, United States",2023-03-29,"Buyout (LBO, MBO, MBI)",,,3.4,True,,0,0,https://mergr.com/company/311676,2026-09-04T02:09:13Z
6304,Riveter Capital,Florida,292493,Healthy Lunch Box,Business Services,"Houston, Texas, United States",2021-11-12,"Buyout (LBO, MBO, MBI)",,,4.8,True,,0,0,https://mergr.com/company/292493,2026-09-04T02:09:13Z
4013,RGF Capital,Florida,309046,Ontronics,Transportation,"Plano, Texas, United States",2022-12-29,"Buyout (LBO, MBO, MBI)",,,3.7,True,,0,0,https://mergr.com/company/309046,2026-09-04T02:09:13Z
4013,RGF Capital,Florida,253070,Computex Technology Solutions,Information Technology,"Houston, Texas, United States",2012-03-01,Consolidation,2020-04-27,Divestiture,8.1,False,,4,0,https://mergr.com/company/253070,2026-09-04T02:09:13Z
5394,HCS Capital,Florida,325568,Betterplan,Financial Services,"Santiago, Chile",2022-12-27,Growth Capital,,,3.7,True,,0,0,https://mergr.com/company/325568,2026-09-04T02:09:13Z
5394,HCS Capital,Florida,272920,Redcapital,Internet Software and Services,"Las Condes, Chile",2019-06-11,Growth Capital,,,7.2,True,,0,0,https://mergr.com/company/272920,2026-09-04T02:09:13Z
5394,HCS Capital,Florida,272929,Jooycar,Internet Software and Services,"Santiago, Chile",2018-10-19,Growth Capital,,,7.8,True,,0,0,https://mergr.com/company/272929,2026-09-04T02:09:13Z
5394,HCS Capital,Florida,250633,Ceptinel,Software,"Santiago, Chile",2018-05-03,Growth Capital,,,8.3,True,,0,0,https://mergr.com/company/250633,2026-09-04T02:09:13Z
5394,HCS Capital,Florida,250647,Figo Pet Insurance,Insurance,"Chicago, Illinois, United States",2018-03-14,Growth Capital,,,8.4,True,,0,0,https://mergr.com/company/250647,2026-09-04T02:09:13Z
6476,Alterna Equity Partners,Florida,308167,Bulk,Transportation,"Miami, Florida, United States",2022-12-14,"Buyout (LBO, MBO, MBI)",,,3.7,True,,1,0,https://mergr.com/company/308167,2026-09-04T02:09:13Z
6476,Alterna Equity Partners,Florida,261316,Mod Op,Marketing,"Ft. Lauderdale, Florida, United States",2022-02-15,Growth Capital,,,4.5,True,,6,0,https://mergr.com/company/261316,2026-09-04T02:09:13Z
6476,Alterna Equity Partners,Florida,312552,Alterna Capital Solutions,Financial Services,"Orlando, Florida, United States",2020-07-02,Growth Capital,2023-09-29,Divestiture,3.2,False,,0,0,https://mergr.com/company/312552,2026-09-04T02:09:13Z
2303,Pine Tree Equity Partners,Florida,323119,Marshall & Stevens,Business Services,"Los Angeles, California, United States",2022-12-01,Recapitalization,2026-01-06,Merger,3.1,False,,6,0,https://mergr.com/company/323119,2026-09-04T02:09:13Z
2303,Pine Tree Equity Partners,Florida,303725,Premier Physician,Healthcare Services,"Miami, Florida, United States",2022-07-01,Recapitalization,,,4.2,True,,0,0,https://mergr.com/company/303725,2026-09-04T02:09:13Z
2303,Pine Tree Equity Partners,Florida,292006,Suncoast Skin Solutions,Healthcare Services,"Lutz, Florida, United States",2021-05-01,Growth Capital,,,5.3,True,,0,0,https://mergr.com/company/292006,2026-09-04T02:09:13Z
2303,Pine Tree Equity Partners,Florida,292002,Chemistry Rx,Life Science,"Folcroft, Pennsylvania, United States",2021-03-01,Recapitalization,,,5.5,True,,0,0,https://mergr.com/company/292002,2026-09-04T02:09:13Z
2303,Pine Tree Equity Partners,Florida,292003,Innercept,Healthcare Services,"Coeur d'Alene, Idaho, United States",2021-02-01,Growth Capital,,,5.6,True,,0,0,https://mergr.com/company/292003,2026-09-04T02:09:13Z
2303,Pine Tree Equity Partners,Florida,269830,iCare Health Solutions,Healthcare Services,"Tampa, Florida, United States",2020-01-30,Recapitalization,,,6.6,True,,0,0,https://mergr.com/company/269830,2026-09-04T02:09:13Z
2303,Pine Tree Equity Partners,Florida,268645,MySpot,Healthcare Services,"Miramar, Florida, United States",2020-01-30,Recapitalization,,,6.6,True,,0,0,https://mergr.com/company/268645,2026-09-04T02:09:13Z
2303,Pine Tree Equity Partners,Florida,292005,Shortridge Academy,Education,"Milton, New Hampshire, United States",2019-10-01,Recapitalization,,,6.9,True,,0,0,https://mergr.com/company/292005,2026-09-04T02:09:13Z
2303,Pine Tree Equity Partners,Florida,261764,Spectrum of Hope,Healthcare Services,"Houston, Texas, United States",2019-06-18,Recapitalization,,,7.2,True,,0,0,https://mergr.com/company/261764,2026-09-04T02:09:13Z
2303,Pine Tree Equity Partners,Florida,270458,Annuity Health,Business Services,"Westmont, Illinois, United States",2018-10-02,Recapitalization,,,7.9,True,,1,0,https://mergr.com/company/270458,2026-09-04T02:09:13Z
2303,Pine Tree Equity Partners,Florida,214773,IMA Medical Group,Healthcare Services,"Orlando, Florida, United States",2016-01-01,Recapitalization,2019-01-01,Sold to Management,3,False,,0,0,https://mergr.com/company/214773,2026-09-04T02:09:13Z
2303,Pine Tree Equity Partners,Florida,204162,House Advantage,Software,"Las Vegas, Nevada, United States",2015-08-01,Growth Capital,2022-10-06,Divestiture,7.2,False,,2,0,https://mergr.com/company/204162,2026-09-04T02:09:13Z
2303,Pine Tree Equity Partners,Florida,183469,Smile Design Dentistry,Healthcare Services,"Tampa, Florida, United States",2015-03-01,Growth Capital,2018-10-01,Trade Sale - Public Company,3.6,False,,0,0,https://mergr.com/company/183469,2026-09-04T02:09:13Z
2303,Pine Tree Equity Partners,Florida,177697,CrossBridge Compliance,Business Services,"Longview, Texas, United States",2014-11-01,Recapitalization,,,11.8,True,,3,1,https://mergr.com/company/177697,2026-09-04T02:09:13Z
2303,Pine Tree Equity Partners,Florida,30441,Celtic Capital,Financial Services,"Santa Monica, California, United States",2014-07-01,Divestiture,2022-04-29,Trade Sale - Public Company,7.8,False,,0,0,https://mergr.com/company/30441,2026-09-04T02:09:13Z
2303,Pine Tree Equity Partners,Florida,178240,BPI Sports,Consumer Products,"Coral Springs, Florida, United States",2014-02-01,Growth Capital,2023-09-18,Bankruptcy,9.6,False,,0,0,https://mergr.com/company/178240,2026-09-04T02:09:13Z
2303,Pine Tree Equity Partners,Florida,107713,North State Acceptance,Financial Services,"Raleigh, North Carolina, United States",2013-11-29,Recapitalization,2020-03-03,Trade Sale - Public Company,6.3,False,,0,0,https://mergr.com/company/107713,2026-09-04T02:09:13Z
2303,Pine Tree Equity Partners,Florida,178245,Community Medical Group,Healthcare Services,"North Miami Beach, Florida, United States",2013-08-01,Growth Capital,2015-07-01,Trade Sale - Public Company,1.9,False,,0,0,https://mergr.com/company/178245,2026-09-04T02:09:13Z
2303,Pine Tree Equity Partners,Florida,178243,RecruitMilitary,Staffing,"Chesapeake, Virginia, United States",2013-06-01,Recapitalization,2015-07-30,Trade Sale - Public Company,2.1,False,,0,0,https://mergr.com/company/178243,2026-09-04T02:09:13Z
2303,Pine Tree Equity Partners,Florida,52694,FAST-FIX Jewelry & Watch Repairs,Franchising,"Boca Raton, Florida, United States",2012-11-01,"Buyout (LBO, MBO, MBI)",,,13.8,True,,0,0,https://mergr.com/company/52694,2026-09-04T02:09:13Z
2303,Pine Tree Equity Partners,Florida,52690,"Northwest Plan Services, Inc.",Business Services,"Seattle, Washington, United States",2012-11-01,Recapitalization,2016-05-20,Recapitalization,3.5,False,,1,0,https://mergr.com/company/52690,2026-09-04T02:09:13Z
2303,Pine Tree Equity Partners,Florida,30439,Eagle Infrastructure Services,Energy Services and Equipment,"Houston, Texas, United States",2011-03-01,Recapitalization,2013-07-15,Trade Sale - Public Company,2.3,False,,1,0,https://mergr.com/company/30439,2026-09-04T02:09:13Z
2303,Pine Tree Equity Partners,Florida,30444,FNCC,Financial Services,"Bethesda, Maryland, United States",2010-12-15,Recapitalization,,,15.7,True,,0,0,https://mergr.com/company/30444,2026-09-04T02:09:13Z
2303,Pine Tree Equity Partners,Florida,30446,"Hi-Tech Testing Service, Inc.",Test/Measurement Equipment,"Longview, Texas, United States",2010-08-01,Recapitalization,2012-10-18,Divestiture,2.2,False,,1,0,https://mergr.com/company/30446,2026-09-04T02:09:13Z
2303,Pine Tree Equity Partners,Florida,25559,"Hydrovac Industrial Services, Inc.",Business Services,"Columbus, Mississippi, United States",2010-06-01,Recapitalization,,,16.3,True,,0,0,https://mergr.com/company/25559,2026-09-04T02:09:13Z
2303,Pine Tree Equity Partners,Florida,18455,EnviroVac Holdings LLC,Environmental,"Savannah, Georgia, United States",2009-03-01,Recapitalization,2014-06-12,Trade Sale - Public Company,5.3,False,,0,0,https://mergr.com/company/18455,2026-09-04T02:09:13Z
2303,Pine Tree Equity Partners,Florida,30441,Celtic Capital,Financial Services,"Santa Monica, California, United States",2008-12-01,Recapitalization,2012-04-23,Divestiture,3.3,False,,0,0,https://mergr.com/company/30441,2026-09-04T02:09:13Z
2303,Pine Tree Equity Partners,Florida,30442,"Church Services, Inc.",Business Services,"Houston, Texas, United States",2007-07-01,"Buyout (LBO, MBO, MBI)",2012-03-26,Merger,4.7,False,,0,0,https://mergr.com/company/30442,2026-09-04T02:09:13Z
4815,KJM Capital,Florida,301545,Freymiller,Transportation,"Oklahoma City, Oklahoma, United States",2022-06-22,"Buyout (LBO, MBO, MBI)",,,4.2,True,,0,0,https://mergr.com/company/301545,2026-09-04T02:09:13Z
4815,KJM Capital,Florida,233065,Blue Sky Logistics,Transportation,"Smithfield, Utah, United States",2016-12-22,"Buyout (LBO, MBO, MBI)",,,9.7,True,,0,0,https://mergr.com/company/233065,2026-09-04T02:09:13Z
4815,KJM Capital,Florida,233064,Interide Transport LLC,Transportation,"Salt Lake City, Utah, United States",2016-12-22,"Buyout (LBO, MBO, MBI)",,,9.7,True,,0,0,https://mergr.com/company/233064,2026-09-04T02:09:13Z
4815,KJM Capital,Florida,232030,Watkins Refrigerated,Transportation,"Lakeland, Florida, United States",2016-12-06,Divestiture,,,9.7,True,,0,0,https://mergr.com/company/232030,2026-09-04T02:09:13Z
4549,Topmark Partners,Florida,310059,Ceipal,Internet Software and Services,"Rochester, New York, United States",2022-06-16,Venture,,,4.2,True,,0,0,https://mergr.com/company/310059,2026-09-04T02:09:13Z
4549,Topmark Partners,Florida,181584,Selvera,Consumer Services,"New York, New York, United States",2015-01-21,Growth Capital,,,11.6,True,,0,0,https://mergr.com/company/181584,2026-09-04T02:09:13Z
4549,Topmark Partners,Florida,181153,Thrive Premium Ice Cream,Food,"Searcy, Florida, United States",2014-11-04,Growth Capital,,,11.8,True,,0,0,https://mergr.com/company/181153,2026-09-04T02:09:13Z
4549,Topmark Partners,Florida,181587,SwipetoSpin,Internet Software and Services,"New York, New York, United States",2014-09-23,Growth Capital,,,11.9,True,,0,0,https://mergr.com/company/181587,2026-09-04T02:09:13Z
4549,Topmark Partners,Florida,79641,MobileHelp,Healthcare Services,"Boca Raton, Florida, United States",2014-05-07,Growth Capital,2017-02-08,Trade Sale - Public Company,2.8,False,,0,0,https://mergr.com/company/79641,2026-09-04T02:09:13Z
4549,Topmark Partners,Florida,181541,1000Museums,Internet Software and Services,"Bellevue, Washington, United States",2014-05-02,Growth Capital,,,12.3,True,,0,0,https://mergr.com/company/181541,2026-09-04T02:09:13Z
4549,Topmark Partners,Florida,181589,TiqIQ,Internet Software and Services,"New York, New York, United States",2014-02-20,Venture,,,12.5,True,,0,0,https://mergr.com/company/181589,2026-09-04T02:09:13Z
4549,Topmark Partners,Florida,181547,Meridian-IQ,Information Services,"New York, New York, United States",2013-09-23,Growth Capital,2016-05-25,Divestiture,2.7,False,,0,0,https://mergr.com/company/181547,2026-09-04T02:09:13Z
4549,Topmark Partners,Florida,258526,YPrime,Software,"Malvern, Pennsylvania, United States",2013-08-28,Growth Capital,2019-02-05,Trade Sale - Public Company,5.4,False,,0,0,https://mergr.com/company/258526,2026-09-04T02:09:13Z
4549,Topmark Partners,Florida,181569,"Health Integrated, Inc.",Healthcare Services,"Tampa, Florida, United States",2009-01-26,Growth Capital,2017-12-26,Divestiture,8.9,False,,0,0,https://mergr.com/company/181569,2026-09-04T02:09:13Z
4549,Topmark Partners,Florida,181561,Dixie Southern Industrial,Metals/Mining,"Polk City, Florida, United States",2008-03-10,Growth Capital,,,18.4,True,,0,0,https://mergr.com/company/181561,2026-09-04T02:09:13Z
4549,Topmark Partners,Florida,8784,"iCardiac Technologies, Inc.",Information Technology,"Rochester, New York, United States",2007-11-13,Growth Capital,2014-03-08,Secondary Sale,6.3,False,,0,0,https://mergr.com/company/8784,2026-09-04T02:09:13Z
4549,Topmark Partners,Florida,181573,Lumetrics,Test/Measurement Equipment,"Rochester, New York, United States",2005-12-05,Venture,,,20.7,True,,0,0,https://mergr.com/company/181573,2026-09-04T02:09:13Z
4549,Topmark Partners,Florida,109681,Knovel Corp.,Internet Software and Services,"New York, New York, United States",2005-07-26,Venture,2013-01-07,Divestiture,7.4,False,,0,0,https://mergr.com/company/109681,2026-09-04T02:09:13Z
4549,Topmark Partners,Florida,5683,AuthenTec,Semiconductors,"Melbourne, Florida, United States",2004-07-01,Venture,2007-06-26,IPO,2.9,False,,0,0,https://mergr.com/company/5683,2026-09-04T02:09:13Z
4549,Topmark Partners,Florida,181550,"Alinean, Inc.",Internet Software and Services,"Winter Park, Florida, United States",2004-03-09,Venture,2018-10-25,Divestiture,14.6,False,,0,0,https://mergr.com/company/181550,2026-09-04T02:09:13Z
4549,Topmark Partners,Florida,6321,Payspan,Information Technology,"Jacksonville, Florida, United States",2002-05-29,Venture,2009-02-10,Merger,6.7,False,,0,0,https://mergr.com/company/6321,2026-09-04T02:09:13Z
4549,Topmark Partners,Florida,135629,"Medidata Solutions, Inc.",Internet Software and Services,"New York, New York, United States",2002-01-01,Venture,2009-06-03,IPO,7.4,False,636,1,0,https://mergr.com/company/135629,2026-09-04T02:09:13Z
5765,Pursuant Capital,Florida,318536,Dittmer Air and Heat,Business Services,"Cocoa, Florida, United States",2022-06-01,"Buyout (LBO, MBO, MBI)",,,4.3,True,,0,0,https://mergr.com/company/318536,2026-09-04T02:09:13Z
5765,Pursuant Capital,Florida,318552,A&B Aquatics,Environmental,"Odessa, Florida, United States",2022-06-01,"Buyout (LBO, MBO, MBI)",,,4.3,True,,0,0,https://mergr.com/company/318552,2026-09-04T02:09:13Z
5765,Pursuant Capital,Florida,318556,Certified AC Services,Business Services,"Apopka, Florida, United States",2022-01-01,"Buyout (LBO, MBO, MBI)",,,4.7,True,,0,0,https://mergr.com/company/318556,2026-09-04T02:09:13Z
5765,Pursuant Capital,Florida,318543,West Florida Fence,Building Materials,"Tampa, Florida, United States",2021-09-01,Recapitalization,,,5,True,,0,0,https://mergr.com/company/318543,2026-09-04T02:09:13Z
5765,Pursuant Capital,Florida,318554,Perimeter Solutions Group,Building Materials,"Tampa, Florida, United States",2021-09-01,"Buyout (LBO, MBO, MBI)",,,5,True,,4,0,https://mergr.com/company/318554,2026-09-04T02:09:13Z
5765,Pursuant Capital,Florida,263985,Patio Products,Building Materials,"Tampa, Florida, United States",2019-09-04,"Buyout (LBO, MBO, MBI)",,,7,True,,0,0,https://mergr.com/company/263985,2026-09-04T02:09:13Z
5765,Pursuant Capital,Florida,276116,Alpha Dumpsters,Business Services,"Bradenton, Florida, United States",2019-07-19,"Buyout (LBO, MBO, MBI)",,,7.1,True,,0,0,https://mergr.com/company/276116,2026-09-04T02:09:13Z
340,LFE Capital,Florida,312807,BedJet,Consumer Products,"Newport, Rhode Island, United States",2022-05-01,"Buyout (LBO, MBO, MBI)",,,4.3,True,,0,0,https://mergr.com/company/312807,2026-09-04T02:09:13Z
340,LFE Capital,Florida,261061,Wondr Health,Consumer Services,"Dallas, Texas, United States",2019-05-21,Growth Capital,,,7.3,True,,1,0,https://mergr.com/company/261061,2026-09-04T02:09:13Z
340,LFE Capital,Florida,32449,Wellbeats,Internet Software and Services,"Minnepolis, Minnesota, United States",2012-01-20,Venture,2022-02-14,Divestiture,10,False,,0,0,https://mergr.com/company/32449,2026-09-04T02:09:13Z
340,LFE Capital,Florida,13847,"Portero, Inc.",E-Commerce,"New York, New York, United States",2009-02-19,Venture,2014-03-13,Divestiture,5,False,,0,0,https://mergr.com/company/13847,2026-09-04T02:09:13Z
340,LFE Capital,Florida,13846,FoodChain ID,Test/Measurement Equipment,"Fairfield, Iowa, United States",2008-04-17,Venture,2013-12-19,Trade Sale - Public Company,5.7,False,,0,0,https://mergr.com/company/13846,2026-09-04T02:09:13Z
340,LFE Capital,Florida,2804,Avant Healthcare Professionals LLC,Staffing,"Winter Park, Florida, United States",2007-12-12,"Buyout (LBO, MBO, MBI)",2018-01-05,Divestiture,10,False,,0,0,https://mergr.com/company/2804,2026-09-04T02:09:13Z
340,LFE Capital,Florida,23832,Immaculate Baking Co.,Food,"Wakefield, Massachusetts, United States",2007-07-01,Growth Capital,2012-12-01,Divestiture,5.4,False,,0,0,https://mergr.com/company/23832,2026-09-04T02:09:13Z
340,LFE Capital,Florida,2809,"Coolibar, Inc.",Apparel/Textiles,"Minneapolis, Minnesota, United States",2005-06-13,Venture,2016-07-14,Divestiture,11.1,False,,0,0,https://mergr.com/company/2809,2026-09-04T02:09:13Z
4717,Wasena Capital Management,Florida,298109,Paxton/Patterson,Education,"Alsip, Illinois, United States",2022-04-01,"Buyout (LBO, MBO, MBI)",,,4.4,True,,0,0,https://mergr.com/company/298109,2026-09-04T02:09:13Z
4717,Wasena Capital Management,Florida,267221,Science Interactive,Education,"Englewood, Colorado, United States",2016-11-21,Recapitalization,,,9.8,True,,1,0,https://mergr.com/company/267221,2026-09-04T02:09:13Z
4717,Wasena Capital Management,Florida,321985,Science First,Consumer Products,"Yulee, Florida, United States",2016-11-01,Recapitalization,,,9.8,True,,0,0,https://mergr.com/company/321985,2026-09-04T02:09:13Z
4717,Wasena Capital Management,Florida,203947,ByoPlanet,Chemicals,"Athens, Georgia, United States",2015-09-18,Growth Capital,,,10.9,True,,0,0,https://mergr.com/company/203947,2026-09-04T02:09:13Z
4717,Wasena Capital Management,Florida,177735,Quick Med Claims,Business Services,"Pittsburgh, Pennsylvania, United States",2015-01-22,Recapitalization,2018-11-12,Trade Sale - Public Company,3.8,False,,0,0,https://mergr.com/company/177735,2026-09-04T02:09:13Z
6054,Kilroy Partners,Florida,312960,AE Tools & Computers,Automotive,"Olathe, Kansas, United States",2022-03-01,"Buyout (LBO, MBO, MBI)",,,4.5,True,,0,0,https://mergr.com/company/312960,2026-09-04T02:09:13Z
6054,Kilroy Partners,Florida,307074,Seaside Waste Services,Environmental,"Hammonton, New Jersey, United States",2021-05-21,Growth Capital,2025-08-06,Divestiture,4.2,False,,0,0,https://mergr.com/company/307074,2026-09-04T02:09:13Z
6054,Kilroy Partners,Florida,275951,Cheeze Kurls,Food,"Walker, Michigan, United States",2020-07-01,"Buyout (LBO, MBO, MBI)",,,6.2,True,,0,0,https://mergr.com/company/275951,2026-09-04T02:09:13Z
6054,Kilroy Partners,Florida,171697,Wollard International,Machinery,"Eau Claire, Wisconsin, United States",2019-08-14,"Buyout (LBO, MBO, MBI)",,,7,True,,0,0,https://mergr.com/company/171697,2026-09-04T02:09:13Z
6054,Kilroy Partners,Florida,312956,Kay Manufacturing Co.,Automotive,"Saint Joseph, Michigan, United States",2017-06-01,"Buyout (LBO, MBO, MBI)",,,9.3,True,,0,0,https://mergr.com/company/312956,2026-09-04T02:09:13Z
6054,Kilroy Partners,Florida,217822,Iowa Northern Railway,Transportation,"Waterloo, Iowa, United States",2016-03-29,Recapitalization,2023-12-06,Divestiture,7.7,False,,0,0,https://mergr.com/company/217822,2026-09-04T02:09:13Z
6012,MKH Capital Partners,Florida,307926,Fertilitas Network,Healthcare Services,United States,2022-01-31,"Buyout (LBO, MBO, MBI)",,,4.6,True,,0,0,https://mergr.com/company/307926,2026-09-04T02:09:13Z
6012,MKH Capital Partners,Florida,307927,Wax Center Partners,Consumer Services,"Roseville, California, United States",2021-05-18,"Buyout (LBO, MBO, MBI)",,,5.3,True,,0,0,https://mergr.com/company/307927,2026-09-04T02:09:13Z
6012,MKH Capital Partners,Florida,273964,Clean Streak Ventures,Consumer Services,"Altamonte Springs, Florida, United States",2020-01-01,"Buyout (LBO, MBO, MBI)",2021-12-21,Divestiture,1.9,False,,3,0,https://mergr.com/company/273964,2026-09-04T02:09:13Z
6012,MKH Capital Partners,Florida,227679,Allied Universal,Safety/Security,"Conshohocken, Pennsylvania, United States",2019-02-20,Secondary Buyout,,,7.5,True,,26,0,https://mergr.com/company/227679,2026-09-04T02:09:13Z
5190,Validor Capital,Florida,4917,Fi-Foil,Building Materials,"Auburndale, Florida, United States",2022-01-11,Growth Capital,,,4.6,True,,1,0,https://mergr.com/company/4917,2026-09-04T02:09:13Z
5190,Validor Capital,Florida,273541,BICO STEEL,Metals/Mining,"Mogadore, Ohio, United States",2018-10-23,"Buyout (LBO, MBO, MBI)",,,7.8,True,,3,0,https://mergr.com/company/273541,2026-09-04T02:09:13Z
5190,Validor Capital,Florida,240150,Marwin,Building Materials,"West Columbia, South Carolina, United States",2017-05-08,"Buyout (LBO, MBO, MBI)",,,9.3,True,,3,0,https://mergr.com/company/240150,2026-09-04T02:09:13Z
5190,Validor Capital,Florida,238979,Boehm Pressed Steel,Manufacturing,"Valley City, Ohio, United States",2017-03-31,"Buyout (LBO, MBO, MBI)",,,9.4,True,,0,0,https://mergr.com/company/238979,2026-09-04T02:09:13Z
5190,Validor Capital,Florida,239003,Edsco Fasteners,Manufacturing,"Denton, Texas, United States",2012-06-18,"Buyout (LBO, MBO, MBI)",2018-01-17,Trade Sale - Public Company,5.5,False,,0,0,https://mergr.com/company/239003,2026-09-04T02:09:13Z
6313,TRS Capital,Florida,293151,Alta Electronics,Distribution,"Georgetown, Ontario, Canada",2021-12-02,"Buyout (LBO, MBO, MBI)",,,4.8,True,,0,0,https://mergr.com/company/293151,2026-09-04T02:09:13Z
6313,TRS Capital,Florida,314862,RadPoker,Internet Software and Services,"Milwaukee, Wisconsin, United States",2021-11-18,Growth Capital,,,4.8,True,,0,0,https://mergr.com/company/314862,2026-09-04T02:09:13Z
6313,TRS Capital,Florida,314903,Thermosleeve USA,Manufacturing,"Cerritos, California, United States",2021-07-02,"Buyout (LBO, MBO, MBI)",,,5.2,True,,0,0,https://mergr.com/company/314903,2026-09-04T02:09:13Z
5378,Liebman Group,Florida,315253,Orion Haus,Internet Software and Services,"Fort Lauderdale, Florida, United States",2021-08-31,Growth Capital,,,5,True,,0,0,https://mergr.com/company/315253,2026-09-04T02:09:13Z
5378,Liebman Group,Florida,280886,Pine Island Chemical Solutions,Chemicals,"Lafayette, Louisiana, United States",2021-01-25,"Buyout (LBO, MBO, MBI)",,,5.6,True,,0,0,https://mergr.com/company/280886,2026-09-04T02:09:13Z
5378,Liebman Group,Florida,325455,Craftsman+,Software,"New York, New York, United States",2021-01-01,Growth Capital,,,5.7,True,,0,0,https://mergr.com/company/325455,2026-09-04T02:09:13Z
5378,Liebman Group,Florida,249668,C-Slide,Technology Hardware,"Lehi, Utah, United States",2018-03-02,Recapitalization,,,8.5,True,,0,0,https://mergr.com/company/249668,2026-09-04T02:09:13Z
6270,Red Barn Equity Partners,Florida,289674,ReproTech,Healthcare Services,"Coconut Creek, Florida, United States",2021-08-24,"Buyout (LBO, MBO, MBI)",,,5,True,,0,0,https://mergr.com/company/289674,2026-09-04T02:09:13Z
6270,Red Barn Equity Partners,Florida,297438,Dogtopia,Franchising,"Phoenix, Arizona, United States",2020-10-08,Stake Purchase,,,5.8,True,,0,0,https://mergr.com/company/297438,2026-09-04T02:09:13Z
6233,Trilogy Capital Group,Florida,286851,Wesbell Communications,Communications,"Mississauga, Ontario, Canada",2021-06-21,Growth Capital,,,5.2,True,,0,0,https://mergr.com/company/286851,2026-09-04T02:09:13Z
6174,Oak Lane Partners,Florida,283284,Thomastech,Technology Hardware,"Medina, Ohio, United States",2021-03-26,Growth Capital,,,5.4,True,,0,0,https://mergr.com/company/283284,2026-09-04T02:09:13Z
2,APC Holdings,Florida,234412,Sequential Technology International,Business Services,"Bethlehem, Pennsylvania, United States",2020-05-11,"Buyout (LBO, MBO, MBI)",,,6.3,True,,0,0,https://mergr.com/company/234412,2026-09-04T02:09:13Z
2,APC Holdings,Florida,30836,Orion Technologies,Manufacturing,"Orlando, Florida, United States",2011-10-01,"Buyout (LBO, MBO, MBI)",2017-01-01,Divestiture,5.3,False,,0,0,https://mergr.com/company/30836,2026-09-04T02:09:13Z
2,APC Holdings,Florida,30837,New Futuro LLC,Internet Software and Services,"Chicago, Illinois, United States",2011-07-27,"Buyout (LBO, MBO, MBI)",,,15.1,True,,0,0,https://mergr.com/company/30837,2026-09-04T02:09:13Z
2,APC Holdings,Florida,1,Workforce Logiq,Information Technology,"Orlando, Florida, United States",2004-12-01,Divestiture,2010-12-01,Trade Sale - Public Company,6,False,,3,0,https://mergr.com/company/1,2026-09-04T02:09:13Z
2,APC Holdings,Florida,20128,1001 listes SA,Internet Software and Services,"Paris, France",2003-02-05,"Buyout (LBO, MBO, MBI)",2006-12-14,Divestiture,3.8,False,,0,0,https://mergr.com/company/20128,2026-09-04T02:09:13Z
5361,ASGARD Partners & Co.,Florida,278721,Angstrom Technology,Business Services,"Grand Rapids, Michigan, United States",2020-11-30,"Buyout (LBO, MBO, MBI)",,,5.8,True,,4,0,https://mergr.com/company/278721,2026-09-04T02:09:13Z
5361,ASGARD Partners & Co.,Florida,264924,Revision Military,Consumer Products,"Essex Junction, Vermont, United States",2019-10-02,"Buyout (LBO, MBO, MBI)",,,6.9,True,,0,0,https://mergr.com/company/264924,2026-09-04T02:09:13Z
5361,ASGARD Partners & Co.,Florida,36789,Wild Things,Apparel/Textiles,"Virginia Beach, Virginia, United States",2018-03-05,Secondary Buyout,2020-08-21,Divestiture,2.4,False,,0,0,https://mergr.com/company/36789,2026-09-04T02:09:13Z
4627,Amzak Capital Management,Florida,238578,Trace Staffing Solutions,Staffing,"Savannah, Georgia, United States",2017-04-10,Recapitalization,2019-12-03,Divestiture,2.6,False,,0,0,https://mergr.com/company/238578,2026-09-04T02:09:13Z
4627,Amzak Capital Management,Florida,59478,AOC Metal Works,Engineering,"Chester, Virginia, United States",2015-06-02,Secondary Buyout,,,11.3,True,,1,0,https://mergr.com/company/59478,2026-09-04T02:09:13Z
4627,Amzak Capital Management,Florida,217525,"Kew, Inc.",Life Science,"Waltham, Massachusetts, United States",2015-01-12,Venture,,,11.6,True,,0,0,https://mergr.com/company/217525,2026-09-04T02:09:13Z
4627,Amzak Capital Management,Florida,217519,Marbles LLC,Retail,"Chicago, Illinois, United States",2014-11-06,"Buyout (LBO, MBO, MBI)",2017-04-24,Bankruptcy,2.4,False,,0,0,https://mergr.com/company/217519,2026-09-04T02:09:13Z
4627,Amzak Capital Management,Florida,192226,Nms Ltd. (Network Management Services),Communications,"Aventura, Florida, United States",2014-08-29,Growth Capital,2016-11-17,Divestiture,2.2,False,,0,0,https://mergr.com/company/192226,2026-09-04T02:09:13Z
4627,Amzak Capital Management,Florida,185136,TNR Holdings LLC,Oil/Gas Exploration,"Covington, Louisiana, United States",2014-06-30,Growth Capital,2019-09-20,Bankruptcy,5.2,False,,0,0,https://mergr.com/company/185136,2026-09-04T02:09:13Z
4627,Amzak Capital Management,Florida,213423,Techniplas,Plastics,"Rüti, Switzerland",2014-05-01,"Buyout (LBO, MBO, MBI)",,,12.3,True,,0,1,https://mergr.com/company/213423,2026-09-04T02:09:13Z
4627,Amzak Capital Management,Florida,21001,Teligent,Life Science,"Buena, New Jersey, United States",2010-12-21,Stake Purchase,,,15.7,True,66,2,1,https://mergr.com/company/21001,2026-09-04T02:09:13Z
4627,Amzak Capital Management,Florida,34961,Ilumno Technologies,Education,"Miami, Florida, United States",2010-09-30,Growth Capital,,,15.9,True,,0,0,https://mergr.com/company/34961,2026-09-04T02:09:13Z
4627,Amzak Capital Management,Florida,58718,CorePower Yoga,Consumer Services,"Denver, Colorado, United States",2010-06-30,Venture,2019-03-12,Trade Sale - Public Company,8.7,False,,0,0,https://mergr.com/company/58718,2026-09-04T02:09:13Z
4627,Amzak Capital Management,Florida,192228,KPAQ Industries LLC,Forest Products,"St. Francisville, Louisiana, United States",2010-04-30,Special Situations/Distressed,2015-09-30,Divestiture,5.4,False,,0,0,https://mergr.com/company/192228,2026-09-04T02:09:13Z
4627,Amzak Capital Management,Florida,217540,Tricom S.A.,Communications,"Santo Domingo, Dominican Republic",2009-10-16,"Buyout (LBO, MBO, MBI)",2013-10-31,Divestiture,4,False,,0,0,https://mergr.com/company/217540,2026-09-04T02:09:13Z
4627,Amzak Capital Management,Florida,30441,Celtic Capital,Financial Services,"Santa Monica, California, United States",2008-12-01,Recapitalization,2012-04-23,Divestiture,3.3,False,,0,0,https://mergr.com/company/30441,2026-09-04T02:09:13Z
4627,Amzak Capital Management,Florida,834,Ohio Medical,Medical Products,"Gurnee, Illinois, United States",2005-07-06,"Buyout (LBO, MBO, MBI)",2016-01-07,Trade Sale - Public Company,10.5,False,,0,0,https://mergr.com/company/834,2026-09-04T02:09:13Z
4562,BBX Capital Partners,Florida,183038,BBX Sweet Holdings LLC,Food,"Fort Lauderdale, Florida, United States",2014-06-21,Consolidation,,,12.2,True,,2,0,https://mergr.com/company/183038,2026-09-04T02:09:13Z
36,Bison Investments,Florida,146561,Ease Entertainment Services LLC,Software,"Beverly Hills, California, United States",2014-11-05,Growth Capital,2015-08-13,Divestiture,0.8,False,,0,0,https://mergr.com/company/146561,2026-09-04T02:09:13Z
1930,Boxwood Partners,Florida,253949,SweetFrog Premium Frozen Yogurt,Food,"Scottsdale, Arizona, United States",2012-04-17,Growth Capital,2018-09-04,Divestiture,6.3,False,,0,0,https://mergr.com/company/253949,2026-09-04T02:09:13Z
1930,Boxwood Partners,Florida,39665,Midlothian Athletic Club,Consumer Services,"Richmond, Virginia, United States",2009-09-15,Divestiture,,,16.9,True,,0,0,https://mergr.com/company/39665,2026-09-04T02:09:13Z
1930,Boxwood Partners,Florida,249188,"Coffee Wholesale USA, Inc.",E-Commerce,"Fort Smith, Arkansas, United States",2008-08-12,"Buyout (LBO, MBO, MBI)",,,18,True,,0,0,https://mergr.com/company/249188,2026-09-04T02:09:13Z
1930,Boxwood Partners,Florida,39661,Shockoe Commerce Group,Business Services,"Richmond, Virginia, United States",2008-01-01,"Buyout (LBO, MBO, MBI)",,,18.7,True,,3,0,https://mergr.com/company/39661,2026-09-04T02:09:13Z
6018,Bridge Lake Partners,Florida,274155,Siege Sports,Apparel/Textiles,"Detroit, Michigan, United States",2020-07-14,"Buyout (LBO, MBO, MBI)",,,6.1,True,,0,0,https://mergr.com/company/274155,2026-09-04T02:09:13Z
3169,Brinkmere Capital Partners,Florida,16294,Certified Power Solutions,Electronics,"Mundelein, Illinois, United States",2014-03-21,Secondary Buyout,,,12.4,True,,1,0,https://mergr.com/company/16294,2026-09-04T02:09:13Z
5773,Carroll Capital Holdings,Florida,264885,Elevator Service,Business Services,"Grand Rapids, Michigan, United States",2019-10-10,"Buyout (LBO, MBO, MBI)",,,6.8,True,,10,0,https://mergr.com/company/264885,2026-09-04T02:09:13Z
5773,Carroll Capital Holdings,Florida,264526,Ensemble Therapy,Healthcare Services,"Palm Desert, California, United States",2019-08-20,"Buyout (LBO, MBO, MBI)",,,7,True,,0,0,https://mergr.com/company/264526,2026-09-04T02:09:13Z
773,Citadel Capital Management,Florida,76125,Biodental Technologies Corp.,Medical Products,"Rancho Cordova, California, United States",1986-01-01,Special Situations/Distressed,1990-01-01,IPO,4,False,,0,0,https://mergr.com/company/76125,2026-09-04T02:09:13Z
4756,CloudBreak Capital,Florida,279598,Vortex,Machinery,"Santee, California, United States",2015-07-31,"Buyout (LBO, MBO, MBI)",,,11.1,True,,0,0,https://mergr.com/company/279598,2026-09-04T02:09:13Z
4756,CloudBreak Capital,Florida,32234,VCC,Electrical Equipment,"Carlsbad, California, United States",2011-05-01,"Buyout (LBO, MBO, MBI)",,,15.3,True,,2,0,https://mergr.com/company/32234,2026-09-04T02:09:13Z
4756,CloudBreak Capital,Florida,82361,Epicor Software,Software,"Austin, Texas, United States",2003-02-13,Going Private,,,23.5,True,,22,1,https://mergr.com/company/82361,2026-09-04T02:09:13Z
1904,CoreCo Private Equity,Florida,248110,GRS Electronics,Electrical Equipment,"Guatemala City, Guatemala",2016-05-02,Growth Capital,,,10.3,True,,0,0,https://mergr.com/company/248110,2026-09-04T02:09:13Z
1904,CoreCo Private Equity,Florida,248121,Centro Clínico Urgencias Médicas,Healthcare Services,"Guatemala City, Guatemala",2010-10-01,Growth Capital,,,15.9,True,,0,0,https://mergr.com/company/248121,2026-09-04T02:09:13Z
2081,Crestar Partners,Florida,319725,Care Lync,Healthcare Services,"Philadelphia, Pennsylvania, United States",2019-01-01,Growth Capital,,,7.7,True,,0,0,https://mergr.com/company/319725,2026-09-04T02:09:13Z
2081,Crestar Partners,Florida,225318,LendingOne,Financial Services,"Boca Raton, Florida, United States",2014-08-01,Growth Capital,2021-01-01,Stake Sale,6.4,False,,0,0,https://mergr.com/company/225318,2026-09-04T02:09:13Z
2081,Crestar Partners,Florida,28057,CrestarCapital LLC,Financial Services,"Cherry Hill, New Jersey, United States",2008-12-01,"Buyout (LBO, MBO, MBI)",,,17.8,True,,0,0,https://mergr.com/company/28057,2026-09-04T02:09:13Z
2081,Crestar Partners,Florida,28058,Edge Fitness Clubs,Consumer Services,"Orange, Connecticut, United States",2007-08-07,Recapitalization,2014-12-01,Trade Sale - Public Company,7.3,False,,0,0,https://mergr.com/company/28058,2026-09-04T02:09:13Z
2081,Crestar Partners,Florida,10408,Mystique Brands LLC,Beverages,"Brooklyn, New York, United States",2006-06-26,"Buyout (LBO, MBO, MBI)",2009-05-01,Bankruptcy,2.8,False,,0,0,https://mergr.com/company/10408,2026-09-04T02:09:13Z
2081,Crestar Partners,Florida,28059,"Brooks Provisions, Inc.",Distribution,"Philadelphia, Pennsylvania, United States",2006-04-21,"Buyout (LBO, MBO, MBI)",2010-05-01,Bankruptcy,4,False,,0,0,https://mergr.com/company/28059,2026-09-04T02:09:13Z
2081,Crestar Partners,Florida,19511,"Cigars International, Inc.",E-Commerce,"Bethlehem, Pennsylvania, United States",2004-07-20,Recapitalization,2007-08-16,Divestiture,3,False,,0,0,https://mergr.com/company/19511,2026-09-04T02:09:13Z
2081,Crestar Partners,Florida,15473,"Coffee Bean International, Inc.",Beverages,"Portland, Oregon, United States",2004-04-09,Secondary Buyout,2007-04-30,Divestiture,3,False,,0,0,https://mergr.com/company/15473,2026-09-04T02:09:13Z
2081,Crestar Partners,Florida,23637,"USM, Inc.",Business Services,"Norristown, Pennsylvania, United States",2003-08-15,"Buyout (LBO, MBO, MBI)",,,23,True,,1,0,https://mergr.com/company/23637,2026-09-04T02:09:13Z
2081,Crestar Partners,Florida,6320,Restaurant Technologies,Business Services,"Mendota Heights, Minnesota, United States",2002-06-01,Growth Capital,2011-04-20,Trade Sale - Public Company,8.8,False,109,0,0,https://mergr.com/company/6320,2026-09-04T02:09:13Z
6314,Datavest Partners,Florida,314473,Parachute Home,Furniture,"Culver, California, United States",2018-01-01,Growth Capital,,,8.7,True,,0,0,https://mergr.com/company/314473,2026-09-04T02:09:13Z
6314,Datavest Partners,Florida,113177,Lulus,Apparel/Textiles,"Chico, California, United States",2014-08-12,Growth Capital,,,12,True,,0,0,https://mergr.com/company/113177,2026-09-04T02:09:13Z
3589,Dunsirn Partners,Florida,221659,Oliver,Packaging,"Hauppauge, New York, United States",2016-05-19,"Buyout (LBO, MBO, MBI)",2022-07-08,Trade Sale - Public Company,6.1,False,,4,0,https://mergr.com/company/221659,2026-09-04T02:09:13Z
3589,Dunsirn Partners,Florida,3607,Nekoosa,Packaging,"Nekoosa, Wisconsin, United States",2005-06-16,Divestiture,2012-10-04,Trade Sale - Public Company,7.3,False,,0,0,https://mergr.com/company/3607,2026-09-04T02:09:13Z
3589,Dunsirn Partners,Florida,177024,Dura-Fibre,Packaging,"Menasha, Wisconsin, United States",2004-01-01,"Buyout (LBO, MBO, MBI)",,,22.7,True,,0,0,https://mergr.com/company/177024,2026-09-04T02:09:13Z
5712,Dye Capital & Company,Florida,237135,Schwazze,Business Services,"Denver, Colorado, United States",2019-06-06,Stake Purchase,,,7.2,True,172,9,0,https://mergr.com/company/237135,2026-09-04T02:09:13Z
166,EIH Capital Partners,Florida,234064,AmeriWater,Utilities,"Dayton, Ohio, United States",2016-12-30,Divestiture,2022-07-19,Trade Sale - Public Company,5.5,False,,0,0,https://mergr.com/company/234064,2026-09-04T02:09:13Z
166,EIH Capital Partners,Florida,156873,Sorst Streckmetall,Metals/Mining,"Hanover, Germany",2016-04-19,Divestiture,2022-07-20,Divestiture,6.3,False,,0,0,https://mergr.com/company/156873,2026-09-04T02:09:13Z
166,EIH Capital Partners,Florida,218918,Expanded Metal Co.,Metals/Mining,"Hartlepool, United Kingdom",2016-04-19,Divestiture,2023-08-03,Divestiture,7.3,False,,0,0,https://mergr.com/company/218918,2026-09-04T02:09:13Z
166,EIH Capital Partners,Florida,271076,Todd-Soundelux,Media,"Burbank, California, United States",2012-09-19,Divestiture,2014-05-21,Bankruptcy,1.7,False,,0,0,https://mergr.com/company/271076,2026-09-04T02:09:13Z
166,EIH Capital Partners,Florida,240587,Fibrix LLC,Apparel/Textiles,"Conover, North Carolina, United States",2008-11-25,Divestiture,2014-06-19,Trade Sale - Public Company,5.5,False,,0,0,https://mergr.com/company/240587,2026-09-04T02:09:13Z
166,EIH Capital Partners,Florida,1318,MSI Surgical Solutions,Healthcare Services,"Syosset, New York, United States",2006-10-20,"Buyout (LBO, MBO, MBI)",2012-03-21,Divestiture,5.4,False,,0,0,https://mergr.com/company/1318,2026-09-04T02:09:13Z
166,EIH Capital Partners,Florida,1319,VITEC,Information Technology,"Amherst, New York, United States",2005-05-01,"Buyout (LBO, MBO, MBI)",2011-04-08,Trade Sale,5.9,False,,0,0,https://mergr.com/company/1319,2026-09-04T02:09:13Z
2150,Edgewood Holdings,Florida,7183,Traxys,Metals/Mining,"Strassen, Luxembourg",2014-03-13,Secondary Buyout,2023-02-06,Trade Sale - Public Company,8.8,False,,0,0,https://mergr.com/company/7183,2026-09-04T02:09:13Z
2150,Edgewood Holdings,Florida,30892,Global Advanced Metals,Metals/Mining,"Greenbushes, Australia",2009-01-01,"Buyout (LBO, MBO, MBI)",,,17.7,True,,0,0,https://mergr.com/company/30892,2026-09-04T02:09:13Z
1771,Flexis Capital,Florida,275459,Waterloo Sparkling Water,Beverages,"Austin, Texas, United States",2020-08-19,Growth Capital,,,6,True,,0,0,https://mergr.com/company/275459,2026-09-04T02:09:13Z
1771,Flexis Capital,Florida,224485,Hylan,Engineering,"Holmdel, New Jersey, United States",2016-07-26,Growth Capital,2024-04-11,Sold to Management,7.7,False,,0,0,https://mergr.com/company/224485,2026-09-04T02:09:13Z
1771,Flexis Capital,Florida,262792,Total Outdoor,Marketing,"New York, New York, United States",2011-01-01,Growth Capital,2022-01-01,Unknown,11,False,,0,2,https://mergr.com/company/262792,2026-09-04T02:09:13Z
232,Goense Capital Partners,Florida,260378,Arcticom Group,Business Services,"Walnut Creek, California, United States",2017-12-01,"Buyout (LBO, MBO, MBI)",2021-12-01,Trade Sale - Public Company,4,False,,7,0,https://mergr.com/company/260378,2026-09-04T02:09:13Z
232,Goense Capital Partners,Florida,81437,Venturi Restoration,Construction,"Schaumburg, Illinois, United States",2012-01-01,"Buyout (LBO, MBO, MBI)",2016-03-22,Trade Sale - Public Company,4.2,False,,0,0,https://mergr.com/company/81437,2026-09-04T02:09:13Z
232,Goense Capital Partners,Florida,27310,Latite Roofing,Construction,"Pompano Beach, Florida, United States",2010-12-22,"Buyout (LBO, MBO, MBI)",2025-01-08,Trade Sale - Public Company,14,False,,0,0,https://mergr.com/company/27310,2026-09-04T02:09:13Z
232,Goense Capital Partners,Florida,18320,Pretium Packaging,Packaging,"St. Louis, Missouri, United States",2010-02-16,Recapitalization,2014-05-01,Trade Sale - Public Company,4.2,False,241,1,0,https://mergr.com/company/18320,2026-09-04T02:09:13Z
232,Goense Capital Partners,Florida,21339,Bayview Asset Management,Financial Services,"Coral Gables, Florida, United States",2008-07-28,Stake Purchase,,,18.1,True,,3,0,https://mergr.com/company/21339,2026-09-04T02:09:13Z
232,Goense Capital Partners,Florida,18318,Kirby Lester LLC,Information Technology,"Lake Forest, Illinois, United States",2007-07-01,Secondary Buyout,2014-07-01,Divestiture,7,False,,0,0,https://mergr.com/company/18318,2026-09-04T02:09:13Z
232,Goense Capital Partners,Florida,31247,U.S. Builder Services LLC,Construction,"Richardson, Texas, United States",2006-03-21,"Buyout (LBO, MBO, MBI)",,,20.4,True,,2,0,https://mergr.com/company/31247,2026-09-04T02:09:13Z
232,Goense Capital Partners,Florida,1940,Pinnacle Stone & Tile,Building Materials,"Fairfield, California, United States",2006-02-01,"Buyout (LBO, MBO, MBI)",2015-03-25,Divestiture,9.1,False,,0,0,https://mergr.com/company/1940,2026-09-04T02:09:13Z
232,Goense Capital Partners,Florida,18319,CrossCom,Information Technology,"Buffalo Grove, Illinois, United States",2004-11-02,Recapitalization,,,21.8,True,,0,0,https://mergr.com/company/18319,2026-09-04T02:09:13Z
232,Goense Capital Partners,Florida,35113,L&S Mechanical,Construction,"Richardson, Texas, United States",2002-07-08,"Buyout (LBO, MBO, MBI)",,,24.1,True,,0,0,https://mergr.com/company/35113,2026-09-04T02:09:13Z
232,Goense Capital Partners,Florida,29526,"Norcraft Companies, Inc.",Building Materials,"Eagan, Minnesota, United States",1998-07-02,"Buyout (LBO, MBO, MBI)",2003-10-22,Trade Sale - Public Company,5.3,False,376,1,0,https://mergr.com/company/29526,2026-09-04T02:09:13Z
5181,Harbor Beach Capital,Florida,263407,Atlantic Southern Paving and Sealcoating,Construction,"Sunrise, Florida, United States",2019-08-12,Growth Capital,,,7,True,,9,0,https://mergr.com/company/263407,2026-09-04T02:09:13Z
5181,Harbor Beach Capital,Florida,271103,AVFX,Business Services,"Woburn, Massachusetts, United States",2018-06-25,"Buyout (LBO, MBO, MBI)",,,8.2,True,,1,0,https://mergr.com/company/271103,2026-09-04T02:09:13Z
920,Horizon Partners Ltd.,Florida,29965,Origen Medical Technologies,Medical Products,"Shanghai, China",2011-01-01,Acquisition Financing,,,15.7,True,,0,0,https://mergr.com/company/29965,2026-09-04T02:09:13Z
920,Horizon Partners Ltd.,Florida,14799,"Karl's Event Rental, Inc.",Business Services,"Oak Creek, Wisconsin, United States",2009-01-21,"Buyout (LBO, MBO, MBI)",2013-05-14,Divestiture,4.3,False,,0,0,https://mergr.com/company/14799,2026-09-04T02:09:13Z
920,Horizon Partners Ltd.,Florida,29960,"Monopanel Technologies, Inc.",Electrical Equipment,"West Allis, Wisconsin, United States",2009-01-01,Acquisition Financing,,,17.7,True,,0,0,https://mergr.com/company/29960,2026-09-04T02:09:13Z
920,Horizon Partners Ltd.,Florida,3020,"Groeb Farms, Inc.",Food,"Onsted, Michigan, United States",2007-01-01,"Buyout (LBO, MBO, MBI)",2013-10-01,Bankruptcy,6.8,False,,1,0,https://mergr.com/company/3020,2026-09-04T02:09:13Z
920,Horizon Partners Ltd.,Florida,3025,Climax Portable Machine Tools,Machinery,"Newberg, Oregon, United States",2005-11-30,"Buyout (LBO, MBO, MBI)",2013-09-06,Trade Sale - Public Company,7.8,False,,1,0,https://mergr.com/company/3025,2026-09-04T02:09:13Z
920,Horizon Partners Ltd.,Florida,7055,Lantor UK Ltd.,Apparel/Textiles,"Bolton, United Kingdom",2001-05-10,"Buyout (LBO, MBO, MBI)",2012-07-01,Trade Sale,11.1,False,,0,0,https://mergr.com/company/7055,2026-09-04T02:09:13Z
920,Horizon Partners Ltd.,Florida,24083,Springbrook Mfg. Co.,Apparel/Textiles,"Grand Junction, Colorado, United States",2000-01-01,Acquisition Financing,2003-10-01,Trade Sale,3.8,False,,0,0,https://mergr.com/company/24083,2026-09-04T02:09:13Z
920,Horizon Partners Ltd.,Florida,24082,"Seabrook Enterprises, Inc.",Food,"Seabrook, New Hampshire, United States",2000-01-01,Acquisition Financing,2007-06-01,Divestiture,7.4,False,,0,0,https://mergr.com/company/24082,2026-09-04T02:09:13Z
920,Horizon Partners Ltd.,Florida,24080,Atlas Snow-Shoe Co.,Apparel/Textiles,"San Francisco, California, United States",1999-05-17,Acquisition Financing,2003-10-01,Trade Sale,4.3,False,,0,0,https://mergr.com/company/24080,2026-09-04T02:09:13Z
920,Horizon Partners Ltd.,Florida,24081,"Display Products Division of Raychem, Inc.",Electrical Equipment,"Sunnyvale, California, United States",1999-01-01,"Buyout (LBO, MBO, MBI)",,,27.7,True,,0,0,https://mergr.com/company/24081,2026-09-04T02:09:13Z
920,Horizon Partners Ltd.,Florida,3034,Universal Blanchers LLC,Food,"College Park, Georgia, United States",1999-01-01,"Buyout (LBO, MBO, MBI)",2007-04-22,Divestiture,8.3,False,73,0,0,https://mergr.com/company/3034,2026-09-04T02:09:13Z
920,Horizon Partners Ltd.,Florida,14801,WinterQuest LLC,Apparel/Textiles,"Grand Junction, Colorado, United States",1998-01-01,"Buyout (LBO, MBO, MBI)",2003-10-01,Trade Sale,5.8,False,,0,0,https://mergr.com/company/14801,2026-09-04T02:09:13Z
920,Horizon Partners Ltd.,Florida,24077,"Paneltec, Inc.",Electrical Equipment,"Milwaukee, Wisconsin, United States",1998-01-01,Acquisition Financing,,,28.7,True,,0,0,https://mergr.com/company/24077,2026-09-04T02:09:13Z
920,Horizon Partners Ltd.,Florida,24076,"Mrs. Crockett's Kitchens, Inc.",Food,"Fort Worth, Texas, United States",1996-01-01,Acquisition Financing,2000-01-01,Trade Sale - Public Company,4,False,,0,0,https://mergr.com/company/24076,2026-09-04T02:09:13Z
920,Horizon Partners Ltd.,Florida,29956,Miller Multiplex Display & Fixture Co.,Furniture,"Fenton, Missouri, United States",1996-01-01,"Buyout (LBO, MBO, MBI)",1998-10-07,Sold to Management,2.8,False,,0,0,https://mergr.com/company/29956,2026-09-04T02:09:13Z
920,Horizon Partners Ltd.,Florida,14805,"Image Conversion Systems, Inc.",Business Services,"Chicago, Illinois, United States",1995-01-01,"Buyout (LBO, MBO, MBI)",1997-07-30,Trade Sale,2.5,False,,0,0,https://mergr.com/company/14805,2026-09-04T02:09:13Z
920,Horizon Partners Ltd.,Florida,20481,"Orval Kent Food Company,Inc.",Food,"Wheeling, Illinois, United States",1994-04-18,"Buyout (LBO, MBO, MBI)",2000-01-01,Divestiture,5.7,False,,0,0,https://mergr.com/company/20481,2026-09-04T02:09:13Z
920,Horizon Partners Ltd.,Florida,15693,"Byerly Foods, Inc.",Retail,"Edina, Minnesota, United States",1994-01-01,Acquisition Financing,2000-01-01,Trade Sale - Public Company,6,False,,0,0,https://mergr.com/company/15693,2026-09-04T02:09:13Z
920,Horizon Partners Ltd.,Florida,7056,Xymox,Electronics,"Milwaukee, Wisconsin, United States",1993-01-01,"Buyout (LBO, MBO, MBI)",2023-07-12,Divestiture,30.5,False,,1,1,https://mergr.com/company/7056,2026-09-04T02:09:13Z
920,Horizon Partners Ltd.,Florida,14802,"Surface Systems, Inc.",Test/Measurement Equipment,"St. Louis, Missouri, United States",1992-01-01,"Buyout (LBO, MBO, MBI)",2001-08-30,Divestiture,9.6,False,,1,0,https://mergr.com/company/14802,2026-09-04T02:09:13Z
920,Horizon Partners Ltd.,Florida,14806,"Gelber Industries, Inc.",Distribution,"Cincinnati, Ohio, United States",1991-01-01,"Buyout (LBO, MBO, MBI)",1996-01-01,Trade Sale,5,False,,0,0,https://mergr.com/company/14806,2026-09-04T02:09:13Z
6938,Indigo South Capital,Florida,317437,Chancey,Building Materials,"Jacksonville, Florida, United States",2020-07-28,"Buyout (LBO, MBO, MBI)",,,6.1,True,,1,0,https://mergr.com/company/317437,2026-09-04T02:09:13Z
5963,Latitude 27 Capital,Florida,272002,JK Findings,Consumer Products,"Rochester, New York, United States",2020-05-07,"Buyout (LBO, MBO, MBI)",,,6.3,True,,0,0,https://mergr.com/company/272002,2026-09-04T02:09:13Z
1292,Westshore Capital Partners,Florida,276085,Reliant Account Management,Information Technology,"Knoxville, Tennessee, United States",2019-01-02,Recapitalization,,,7.7,True,,0,0,https://mergr.com/company/276085,2026-09-04T02:09:13Z
1292,Westshore Capital Partners,Florida,221010,Interwest Safety Supply,Safety/Security,"Provo, Utah, United States",2015-02-01,Recapitalization,,,11.6,True,,0,0,https://mergr.com/company/221010,2026-09-04T02:09:13Z
1292,Westshore Capital Partners,Florida,24010,United Rotary Brush,Consumer Products,"Lenexa, Kansas, United States",2008-08-01,"Buyout (LBO, MBO, MBI)",,,18.1,True,,3,0,https://mergr.com/company/24010,2026-09-04T02:09:13Z
1292,Westshore Capital Partners,Florida,10448,American Paper Optics LLC,Manufacturing,"Bartlett, Tennessee, United States",2007-07-19,Recapitalization,,,19.1,True,,0,0,https://mergr.com/company/10448,2026-09-04T02:09:13Z
1292,Westshore Capital Partners,Florida,21387,"Hamilton Paper Box Co., Ltd.",Packaging,"Hamilton, Ontario, Canada",2005-04-01,Recapitalization,2007-12-28,Divestiture,2.7,False,,0,0,https://mergr.com/company/21387,2026-09-04T02:09:13Z
1292,Westshore Capital Partners,Florida,21390,United States Environmental Services LLC,Environmental,"New Orleans, Louisiana, United States",2004-06-01,Recapitalization,2014-06-10,Trade Sale - Public Company,10,False,,0,0,https://mergr.com/company/21390,2026-09-04T02:09:13Z
1292,Westshore Capital Partners,Florida,11490,Wheel Pros,Automotive,"Greenwood Village, Colorado, United States",2003-02-01,Recapitalization,2008-05-09,Trade Sale - Public Company,5.3,False,,1,0,https://mergr.com/company/11490,2026-09-04T02:09:13Z
1292,Westshore Capital Partners,Florida,21389,Red Hawk Fire & Security LLC,Safety/Security,"Boca Raton, Florida, United States",2001-03-01,Consolidation,2006-09-11,Divestiture,5.5,False,,0,0,https://mergr.com/company/21389,2026-09-04T02:09:13Z
1292,Westshore Capital Partners,Florida,14236,Bock & Clark Corp.,Business Services,"Akron, Ohio, United States",1999-04-01,Recapitalization,2005-02-01,Trade Sale - Public Company,5.8,False,,0,0,https://mergr.com/company/14236,2026-09-04T02:09:13Z
1292,Westshore Capital Partners,Florida,14232,"Argosy Industries, Inc.",Packaging,"Escondido, California, United States",1998-05-01,Recapitalization,,,28.3,True,,0,0,https://mergr.com/company/14232,2026-09-04T02:09:13Z
1292,Westshore Capital Partners,Florida,21388,"Manan Medical Products, Inc.",Medical Products,"Wheeling, Illinois, United States",1996-06-19,Recapitalization,,,30.2,True,,0,0,https://mergr.com/company/21388,2026-09-04T02:09:13Z
1292,Westshore Capital Partners,Florida,29863,"Aspen Pet Products, Inc.",Consumer Products,"Denver, Colorado, United States",1995-09-27,Recapitalization,2006-09-19,Divestiture,10.9,False,,0,0,https://mergr.com/company/29863,2026-09-04T02:09:13Z
5169,Valencia Capital,Florida,238147,Dawson Academy,Education,"St. Petersburg, Florida, United States",2016-12-30,"Buyout (LBO, MBO, MBI)",,,9.7,True,,0,0,https://mergr.com/company/238147,2026-09-04T02:09:13Z
5169,Valencia Capital,Florida,249429,SOS Food Lab,Food,"Hialeah Gardens, Florida, United States",2016-09-08,"Buyout (LBO, MBO, MBI)",,,9.9,True,,0,0,https://mergr.com/company/249429,2026-09-04T02:09:13Z
5169,Valencia Capital,Florida,63298,Denison Pharmaceuticals,Life Science,"Lincoln, Rhode Island, United States",2013-07-25,Recapitalization,,,13.1,True,,0,0,https://mergr.com/company/63298,2026-09-04T02:09:13Z
4921,Trivergance,Florida,217580,ebbo,Internet Software and Services,"Rocky Hill, Connecticut, United States",2016-05-16,Growth Capital,2019-07-08,Trade Sale - Public Company,3.1,False,,0,0,https://mergr.com/company/217580,2026-09-04T02:09:13Z
3449,"The Jeffrey Hart Group, Inc.",Florida,35937,SOS Security,Safety/Security,"Parsippany, New Jersey, United States",2013-01-14,Recapitalization,2019-06-01,Trade Sale - Public Company,6.3,False,,6,0,https://mergr.com/company/35937,2026-09-04T02:09:13Z
3449,"The Jeffrey Hart Group, Inc.",Florida,35933,ECS Refining LLC,Environmental,"Santa Clara, California, United States",2012-02-22,Recapitalization,2018-07-03,Bankruptcy,6.3,False,,0,0,https://mergr.com/company/35933,2026-09-04T02:09:13Z
3449,"The Jeffrey Hart Group, Inc.",Florida,18521,Industrial Air Tool LLP,Distribution,"Pasadena, Texas, United States",2011-08-15,Recapitalization,2014-01-28,Divestiture,2.4,False,,0,0,https://mergr.com/company/18521,2026-09-04T02:09:13Z
3449,"The Jeffrey Hart Group, Inc.",Florida,4919,Casabella Holdings LLC,Consumer Products,"Congers, New York, United States",2006-11-03,Recapitalization,2017-09-26,Trade Sale,10.8,False,,0,0,https://mergr.com/company/4919,2026-09-04T02:09:13Z
4679,Synergy Enterprises LLC,Florida,2356,AmerTac,Consumer Products,"Breinigsville, Pennsylvania, United States",2009-04-30,Secondary Buyout,2010-06-02,Divestiture,1.1,False,,0,0,https://mergr.com/company/2356,2026-09-04T02:09:13Z
4555,Sweetwater Capital Group,Florida,200541,Faction,Internet Software and Services,"Denver, Colorado, United States",2018-03-15,Venture,,,8.4,True,,0,0,https://mergr.com/company/200541,2026-09-04T02:09:13Z
4555,Sweetwater Capital Group,Florida,288975,CST Core,Communications,"Chicago, Illinois, United States",2018-01-01,"Buyout (LBO, MBO, MBI)",,,8.7,True,,0,0,https://mergr.com/company/288975,2026-09-04T02:09:13Z
4555,Sweetwater Capital Group,Florida,29859,"Digital Fortress, Inc.",Information Technology,"Seattle, Washington, United States",2012-03-30,"Buyout (LBO, MBO, MBI)",,,14.4,True,,0,0,https://mergr.com/company/29859,2026-09-04T02:09:13Z
4555,Sweetwater Capital Group,Florida,18627,"NewPath Networks, Inc.",Communications,"Seattle, Washington, United States",2009-04-21,"Buyout (LBO, MBO, MBI)",2010-09-08,Divestiture,1.3,False,,0,0,https://mergr.com/company/18627,2026-09-04T02:09:13Z
4555,Sweetwater Capital Group,Florida,3874,AAT Communications LLC,Communications,"Boca Raton, Florida, United States",2002-05-01,"Buyout (LBO, MBO, MBI)",2006-04-01,Divestiture,3.9,False,,0,0,https://mergr.com/company/3874,2026-09-04T02:09:13Z
1976,Supply Chain Equity Partners,Florida,202433,Herbert L. Flake,Distribution,"Houston, Texas, United States",2015-07-07,"Buyout (LBO, MBO, MBI)",2021-04-01,Divestiture,5.7,False,,0,0,https://mergr.com/company/202433,2026-09-04T02:09:13Z
1976,Supply Chain Equity Partners,Florida,202436,Sourcing Network International,Distribution,"Bensalem, Pennsylvania, United States",2014-10-05,"Buyout (LBO, MBO, MBI)",,,11.8,True,,0,0,https://mergr.com/company/202436,2026-09-04T02:09:13Z
1976,Supply Chain Equity Partners,Florida,32139,Exponential Power,Utilities,"Menomonee Falls, Wisconsin, United States",2012-09-26,"Buyout (LBO, MBO, MBI)",2017-05-23,Trade Sale - Public Company,4.6,False,,0,0,https://mergr.com/company/32139,2026-09-04T02:09:13Z
1976,Supply Chain Equity Partners,Florida,29117,MarketLab,Medical Products,"Caledonia, Michigan, United States",2011-06-27,"Buyout (LBO, MBO, MBI)",,,15.2,True,,1,0,https://mergr.com/company/29117,2026-09-04T02:09:13Z
1976,Supply Chain Equity Partners,Florida,1915,Distribution International,Distribution,"Houston, Texas, United States",2010-08-27,Secondary Buyout,2014-12-16,Trade Sale - Public Company,4.3,False,747,9,0,https://mergr.com/company/1915,2026-09-04T02:09:13Z
1976,Supply Chain Equity Partners,Florida,27926,Cone Instruments LLC,Distribution,"Solon, Ohio, United States",2008-07-17,"Buyout (LBO, MBO, MBI)",,,18.1,True,,0,0,https://mergr.com/company/27926,2026-09-04T02:09:13Z
1976,Supply Chain Equity Partners,Florida,27928,Medi-Nuclear Corp.,Distribution,"New Hudson, Michigan, United States",2006-04-01,"Buyout (LBO, MBO, MBI)",,,20.4,True,,0,0,https://mergr.com/company/27928,2026-09-04T02:09:13Z
589,Spring Bay Companies,Florida,231,Matrix Medical Network,Healthcare Services,"Phoenix, Arizona, United States",2007-02-01,Growth Capital,2011-10-28,Trade Sale - Public Company,4.7,False,,0,0,https://mergr.com/company/231,2026-09-04T02:09:13Z
5947,Sorfam Capital,Florida,271357,Century Boats,Marine,"Zephyrhills, Florida, United States",2020-04-20,"Buyout (LBO, MBO, MBI)",,,6.3,True,,1,0,https://mergr.com/company/271357,2026-09-04T02:09:13Z
4802,Shepard Capital Partners,Florida,211515,Sun Financial,Renewable Energy,United States,2014-11-21,"Buyout (LBO, MBO, MBI)",,,11.8,True,,0,0,https://mergr.com/company/211515,2026-09-04T02:09:13Z
4802,Shepard Capital Partners,Florida,269351,Uown Leasing,Financial Services,"Tampa, Florida, United States",2014-04-17,Growth Capital,2020-02-19,Trade Sale - Public Company,5.8,False,,0,0,https://mergr.com/company/269351,2026-09-04T02:09:13Z
4802,Shepard Capital Partners,Florida,52534,Burlington Technologies,Apparel/Textiles,"Burlington, North Carolina, United States",2012-10-01,"Buyout (LBO, MBO, MBI)",,,13.9,True,,0,0,https://mergr.com/company/52534,2026-09-04T02:09:13Z
4802,Shepard Capital Partners,Florida,211495,Car Stop,Retail,"Tampa, Florida, United States",2012-09-13,Growth Capital,,,13.9,True,,0,0,https://mergr.com/company/211495,2026-09-04T02:09:13Z
4802,Shepard Capital Partners,Florida,211518,Comcom Systems,Software,"Clearwater, Florida, United States",2012-02-10,Recapitalization,,,14.5,True,,0,0,https://mergr.com/company/211518,2026-09-04T02:09:13Z
3413,Seven Point Equity Partners,Florida,237516,Velocity Medtech,Medical Products,"Totowa, New Jersey, United States",2016-12-31,Recapitalization,,,9.7,True,,1,0,https://mergr.com/company/237516,2026-09-04T02:09:13Z
3413,Seven Point Equity Partners,Florida,219503,Venice Holdings LLC,Business Services,"Westport, Connecticut, United States",2016-01-01,"Buyout (LBO, MBO, MBI)",,,10.7,True,,0,0,https://mergr.com/company/219503,2026-09-04T02:09:13Z
3413,Seven Point Equity Partners,Florida,101593,RiteScreen,Building Materials,"Elizabethville, Pennsylvania, United States",2014-06-17,Divestiture,,,12.2,True,,2,0,https://mergr.com/company/101593,2026-09-04T02:09:13Z
4838,Sand Oak Capital Partners,Florida,213969,LCR Contractors,Construction,"Hutto, Texas, United States",2016-01-16,Growth Capital,2019-03-15,Merger,3.1,False,58,0,0,https://mergr.com/company/213969,2026-09-04T02:09:13Z
3309,Royal Palm Capital Partners,Florida,5875,ARS,Consumer Services,"Memphis, Tennessee, United States",2006-10-01,"Buyout (LBO, MBO, MBI)",2014-05-06,Trade Sale - Public Company,7.6,False,,2,0,https://mergr.com/company/5875,2026-09-04T02:09:13Z
2686,Rizvi Traverse Management,Florida,3951,RealD,Software,"Beverly Hills, California, United States",2015-11-09,Going Private,,,10.8,True,163,1,0,https://mergr.com/company/3951,2026-09-04T02:09:13Z
2686,Rizvi Traverse Management,Florida,60810,SESAC,Digital Media,"Nashville, Tennessee, United States",2013-01-02,"Buyout (LBO, MBO, MBI)",2017-01-04,Trade Sale - Public Company,4,False,,2,0,https://mergr.com/company/60810,2026-09-04T02:09:13Z
2686,Rizvi Traverse Management,Florida,60802,Block,Financial Services,"Oakland, California, United States",2012-09-17,Growth Capital,2015-11-19,IPO,3.2,False,24194,6,0,https://mergr.com/company/60802,2026-09-04T02:09:13Z
2686,Rizvi Traverse Management,Florida,60782,Playboy,Media,"Los Angeles, California, United States",2011-01-10,Going Private,2021-02-10,SPAC,10.1,False,121,0,0,https://mergr.com/company/60782,2026-09-04T02:09:13Z
2686,Rizvi Traverse Management,Florida,60766,ZCM,Financial Services,"Chicago, Illinois, United States",2010-05-01,"Buyout (LBO, MBO, MBI)",2013-10-16,Divestiture,3.4,False,,0,0,https://mergr.com/company/60766,2026-09-04T02:09:13Z
2686,Rizvi Traverse Management,Florida,24175,Meta,Internet Software and Services,"Menlo Park, California, United States",2007-10-24,Stake Purchase,2012-05-18,IPO,4.5,False,200966,26,0,https://mergr.com/company/24175,2026-09-04T02:09:13Z
2686,Rizvi Traverse Management,Florida,60758,Summit Entertainment LLC,Media,"Santa Monica, California, United States",2007-04-01,"Buyout (LBO, MBO, MBI)",2012-01-12,Trade Sale - Public Company,4.8,False,,0,0,https://mergr.com/company/60758,2026-09-04T02:09:13Z
2686,Rizvi Traverse Management,Florida,60750,ICM Partners,Media,"Los Angeles, California, United States",2005-11-01,Recapitalization,2019-12-16,Trade Sale - Public Company,14.1,False,,1,0,https://mergr.com/company/60750,2026-09-04T02:09:13Z
6149,Nord Bay Capital,Florida,186948,HOA,Restaurants,"Atlanta, Georgia, United States",2019-07-01,Secondary Buyout,2025-03-31,Bankruptcy,5.7,False,,0,0,https://mergr.com/company/186948,2026-09-04T02:09:13Z
5897,Mill Hill Capital,Florida,321413,Tag Aero,Business Services,"Rock Hill, South Carolina, United States",2020-03-27,Secondary Buyout,2024-09-30,Divestiture,4.5,False,,1,0,https://mergr.com/company/321413,2026-09-04T02:09:13Z
356,Lovett Miller & Co.,Florida,2931,"MED3OOO, Inc.",Information Technology,"Pittsburgh, Pennsylvania, United States",2008-06-01,Recapitalization,2012-10-01,Divestiture,4.3,False,,0,0,https://mergr.com/company/2931,2026-09-04T02:09:13Z
356,Lovett Miller & Co.,Florida,20299,EverBank,Financial Services,"Jacksonville, Florida, United States",2008-05-01,Stake Purchase,2012-05-03,IPO,4,False,1094,1,0,https://mergr.com/company/20299,2026-09-04T02:09:13Z
356,Lovett Miller & Co.,Florida,2930,Sigma International General Medical Apparatus LLC,Medical Products,"Medina, New York, United States",2007-12-07,Growth Capital,2012-04-25,Divestiture,4.3,False,,0,0,https://mergr.com/company/2930,2026-09-04T02:09:13Z
356,Lovett Miller & Co.,Florida,2941,"Kinetic Books Company, Inc.",Software,"Seattle, Washington, United States",2007-06-30,Venture,2010-11-08,Divestiture,3.3,False,,0,0,https://mergr.com/company/2941,2026-09-04T02:09:13Z
356,Lovett Miller & Co.,Florida,2944,"Telovations, Inc.",Communications,"Tampa, Florida, United States",2007-04-10,Venture,2012-11-26,Divestiture,5.6,False,,0,0,https://mergr.com/company/2944,2026-09-04T02:09:13Z
356,Lovett Miller & Co.,Florida,240,Florida Bank Group,Financial Services,"Tampa, Florida, United States",2006-06-06,Venture,2015-03-02,Divestiture,8.7,False,,0,0,https://mergr.com/company/240,2026-09-04T02:09:13Z
356,Lovett Miller & Co.,Florida,2932,"CareAnyware, Inc.",Business Services,"Morrisville, North Carolina, United States",2005-11-07,Venture,2012-12-01,Divestiture,7,False,,0,0,https://mergr.com/company/2932,2026-09-04T02:09:13Z
356,Lovett Miller & Co.,Florida,160617,"Cypress Care, Inc.",Business Services,"Duluth, Georgia, United States",2004-03-04,Growth Capital,2007-07-26,Divestiture,3.3,False,,0,0,https://mergr.com/company/160617,2026-09-04T02:09:13Z
356,Lovett Miller & Co.,Florida,2577,"360Commerce, Inc.",Software,"Austin, Texas, United States",2003-09-29,Venture,2006-01-20,Divestiture,2.3,False,,0,0,https://mergr.com/company/2577,2026-09-04T02:09:13Z
356,Lovett Miller & Co.,Florida,2953,RxStrategies,Healthcare Services,"Boca Raton, Florida, United States",2003-05-02,Venture,2019-09-24,Trade Sale - Public Company,16.3,False,,0,0,https://mergr.com/company/2953,2026-09-04T02:09:13Z
356,Lovett Miller & Co.,Florida,2581,iLIANT Corp.,Information Technology,"Tampa, Pennsylvania, United States",2002-01-07,Venture,2006-06-01,Spin Off,4.3,False,,0,0,https://mergr.com/company/2581,2026-09-04T02:09:13Z
356,Lovett Miller & Co.,Florida,2934,Peopleclick,Software,"Raleigh, North Carolina, United States",1999-11-01,"Buyout (LBO, MBO, MBI)",2010-01-05,Divestiture,10.2,False,,0,0,https://mergr.com/company/2934,2026-09-04T02:09:13Z
6494,Eir Partners,Florida,352534,ClaimsBridge,Software,"Arnold, Maryland, United States",2026-08-06,Growth Capital,,,0,True,,1,0,https://mergr.com/company/352534,2026-09-04T02:09:13Z
6494,Eir Partners,Florida,309308,QuartzBio,Internet Software and Services,"Frederick, Maryland, United States",2026-05-13,Divestiture,,,0.3,True,,0,0,https://mergr.com/company/309308,2026-09-04T02:09:13Z
6494,Eir Partners,Florida,347609,Long Tail,Software,"Chicago, Illinois, United States",2026-04-01,Growth Capital,,,0.4,True,,0,0,https://mergr.com/company/347609,2026-09-04T02:09:13Z
6494,Eir Partners,Florida,341058,Smarter Technologies,Information Technology,"Dallas, Texas, United States",2025-05-19,Consolidation,,,1.3,True,,4,0,https://mergr.com/company/341058,2026-09-04T02:09:13Z
6494,Eir Partners,Florida,343306,Porter,Information Technology,"Baltimore, Maryland, United States",2025-03-13,Growth Capital,,,1.4,True,,0,0,https://mergr.com/company/343306,2026-09-04T02:09:13Z
6494,Eir Partners,Florida,332665,Machinify,Software,"Palo Alto, California, United States",2025-01-10,"Buyout (LBO, MBO, MBI)",,,1.6,True,,2,0,https://mergr.com/company/332665,2026-09-04T02:09:13Z
6494,Eir Partners,Florida,329122,PharmaForceIQ,Marketing,"Miami, Florida, United States",2024-09-10,Recapitalization,,,1.9,True,,1,0,https://mergr.com/company/329122,2026-09-04T02:09:13Z
6494,Eir Partners,Florida,311892,Gifthealth,Software,"Columbus, Ohio, United States",2023-04-04,"Buyout (LBO, MBO, MBI)",,,3.4,True,,1,0,https://mergr.com/company/311892,2026-09-04T02:09:13Z
6494,Eir Partners,Florida,309301,ReviveHealth,Healthcare Services,"Ponte Vedra, Florida, United States",2023-01-24,Recapitalization,,,3.6,True,,1,0,https://mergr.com/company/309301,2026-09-04T02:09:13Z
6494,Eir Partners,Florida,309322,Helpware,Business Services,"Lexington, Kentucky, United States",2022-09-20,"Buyout (LBO, MBO, MBI)",,,3.9,True,,0,0,https://mergr.com/company/309322,2026-09-04T02:09:13Z
6494,Eir Partners,Florida,302946,ClaimLogiq,Software,"Mount Pleasant, South Carolina, United States",2022-08-16,Growth Capital,2023-06-13,Spin Off,0.8,False,,0,0,https://mergr.com/company/302946,2026-09-04T02:09:13Z
7099,Firefly Capital Management,Florida,352447,Gravity,Energy Services and Equipment,"Houston, Texas, United States",2026-08-04,"Buyout (LBO, MBO, MBI)",,,0.1,True,,0,0,https://mergr.com/company/352447,2026-09-04T02:09:13Z
6811,Apex Capital,Florida,352748,El Latino Foods,Food,"Doral, Florida, United States",2026-03-31,"Buyout (LBO, MBO, MBI)",,,0.4,True,,0,0,https://mergr.com/company/352748,2026-09-04T02:09:13Z
6811,Apex Capital,Florida,336036,Juanita’s Foods,Food,"Wilmington, California, United States",2025-04-28,"Buyout (LBO, MBO, MBI)",,,1.3,True,,0,0,https://mergr.com/company/336036,2026-09-04T02:09:13Z
6811,Apex Capital,Florida,352746,Grupo Ayudín,Consumer Products,"Buenos Aires, Argentina",2024-03-21,Divestiture,,,2.4,True,,0,0,https://mergr.com/company/352746,2026-09-04T02:09:13Z
7025,GoldState Music,Florida,347112,Too Lost,Media,"New York, New York, United States",2026-03-16,Growth Capital,,,0.4,True,,0,0,https://mergr.com/company/347112,2026-09-07T14:00:00Z
7025,GoldState Music,Florida,346054,Create Music Group,Media,"Los Angeles, California, United States",2024-06-25,Growth Capital,,,2.2,True,,0,0,https://mergr.com/company/346054,2026-09-07T14:00:00Z
7025,GoldState Music,Florida,24952,TouchTunes,Digital Media,"New York, New York, United States",2022-03-30,Secondary Buyout,,,4.4,True,,1,0,https://mergr.com/company/24952,2026-09-07T14:00:00Z
6375,HighPost Capital,Florida,337344,Equip Foods,Consumer Products,"West Palm Beach, Florida, United States",2025-06-11,Growth Capital,,,1.2,True,,0,0,https://mergr.com/company/337344,2026-09-07T14:00:00Z
6375,HighPost Capital,Florida,288918,Front Row,Marketing,"New York City, New York, United States",2024-09-03,Secondary Buyout,,,2,True,,3,0,https://mergr.com/company/288918,2026-09-07T14:00:00Z
6375,HighPost Capital,Florida,312630,Magic Spoon,Food,"New York City, New York, United States",2022-06-13,Venture,,,4.2,True,,0,0,https://mergr.com/company/312630,2026-09-07T14:00:00Z
6375,HighPost Capital,Florida,298383,Inspire Fitness,Consumer Services,"Corona, California, United States",2022-03-31,"Buyout (LBO, MBO, MBI)",,,4.4,True,,0,0,https://mergr.com/company/298383,2026-09-07T14:00:00Z
6375,HighPost Capital,Florida,298382,Centr,Consumer Services,"New South Wales, Australia",2022-03-31,"Buyout (LBO, MBO, MBI)",,,4.4,True,,0,0,https://mergr.com/company/298382,2026-09-07T14:00:00Z
6375,HighPost Capital,Florida,312628,Spotter,Digital Media,"Culver City, California, United States",2021-08-01,Venture,,,5.1,True,,0,0,https://mergr.com/company/312628,2026-09-07T14:00:00Z
6814,Ark MFG,Florida,336656,Tarpon Stainless Fabricators,Business Services,"Tarpon Springs, Florida, United States",2025-05-21,"Buyout (LBO, MBO, MBI)",,,1.3,True,,0,0,https://mergr.com/company/336656,2026-09-07T14:00:00Z
6814,Ark MFG,Florida,344198,Amerikooler,Manufacturing,"Hialeah, Florida, United States",2025-01-01,"Buyout (LBO, MBO, MBI)",,,1.7,True,,0,0,https://mergr.com/company/344198,2026-09-07T14:00:00Z
6822,Elevate Software,Florida,337060,Trifecta Research,Business Services,"Asheville, North Carolina, United States",2025-01-29,"Buyout (LBO, MBO, MBI)",,,1.6,True,,0,0,https://mergr.com/company/337060,2026-09-07T14:00:00Z
6822,Elevate Software,Florida,148493,Mi9 Retail,Software,"Fort Lauderdale, Florida, United States",2024-01-31,Secondary Buyout,,,2.6,True,,0,0,https://mergr.com/company/148493,2026-09-07T14:00:00Z
6193,Bluejay Capital,Florida,331140,MobilGrain,Food,"Regina, Saskatchewan, Canada",2024-11-26,Divestiture,,,1.8,True,,0,0,https://mergr.com/company/331140,2026-09-07T14:00:00Z
6193,Bluejay Capital,Florida,343756,RPM,Transportation,"Birmingham, Michigan, United States",2024-05-31,"Buyout (LBO, MBO, MBI)",,,2.3,True,,2,0,https://mergr.com/company/343756,2026-09-07T14:00:00Z
6193,Bluejay Capital,Florida,307523,BWT Logistics,Transportation,"Smyrna, Georgia, United States",2022-11-29,"Buyout (LBO, MBO, MBI)",,,3.8,True,,2,0,https://mergr.com/company/307523,2026-09-07T14:00:00Z
6193,Bluejay Capital,Florida,294108,Pacific West,Construction,"Salt Lake City, Utah, United States",2021-12-22,"Buyout (LBO, MBO, MBI)",,,4.7,True,,2,0,https://mergr.com/company/294108,2026-09-07T14:00:00Z
6193,Bluejay Capital,Florida,284637,The Assembly Authority,Business Services,"Naperville, Illinois, United States",2021-04-28,"Buyout (LBO, MBO, MBI)",,,5.3,True,,0,0,https://mergr.com/company/284637,2026-09-07T14:00:00Z
5404,Accelmed,Florida,329390,Bioventus - Advanced Rehabilitation Business,Medical Products,United States,2024-10-01,Divestiture,,,1.9,True,,0,0,https://mergr.com/company/329390,2026-09-07T14:00:00Z
5404,Accelmed,Florida,263271,Minerva Surgical,Medical Products,"Santa Clara, California, United States",2023-02-09,Stake Purchase,,,3.5,True,50,0,0,https://mergr.com/company/263271,2026-09-07T14:00:00Z
5404,Accelmed,Florida,330740,SKNV,Life Science,"Pompano Beach, Florida, United States",2022-11-14,Growth Capital,,,3.8,True,,0,0,https://mergr.com/company/330740,2026-09-07T14:00:00Z
5404,Accelmed,Florida,307784,Click Therapeutics,Software,"New York, New York, United States",2021-10-22,Venture,,,4.8,True,,1,0,https://mergr.com/company/307784,2026-09-07T14:00:00Z
5404,Accelmed,Florida,286747,Veranex,Business Services,"Raleigh, North Carolina, United States",2021-06-16,Growth Capital,,,5.2,True,,12,0,https://mergr.com/company/286747,2026-09-07T14:00:00Z
5404,Accelmed,Florida,306333,Momentis Surgical,Medical Products,"Or Yehuda, Israel",2021-04-12,Venture,,,5.3,True,,0,1,https://mergr.com/company/306333,2026-09-07T14:00:00Z
5404,Accelmed,Florida,307793,MedMinder,Life Science,"Norwood, Massachusetts, United States",2021-03-22,Growth Capital,2023-04-19,Divestiture,2,False,,0,0,https://mergr.com/company/307793,2026-09-07T14:00:00Z
5404,Accelmed,Florida,284440,NeuroPace,Medical Products,"Mountain View, California, United States",2020-08-31,Growth Capital,2021-04-21,IPO,0.6,False,100,0,0,https://mergr.com/company/284440,2026-09-07T14:00:00Z
5404,Accelmed,Florida,30889,Trukera Medical,Medical Products,"Southlake, Texas, United States",2020-05-11,Going Private,2024-07-23,Divestiture,4.2,False,,0,0,https://mergr.com/company/30889,2026-09-07T14:00:00Z
5404,Accelmed,Florida,265709,TailorMed,Information Technology,"New York, New York, United States",2019-06-27,Venture,,,7.2,True,,1,0,https://mergr.com/company/265709,2026-09-07T14:00:00Z
5404,Accelmed,Florida,5951,EndoGastric Solutions,Medical Products,"Redmond, Washington, United States",2019-05-28,Venture,2024-07-01,Divestiture,5.1,False,,0,0,https://mergr.com/company/5951,2026-09-07T14:00:00Z
5404,Accelmed,Florida,20036,Keystone Dental,Medical Products,"Burlington, Massachusetts, United States",2018-06-04,Secondary Buyout,,,8.3,True,,1,0,https://mergr.com/company/20036,2026-09-07T14:00:00Z
5404,Accelmed,Florida,192959,STRATA,Medical Products,"Horsham, Pennsylvania, United States",2018-04-02,Stake Purchase,,,8.4,True,31,1,0,https://mergr.com/company/192959,2026-09-07T14:00:00Z
5404,Accelmed,Florida,307801,Nitinotes,Medical Products,"Caesarea, Israel",2018-03-16,Venture,,,8.4,True,,0,0,https://mergr.com/company/307801,2026-09-07T14:00:00Z
5404,Accelmed,Florida,265718,AiCure,Information Technology,"Houston, Texas, United States",2017-11-17,Venture,,,8.8,True,,0,0,https://mergr.com/company/265718,2026-09-07T14:00:00Z
5404,Accelmed,Florida,307791,Digma Medical,Medical Products,"Givat Shmuel, Israel",2015-04-01,Venture,,,11.4,True,,0,0,https://mergr.com/company/307791,2026-09-07T14:00:00Z
5404,Accelmed,Florida,307788,Corvia Medical,Medical Products,"Tewksbury, Massachusetts, United States",2014-07-01,Venture,,,12.2,True,,0,0,https://mergr.com/company/307788,2026-09-07T14:00:00Z
5404,Accelmed,Florida,302525,Valcare Medical,Medical Products,"Herzliya, Israel",2012-07-11,Growth Capital,2023-08-01,Secondary Sale,11,False,,0,0,https://mergr.com/company/302525,2026-09-07T14:00:00Z
6132,Lumerity Capital,Florida,340606,Ellit Groups,Healthcare Services,United States,2024-07-16,Growth Capital,,,2.1,True,,0,0,https://mergr.com/company/340606,2026-09-07T14:00:00Z
6132,Lumerity Capital,Florida,280924,Airtower Networks,Communications,"Washington, District of Columbia, United States",2021-01-26,Growth Capital,,,5.6,True,,0,0,https://mergr.com/company/280924,2026-09-07T14:00:00Z
6132,Lumerity Capital,Florida,238967,365 Data Centers,Information Technology,"Norwalk, Connecticut, United States",2020-10-06,Secondary Buyout,,,5.9,True,,1,1,https://mergr.com/company/238967,2026-09-07T14:00:00Z
6132,Lumerity Capital,Florida,268066,Effectual,Information Technology,"Jersey City, New Jersey, United States",2020-01-01,Growth Capital,,,6.7,True,,2,0,https://mergr.com/company/268066,2026-09-07T14:00:00Z
6132,Lumerity Capital,Florida,35265,Datavail,Information Technology,"Boulder, Colorado, United States",2012-09-06,Growth Capital,2024-01-16,Trade Sale - Public Company,11.3,False,,5,1,https://mergr.com/company/35265,2026-09-07T14:00:00Z
3341,Cambridge Capital,Florida,333279,STAT Recovery Services,Software,"Bentonville, Arkansas, United States",2024-05-29,"Buyout (LBO, MBO, MBI)",,,2.3,True,,0,0,https://mergr.com/company/333279,2026-09-07T14:00:00Z
3341,Cambridge Capital,Florida,304546,Boa Logistics,Transportation,"Commerce, California, United States",2022-09-08,"Buyout (LBO, MBO, MBI)",,,3.9,True,,0,0,https://mergr.com/company/304546,2026-09-07T14:00:00Z
3341,Cambridge Capital,Florida,312689,Greenscreens.ai,Information Technology,"Fort Pierce, Florida, United States",2022-03-01,Venture,2025-02-26,Divestiture,2.9,False,,0,0,https://mergr.com/company/312689,2026-09-07T14:00:00Z
3341,Cambridge Capital,Florida,333277,Everest Transportation Systems,Transportation,"Chicago, Illinois, United States",2021-09-08,"Buyout (LBO, MBO, MBI)",,,4.9,True,,0,0,https://mergr.com/company/333277,2026-09-07T14:00:00Z
3341,Cambridge Capital,Florida,333280,Parcel Perform,Software,"Singapore, Singapore",2021-08-11,Growth Capital,,,5,True,,0,0,https://mergr.com/company/333280,2026-09-07T14:00:00Z
3341,Cambridge Capital,Florida,220314,Natrox Wound Care,Medical Products,"Cambridge, United Kingdom",2016-05-16,Growth Capital,,,10.3,True,,0,0,https://mergr.com/company/220314,2026-09-07T14:00:00Z
7024,Cullinan Holdings,Florida,290252,House of Design,Machinery,"Nampa, Idaho, United States",2024-03-19,Secondary Buyout,,,2.4,True,,0,0,https://mergr.com/company/290252,2026-09-07T14:00:00Z
5117,Firelight Capital Partners,Florida,321900,Fromm International,Consumer Products,"Mount Prospect, Illinois, United States",2024-01-03,"Buyout (LBO, MBO, MBI)",,,2.7,True,,0,0,https://mergr.com/company/321900,2026-09-07T14:00:00Z
5117,Firelight Capital Partners,Florida,269887,Hobo,Consumer Products,"Annapolis, Maryland, United States",2019-11-05,Growth Capital,,,6.8,True,,0,0,https://mergr.com/company/269887,2026-09-07T14:00:00Z
5117,Firelight Capital Partners,Florida,75053,Three Dog Bakery,Consumer Products,"Kansas, Missouri, United States",2017-01-18,Growth Capital,,,9.6,True,,0,1,https://mergr.com/company/75053,2026-09-07T14:00:00Z
6594,Bellini Capital,Florida,318130,Compliance Scorecard,Information Technology,"Dover, New Hampshire, United States",2023-10-18,Growth Capital,,,2.8,True,,1,0,https://mergr.com/company/318130,2026-09-07T14:00:00Z
4554,IVEST Consumer Partners,Florida,337282,Cloudco Entertainment,Media,"Cleveland, Ohio, United States",2023-08-30,"Buyout (LBO, MBO, MBI)",,,3,True,,0,0,https://mergr.com/company/337282,2026-09-07T14:00:00Z
4554,IVEST Consumer Partners,Florida,319980,Entertainment Earth,E-Commerce,"Simi Valley, California, United States",2022-08-02,Growth Capital,,,4.1,True,,0,0,https://mergr.com/company/319980,2026-09-07T14:00:00Z
4554,IVEST Consumer Partners,Florida,293772,Paladone,Consumer Products,"Shoreham-by-Sea, United Kingdom",2021-11-20,"Buyout (LBO, MBO, MBI)",,,4.8,True,,1,0,https://mergr.com/company/293772,2026-09-07T14:00:00Z
4554,IVEST Consumer Partners,Florida,181838,Spence Diamonds,Retail,"Vancouver, British Columbia, Canada",2015-04-08,"Buyout (LBO, MBO, MBI)",2025-07-22,Trade Sale - Public Company,10.3,False,,0,0,https://mergr.com/company/181838,2026-09-07T14:00:00Z
6175,Arsenal Growth Equity,Florida,311580,OneRail,Internet Software and Services,"Orlando, Florida, United States",2022-12-01,Venture,,,3.8,True,,1,0,https://mergr.com/company/311580,2026-09-07T14:00:00Z
6175,Arsenal Growth Equity,Florida,311620,Virtual Internship,Staffing,"London, United Kingdom",2022-09-15,Venture,,,3.9,True,,0,0,https://mergr.com/company/311620,2026-09-07T14:00:00Z
6175,Arsenal Growth Equity,Florida,300792,Sayari,Software,"Washington, District of Columbia, United States",2021-09-14,Venture,2024-01-16,Trade Sale - Public Company,2.3,False,,0,0,https://mergr.com/company/300792,2026-09-07T14:00:00Z
6175,Arsenal Growth Equity,Florida,281323,Cart.com,Internet Software and Services,"Houston, Texas, United States",2021-04-15,Venture,,,5.3,True,,7,0,https://mergr.com/company/281323,2026-09-07T14:00:00Z
6175,Arsenal Growth Equity,Florida,283322,Elevate,Information Technology,"Chicago, Illinois, United States",2021-03-29,Growth Capital,2026-03-12,Sold to Management,4.9,False,,0,0,https://mergr.com/company/283322,2026-09-07T14:00:00Z
6175,Arsenal Growth Equity,Florida,311645,Sparta,Software,"San Francisco, California, United States",2020-03-06,Venture,2024-10-31,Divestiture,4.6,False,,0,0,https://mergr.com/company/311645,2026-09-07T14:00:00Z
6175,Arsenal Growth Equity,Florida,257534,Onapsis,Software,"Boston, Massachusetts, United States",2019-04-13,Venture,,,7.3,True,,0,0,https://mergr.com/company/257534,2026-09-07T14:00:00Z
6175,Arsenal Growth Equity,Florida,311612,Stratifyd,Software,"Charlotte, North Carolina, United States",2019-02-21,Venture,,,7.5,True,,0,0,https://mergr.com/company/311612,2026-09-07T14:00:00Z
6175,Arsenal Growth Equity,Florida,246877,Second Nature,Internet Software and Services,"Raleigh, North Carolina, United States",2018-10-29,Venture,,,7.8,True,,0,0,https://mergr.com/company/246877,2026-09-07T14:00:00Z
6175,Arsenal Growth Equity,Florida,58734,Sharecare,Internet Software and Services,"Atlanta, Georgia, United States",2012-01-17,Venture,2021-06-29,Sold to Existing Investors,9.4,False,413,12,0,https://mergr.com/company/58734,2026-09-07T14:00:00Z
6261,SROA Capital,Florida,238071,StayLock Storage,Real Estate,"St. Louis, Missouri, United States",2021-08-05,Secondary Buyout,,,5.1,True,,0,0,https://mergr.com/company/238071,2026-09-07T14:00:00Z
5198,Jaguar Growth Partners,Florida,283903,RB SEC,Financial Services,"Sao Palo, Brazil",2021-04-12,"Buyout (LBO, MBO, MBI)",,,5.3,True,,0,0,https://mergr.com/company/283903,2026-09-07T14:00:00Z
5198,Jaguar Growth Partners,Florida,270029,Brilliant,Distribution,"Shanghai, China",2020-03-10,"Buyout (LBO, MBO, MBI)",,,6.4,True,,0,0,https://mergr.com/company/270029,2026-09-07T14:00:00Z
5198,Jaguar Growth Partners,Florida,239851,Vesta,Real Estate,"Mexico City, Mexico",2017-05-24,Growth Capital,,,9.3,True,,0,0,https://mergr.com/company/239851,2026-09-07T14:00:00Z
5198,Jaguar Growth Partners,Florida,239227,Hoteles City Express,Leisure,"Mexico City, Mexico",2017-05-04,Stake Purchase,,,9.3,True,189,0,0,https://mergr.com/company/239227,2026-09-07T14:00:00Z
5198,Jaguar Growth Partners,Florida,239853,Allos,Real Estate,"Rio de Janeiro, Brazil",2016-01-01,Stake Purchase,,,10.7,True,757,0,0,https://mergr.com/company/239853,2026-09-07T14:00:00Z
5198,Jaguar Growth Partners,Florida,239857,LatAm Logistic Properties,Real Estate,"San Jose, Costa Rica",2015-01-01,"Buyout (LBO, MBO, MBI)",,,11.7,True,,0,0,https://mergr.com/company/239857,2026-09-07T14:00:00Z
5080,B.I.G. Capital,Florida,331208,Open Minds,Information Technology,"West Bromwich, United Kingdom",2018-10-31,"Buyout (LBO, MBO, MBI)",,,7.8,True,,0,0,https://mergr.com/company/331208,2026-09-07T14:00:00Z
5080,B.I.G. Capital,Florida,230627,Help Desk Technology,Software,"Oakville, Ontario, Canada",2016-10-27,"Buyout (LBO, MBO, MBI)",,,9.8,True,,0,0,https://mergr.com/company/230627,2026-09-07T14:00:00Z
5080,B.I.G. Capital,Florida,230626,E-Net,Software,"Weston, Florida, United States",2012-01-01,"Buyout (LBO, MBO, MBI)",,,14.7,True,,0,0,https://mergr.com/company/230626,2026-09-07T14:00:00Z
5080,B.I.G. Capital,Florida,230625,Resource One,Software,"Richardson, Texas, United States",2010-12-21,"Buyout (LBO, MBO, MBI)",,,15.7,True,,0,0,https://mergr.com/company/230625,2026-09-07T14:00:00Z
4385,Bespoke Capital Partners,Florida,306247,World Gym,Consumer Services,"Taichung, Taiwan",2017-04-01,Stake Purchase,2024-01-24,IPO,6.8,False,9817,0,0,https://mergr.com/company/306247,2026-09-07T14:00:00Z
4385,Bespoke Capital Partners,Florida,8422,24 Hour Fitness,Consumer Services,"San Ramon, California, United States",2014-03-30,Secondary Buyout,2020-06-15,Bankruptcy,6.2,False,,1,0,https://mergr.com/company/8422,2026-09-07T14:00:00Z
2846,Medina Ventures,Florida,247147,Cyxtera,Information Technology,"Coral Gables, Florida, United States",2016-11-04,Divestiture,2021-07-16,SPAC,4.7,False,,5,1,https://mergr.com/company/247147,2026-09-07T14:00:00Z
2846,Medina Ventures,Florida,192273,Cryptzone Group AB,Software,"Waltham, Massachusetts, United States",2014-04-07,"Buyout (LBO, MBO, MBI)",2016-11-04,Divestiture,2.5,False,,1,0,https://mergr.com/company/192273,2026-09-07T14:00:00Z
2846,Medina Ventures,Florida,229790,Brainspace,Software,"Addison, Texas, United States",2013-09-12,"Buyout (LBO, MBO, MBI)",2016-11-04,Divestiture,3.1,False,,0,0,https://mergr.com/company/229790,2026-09-07T14:00:00Z
2846,Medina Ventures,Florida,68238,"Catbird Networks, Inc.",Software,"Scotts Valley, California, United States",2013-07-25,Growth Capital,2016-11-04,Divestiture,3.3,False,,0,0,https://mergr.com/company/68238,2026-09-07T14:00:00Z
2846,Medina Ventures,Florida,68242,"Easy Solutions, Inc.",Software,"Doral, Florida, United States",2013-05-28,Venture,2016-11-04,Divestiture,3.4,False,,0,0,https://mergr.com/company/68242,2026-09-07T14:00:00Z
2846,Medina Ventures,Florida,216678,"Booker Software, Inc.",Software,"New York, New York, United States",2011-10-19,Venture,2018-03-12,Divestiture,6.3,False,,1,0,https://mergr.com/company/216678,2026-09-07T14:00:00Z
2846,Medina Ventures,Florida,27173,"Prolexic Technologies, Inc.",Information Technology,"Hollywood, Florida, United States",2011-03-28,Venture,2014-02-18,Divestiture,2.8,False,,0,0,https://mergr.com/company/27173,2026-09-07T14:00:00Z
5423,One Stone Energy Partners,Florida,175385,Yoho Resources,Oil/Gas Exploration,"Calgary, Alberta, Canada",2016-07-19,Going Private,,,10.1,True,,0,0,https://mergr.com/company/175385,2026-09-07T14:00:00Z
550,Somers Investment Partners,Florida,4145,"Pennysaver, Inc.",Digital Media,"Hanover, Maryland, United States",2010-01-14,"Buyout (LBO, MBO, MBI)",2011-07-12,Divestiture,1.4,False,,0,0,https://mergr.com/company/4145,2026-09-07T14:00:00Z
550,Somers Investment Partners,Florida,4147,"PrecisionIR Group, Inc.",Internet Software and Services,"Richmond, Virginia, United States",2006-04-26,Going Private,2013-08-22,Divestiture,7.3,False,,1,0,https://mergr.com/company/4147,2026-09-07T14:00:00Z
550,Somers Investment Partners,Florida,22788,Mesa Communications Group LLC,Technology Hardware,"Falls Church, Virginia, United States",2002-01-14,"Buyout (LBO, MBO, MBI)",2005-10-28,Divestiture,3.8,False,,0,0,https://mergr.com/company/22788,2026-09-07T14:00:00Z
1173,Northwood Ventures,Florida,317455,TMC,Engineering,"Orlando, Florida, United States",2023-08-28,"Buyout (LBO, MBO, MBI)",,,3,True,,4,0,https://mergr.com/company/317455,2026-09-07T14:00:00Z
1173,Northwood Ventures,Florida,315144,BigScoots,Internet Software and Services,"Lewes, Delaware, United States",2023-07-13,Growth Capital,,,3.1,True,,0,0,https://mergr.com/company/315144,2026-09-07T14:00:00Z
1173,Northwood Ventures,Florida,331611,FS Vector,Business Services,"Washington, District of Columbia, United States",2023-05-25,Growth Capital,,,3.3,True,,1,0,https://mergr.com/company/331611,2026-09-07T14:00:00Z
1173,Northwood Ventures,Florida,309230,Makeup by Mario,Consumer Products,"New York City, New York, United States",2023-01-19,Stake Purchase,,,3.6,True,,0,0,https://mergr.com/company/309230,2026-09-07T14:00:00Z
1173,Northwood Ventures,Florida,305785,DK2,Automotive,"Burlington, Ontario, Canada",2022-10-07,"Buyout (LBO, MBO, MBI)",,,3.9,True,,2,0,https://mergr.com/company/305785,2026-09-07T14:00:00Z
1173,Northwood Ventures,Florida,306475,MojoTech,Software,"Providence, Rhode Island, United States",2022-10-04,Growth Capital,,,3.9,True,,0,0,https://mergr.com/company/306475,2026-09-07T14:00:00Z
1173,Northwood Ventures,Florida,323711,Heartland Paving Partners,Business Services,"Blaine, Minnesota, United States",2022-07-01,"Buyout (LBO, MBO, MBI)",,,4.2,True,,6,0,https://mergr.com/company/323711,2026-09-07T14:00:00Z
1173,Northwood Ventures,Florida,331680,Energy Transport Logistics,Transportation,"Phoenix, Arizona, United States",2022-01-01,"Buyout (LBO, MBO, MBI)",,,4.7,True,,0,0,https://mergr.com/company/331680,2026-09-07T14:00:00Z
1173,Northwood Ventures,Florida,312851,Due North,Manufacturing,"Georgetown, Ontario, Canada",2021-09-07,Consolidation,2025-09-02,Divestiture,3.9,False,150,3,0,https://mergr.com/company/312851,2026-09-07T14:00:00Z
1173,Northwood Ventures,Florida,331640,Integrity Express Logistics,Transportation,"Cincinnati, Ohio, United States",2021-01-01,Growth Capital,,,5.7,True,,0,0,https://mergr.com/company/331640,2026-09-07T14:00:00Z
1173,Northwood Ventures,Florida,276974,Seegrid,Software,"Pittsburgh, Pennsylvania, United States",2020-01-01,Growth Capital,,,6.7,True,,1,0,https://mergr.com/company/276974,2026-09-07T14:00:00Z
1173,Northwood Ventures,Florida,312369,Point Dedicated Services,Transportation,"Troy, Michigan, United States",2019-01-01,"Buyout (LBO, MBO, MBI)",,,7.7,True,,0,0,https://mergr.com/company/312369,2026-09-07T14:00:00Z
1173,Northwood Ventures,Florida,258996,Danforth Advisors,Business Services,"Waltham, Massachusetts, United States",2018-12-20,Growth Capital,2021-12-17,Sold to Management,2.9,False,,0,0,https://mergr.com/company/258996,2026-09-07T14:00:00Z
1173,Northwood Ventures,Florida,283829,ABC Fitness Solutions,Software,"Frisco, Texas, United States",2017-11-08,"Buyout (LBO, MBO, MBI)",,,8.8,True,,5,0,https://mergr.com/company/283829,2026-09-07T14:00:00Z
1173,Northwood Ventures,Florida,250088,Centerline Communication,Communications,"West Bridgewater, Massachusetts, United States",2017-08-18,Recapitalization,2022-01-11,Trade Sale - Public Company,4.3,False,,0,0,https://mergr.com/company/250088,2026-09-07T14:00:00Z
1173,Northwood Ventures,Florida,331677,Tstar 600,Communications,"Jackson, Mississippi, United States",2016-01-01,Growth Capital,,,10.7,True,,0,0,https://mergr.com/company/331677,2026-09-07T14:00:00Z
1173,Northwood Ventures,Florida,203366,"Daiya Foods, Inc.",Food,"Vancouver, British Columbia, Canada",2015-06-01,Growth Capital,2017-07-27,Divestiture,2.1,False,,0,0,https://mergr.com/company/203366,2026-09-07T14:00:00Z
1173,Northwood Ventures,Florida,165441,Hybrid Apparel,Apparel/Textiles,"Cypress, California, United States",2014-12-22,Growth Capital,,,11.7,True,,1,0,https://mergr.com/company/165441,2026-09-07T14:00:00Z
1173,Northwood Ventures,Florida,132449,Rudy's Barbershop,Consumer Services,"Seattle, Washington, United States",2014-01-01,Recapitalization,2020-01-01,Unknown,6,False,,0,0,https://mergr.com/company/132449,2026-09-07T14:00:00Z
1173,Northwood Ventures,Florida,38021,Spectrum Five,Communications,"Austin, Texas, United States",2014-01-01,Growth Capital,,,12.7,True,,0,0,https://mergr.com/company/38021,2026-09-07T14:00:00Z
1173,Northwood Ventures,Florida,30286,Designer Wellness,Consumer Products,"Carlsbad, California, United States",2011-04-26,"Buyout (LBO, MBO, MBI)",,,15.3,True,,0,0,https://mergr.com/company/30286,2026-09-07T14:00:00Z
1173,Northwood Ventures,Florida,30287,Zevia,Beverages,"Encino, California, United States",2010-09-28,Growth Capital,2020-12-21,Trade Sale - Public Company,10.2,False,161,0,0,https://mergr.com/company/30287,2026-09-07T14:00:00Z
1173,Northwood Ventures,Florida,57838,RelSci,Information Services,"New York, New York, United States",2010-01-01,Venture,2021-05-24,Divestiture,11.3,False,,0,0,https://mergr.com/company/57838,2026-09-07T14:00:00Z
1173,Northwood Ventures,Florida,24034,CFL Pizza,Food,"Orlando, Florida, United States",2010-01-01,"Buyout (LBO, MBO, MBI)",,,16.7,True,,0,0,https://mergr.com/company/24034,2026-09-07T14:00:00Z
1173,Northwood Ventures,Florida,24041,RedBuilt,Building Materials,"Boise, Idaho, United States",2009-08-18,Divestiture,,,17,True,,0,0,https://mergr.com/company/24041,2026-09-07T14:00:00Z
1173,Northwood Ventures,Florida,24032,JVC Broadcasting,Media,"Ronkonkoma, New York, United States",2009-01-01,Venture,,,17.7,True,,0,0,https://mergr.com/company/24032,2026-09-07T14:00:00Z
1173,Northwood Ventures,Florida,30285,Celebration Restaurant Group,Restaurants,"Celebration, Florida, United States",2009-01-01,Divestiture,,,17.7,True,,0,0,https://mergr.com/company/30285,2026-09-07T14:00:00Z
1173,Northwood Ventures,Florida,14513,Indoor Direct,Media,"Dallas, Texas, United States",2009-01-01,"Buyout (LBO, MBO, MBI)",,,17.7,True,,0,0,https://mergr.com/company/14513,2026-09-07T14:00:00Z
1173,Northwood Ventures,Florida,12906,TriState Capital Bank,Financial Services,"Pittsburgh, Pennsylvania, United States",2008-07-21,Growth Capital,2013-01-01,IPO,4.4,False,195,0,0,https://mergr.com/company/12906,2026-09-07T14:00:00Z
1173,Northwood Ventures,Florida,14514,Jack Rogers,Retail,"New York, New York, United States",2008-01-01,"Buyout (LBO, MBO, MBI)",2023-10-01,Divestiture,15.8,False,,0,0,https://mergr.com/company/14514,2026-09-07T14:00:00Z
1173,Northwood Ventures,Florida,9436,"Interboro Insurance Co., Inc.",Insurance,"Mineola, New York, United States",2007-01-01,Recapitalization,2015-09-30,Divestiture,8.7,False,,0,0,https://mergr.com/company/9436,2026-09-07T14:00:00Z
1173,Northwood Ventures,Florida,9448,Swoozie's,Retail,"Atlanta, Georgia, United States",2006-09-06,Growth Capital,2010-03-22,Bankruptcy,3.5,False,,0,0,https://mergr.com/company/9448,2026-09-07T14:00:00Z
1173,Northwood Ventures,Florida,3221,ORBCOMM,Communications,"Sterling, Virginia, United States",2006-06-09,Venture,2007-11-01,IPO,1.3,False,272,0,0,https://mergr.com/company/3221,2026-09-07T14:00:00Z
1173,Northwood Ventures,Florida,9439,Community Broadcasters,Media,"Needham, Massachusetts, United States",2006-01-01,Acquisition Financing,2021-06-01,Sold to Management,15.4,False,,0,0,https://mergr.com/company/9439,2026-09-07T14:00:00Z
1173,Northwood Ventures,Florida,18129,STRIX Group,Electronics,"Isle of Man, Virgin Islands (British)",2005-05-01,Secondary Buyout,2017-08-08,IPO,12.3,False,219,0,0,https://mergr.com/company/18129,2026-09-07T14:00:00Z
1173,Northwood Ventures,Florida,186948,HOA,Restaurants,"Atlanta, Georgia, United States",2005-01-01,"Buyout (LBO, MBO, MBI)",2008-01-01,Unknown,3,False,,0,0,https://mergr.com/company/186948,2026-09-07T14:00:00Z
1173,Northwood Ventures,Florida,17052,Oneida Broadband LLC,Communications,"New York, New York, United States",2005-01-01,Venture,2009-06-23,Divestiture,4.4,False,,0,0,https://mergr.com/company/17052,2026-09-07T14:00:00Z
1173,Northwood Ventures,Florida,9452,Michigan Seamless Tube LLC,Manufacturing,"South Lyon, Michigan, United States",2004-01-01,Special Situations/Distressed,2008-07-08,Divestiture,4.5,False,,0,0,https://mergr.com/company/9452,2026-09-07T14:00:00Z
1173,Northwood Ventures,Florida,9443,Anterix,Communications,"Woodland Park, New Jersey, United States",2004-01-01,Venture,2015-02-02,IPO,11.1,False,7,0,0,https://mergr.com/company/9443,2026-09-07T14:00:00Z
1173,Northwood Ventures,Florida,24035,The Healthy Back Store LLC,Retail,"Newington, Virginia, United States",2004-01-01,Growth Capital,,,22.7,True,,0,0,https://mergr.com/company/24035,2026-09-07T14:00:00Z
1173,Northwood Ventures,Florida,14523,"Stir Crazy, Inc.",Restaurants,"Chicago, Illinois, United States",2003-09-08,"Buyout (LBO, MBO, MBI)",2006-11-08,Trade Sale - Public Company,3.2,False,,0,0,https://mergr.com/company/14523,2026-09-07T14:00:00Z
1173,Northwood Ventures,Florida,3949,PRN,Media,"San Jose, California, United States",2001-08-22,Venture,2005-07-28,Divestiture,3.9,False,,0,0,https://mergr.com/company/3949,2026-09-07T14:00:00Z
1173,Northwood Ventures,Florida,9450,"EzGov, Inc.",Software,"Atlanta, Georgia, United States",2000-01-01,"Buyout (LBO, MBO, MBI)",2009-01-01,Divestiture,9,False,,0,0,https://mergr.com/company/9450,2026-09-07T14:00:00Z
1173,Northwood Ventures,Florida,14508,MCT Corp.,Communications,"Alexandria, Virginia, United States",2000-01-01,Venture,2007-01-01,Divestiture,7,False,,0,0,https://mergr.com/company/14508,2026-09-07T14:00:00Z
1173,Northwood Ventures,Florida,82445,S&P Global Market Intelligence,Information Services,"New York, New York, United States",2000-01-01,Venture,2004-09-08,Divestiture,4.7,False,1000,1,0,https://mergr.com/company/82445,2026-09-07T14:00:00Z
1173,Northwood Ventures,Florida,274779,Lion Beverage,Beverages,"Wilkes-Barre, Pennsylvania, United States",1999-01-12,Going Private,2005-03-01,Unknown,6.1,False,,0,0,https://mergr.com/company/274779,2026-09-07T14:00:00Z
1173,Northwood Ventures,Florida,14519,"The Museum Company, Inc.",Retail,"Fairfield, New Jersey, United States",1998-01-01,"Buyout (LBO, MBO, MBI)",2002-01-01,Secondary Sale,4,False,,0,0,https://mergr.com/company/14519,2026-09-07T14:00:00Z
1173,Northwood Ventures,Florida,14520,"nSpired Natural Foods, Inc.",Food,"San Leandro, California, United States",1998-01-01,Venture,2003-12-22,Trade Sale - Public Company,5.9,False,,0,0,https://mergr.com/company/14520,2026-09-07T14:00:00Z
1173,Northwood Ventures,Florida,14524,"Umpqua Feather Merchants, Inc.",Consumer Products,"Louisville, Colorado, United States",1998-01-01,Secondary Buyout,2003-01-01,Secondary Sale,5,False,,0,0,https://mergr.com/company/14524,2026-09-07T14:00:00Z
1173,Northwood Ventures,Florida,14517,"Cosi, Inc.",Restaurants,"Boston, Massachusetts, United States",1997-01-01,Venture,2002-01-01,IPO,5,False,90,0,0,https://mergr.com/company/14517,2026-09-07T14:00:00Z
1173,Northwood Ventures,Florida,14511,"TeleCorp Wireless, Inc.",Communications,"Arlington, Virginia, United States",1996-01-01,Venture,1999-01-01,IPO,3,False,,0,0,https://mergr.com/company/14511,2026-09-07T14:00:00Z
1173,Northwood Ventures,Florida,14541,VANTAS Incorporated,Real Estate,"New York, New York, United States",1996-01-01,Venture,1999-01-01,IPO,3,False,,0,0,https://mergr.com/company/14541,2026-09-07T14:00:00Z
1173,Northwood Ventures,Florida,14518,Dick's Sporting Goods,Retail,"Coraopolis, Pennsylvania, United States",1996-01-01,Venture,2002-10-16,IPO,6.8,False,17215,0,0,https://mergr.com/company/14518,2026-09-07T14:00:00Z
1173,Northwood Ventures,Florida,14516,"Caribou Coffee Co, Inc.",Restaurants,"Minneapolis, Minnesota, United States",1995-01-01,Venture,2000-12-01,Trade Sale - Public Company,5.9,False,327,0,0,https://mergr.com/company/14516,2026-09-07T14:00:00Z
1173,Northwood Ventures,Florida,14531,Argencard S.A,Business Services,"Buenos Aires, Argentina",1995-01-01,Recapitalization,2006-12-11,Divestiture,11.9,False,,0,0,https://mergr.com/company/14531,2026-09-07T14:00:00Z
1173,Northwood Ventures,Florida,14532,"Eldorado Bancshares, Inc.",Financial Services,"Laguna Hills, California, United States",1995-01-01,Venture,1999-02-02,IPO,4.1,False,,0,0,https://mergr.com/company/14532,2026-09-07T14:00:00Z
1173,Northwood Ventures,Florida,14536,"Amplicon, Inc.",Life Science,"Thousand Oaks, California, United States",1995-01-01,Venture,1997-01-01,Divestiture,2,False,,0,0,https://mergr.com/company/14536,2026-09-07T14:00:00Z
1173,Northwood Ventures,Florida,14525,"Arcon Coating Mills, Inc",Forest Products,"Brattleboro, Vermont, United States",1994-01-01,"Buyout (LBO, MBO, MBI)",1996-01-01,Divestiture,2,False,,0,0,https://mergr.com/company/14525,2026-09-07T14:00:00Z
1173,Northwood Ventures,Florida,274779,Lion Beverage,Beverages,"Wilkes-Barre, Pennsylvania, United States",1993-10-06,"Buyout (LBO, MBO, MBI)",1996-01-01,IPO,2.2,False,,0,0,https://mergr.com/company/274779,2026-09-07T14:00:00Z
1173,Northwood Ventures,Florida,14507,CTC Media,Media,"Moscow, Russia",1993-01-01,Venture,2006-06-01,IPO,13.4,False,832,0,0,https://mergr.com/company/14507,2026-09-07T14:00:00Z
1173,Northwood Ventures,Florida,14506,"BizTel Communications, Inc.",Communications,"Reno, Nevada, United States",1993-01-01,Venture,1998-01-01,Divestiture,5,False,,0,0,https://mergr.com/company/14506,2026-09-07T14:00:00Z
1173,Northwood Ventures,Florida,14522,"Redhook Ale Brewery, Inc.",Beverages,"Woodinville, Washington, United States",1993-01-01,Venture,1996-01-01,Trade Sale,3,False,,0,0,https://mergr.com/company/14522,2026-09-07T14:00:00Z
1173,Northwood Ventures,Florida,14539,"J-U Rig 200 Partnership 1993, L.P",Oil/Gas Exploration,"Dallas, Texas, United States",1993-01-01,"Buyout (LBO, MBO, MBI)",1994-01-01,Divestiture,1,False,,0,0,https://mergr.com/company/14539,2026-09-07T14:00:00Z
1173,Northwood Ventures,Florida,9451,Hygrade Components,Building Materials,"Bethlehem, Pennsylvania, United States",1992-01-01,"Buyout (LBO, MBO, MBI)",2010-01-01,Sold to Management,18,False,,0,0,https://mergr.com/company/9451,2026-09-07T14:00:00Z
1173,Northwood Ventures,Florida,14534,"New Dartmouth Bank, Inc.",Financial Services,"Manchester, New Hampshire, United States",1991-01-01,Venture,1994-01-01,Divestiture,3,False,,0,0,https://mergr.com/company/14534,2026-09-07T14:00:00Z
1173,Northwood Ventures,Florida,14538,"Cell Pathways, Inc.",Life Science,"Horsham, Pennsylvania, United States",1990-01-01,Venture,1998-01-01,IPO,8,False,,0,0,https://mergr.com/company/14538,2026-09-07T14:00:00Z
1173,Northwood Ventures,Florida,14528,"Flohr Metal Fabricators, Inc.",Metals/Mining,"Seattle, Washington, United States",1988-01-01,"Buyout (LBO, MBO, MBI)",1991-01-01,Sold to Management,3,False,,0,0,https://mergr.com/company/14528,2026-09-07T14:00:00Z
1173,Northwood Ventures,Florida,3935,Office Depot,Retail,"Boca Raton, Florida, United States",1987-01-01,"Buyout (LBO, MBO, MBI)",,,39.7,True,6990,7,3,https://mergr.com/company/3935,2026-09-07T14:00:00Z
1173,Northwood Ventures,Florida,14527,"Conair Group, Inc.",Plastics,"Pittsburgh, Pennsylvania, United States",1986-01-01,"Buyout (LBO, MBO, MBI)",2000-01-01,Sold to Management,14,False,,0,0,https://mergr.com/company/14527,2026-09-07T14:00:00Z
1173,Northwood Ventures,Florida,14526,"Cincinnati Coca-Cola Bottling, Inc.",Beverages,"Cincinnati,, Ohio, United States",1984-01-01,"Buyout (LBO, MBO, MBI)",,,42.7,True,,0,0,https://mergr.com/company/14526,2026-09-07T14:00:00Z
1173,Northwood Ventures,Florida,14510,Republic Broadcasting Corp.,Media,"Cincinnati, Ohio, United States",1983-01-01,Venture,1986-01-01,Divestiture,3,False,,0,0,https://mergr.com/company/14510,2026-09-07T14:00:00Z
846,Antares Capital,Florida,307678,Four Seasons,Business Services,"Chicago, Illinois, United States",2022-11-18,Recapitalization,,,3.8,True,,0,0,https://mergr.com/company/307678,2026-09-07T14:00:00Z
846,Antares Capital,Florida,299899,Quality Automotive Services,Automotive,"Charlotte, North Carolina, United States",2022-05-16,Growth Capital,,,4.3,True,,0,0,https://mergr.com/company/299899,2026-09-07T14:00:00Z
846,Antares Capital,Florida,29771,OMEGA Environmental Technologies,Distribution,"Irving, Texas, United States",2022-03-31,Secondary Buyout,,,4.4,True,,0,0,https://mergr.com/company/29771,2026-09-07T14:00:00Z
846,Antares Capital,Florida,268568,Agape Care Group,Healthcare Services,"Spartanburg, South Carolina, United States",2021-10-19,Divestiture,2025-12-01,Trade Sale - Public Company,4.1,False,,4,0,https://mergr.com/company/268568,2026-09-07T14:00:00Z
846,Antares Capital,Florida,2883,Stanton Carpet,Consumer Products,"Woodbury, New York, United States",2021-10-04,Secondary Buyout,,,4.9,True,,1,0,https://mergr.com/company/2883,2026-09-07T14:00:00Z
846,Antares Capital,Florida,290250,AEM,Electrical Equipment,"San Diego, California, United States",2021-09-13,"Buyout (LBO, MBO, MBI)",,,4.9,True,,2,0,https://mergr.com/company/290250,2026-09-07T14:00:00Z
846,Antares Capital,Florida,228811,Medallia,Internet Software and Services,"Pleasanton, California, United States",2021-07-26,Add-on Acquisition,,,5.1,True,477,4,0,https://mergr.com/company/228811,2026-09-07T14:00:00Z
846,Antares Capital,Florida,283751,Ascensus Specialties,Chemicals,"Bellevue, Washington, United States",2021-07-07,Recapitalization,,,5.2,True,,1,0,https://mergr.com/company/283751,2026-09-07T14:00:00Z
846,Antares Capital,Florida,269746,Warehouse On Wheels,Business Services,"Fort Mitchell, Kentucky, United States",2021-06-02,Secondary Buyout,,,5.3,True,,1,0,https://mergr.com/company/269746,2026-09-07T14:00:00Z
846,Antares Capital,Florida,281083,ECS Tuning,Automotive,"Wadsworth, Ohio, United States",2019-12-19,Secondary Buyout,,,6.7,True,,2,0,https://mergr.com/company/281083,2026-09-07T14:00:00Z
846,Antares Capital,Florida,188150,Hilb Group,Insurance,"Richmond, Virginia, United States",2019-10-30,Secondary Buyout,,,6.8,True,,62,0,https://mergr.com/company/188150,2026-09-07T14:00:00Z
846,Antares Capital,Florida,281563,Monarca Food Solutions,Food,"Addison, Texas, United States",2019-08-05,Consolidation,,,7.1,True,,4,1,https://mergr.com/company/281563,2026-09-07T14:00:00Z
846,Antares Capital,Florida,281090,Aspen Medical Products,Medical Products,"Irvine, California, United States",2019-06-10,Recapitalization,,,7.2,True,,1,0,https://mergr.com/company/281090,2026-09-07T14:00:00Z
846,Antares Capital,Florida,177425,Real Chemistry,Information Technology,"New York, New York, United States",2019-05-29,Secondary Buyout,,,7.3,True,,14,0,https://mergr.com/company/177425,2026-09-07T14:00:00Z
846,Antares Capital,Florida,15489,Five Star Food Service,Food,"Chattanooga, Tennessee, United States",2019-03-28,Secondary Buyout,,,7.4,True,,0,0,https://mergr.com/company/15489,2026-09-07T14:00:00Z
846,Antares Capital,Florida,3843,SupplyOne,Packaging,"Newtown Square, Pennsylvania, United States",2018-02-05,Secondary Buyout,,,8.6,True,,10,0,https://mergr.com/company/3843,2026-09-07T14:00:00Z
846,Antares Capital,Florida,17921,VLS Environmental Solutions,Environmental,"Houston, Texas, United States",2017-10-17,Secondary Buyout,2022-07-18,Secondary Sale,4.8,False,,6,0,https://mergr.com/company/17921,2026-09-07T14:00:00Z
846,Antares Capital,Florida,242371,"Ten-X, Inc.",Internet Software and Services,"Irvine, California, United States",2017-08-02,Secondary Buyout,2020-05-13,Divestiture,2.8,False,,0,0,https://mergr.com/company/242371,2026-09-07T14:00:00Z
846,Antares Capital,Florida,26544,Express Oil Change & Tire Engineers,Automotive,"Birmingham, Alabama, United States",2017-06-15,Secondary Buyout,,,9.2,True,,1,0,https://mergr.com/company/26544,2026-09-07T14:00:00Z
846,Antares Capital,Florida,240273,Valicor Environmental Services,Environmental,"Monroe, Ohio, United States",2017-06-06,"Buyout (LBO, MBO, MBI)",2019-07-10,Trade Sale - Public Company,2.1,False,,3,0,https://mergr.com/company/240273,2026-09-07T14:00:00Z
846,Antares Capital,Florida,13403,Randall-Reilly,Marketing,"Tuscaloosa, Alabama, United States",2017-06-05,Secondary Buyout,,,9.3,True,,5,0,https://mergr.com/company/13403,2026-09-07T14:00:00Z
846,Antares Capital,Florida,18160,CIBT,Business Services,"Washington, District of Columbia, United States",2017-06-01,Secondary Buyout,,,9.3,True,,2,0,https://mergr.com/company/18160,2026-09-07T14:00:00Z
846,Antares Capital,Florida,18137,Jefferson Dental & Orthodontics,Healthcare Services,"Dallas, Texas, United States",2017-04-10,Secondary Buyout,,,9.3,True,,1,0,https://mergr.com/company/18137,2026-09-07T14:00:00Z
846,Antares Capital,Florida,241180,Race Winning Brands,Automotive,"Mentor, Ohio, United States",2017-02-14,Divestiture,2021-11-23,Trade Sale - Public Company,4.8,False,,8,0,https://mergr.com/company/241180,2026-09-07T14:00:00Z
846,Antares Capital,Florida,181628,Nuspire,Information Technology,"Detroit, Michigan, United States",2016-11-17,"Buyout (LBO, MBO, MBI)",2024-06-20,Divestiture,7.6,False,,0,0,https://mergr.com/company/181628,2026-09-07T14:00:00Z
846,Antares Capital,Florida,6863,Systems Maintenance Services,Information Technology,"Charlotte, North Carolina, United States",2016-08-05,Secondary Buyout,2017-01-18,Spin Off,0.4,False,,1,0,https://mergr.com/company/6863,2026-09-07T14:00:00Z
846,Antares Capital,Florida,224122,Hygiena LLC,Life Science,"Camarillo, California, United States",2016-07-20,"Buyout (LBO, MBO, MBI)",2021-02-16,Divestiture,4.5,False,,1,0,https://mergr.com/company/224122,2026-09-07T14:00:00Z
846,Antares Capital,Florida,219607,West Star Aviation,Aerospace,"East Alton, Illinois, United States",2016-05-02,Growth Capital,2022-03-02,Trade Sale - Public Company,5.8,False,,0,0,https://mergr.com/company/219607,2026-09-07T14:00:00Z
846,Antares Capital,Florida,218284,Dimora Brands,Building Materials,"Somerville, New Jersey, United States",2016-04-05,"Buyout (LBO, MBO, MBI)",2020-11-24,Trade Sale - Public Company,4.6,False,,0,0,https://mergr.com/company/218284,2026-09-07T14:00:00Z
846,Antares Capital,Florida,81437,Venturi Restoration,Construction,"Schaumburg, Illinois, United States",2016-03-22,Secondary Buyout,2023-03-28,Divestiture,7,False,,0,0,https://mergr.com/company/81437,2026-09-07T14:00:00Z
846,Antares Capital,Florida,251315,Alcami,Life Science,"Wilmington, North Carolina, United States",2016-03-15,Consolidation,2018-06-01,Trade Sale - Public Company,2.2,False,,2,0,https://mergr.com/company/251315,2026-09-07T14:00:00Z
846,Antares Capital,Florida,176783,G.E.T. Enterprises,Consumer Products,"Jersey Village, Texas, United States",2016-02-16,Secondary Buyout,2018-01-01,Divestiture,1.8,False,,1,0,https://mergr.com/company/176783,2026-09-07T14:00:00Z
846,Antares Capital,Florida,29506,Arrowhead Engineered Products,Distribution,"Circle Pines, Minnesota, United States",2015-09-01,Secondary Buyout,2021-08-31,Trade Sale - Public Company,5.9,False,,6,0,https://mergr.com/company/29506,2026-09-07T14:00:00Z
846,Antares Capital,Florida,16303,iPipeline,Internet Software and Services,"Exton, Pennsylvania, United States",2015-08-05,Secondary Buyout,2019-08-08,Divestiture,4,False,,5,0,https://mergr.com/company/16303,2026-09-07T14:00:00Z
846,Antares Capital,Florida,33953,Dental Care Alliance,Healthcare Services,"Sarasota, Florida, United States",2015-07-06,Secondary Buyout,,,11.2,True,,2,0,https://mergr.com/company/33953,2026-09-07T14:00:00Z
846,Antares Capital,Florida,12058,AWP Safety,Safety/Security,"North Canton, Ohio, United States",2015-06-10,Secondary Buyout,2020-12-23,Trade Sale - Public Company,5.5,False,,7,0,https://mergr.com/company/12058,2026-09-07T14:00:00Z
846,Antares Capital,Florida,6320,Restaurant Technologies,Business Services,"Mendota Heights, Minnesota, United States",2015-04-30,Secondary Buyout,2018-08-21,Trade Sale - Public Company,3.3,False,109,1,0,https://mergr.com/company/6320,2026-09-07T14:00:00Z
846,Antares Capital,Florida,115813,LSQ Funding,Financial Services,"Orlando, Florida, United States",2015-04-15,Growth Capital,2022-04-20,Divestiture,7,False,,0,0,https://mergr.com/company/115813,2026-09-07T14:00:00Z
846,Antares Capital,Florida,16180,Primary Energy Recycling,Energy Services and Equipment,"Oak Brook, Illinois, United States",2014-12-17,Divestiture,,,11.7,True,,0,0,https://mergr.com/company/16180,2026-09-07T14:00:00Z
846,Antares Capital,Florida,244437,Movati Athletic,Consumer Services,"Etobicoke, Ontario, Canada",2014-10-01,"Buyout (LBO, MBO, MBI)",,,11.9,True,,0,0,https://mergr.com/company/244437,2026-09-07T14:00:00Z
846,Antares Capital,Florida,54546,Argotec LLC,Manufacturing,"Greenfield, Massachusetts, United States",2013-06-03,"Buyout (LBO, MBO, MBI)",2015-09-22,Divestiture,2.3,False,,1,0,https://mergr.com/company/54546,2026-09-07T14:00:00Z
846,Antares Capital,Florida,19367,Nueva Cocina Foods,Food,"Miami, Florida, United States",2007-12-13,Growth Capital,,,18.7,True,,0,0,https://mergr.com/company/19367,2026-09-07T14:00:00Z
846,Antares Capital,Florida,6717,Triage Management Services,Construction,"Jacksonville, Florida, United States",2007-12-11,Growth Capital,,,18.7,True,,0,0,https://mergr.com/company/6717,2026-09-07T14:00:00Z
846,Antares Capital,Florida,4987,HMP Global,Publishing,"Malvern, Pennsylvania, United States",2007-08-20,Secondary Buyout,,,19,True,,14,0,https://mergr.com/company/4987,2026-09-07T14:00:00Z
846,Antares Capital,Florida,16054,API Heat Transfer,Machinery,"Buffalo, New York, United States",2005-06-21,Secondary Buyout,2007-07-12,Trade Sale - Public Company,2,False,,0,0,https://mergr.com/company/16054,2026-09-07T14:00:00Z
846,Antares Capital,Florida,26544,Express Oil Change & Tire Engineers,Automotive,"Birmingham, Alabama, United States",2005-04-11,"Buyout (LBO, MBO, MBI)",2010-06-28,Trade Sale - Public Company,5.2,False,,0,0,https://mergr.com/company/26544,2026-09-07T14:00:00Z
846,Antares Capital,Florida,19898,"Aspen Marketing Services, Inc.",Marketing,"West Chicago, Illinois, United States",2004-09-08,Recapitalization,2006-02-01,Unknown,1.3,False,,0,0,https://mergr.com/company/19898,2026-09-07T14:00:00Z
846,Antares Capital,Florida,16587,Becker Underwood,Chemicals,"Ames, Iowa, United States",2004-09-01,Secondary Buyout,2012-11-28,Divestiture,8.2,False,,0,0,https://mergr.com/company/16587,2026-09-07T14:00:00Z
846,Antares Capital,Florida,18656,"FFG Industries, Inc.",Manufacturing,"Deerfield, Illinois, United States",2004-06-07,Secondary Buyout,,,22.3,True,,0,0,https://mergr.com/company/18656,2026-09-07T14:00:00Z
846,Antares Capital,Florida,14950,The Hygenic Corp.,Manufacturing,"Akron, Ohio, United States",2004-02-04,Secondary Buyout,2007-04-20,Trade Sale - Public Company,3.2,False,,1,0,https://mergr.com/company/14950,2026-09-07T14:00:00Z
846,Antares Capital,Florida,15708,"Woodcraft Industries, Inc.",Forest Products,"St. Cloud, Minnesota, United States",2003-04-09,Secondary Buyout,2007-01-10,Trade Sale - Public Company,3.8,False,,0,0,https://mergr.com/company/15708,2026-09-07T14:00:00Z
846,Antares Capital,Florida,11685,Dr. Leonard's Healthcare Corp.,Internet Software and Services,"Edison, New Jersey, United States",2002-05-01,Secondary Buyout,2007-12-14,Divestiture,5.6,False,,0,0,https://mergr.com/company/11685,2026-09-07T14:00:00Z
846,Antares Capital,Florida,108693,Pogo.com,Gaming,"San Francisco, California, United States",2001-03-01,"Buyout (LBO, MBO, MBI)",,,25.5,True,,0,0,https://mergr.com/company/108693,2026-09-07T14:00:00Z
846,Antares Capital,Florida,19745,Twitchell Technical Products,Apparel/Textiles,"Dothan, Alabama, United States",2000-08-01,Secondary Buyout,2011-11-28,Trade Sale - Public Company,11.3,False,,0,0,https://mergr.com/company/19745,2026-09-07T14:00:00Z
846,Antares Capital,Florida,6723,National Product Services,Business Services,"Irving, Texas, United States",1999-12-12,"Buyout (LBO, MBO, MBI)",,,26.7,True,,0,0,https://mergr.com/company/6723,2026-09-07T14:00:00Z
4925,I Squared Capital,Florida,210303,Ooh!media,Marketing,"North Sydney, Australia",2026-08-09,Going Private,,,0,True,492,0,0,https://mergr.com/company/210303,2026-09-07T14:00:00Z
4925,I Squared Capital,Florida,214580,Milestone Environmental Services,Environmental,"Houston, Texas, United States",2026-07-07,Secondary Buyout,,,0.2,True,,0,0,https://mergr.com/company/214580,2026-09-07T14:00:00Z
4925,I Squared Capital,Florida,348503,Elea Data Centers,Information Technology,"Rio de Janeiro, Brazil",2026-04-28,"Buyout (LBO, MBO, MBI)",,,0.3,True,,0,0,https://mergr.com/company/348503,2026-09-07T14:00:00Z
4925,I Squared Capital,Florida,348451,Oriden,Renewable Energy,"Pittsburgh, Pennsylvania, United States",2026-04-27,Divestiture,,,0.3,True,,0,0,https://mergr.com/company/348451,2026-09-07T14:00:00Z
4925,I Squared Capital,Florida,84849,Ramudden,Safety/Security,"Gavle, Sweden",2026-01-07,Secondary Buyout,,,0.7,True,28,0,0,https://mergr.com/company/84849,2026-09-07T14:00:00Z
4925,I Squared Capital,Florida,344062,Zenith Energy - Portland Terminal,Oil/Gas Exploration,"Portland, Oregon, United States",2025-12-16,Divestiture,,,0.7,True,,0,0,https://mergr.com/company/344062,2026-09-07T14:00:00Z
4925,I Squared Capital,Florida,12092,Liberty Tire Recycling,Environmental,"Pittsburgh, Pennsylvania, United States",2025-10-14,Secondary Buyout,,,0.8,True,,2,0,https://mergr.com/company/12092,2026-09-07T14:00:00Z
4925,I Squared Capital,Florida,275720,Entek,Manufacturing,"Lebanon, Oregon, United States",2025-09-17,Secondary Buyout,,,0.9,True,,0,0,https://mergr.com/company/275720,2026-09-07T14:00:00Z
4925,I Squared Capital,Florida,328117,Royale Cold Storage,Real Estate,"Rizal, Philippines",2025-06-03,Secondary Buyout,,,1.3,True,,0,0,https://mergr.com/company/328117,2026-09-07T14:00:00Z
4925,I Squared Capital,Florida,258243,Priority Power,Business Services,"Arlington, Texas, United States",2024-07-30,Secondary Buyout,,,2.1,True,,1,0,https://mergr.com/company/258243,2026-09-07T14:00:00Z
4925,I Squared Capital,Florida,331721,Aurora,Utilities,"London, United Kingdom",2024-07-30,"Buyout (LBO, MBO, MBI)",,,2.1,True,,0,0,https://mergr.com/company/331721,2026-09-07T14:00:00Z
4925,I Squared Capital,Florida,21373,Applus+,Business Services,"Madrid, Spain",2024-06-14,Going Private,,,2.2,True,2319,7,0,https://mergr.com/company/21373,2026-09-07T14:00:00Z
4925,I Squared Capital,Florida,322797,WOW Logistics,Transportation,"Neenah, Wisconsin, United States",2024-03-15,"Buyout (LBO, MBO, MBI)",,,2.4,True,,0,0,https://mergr.com/company/322797,2026-09-07T14:00:00Z
4925,I Squared Capital,Florida,331723,CheckSammy,Environmental,"Addison, Texas, United States",2024-01-24,Growth Capital,,,2.6,True,,0,0,https://mergr.com/company/331723,2026-09-07T14:00:00Z
4925,I Squared Capital,Florida,200173,Arriva,Transportation,"Sunderland, United Kingdom",2023-10-19,Divestiture,,,2.8,True,,0,0,https://mergr.com/company/200173,2026-09-07T14:00:00Z
4925,I Squared Capital,Florida,307953,Absolute Energy,Renewable Energy,"Rome, Italy",2023-10-04,"Buyout (LBO, MBO, MBI)",,,2.9,True,,0,0,https://mergr.com/company/307953,2026-09-07T14:00:00Z
4925,I Squared Capital,Florida,331782,Rentco Transport Equipment Rentals,Business Services,"High Wycombe, Australia",2023-05-02,"Buyout (LBO, MBO, MBI)",,,3.3,True,,0,0,https://mergr.com/company/331782,2026-09-07T14:00:00Z
4925,I Squared Capital,Florida,331783,RPower,Utilities,"The Woodlands, Texas, United States",2023-04-25,Growth Capital,,,3.3,True,,0,0,https://mergr.com/company/331783,2026-09-07T14:00:00Z
4925,I Squared Capital,Florida,238549,Enva,Environmental,Ireland,2023-04-21,Secondary Buyout,,,3.3,True,237,1,0,https://mergr.com/company/238549,2026-09-07T14:00:00Z
4925,I Squared Capital,Florida,310144,Whistler Pipeline,Oil/Gas Exploration,United States,2023-02-16,Secondary Buyout,,,3.5,True,,0,0,https://mergr.com/company/310144,2026-09-07T14:00:00Z
4925,I Squared Capital,Florida,331781,Polaris Smart Metering,Electrical Equipment,"Jaipur, India",2023-02-08,"Buyout (LBO, MBO, MBI)",,,3.5,True,,0,0,https://mergr.com/company/331781,2026-09-07T14:00:00Z
4925,I Squared Capital,Florida,322092,nLighten,Information Technology,"Schiphol-Rijk, Netherlands",2023-02-08,Growth Capital,,,3.5,True,,1,0,https://mergr.com/company/322092,2026-09-07T14:00:00Z
4925,I Squared Capital,Florida,331722,Berde Renewables,Renewable Energy,"Pasig, Philippines",2023-01-01,"Buyout (LBO, MBO, MBI)",,,3.7,True,,0,0,https://mergr.com/company/331722,2026-09-07T14:00:00Z
4925,I Squared Capital,Florida,273143,Stake Center Locating,Utilities,"Greensboro, North Carolina, United States",2022-09-09,Secondary Buyout,,,3.9,True,,0,0,https://mergr.com/company/273143,2026-09-07T14:00:00Z
4925,I Squared Capital,Florida,17921,VLS Environmental Solutions,Environmental,"Houston, Texas, United States",2022-08-18,Secondary Buyout,,,4,True,,9,0,https://mergr.com/company/17921,2026-09-07T14:00:00Z
4925,I Squared Capital,Florida,331744,Cube Cold Europe,Transportation,"Rotterdam, Netherlands",2022-03-01,Consolidation,,,4.5,True,,0,0,https://mergr.com/company/331744,2026-09-07T14:00:00Z
4925,I Squared Capital,Florida,331704,1NCE,Communications,"Cologne, Germany",2022-01-26,Growth Capital,,,4.6,True,,0,0,https://mergr.com/company/331704,2026-09-07T14:00:00Z
4925,I Squared Capital,Florida,291117,SOILCO,Environmental,"Kembla Grange, Australia",2021-10-06,"Buyout (LBO, MBO, MBI)",,,4.9,True,,0,0,https://mergr.com/company/291117,2026-09-07T14:00:00Z
4925,I Squared Capital,Florida,331746,Cube Green Energy,Renewable Energy,"London, United Kingdom",2021-10-05,Consolidation,,,4.9,True,,0,0,https://mergr.com/company/331746,2026-09-07T14:00:00Z
4925,I Squared Capital,Florida,331764,HTEC,Energy Services and Equipment,"Vancouver, British Columbia, Canada",2021-09-08,Growth Capital,,,4.9,True,,0,0,https://mergr.com/company/331764,2026-09-07T14:00:00Z
4925,I Squared Capital,Florida,331711,AG&P Pratham,Utilities,"Chennai, India",2021-08-23,Growth Capital,,,5,True,,0,0,https://mergr.com/company/331711,2026-09-07T14:00:00Z
4925,I Squared Capital,Florida,93757,Aggreko,Test/Measurement Equipment,"Dumbarton, United Kingdom",2021-08-16,Going Private,,,5,True,2101,3,0,https://mergr.com/company/93757,2026-09-07T14:00:00Z
4925,I Squared Capital,Florida,288611,KIO Networks,Information Technology,"Mexico, Mexico",2021-08-02,"Buyout (LBO, MBO, MBI)",,,5.1,True,,0,0,https://mergr.com/company/288611,2026-09-07T14:00:00Z
4925,I Squared Capital,Florida,288511,Ezee Fiber,Communications,"Houston, Texas, United States",2021-07-29,"Buyout (LBO, MBO, MBI)",,,5.1,True,,3,0,https://mergr.com/company/288511,2026-09-07T14:00:00Z
4925,I Squared Capital,Florida,331786,Sociedad Portuaria Regional de Barranquilla,Transportation,"Barranquilla, Colombia",2021-07-23,"Buyout (LBO, MBO, MBI)",,,5.1,True,,0,0,https://mergr.com/company/331786,2026-09-07T14:00:00Z
4925,I Squared Capital,Florida,283158,Transportation Equipment Network,Business Services,"Dublin, Ohio, United States",2021-03-24,"Buyout (LBO, MBO, MBI)",,,5.4,True,,1,0,https://mergr.com/company/283158,2026-09-07T14:00:00Z
4925,I Squared Capital,Florida,18787,Atlantic Power,Utilities,"Dedham, Massachusetts, United States",2021-01-14,Going Private,,,5.6,True,282,0,1,https://mergr.com/company/18787,2026-09-07T14:00:00Z
4925,I Squared Capital,Florida,331826,THINK Gas,Utilities,"Noida, India",2021-01-01,"Buyout (LBO, MBO, MBI)",,,5.7,True,,0,0,https://mergr.com/company/331826,2026-09-07T14:00:00Z
4925,I Squared Capital,Florida,279108,Cloud Kinetics Tech,Information Technology,"Singapore, Singapore",2020-12-09,"Buyout (LBO, MBO, MBI)",,,5.7,True,,1,0,https://mergr.com/company/279108,2026-09-07T14:00:00Z
4925,I Squared Capital,Florida,331740,Clean Energy Fuels Australia,Oil/Gas Exploration,"Welshpool, Australia",2020-12-01,"Buyout (LBO, MBO, MBI)",,,5.8,True,,0,0,https://mergr.com/company/331740,2026-09-07T14:00:00Z
4925,I Squared Capital,Florida,277334,EXA Infrastructure,Infrastructure,"London, United Kingdom",2020-10-16,Divestiture,,,5.8,True,,0,0,https://mergr.com/company/277334,2026-09-07T14:00:00Z
4925,I Squared Capital,Florida,271737,Tepsa,Utilities,"Paris, France",2020-04-30,Stake Purchase,,,6.3,True,,1,0,https://mergr.com/company/271737,2026-09-07T14:00:00Z
4925,I Squared Capital,Florida,268575,FlexiVan,Transportation,"Scottsdale, Arizona, United States",2020-01-27,"Buyout (LBO, MBO, MBI)",,,6.6,True,,1,0,https://mergr.com/company/268575,2026-09-07T14:00:00Z
4925,I Squared Capital,Florida,331752,HEXA Renewables,Renewable Energy,"Taipei City, Taiwan",2020-01-01,"Buyout (LBO, MBO, MBI)",,,6.7,True,,0,0,https://mergr.com/company/331752,2026-09-07T14:00:00Z
4925,I Squared Capital,Florida,21741,Domidep,Consumer Services,"L'Isle-d'Abeau, France",2019-10-01,"Buyout (LBO, MBO, MBI)",,,6.9,True,,0,0,https://mergr.com/company/21741,2026-09-07T14:00:00Z
4925,I Squared Capital,Florida,262643,Venture Global LNG,Oil/Gas Exploration,"Arlington, Virginia, United States",2019-07-12,Growth Capital,,,7.1,True,,0,0,https://mergr.com/company/262643,2026-09-07T14:00:00Z
4925,I Squared Capital,Florida,259999,Órigo Energia,Renewable Energy,"São Paulo, Brazil",2019-04-12,Stake Purchase,,,7.3,True,,0,0,https://mergr.com/company/259999,2026-09-07T14:00:00Z
4925,I Squared Capital,Florida,253253,TIP,Business Services,"Amsterdam, Netherlands",2018-08-07,Divestiture,,,8.1,True,,3,0,https://mergr.com/company/253253,2026-09-07T14:00:00Z
4925,I Squared Capital,Florida,331768,Inkia Energy,Utilities,"Lima, Peru",2017-11-27,"Buyout (LBO, MBO, MBI)",,,8.8,True,,0,0,https://mergr.com/company/331768,2026-09-07T14:00:00Z
4925,I Squared Capital,Florida,246862,IC Power - Latin American and Caribbean businesses,Utilities,"San Isidro, Peru",2017-11-26,Divestiture,,,8.8,True,,0,0,https://mergr.com/company/246862,2026-09-07T14:00:00Z
4925,I Squared Capital,Florida,244663,Pinnacle Midstream,Energy Services and Equipment,"Houston, Texas, United States",2017-10-24,Secondary Buyout,,,8.8,True,,0,0,https://mergr.com/company/244663,2026-09-07T14:00:00Z
4925,I Squared Capital,Florida,331824,HGC Global Communications,Communications,"Hong Kong, China",2017-10-01,"Buyout (LBO, MBO, MBI)",,,8.9,True,,0,0,https://mergr.com/company/331824,2026-09-07T14:00:00Z
4925,I Squared Capital,Florida,331743,Conrad Energy,Utilities,"Abingdon, United Kingdom",2017-01-01,"Buyout (LBO, MBO, MBI)",,,9.7,True,,0,0,https://mergr.com/company/331743,2026-09-07T14:00:00Z
4925,I Squared Capital,Florida,233396,Orazul Energy Group,Utilities,Peru,2016-12-20,Divestiture,2020-08-26,Divestiture,3.7,False,,0,0,https://mergr.com/company/233396,2026-09-07T14:00:00Z
4925,I Squared Capital,Florida,25574,Energia Group,Utilities,"Dublin, Ireland",2016-03-29,Secondary Buyout,,,10.4,True,,0,0,https://mergr.com/company/25574,2026-09-07T14:00:00Z
4925,I Squared Capital,Florida,218799,Lincoln Clean Energy LLC,Renewable Energy,"Chicago, Illinois, United States",2016-01-12,Growth Capital,2018-08-09,Divestiture,2.5,False,,0,0,https://mergr.com/company/218799,2026-09-07T14:00:00Z
4925,I Squared Capital,Florida,218800,Amplus Energy Solutions,Renewable Energy,"Gurgaon, India",2015-08-26,Growth Capital,2019-04-15,Divestiture,3.6,False,,0,0,https://mergr.com/company/218800,2026-09-07T14:00:00Z
4925,I Squared Capital,Florida,218806,Jaipur-Mahua Tollway,Infrastructure,India,2014-12-10,Divestiture,2016-06-24,Divestiture,1.5,False,,0,0,https://mergr.com/company/218806,2026-09-07T14:00:00Z
4925,I Squared Capital,Florida,217382,Ocensa,Energy Services and Equipment,"Bogota, Colombia",2009-03-16,Divestiture,,,17.4,True,,0,0,https://mergr.com/company/217382,2026-09-07T14:00:00Z
912,HealthEdge Investment Partners,Florida,320800,Radsource,Healthcare Services,"Brentwood, Tennessee, United States",2023-12-31,Growth Capital,,,2.7,True,,0,0,https://mergr.com/company/320800,2026-09-07T00:00:00Z
912,HealthEdge Investment Partners,Florida,319526,P3 Oral Surgery,Business Services,"Charleston, West Virginia, United States",2023-12-04,Growth Capital,,,2.8,True,,0,0,https://mergr.com/company/319526,2026-09-07T00:00:00Z
912,HealthEdge Investment Partners,Florida,315658,Veridian Healthcare,Medical Products,"Gurnee, Illinois, United States",2023-07-31,Recapitalization,,,3.1,True,,1,0,https://mergr.com/company/315658,2026-09-07T00:00:00Z
912,HealthEdge Investment Partners,Florida,299077,Anodyne,Medical Products,"Milwaukee, Wisconsin, United States",2022-04-25,Growth Capital,,,4.3,True,,1,0,https://mergr.com/company/299077,2026-09-07T00:00:00Z
912,HealthEdge Investment Partners,Florida,287770,Today's Dental Network,Healthcare Services,"Florida, United States",2021-07-13,Growth Capital,,,5.1,True,,0,0,https://mergr.com/company/287770,2026-09-07T00:00:00Z
912,HealthEdge Investment Partners,Florida,283796,SPNN,Healthcare Services,"Sarasota, Florida, United States",2021-03-31,Growth Capital,2022-04-11,Divestiture,1,False,,0,0,https://mergr.com/company/283796,2026-09-07T00:00:00Z
912,HealthEdge Investment Partners,Florida,276643,Legacy-Xspire,Life Science,"Ridgeland, Mississippi, United States",2019-12-18,Consolidation,,,6.7,True,,4,0,https://mergr.com/company/276643,2026-09-07T00:00:00Z
912,HealthEdge Investment Partners,Florida,254584,Alatus Solutions,Information Technology,"Sandy Springs, Georgia, United States",2018-09-21,Growth Capital,,,7.9,True,,3,0,https://mergr.com/company/254584,2026-09-07T00:00:00Z
912,HealthEdge Investment Partners,Florida,33753,"Westone Laboratories, Inc.",Consumer Products,"Colorado Springs, Colorado, United States",2017-10-30,Secondary Buyout,2020-06-22,Divestiture,2.6,False,,1,0,https://mergr.com/company/33753,2026-09-07T00:00:00Z
912,HealthEdge Investment Partners,Florida,262416,Spectrum Medical Partners,Healthcare Services,"Lake Mary, Florida, United States",2017-04-10,Consolidation,,,9.3,True,,4,0,https://mergr.com/company/262416,2026-09-07T00:00:00Z
912,HealthEdge Investment Partners,Florida,224210,The Columbus Organization,Staffing,"Blue Bell, Pennsylvania, United States",2016-12-14,Secondary Buyout,2021-11-19,Divestiture,4.9,False,,8,0,https://mergr.com/company/224210,2026-09-07T00:00:00Z
912,HealthEdge Investment Partners,Florida,269178,CSS Health,Consumer Services,"Thonotosassa, Florida, United States",2015-07-01,"Buyout (LBO, MBO, MBI)",2022-09-12,Divestiture,7.2,False,,0,0,https://mergr.com/company/269178,2026-09-07T00:00:00Z
912,HealthEdge Investment Partners,Florida,150573,Data Dimensions,Information Technology,"Janesville, Wisconsin, United States",2014-11-05,Growth Capital,2019-12-12,Trade Sale - Public Company,5.1,False,,0,0,https://mergr.com/company/150573,2026-09-07T00:00:00Z
912,HealthEdge Investment Partners,Florida,173617,Formulated Solutions,Packaging,"Largo, Florida, United States",2014-03-28,Growth Capital,2021-09-28,Trade Sale - Public Company,7.5,False,,0,0,https://mergr.com/company/173617,2026-09-07T00:00:00Z
912,HealthEdge Investment Partners,Florida,35473,Corridor,Business Services,"Overland Park, Kansas, United States",2012-12-31,"Buyout (LBO, MBO, MBI)",2023-10-12,Divestiture,10.8,False,,5,0,https://mergr.com/company/35473,2026-09-07T00:00:00Z
912,HealthEdge Investment Partners,Florida,30660,LifeSync,Medical Products,"Coral Springs, Florida, United States",2012-05-04,"Buyout (LBO, MBO, MBI)",2025-02-18,Divestiture,12.8,False,,1,0,https://mergr.com/company/30660,2026-09-07T00:00:00Z
912,HealthEdge Investment Partners,Florida,25035,"Infinity Homecare, Inc.",Healthcare Services,"Sarasota, Florida, United States",2010-08-18,"Buyout (LBO, MBO, MBI)",2016-01-04,Divestiture,5.3,False,,2,0,https://mergr.com/company/25035,2026-09-07T00:00:00Z
912,HealthEdge Investment Partners,Florida,13321,Intra-Op Monitoring Services LLC,Healthcare Services,"Covington, Louisiana, United States",2008-09-18,"Buyout (LBO, MBO, MBI)",2016-11-11,Bankruptcy,8.1,False,,1,0,https://mergr.com/company/13321,2026-09-07T00:00:00Z
912,HealthEdge Investment Partners,Florida,15419,"POC Network Technologies, Inc.",Healthcare Services,"Santa Ana, California, United States",2008-05-02,"Buyout (LBO, MBO, MBI)",2011-06-13,Trade Sale,3.1,False,,0,0,https://mergr.com/company/15419,2026-09-07T00:00:00Z
912,HealthEdge Investment Partners,Florida,15420,"Woodbury Health Products, Inc.",Consumer Products,"Oceanside, New York, United States",2008-04-28,"Buyout (LBO, MBO, MBI)",2012-03-07,Trade Sale - Public Company,3.8,False,,4,0,https://mergr.com/company/15420,2026-09-07T00:00:00Z
912,HealthEdge Investment Partners,Florida,7030,"Advanced Bio-Technologies, Inc.",Medical Products,"Suwanee, Georgia, United States",2007-05-04,"Buyout (LBO, MBO, MBI)",2011-12-15,Divestiture,4.6,False,,0,0,https://mergr.com/company/7030,2026-09-07T00:00:00Z
912,HealthEdge Investment Partners,Florida,7031,Omega Healthcare Management Services,Information Technology,"Boca Raton, Florida, United States",2006-11-07,"Buyout (LBO, MBO, MBI)",,,19.8,True,,5,0,https://mergr.com/company/7031,2026-09-07T00:00:00Z
912,HealthEdge Investment Partners,Florida,7032,"Dispensing Solutions, Inc.",Life Science,"Santa Ana, California, United States",2006-09-14,"Buyout (LBO, MBO, MBI)",2011-01-19,Divestiture,4.3,False,,1,0,https://mergr.com/company/7032,2026-09-07T00:00:00Z
912,HealthEdge Investment Partners,Florida,17504,"National Medical Health Card Systems, Inc.",Business Services,"Port Washington, New York, United States",2004-03-01,Stake Purchase,2008-04-30,Divestiture,4.1,False,,0,0,https://mergr.com/company/17504,2026-09-07T00:00:00Z
