owner_firm_id,owner_firm_name,owner_firm_state,company_id,company_name,sector,location,acquired_date,acquisition_type,exit_date,exit_type,hold_years,is_current,revenue_millions_usd,acquisitions_during_hold,divestitures_during_hold,mergr_url,_fetched_at
5163,Chicago Pacific Founders,Illinois,346981,Nexben,Information Technology,"Grand Rapids, Michigan, United States",2026-03-10,"Buyout (LBO, MBO, MBI)",,,0.4,True,,0,0,https://mergr.com/company/346981,2026-09-07T00:00:00Z
5163,Chicago Pacific Founders,Illinois,325167,Pieper Veterinary,Consumer Services,"Middletown, Connecticut, United States",2023-04-18,"Buyout (LBO, MBO, MBI)",,,3.3,True,,0,0,https://mergr.com/company/325167,2026-09-07T00:00:00Z
5163,Chicago Pacific Founders,Illinois,325160,Ascend Vision Partners,Healthcare Services,"Orlando, Florida, United States",2022-08-16,Joint Venture,,,4,True,,3,0,https://mergr.com/company/325160,2026-09-07T00:00:00Z
5163,Chicago Pacific Founders,Illinois,310594,TriasMD,Healthcare Services,"Newport Beach, California, United States",2022-01-11,Growth Capital,,,4.6,True,,3,0,https://mergr.com/company/310594,2026-09-07T00:00:00Z
5163,Chicago Pacific Founders,Illinois,320625,Impact Advisors,Information Technology,"Naperville, Illinois, United States",2019-01-01,"Buyout (LBO, MBO, MBI)",,,7.7,True,,2,0,https://mergr.com/company/320625,2026-09-07T00:00:00Z
5163,Chicago Pacific Founders,Illinois,325161,ATRIO Health Plans,Insurance,"Salem, Oregon, United States",2019-01-01,Growth Capital,,,7.7,True,,0,0,https://mergr.com/company/325161,2026-09-07T00:00:00Z
5163,Chicago Pacific Founders,Illinois,255571,Sage Veterinary Centers,Consumer Services,"Concord, California, United States",2018-11-01,"Buyout (LBO, MBO, MBI)",,,7.8,True,,0,0,https://mergr.com/company/255571,2026-09-07T00:00:00Z
5163,Chicago Pacific Founders,Illinois,262822,SightMD,Healthcare Services,"Smithtown, New York, United States",2018-09-20,"Buyout (LBO, MBO, MBI)",,,7.9,True,,4,0,https://mergr.com/company/262822,2026-09-07T00:00:00Z
5163,Chicago Pacific Founders,Illinois,268863,MyCare Medical Group,Healthcare Services,"Lutz, Florida, United States",2018-01-01,"Buyout (LBO, MBO, MBI)",,,8.7,True,,2,0,https://mergr.com/company/268863,2026-09-07T00:00:00Z
5163,Chicago Pacific Founders,Illinois,237481,Pinnacle Dermatology,Healthcare Services,"Brentwood, Tennessee, United States",2017-03-09,Growth Capital,2021-10-29,Trade Sale - Public Company,4.6,False,,18,0,https://mergr.com/company/237481,2026-09-07T00:00:00Z
5163,Chicago Pacific Founders,Illinois,268910,P3 Health Partners,Healthcare Services,"Henderson, Nevada, United States",2017-01-01,"Buyout (LBO, MBO, MBI)",2021-05-25,SPAC,4.3,False,1459,0,0,https://mergr.com/company/268910,2026-09-07T00:00:00Z
5163,Chicago Pacific Founders,Illinois,208567,Marquee Dental Partners,Healthcare Services,"Brentwood, Tennessee, United States",2015-10-13,"Buyout (LBO, MBO, MBI)",,,10.8,True,,10,0,https://mergr.com/company/208567,2026-09-07T00:00:00Z
5163,Chicago Pacific Founders,Illinois,237601,The Carillons Senior Living Community,Business Services,"Sun City, Arizona, United States",2015-05-15,"Buyout (LBO, MBO, MBI)",,,11.3,True,,0,0,https://mergr.com/company/237601,2026-09-07T00:00:00Z
5163,Chicago Pacific Founders,Illinois,268901,LifeLoop,Software,"Greenwood Village, Colorado, United States",2015-01-01,"Buyout (LBO, MBO, MBI)",,,11.7,True,,2,0,https://mergr.com/company/268901,2026-09-07T00:00:00Z
5163,Chicago Pacific Founders,Illinois,213036,CPF Senior Living,Consumer Services,"Sarsota, Florida, United States",2014-10-20,Consolidation,,,11.8,True,,5,0,https://mergr.com/company/213036,2026-09-07T00:00:00Z
5163,Chicago Pacific Founders,Illinois,268882,Recovery Ways,Healthcare Services,"Murray, Utah, United States",2014-01-01,"Buyout (LBO, MBO, MBI)",,,12.7,True,,0,0,https://mergr.com/company/268882,2026-09-07T00:00:00Z
4673,BDT & MSD Partners,Illinois,328827,Designs for Health,Consumer Products,"Palm Coast, Florida, United States",2025-10-21,Secondary Buyout,,,0.8,True,,0,0,https://mergr.com/company/328827,2026-09-07T00:00:00Z
4673,BDT & MSD Partners,Illinois,243142,Summit Companies,Safety/Security,"Mendota Heights, Minnesota, United States",2025-08-04,Secondary Buyout,,,1.1,True,,0,0,https://mergr.com/company/243142,2026-09-07T00:00:00Z
4673,BDT & MSD Partners,Illinois,352672,Global School Management,Education,"McLean, Virginia, United States",2025-06-18,Growth Capital,,,1.2,True,,0,0,https://mergr.com/company/352672,2026-09-07T00:00:00Z
4673,BDT & MSD Partners,Illinois,28688,IMA Group,Machinery,"Ozzano dell'Emilia, Italy",2023-07-31,Stake Purchase,,,3.1,True,2254,0,0,https://mergr.com/company/28688,2026-09-07T00:00:00Z
4673,BDT & MSD Partners,Illinois,313690,National Amusements,Media,"Norwood, Massachusetts, United States",2023-05-25,Growth Capital,2024-07-02,Divestiture,1.1,False,,0,0,https://mergr.com/company/313690,2026-09-07T00:00:00Z
4673,BDT & MSD Partners,Illinois,220906,Qualtrics,Internet Software and Services,"Provo, Utah, United States",2023-03-12,Going Private,,,3.4,True,1459,1,0,https://mergr.com/company/220906,2026-09-07T00:00:00Z
4673,BDT & MSD Partners,Illinois,265748,East West,Electrical Equipment,"Atlanta, Georgia, United States",2023-01-13,Growth Capital,,,3.6,True,,2,0,https://mergr.com/company/265748,2026-09-07T00:00:00Z
4673,BDT & MSD Partners,Illinois,308147,Weber,Consumer Products,"Palatine, Illinois, United States",2022-12-12,Going Private,,,3.7,True,1982,0,0,https://mergr.com/company/308147,2026-09-07T00:00:00Z
4673,BDT & MSD Partners,Illinois,289624,Exyte,Semiconductors,"Stuttgart, Germany",2022-11-16,Stake Purchase,,,3.8,True,5522,3,0,https://mergr.com/company/289624,2026-09-07T00:00:00Z
4673,BDT & MSD Partners,Illinois,220416,Milestone Brands,Beverages,"Austin, Texas, United States",2022-06-21,Acquisition Financing,,,4.2,True,,1,0,https://mergr.com/company/220416,2026-09-07T00:00:00Z
4673,BDT & MSD Partners,Illinois,959,Culligan,Consumer Products,"Rosemont, Illinois, United States",2021-05-25,Secondary Buyout,,,5.3,True,,3,0,https://mergr.com/company/959,2026-09-07T00:00:00Z
4673,BDT & MSD Partners,Illinois,284338,AGP Group,Automotive,"Ghent, Belgium",2021-04-19,Growth Capital,,,5.3,True,,0,0,https://mergr.com/company/284338,2026-09-07T00:00:00Z
4673,BDT & MSD Partners,Illinois,246133,Woolpert,Engineering,"Dayton, Ohio, United States",2021-04-09,Secondary Buyout,,,5.3,True,,10,0,https://mergr.com/company/246133,2026-09-07T00:00:00Z
4673,BDT & MSD Partners,Illinois,229496,Rather Outdoors,Consumer Products,"Springfield, Missouri, United States",2019-06-05,Secondary Buyout,,,7.3,True,,2,0,https://mergr.com/company/229496,2026-09-07T00:00:00Z
4673,BDT & MSD Partners,Illinois,1354,CCG,Financial Services,"Charlotte, North Carolina, United States",2019-02-11,Secondary Buyout,,,7.5,True,,0,0,https://mergr.com/company/1354,2026-09-07T00:00:00Z
4673,BDT & MSD Partners,Illinois,59474,Cognita Schools,Education,"London, United Kingdom",2018-09-03,Secondary Buyout,,,8,True,,0,0,https://mergr.com/company/59474,2026-09-07T00:00:00Z
4673,BDT & MSD Partners,Illinois,250014,Casa Dragones Tequila,Beverages,"Stamford, Connecticut, United States",2018-04-09,"Buyout (LBO, MBO, MBI)",,,8.3,True,,0,0,https://mergr.com/company/250014,2026-09-07T00:00:00Z
4673,BDT & MSD Partners,Illinois,7518,ProMach,Packaging,"Covington, Kentucky, United States",2018-01-29,Secondary Buyout,,,8.6,True,213,24,0,https://mergr.com/company/7518,2026-09-07T00:00:00Z
4673,BDT & MSD Partners,Illinois,9953,Clarience Technologies,Automotive,"Southfield, Michigan, United States",2015-09-25,Secondary Buyout,2019-12-17,Trade Sale - Public Company,4.2,False,,1,0,https://mergr.com/company/9953,2026-09-07T00:00:00Z
4673,BDT & MSD Partners,Illinois,477,Alliance Laundry,Manufacturing,"Ripon, Wisconsin, United States",2015-08-06,Secondary Buyout,2025-10-08,IPO,10.2,False,,6,0,https://mergr.com/company/477,2026-09-07T00:00:00Z
4673,BDT & MSD Partners,Illinois,27988,Tory Burch,Retail,"New York, New York, United States",2013-01-02,Stake Purchase,,,13.7,True,,0,0,https://mergr.com/company/27988,2026-09-07T00:00:00Z
4897,Prudential Private Capital,Illinois,310233,Together Group,Marketing,"London, United Kingdom",2023-05-30,Secondary Buyout,,,3.3,True,,3,0,https://mergr.com/company/310233,2026-09-07T00:00:00Z
4897,Prudential Private Capital,Illinois,294129,Guardian Dentistry Partners,Healthcare Services,"Miami, Florida, United States",2022-09-29,Growth Capital,,,3.9,True,,1,0,https://mergr.com/company/294129,2026-09-07T00:00:00Z
4897,Prudential Private Capital,Illinois,29071,Specialist People Services,Staffing,"Bradford, United Kingdom",2022-04-07,Secondary Buyout,,,4.4,True,,0,0,https://mergr.com/company/29071,2026-09-07T00:00:00Z
4897,Prudential Private Capital,Illinois,10679,ABI Holiday Homes,Construction,"Beverley, United Kingdom",2020-02-05,Secondary Buyout,,,6.6,True,100,0,0,https://mergr.com/company/10679,2026-09-07T00:00:00Z
4897,Prudential Private Capital,Illinois,238125,118 Group,Information Technology,"Sutton Coldfield, United Kingdom",2017-03-27,Growth Capital,,,9.4,True,,0,0,https://mergr.com/company/238125,2026-09-07T00:00:00Z
4897,Prudential Private Capital,Illinois,39249,Kitwave Group,Distribution,"North Shields, United Kingdom",2016-03-02,Secondary Buyout,2021-05-24,IPO,5.2,False,1022,0,0,https://mergr.com/company/39249,2026-09-07T00:00:00Z
4896,Harrison Street Real Estate Capital,Illinois,257690,Pioneer Group,Real Estate,"London, United Kingdom",2021-04-26,Secondary Buyout,,,5.3,True,,1,0,https://mergr.com/company/257690,2026-09-07T00:00:00Z
4896,Harrison Street Real Estate Capital,Illinois,260992,Massachusetts Institute of Technology - Osborn Triangle,Real Estate,"Cambridge, Massachusetts, United States",2019-05-17,Divestiture,,,7.3,True,,0,0,https://mergr.com/company/260992,2026-09-07T00:00:00Z
4896,Harrison Street Real Estate Capital,Illinois,216366,Campus Crest Communities,Real Estate,"Charlotte, North Carolina, United States",2016-03-02,Going Private,,,10.5,True,107,0,0,https://mergr.com/company/216366,2026-09-07T00:00:00Z
443,PPM America Capital Partners,Illinois,36445,Ornua Ingredients North America,Food,"Whitehall, Wisconsin, United States",2012-11-26,"Buyout (LBO, MBO, MBI)",2021-10-11,Divestiture,8.8,False,,0,0,https://mergr.com/company/36445,2026-09-07T00:00:00Z
443,PPM America Capital Partners,Illinois,19156,Sotera Health,Healthcare Services,"Broadview Heights, Ohio, United States",2004-06-01,Secondary Buyout,2011-03-23,Trade Sale - Public Company,6.8,False,1164,0,0,https://mergr.com/company/19156,2026-09-07T00:00:00Z
443,PPM America Capital Partners,Illinois,11685,Dr. Leonard's Healthcare Corp.,Internet Software and Services,"Edison, New Jersey, United States",2002-05-01,Secondary Buyout,2007-12-14,Divestiture,5.6,False,,0,0,https://mergr.com/company/11685,2026-09-07T00:00:00Z
443,PPM America Capital Partners,Illinois,2513,Associated Materials,Building Materials,"Cuyahoga Falls, Ohio, United States",2002-04-01,Going Private,2010-09-08,Trade Sale - Public Company,8.4,False,,0,0,https://mergr.com/company/2513,2026-09-07T00:00:00Z
650,Wind Point Partners,Illinois,211211,ECI,Information Technology,"New York, New York, United States",2026-08-04,Secondary Buyout,,,0.1,True,,0,0,https://mergr.com/company/211211,2026-09-07T00:00:00Z
650,Wind Point Partners,Illinois,239259,The Hiller Companies,Safety/Security,"Mobile, Alabama, United States",2026-01-15,Secondary Buyout,,,0.6,True,,0,0,https://mergr.com/company/239259,2026-09-07T00:00:00Z
650,Wind Point Partners,Illinois,343721,Enviromatic Systems,Business Services,"Grand Prairie, Texas, United States",2025-12-09,Secondary Buyout,,,0.7,True,,0,0,https://mergr.com/company/343721,2026-09-07T00:00:00Z
650,Wind Point Partners,Illinois,122105,Buske Logistics,Transportation,"Edwardsville, Illinois, United States",2025-11-04,Secondary Buyout,,,0.8,True,,0,0,https://mergr.com/company/122105,2026-09-07T00:00:00Z
650,Wind Point Partners,Illinois,6853,SIGMA,Distribution,"Cream Ridge, New Jersey, United States",2025-04-10,"Buyout (LBO, MBO, MBI)",,,1.3,True,,1,0,https://mergr.com/company/6853,2026-09-07T00:00:00Z
650,Wind Point Partners,Illinois,303584,ExperiGreen,Consumer Services,"Mishawaka, Indiana, United States",2025-01-07,Secondary Buyout,,,1.7,True,,1,0,https://mergr.com/company/303584,2026-09-07T00:00:00Z
650,Wind Point Partners,Illinois,331197,Velocity Rail Solutions,Transportation,"Draper, Utah, United States",2024-11-25,Divestiture,,,1.8,True,,1,0,https://mergr.com/company/331197,2026-09-07T00:00:00Z
650,Wind Point Partners,Illinois,319134,Clean Solutions Group,Manufacturing,"Mooresville, North Carolina, United States",2024-09-09,Secondary Buyout,,,1.9,True,,0,0,https://mergr.com/company/319134,2026-09-07T00:00:00Z
650,Wind Point Partners,Illinois,314081,MOREgroup,Engineering,"Fort Worth, Texas, United States",2024-01-17,Secondary Buyout,,,2.6,True,,0,0,https://mergr.com/company/314081,2026-09-07T00:00:00Z
650,Wind Point Partners,Illinois,318412,Central Moloney,Electrical Equipment,"Pine Bluff, Arkansas, United States",2023-10-27,"Buyout (LBO, MBO, MBI)",,,2.8,True,,1,0,https://mergr.com/company/318412,2026-09-07T00:00:00Z
650,Wind Point Partners,Illinois,296332,Assisi Pet Care,Food,"Melton Mowbray, United Kingdom",2023-10-12,Secondary Buyout,,,2.8,True,,1,0,https://mergr.com/company/296332,2026-09-07T00:00:00Z
650,Wind Point Partners,Illinois,243345,Hasa,Chemicals,"Valencia, California, United States",2023-01-12,Secondary Buyout,,,3.6,True,,3,0,https://mergr.com/company/243345,2026-09-07T00:00:00Z
650,Wind Point Partners,Illinois,101177,Envera Systems,Safety/Security,"Coconut Creek, Florida, United States",2022-11-18,Secondary Buyout,,,3.8,True,,1,0,https://mergr.com/company/101177,2026-09-07T00:00:00Z
650,Wind Point Partners,Illinois,242675,FreshEdge,Distribution,"Indianapolis, Indiana, United States",2022-10-04,Secondary Buyout,,,3.9,True,,2,0,https://mergr.com/company/242675,2026-09-07T00:00:00Z
650,Wind Point Partners,Illinois,271489,United Uptime Services,Oil/Gas Exploration,"Humble, Texas, United States",2022-09-22,Secondary Buyout,,,3.9,True,,3,0,https://mergr.com/company/271489,2026-09-07T00:00:00Z
650,Wind Point Partners,Illinois,296646,Palmex,Food,"El Lechugal, Mexico",2022-02-22,"Buyout (LBO, MBO, MBI)",2023-12-01,Spin Off,1.8,False,,0,0,https://mergr.com/company/296646,2026-09-07T00:00:00Z
650,Wind Point Partners,Illinois,273887,good2grow,Beverages,"Atlanta, Georgia, United States",2021-12-08,Secondary Buyout,,,4.7,True,,0,0,https://mergr.com/company/273887,2026-09-07T00:00:00Z
650,Wind Point Partners,Illinois,275302,Vertex,Engineering,"Weymouth, Massachusetts, United States",2021-09-02,"Buyout (LBO, MBO, MBI)",,,5,True,,7,1,https://mergr.com/company/275302,2026-09-07T00:00:00Z
650,Wind Point Partners,Illinois,269746,Warehouse On Wheels,Business Services,"Fort Mitchell, Kentucky, United States",2021-06-02,Secondary Buyout,,,5.3,True,,1,0,https://mergr.com/company/269746,2026-09-07T00:00:00Z
650,Wind Point Partners,Illinois,283803,Zone Mechanical,Manufacturing,"Alsip, Illinois, United States",2021-04-08,"Buyout (LBO, MBO, MBI)",,,5.3,True,,2,0,https://mergr.com/company/283803,2026-09-07T00:00:00Z
650,Wind Point Partners,Illinois,282605,FoodScience,Consumer Products,"Williston, Vermont, United States",2021-03-09,"Buyout (LBO, MBO, MBI)",2024-11-19,Trade Sale - Public Company,3.7,False,,1,0,https://mergr.com/company/282605,2026-09-07T00:00:00Z
650,Wind Point Partners,Illinois,277299,Handgards,Consumer Products,"El Paso, Texas, United States",2020-10-15,Growth Capital,2024-04-16,Trade Sale - Public Company,3.5,False,,2,0,https://mergr.com/company/277299,2026-09-07T00:00:00Z
650,Wind Point Partners,Illinois,275832,RTIC,Consumer Products,"Katy, Texas, United States",2020-09-02,"Buyout (LBO, MBO, MBI)",,,6,True,,0,0,https://mergr.com/company/275832,2026-09-07T00:00:00Z
650,Wind Point Partners,Illinois,231450,Pavion,Safety/Security,"Chantilly, Virginia, United States",2020-06-23,Secondary Buyout,,,6.2,True,,20,0,https://mergr.com/company/231450,2026-09-07T00:00:00Z
650,Wind Point Partners,Illinois,280612,Helados Mexico,Food,"Ontario, California, United States",2019-12-06,Growth Capital,,,6.8,True,,1,0,https://mergr.com/company/280612,2026-09-07T00:00:00Z
650,Wind Point Partners,Illinois,256844,Targeted PetCare,Consumer Products,"Warren, Pennsylvania, United States",2019-11-25,Divestiture,,,6.8,True,,0,0,https://mergr.com/company/256844,2026-09-07T00:00:00Z
650,Wind Point Partners,Illinois,264435,Radienz Living,Consumer Products,"Mount Prospect, Illinois, United States",2019-09-20,"Buyout (LBO, MBO, MBI)",,,6.9,True,,0,0,https://mergr.com/company/264435,2026-09-07T00:00:00Z
650,Wind Point Partners,Illinois,281563,Monarca Food Solutions,Food,"Addison, Texas, United States",2019-08-05,Consolidation,,,7.1,True,,4,1,https://mergr.com/company/281563,2026-09-07T00:00:00Z
650,Wind Point Partners,Illinois,163165,Quantix,Transportation,"Woodlands, Texas, United States",2019-05-07,Secondary Buyout,,,7.3,True,,11,0,https://mergr.com/company/163165,2026-09-07T00:00:00Z
650,Wind Point Partners,Illinois,257801,Critica Infrastructure,Energy Services and Equipment,"Houston, Texas, United States",2019-01-23,"Buyout (LBO, MBO, MBI)",2023-11-02,Divestiture,4.8,False,,3,0,https://mergr.com/company/257801,2026-09-07T00:00:00Z
650,Wind Point Partners,Illinois,190817,Kleinfelder,Engineering,"San Diego, California, United States",2018-11-21,"Buyout (LBO, MBO, MBI)",2023-09-19,Trade Sale - Public Company,4.8,False,,6,0,https://mergr.com/company/190817,2026-09-07T00:00:00Z
650,Wind Point Partners,Illinois,254656,Pestell Nutrition,Distribution,"New Hamburg, Ontario, Canada",2018-06-01,"Buyout (LBO, MBO, MBI)",2021-06-30,Divestiture,3,False,,6,1,https://mergr.com/company/254656,2026-09-07T00:00:00Z
650,Wind Point Partners,Illinois,249187,Ox Engineered Products,Building Materials,"Northville, Michigan, United States",2018-02-28,"Buyout (LBO, MBO, MBI)",2024-10-08,Divestiture,6.6,False,,1,0,https://mergr.com/company/249187,2026-09-07T00:00:00Z
650,Wind Point Partners,Illinois,246182,STIR Foods,Food,"Orange, California, United States",2017-12-08,"Buyout (LBO, MBO, MBI)",,,8.7,True,,4,1,https://mergr.com/company/246182,2026-09-07T00:00:00Z
650,Wind Point Partners,Illinois,240273,Valicor Environmental Services,Environmental,"Monroe, Ohio, United States",2017-06-06,"Buyout (LBO, MBO, MBI)",2019-07-10,Trade Sale - Public Company,2.1,False,,3,0,https://mergr.com/company/240273,2026-09-07T00:00:00Z
650,Wind Point Partners,Illinois,237480,Voyant Beauty,Consumer Products,"Hodgkins, Illinois, United States",2017-03-09,"Buyout (LBO, MBO, MBI)",,,9.4,True,,5,0,https://mergr.com/company/237480,2026-09-07T00:00:00Z
650,Wind Point Partners,Illinois,232437,Paragon Films,Manufacturing,"Broken Arrow, Oklahoma, United States",2016-12-09,"Buyout (LBO, MBO, MBI)",2019-03-06,Trade Sale - Public Company,2.2,False,,0,0,https://mergr.com/company/232437,2026-09-07T00:00:00Z
650,Wind Point Partners,Illinois,224482,STG Logistics,Transportation,"Dublin, Ohio, United States",2016-08-31,Secondary Buyout,2026-01-13,Bankruptcy,9.3,False,,9,0,https://mergr.com/company/224482,2026-09-07T00:00:00Z
650,Wind Point Partners,Illinois,224846,Aurora Material Solutions,Plastics,"Streetsboro, Ohio, United States",2016-08-02,"Buyout (LBO, MBO, MBI)",2021-08-11,Trade Sale - Public Company,5,False,,0,0,https://mergr.com/company/224846,2026-09-07T00:00:00Z
650,Wind Point Partners,Illinois,218540,Evans Food Group,Food,"Chicago, Illinois, United States",2016-04-11,"Buyout (LBO, MBO, MBI)",2019-08-05,Divestiture,3.3,False,,1,0,https://mergr.com/company/218540,2026-09-07T00:00:00Z
650,Wind Point Partners,Illinois,228280,Performance Optics LLC,Consumer Products,"Ramsey, Minnesota, United States",2015-11-04,Consolidation,2016-10-12,Divestiture,0.9,False,,1,1,https://mergr.com/company/228280,2026-09-07T00:00:00Z
650,Wind Point Partners,Illinois,180258,Gehl Foods,Food,"Germantown, Wisconsin, United States",2015-03-27,"Buyout (LBO, MBO, MBI)",,,11.4,True,,0,0,https://mergr.com/company/180258,2026-09-07T00:00:00Z
650,Wind Point Partners,Illinois,228281,"Vision-Ease Lens, Inc.",Consumer Products,"Ramsey, Minnesota, United States",2014-09-18,Secondary Buyout,2015-11-04,Divestiture,1.1,False,,1,0,https://mergr.com/company/228281,2026-09-07T00:00:00Z
650,Wind Point Partners,Illinois,179791,Dicom,Transportation,"Dorval, Quebec, Canada",2014-02-01,"Buyout (LBO, MBO, MBI)",2018-09-04,Divestiture,4.6,False,,6,1,https://mergr.com/company/179791,2026-09-07T00:00:00Z
650,Wind Point Partners,Illinois,27227,"Dicom Transportation Group Canada, Inc.",Transportation,"Montreal, Quebec, Canada",2014-02-01,"Buyout (LBO, MBO, MBI)",2018-09-03,Divestiture,4.6,False,177,0,0,https://mergr.com/company/27227,2026-09-07T00:00:00Z
650,Wind Point Partners,Illinois,54546,Argotec LLC,Manufacturing,"Greenfield, Massachusetts, United States",2013-06-03,"Buyout (LBO, MBO, MBI)",2015-09-22,Divestiture,2.3,False,,1,0,https://mergr.com/company/54546,2026-09-07T00:00:00Z
650,Wind Point Partners,Illinois,28736,Novolex,Packaging,"Charlotte, North Carolina, United States",2012-11-02,Secondary Buyout,2016-11-28,Trade Sale - Public Company,4,False,,5,0,https://mergr.com/company/28736,2026-09-07T00:00:00Z
650,Wind Point Partners,Illinois,10445,Shearer's Foods,Food,"Massillon, Ohio, United States",2012-11-02,Secondary Buyout,2023-12-13,Trade Sale - Public Company,11.1,False,,2,0,https://mergr.com/company/10445,2026-09-07T00:00:00Z
650,Wind Point Partners,Illinois,31187,Interface Solutions,Manufacturing,"Lancaster, Pennsylvania, United States",2012-01-03,Secondary Buyout,2018-08-10,Divestiture,6.6,False,,0,0,https://mergr.com/company/31187,2026-09-07T00:00:00Z
650,Wind Point Partners,Illinois,31201,"Rupari Food Services, Inc.",Food,"South Holland, Illinois, United States",2011-07-06,"Buyout (LBO, MBO, MBI)",2017-04-10,Divestiture,5.8,False,,0,0,https://mergr.com/company/31201,2026-09-07T00:00:00Z
650,Wind Point Partners,Illinois,16640,Nonni's,Food,"Tulsa, Oklahoma, United States",2011-02-11,Divestiture,2017-11-14,Trade Sale - Public Company,6.8,False,,2,0,https://mergr.com/company/16640,2026-09-07T00:00:00Z
650,Wind Point Partners,Illinois,4776,Petmate,Consumer Products,"Arlington, Texas, United States",2011-01-24,Secondary Buyout,2017-05-22,Trade Sale - Public Company,6.3,False,,2,0,https://mergr.com/company/4776,2026-09-07T00:00:00Z
650,Wind Point Partners,Illinois,165649,Pelsis,Consumer Products,"Knaresborough, United Kingdom",2010-10-27,"Buyout (LBO, MBO, MBI)",2017-08-31,Trade Sale - Public Company,6.8,False,,1,0,https://mergr.com/company/165649,2026-09-07T00:00:00Z
650,Wind Point Partners,Illinois,31188,Nelson Global Products,Automotive,"Stoughton, Wisconsin, United States",2010-08-01,"Buyout (LBO, MBO, MBI)",,,16.1,True,,7,0,https://mergr.com/company/31188,2026-09-07T00:00:00Z
650,Wind Point Partners,Illinois,17101,Hearthside Food Solutions,Food,"Downers Grove, Illinois, United States",2009-04-13,"Buyout (LBO, MBO, MBI)",2014-06-03,Trade Sale - Public Company,5.1,False,,1,1,https://mergr.com/company/17101,2026-09-07T00:00:00Z
650,Wind Point Partners,Illinois,12401,Ryt-way Industries LLC,Packaging,"Lakeville, Minnesota, United States",2008-08-12,Stake Purchase,2013-05-16,Spin Off,4.8,False,,2,0,https://mergr.com/company/12401,2026-09-07T00:00:00Z
650,Wind Point Partners,Illinois,24477,Taylor-Wharton International,Manufacturing,"Minnetonka, Minnesota, United States",2007-12-10,"Buyout (LBO, MBO, MBI)",2015-10-26,Bankruptcy,7.8,False,,0,1,https://mergr.com/company/24477,2026-09-07T00:00:00Z
650,Wind Point Partners,Illinois,4830,Aurorium,Chemicals,"Indianapolis, Indiana, United States",2007-12-10,Secondary Buyout,2021-01-05,Trade Sale - Public Company,13,False,,2,0,https://mergr.com/company/4830,2026-09-07T00:00:00Z
650,Wind Point Partners,Illinois,283751,Ascensus Specialties,Chemicals,"Bellevue, Washington, United States",2007-12-01,"Buyout (LBO, MBO, MBI)",2021-07-07,Merger,13.6,False,,1,0,https://mergr.com/company/283751,2026-09-07T00:00:00Z
650,Wind Point Partners,Illinois,4840,"Omniflight, Inc.",Transportation,"Addison, Texas, United States",2007-10-01,Secondary Buyout,2011-06-02,Divestiture,3.7,False,172,0,0,https://mergr.com/company/4840,2026-09-07T00:00:00Z
650,Wind Point Partners,Illinois,4831,"Physiotherapy Associates, Inc.",Healthcare Services,"Exton, Pennsylvania, United States",2007-06-04,Divestiture,2012-05-01,Trade Sale - Public Company,4.8,False,,1,0,https://mergr.com/company/4831,2026-09-07T00:00:00Z
650,Wind Point Partners,Illinois,4842,RailWorks,Infrastructure,"New York, New York, United States",2007-05-10,Secondary Buyout,2021-09-30,Trade Sale - Public Company,14.3,False,,0,0,https://mergr.com/company/4842,2026-09-07T00:00:00Z
650,Wind Point Partners,Illinois,4832,"Citadel Plastics Holdings, Inc.",Plastics,"West Chicago, Illinois, United States",2007-03-01,"Buyout (LBO, MBO, MBI)",2012-03-01,Trade Sale - Public Company,5,False,,1,0,https://mergr.com/company/4832,2026-09-07T00:00:00Z
650,Wind Point Partners,Illinois,183594,Santa Maria Foods ULC,Food,"Markham, Ontario, Canada",2007-01-01,"Buyout (LBO, MBO, MBI)",2012-03-23,Divestiture,5.2,False,,0,0,https://mergr.com/company/183594,2026-09-07T00:00:00Z
650,Wind Point Partners,Illinois,2090,"Pfingsten Publishing, Inc.",Publishing,"Seven Hills, Ohio, United States",2006-11-20,Secondary Buyout,,,19.8,True,,0,0,https://mergr.com/company/2090,2026-09-07T00:00:00Z
650,Wind Point Partners,Illinois,4838,Knape & Vogt,Manufacturing,"Grand Rapids, Michigan, United States",2006-07-28,Going Private,,,20.1,True,,2,0,https://mergr.com/company/4838,2026-09-07T00:00:00Z
650,Wind Point Partners,Illinois,22390,"YORK Label, Inc.",Business Services,"Omaha, Nebraska, United States",2006-03-01,Secondary Buyout,2008-09-04,Trade Sale - Public Company,2.5,False,,2,0,https://mergr.com/company/22390,2026-09-07T00:00:00Z
650,Wind Point Partners,Illinois,4834,Summit Business Media Holding Co.,Publishing,"New York, New York, United States",2006-01-01,"Buyout (LBO, MBO, MBI)",2011-01-26,Bankruptcy,5,False,,2,0,https://mergr.com/company/4834,2026-09-07T00:00:00Z
650,Wind Point Partners,Illinois,17097,"Bushnell, Inc.",Consumer Products,"Overland Park, Kansas, United States",2005-08-19,Secondary Buyout,2007-07-19,Trade Sale - Public Company,1.9,False,,1,0,https://mergr.com/company/17097,2026-09-07T00:00:00Z
650,Wind Point Partners,Illinois,23733,"Waterbury Companies, Inc.",Consumer Products,"Waterbury, Connecticut, United States",2005-02-08,Secondary Buyout,2010-07-27,Divestiture,5.4,False,,0,0,https://mergr.com/company/23733,2026-09-07T00:00:00Z
650,Wind Point Partners,Illinois,20822,Breeze Industrial Products,Manufacturing,"Saltsburg, Pennsylvania, United States",2004-08-01,Secondary Buyout,2007-11-14,Divestiture,3.3,False,,0,0,https://mergr.com/company/20822,2026-09-07T00:00:00Z
650,Wind Point Partners,Illinois,16640,Nonni's,Food,"Tulsa, Oklahoma, United States",2004-03-01,Secondary Buyout,2008-04-01,Divestiture,4.1,False,,1,0,https://mergr.com/company/16640,2026-09-07T00:00:00Z
650,Wind Point Partners,Illinois,17102,"ArrMaz Custom Chemicals, Inc.",Chemicals,"Mulberry, Florida, United States",2003-12-01,"Buyout (LBO, MBO, MBI)",2006-06-01,Trade Sale - Public Company,2.5,False,290,0,0,https://mergr.com/company/17102,2026-09-07T00:00:00Z
650,Wind Point Partners,Illinois,4836,Active Interest Media,Publishing,"Boulder, Colorado, United States",2003-10-14,"Buyout (LBO, MBO, MBI)",2021-02-16,Divestiture,17.3,False,,8,4,https://mergr.com/company/4836,2026-09-07T00:00:00Z
650,Wind Point Partners,Illinois,192143,Show Management,Marketing,"Fort Lauderdale, Florida, United States",2003-10-01,"Buyout (LBO, MBO, MBI)",2006-10-30,Divestiture,3,False,,0,0,https://mergr.com/company/192143,2026-09-07T00:00:00Z
650,Wind Point Partners,Illinois,23043,America's Powersports,Automotive,"Allen, Texas, United States",2003-10-01,Venture,2016-06-30,Divestiture,12.7,False,,0,0,https://mergr.com/company/23043,2026-09-07T00:00:00Z
650,Wind Point Partners,Illinois,22863,"VICORP Restaurants, Inc.",Restaurants,"Denver, Colorado, United States",2003-06-17,Secondary Buyout,2008-04-03,Bankruptcy,4.8,False,,0,0,https://mergr.com/company/22863,2026-09-07T00:00:00Z
650,Wind Point Partners,Illinois,16375,"Benchmark Medical, Inc.",Healthcare Services,"Malvern, Pennsylvania, United States",2003-06-01,"Buyout (LBO, MBO, MBI)",2007-06-04,Spin Off,4,False,,0,0,https://mergr.com/company/16375,2026-09-07T00:00:00Z
650,Wind Point Partners,Illinois,17093,AIR-serv Group LLC,Machinery,"Mendota Heights, Minnesota, United States",2003-03-01,"Buyout (LBO, MBO, MBI)",2006-07-10,Divestiture,3.3,False,,0,0,https://mergr.com/company/17093,2026-09-07T00:00:00Z
650,Wind Point Partners,Illinois,5355,"Eschelon Telecom, Inc.",Communications,"Minneapolis, Minnesota, United States",2002-07-01,Venture,2005-08-04,IPO,3.1,False,,0,0,https://mergr.com/company/5355,2026-09-07T00:00:00Z
650,Wind Point Partners,Illinois,17094,"The Ames Companies, Inc.",Building Materials,"Camp Hill, Pennsylvania, United States",2002-01-01,"Buyout (LBO, MBO, MBI)",2004-07-07,Trade Sale - Public Company,2.5,False,,0,0,https://mergr.com/company/17094,2026-09-07T00:00:00Z
650,Wind Point Partners,Illinois,17099,"Pacific Cycles, Inc.",Consumer Products,"Madison, Wisconsin, United States",2001-09-24,Growth Capital,2004-01-13,Divestiture,2.3,False,,0,0,https://mergr.com/company/17099,2026-09-07T00:00:00Z
650,Wind Point Partners,Illinois,17109,"V-SPAN, Inc.",Information Technology,"King of Prussia, Pennsylvania, United States",2001-04-23,"Buyout (LBO, MBO, MBI)",,,25.3,True,,0,0,https://mergr.com/company/17109,2026-09-07T00:00:00Z
650,Wind Point Partners,Illinois,4841,"Marshfield DoorSystems, Inc.",Building Materials,"Marshfield, Wisconsin, United States",2000-11-22,"Buyout (LBO, MBO, MBI)",2011-08-09,Divestiture,10.7,False,,1,0,https://mergr.com/company/4841,2026-09-07T00:00:00Z
650,Wind Point Partners,Illinois,122917,"Procyon Technologies, Inc.",Aerospace,"Downers Grove, Illinois, United States",2000-09-22,"Buyout (LBO, MBO, MBI)",,,25.9,True,,1,0,https://mergr.com/company/122917,2026-09-07T00:00:00Z
650,Wind Point Partners,Illinois,19745,Twitchell Technical Products,Apparel/Textiles,"Dothan, Alabama, United States",2000-08-01,Secondary Buyout,2011-11-28,Trade Sale - Public Company,11.3,False,,0,0,https://mergr.com/company/19745,2026-09-07T00:00:00Z
650,Wind Point Partners,Illinois,17107,"LDMI Telecommunications, Inc.",Communications,"Southfield, Michigan, United States",2000-03-01,"Buyout (LBO, MBO, MBI)",2005-07-28,Divestiture,5.3,False,,1,0,https://mergr.com/company/17107,2026-09-07T00:00:00Z
650,Wind Point Partners,Illinois,4835,"U.S. Security Associates, Inc.",Safety/Security,"Roswell, Georgia, United States",1999-01-01,"Buyout (LBO, MBO, MBI)",2011-08-03,Trade Sale - Public Company,12.6,False,1500,0,0,https://mergr.com/company/4835,2026-09-07T00:00:00Z
650,Wind Point Partners,Illinois,203,Qualitor,Automotive,"Southfield, Michigan, United States",1999-01-01,"Buyout (LBO, MBO, MBI)",2004-12-22,Trade Sale - Public Company,5.9,False,,1,0,https://mergr.com/company/203,2026-09-07T00:00:00Z
650,Wind Point Partners,Illinois,17096,"The Bun Basket, Inc.",Food,"Wyoming, Michigan, United States",1998-12-16,Growth Capital,,,27.7,True,,0,0,https://mergr.com/company/17096,2026-09-07T00:00:00Z
650,Wind Point Partners,Illinois,211310,Peer Digital,Information Technology,"Boulder, Colorado, United States",1998-11-11,Growth Capital,2001-04-04,Divestiture,2.3,False,,0,0,https://mergr.com/company/211310,2026-09-07T00:00:00Z
656,Wynnchurch Capital,Illinois,17436,Luxfer,Manufacturing,"Riverside, California, United States",2026-07-27,Going Private,,,0.1,True,384,0,0,https://mergr.com/company/17436,2026-09-07T00:00:00Z
656,Wynnchurch Capital,Illinois,346410,Arcosa Marine,Marine,"Dallas, Texas, United States",2026-02-25,Divestiture,,,0.5,True,,0,0,https://mergr.com/company/346410,2026-09-07T00:00:00Z
656,Wynnchurch Capital,Illinois,257356,Charter Industries,Building Materials,"Kentwood, Michigan, United States",2025-10-02,Secondary Buyout,,,0.9,True,,0,0,https://mergr.com/company/257356,2026-09-07T00:00:00Z
656,Wynnchurch Capital,Illinois,279951,Astro Shapes,Manufacturing,"Struthers, Ohio, United States",2025-01-27,Secondary Buyout,,,1.6,True,305,1,0,https://mergr.com/company/279951,2026-09-07T00:00:00Z
656,Wynnchurch Capital,Illinois,320086,Principal Industries,Electrical Equipment,"San Angelo, Texas, United States",2024-11-12,"Buyout (LBO, MBO, MBI)",,,1.8,True,,1,0,https://mergr.com/company/320086,2026-09-07T00:00:00Z
656,Wynnchurch Capital,Illinois,312578,Principal Sloan,Electrical Equipment,"San Angelo, Texas, United States",2024-11-04,Secondary Buyout,,,1.8,True,,0,0,https://mergr.com/company/312578,2026-09-07T00:00:00Z
656,Wynnchurch Capital,Illinois,21137,ORS Nasco,Distribution,"Tulsa, Oklahoma, United States",2024-08-07,Secondary Buyout,,,2.1,True,,3,0,https://mergr.com/company/21137,2026-09-07T00:00:00Z
656,Wynnchurch Capital,Illinois,326215,Hydraulic Technologies,Machinery,"Rockford, Illinois, United States",2024-06-04,Divestiture,,,2.3,True,,2,0,https://mergr.com/company/326215,2026-09-07T00:00:00Z
656,Wynnchurch Capital,Illinois,324601,Reagent,Chemicals,"Ringoes, New Jersey, United States",2024-05-03,"Buyout (LBO, MBO, MBI)",,,2.3,True,,0,0,https://mergr.com/company/324601,2026-09-07T00:00:00Z
656,Wynnchurch Capital,Illinois,277299,Handgards,Consumer Products,"El Paso, Texas, United States",2024-04-16,Secondary Buyout,,,2.3,True,,2,0,https://mergr.com/company/277299,2026-09-07T00:00:00Z
656,Wynnchurch Capital,Illinois,268145,Midland Industries,Manufacturing,"Kansas City, Missouri, United States",2023-09-05,Secondary Buyout,2023-09-05,Trade Sale - Public Company,0,False,,0,0,https://mergr.com/company/268145,2026-09-07T00:00:00Z
656,Wynnchurch Capital,Illinois,30060,FloWorks,Distribution,"Pasadena, Texas, United States",2023-01-24,Secondary Buyout,2026-07-13,Divestiture,3.4,False,,5,0,https://mergr.com/company/30060,2026-09-07T00:00:00Z
656,Wynnchurch Capital,Illinois,147245,Industrial Service Solutions,Business Services,"Houston, Texas, United States",2022-12-19,Secondary Buyout,,,3.7,True,,2,1,https://mergr.com/company/147245,2026-09-07T00:00:00Z
656,Wynnchurch Capital,Illinois,13504,FCA Packaging,Packaging,"Moline, Illinois, United States",2022-07-21,Secondary Buyout,,,4.1,True,,2,0,https://mergr.com/company/13504,2026-09-07T00:00:00Z
656,Wynnchurch Capital,Illinois,295764,Premier Franchise Management,Franchising,"Franklin, Tennessee, United States",2022-02-01,Growth Capital,,,4.6,True,,0,0,https://mergr.com/company/295764,2026-09-07T00:00:00Z
656,Wynnchurch Capital,Illinois,295029,Mattress Warehouse,Retail,"Fredrick, Maryland, United States",2022-01-17,Growth Capital,,,4.6,True,,0,0,https://mergr.com/company/295029,2026-09-07T00:00:00Z
656,Wynnchurch Capital,Illinois,293366,Appvion - Thermal Coating Business,Packaging,"Appleton, Wisconsin, United States",2021-12-06,Divestiture,,,4.8,True,,0,0,https://mergr.com/company/293366,2026-09-07T00:00:00Z
656,Wynnchurch Capital,Illinois,328192,M2S Group,Packaging,"Appleton, Wisconsin, United States",2021-12-01,Growth Capital,,,4.8,True,,1,0,https://mergr.com/company/328192,2026-09-07T00:00:00Z
656,Wynnchurch Capital,Illinois,256344,Owen Equipment,Machinery,"Portland, Oregon, United States",2021-11-15,Secondary Buyout,,,4.8,True,,1,0,https://mergr.com/company/256344,2026-09-07T00:00:00Z
656,Wynnchurch Capital,Illinois,292562,Alleguard,Packaging,"Brentwood, Tennessee, United States",2021-11-15,Consolidation,,,4.8,True,,7,0,https://mergr.com/company/292562,2026-09-07T00:00:00Z
656,Wynnchurch Capital,Illinois,233735,Trimlite,Building Materials,"Renton, Washington, United States",2021-07-28,Secondary Buyout,,,5.1,True,,5,0,https://mergr.com/company/233735,2026-09-07T00:00:00Z
656,Wynnchurch Capital,Illinois,282397,Northern Wholesale,Distribution,"Lino Lakes, Minnesota, United States",2021-03-03,"Buyout (LBO, MBO, MBI)",2024-11-26,Trade Sale - Public Company,3.7,False,,0,0,https://mergr.com/company/282397,2026-09-07T00:00:00Z
656,Wynnchurch Capital,Illinois,263445,TWG,Automotive,"Ontario, California, United States",2021-02-02,Secondary Buyout,,,5.6,True,,1,0,https://mergr.com/company/263445,2026-09-07T00:00:00Z
656,Wynnchurch Capital,Illinois,280091,ICA,Packaging,"Allentown, Pennsylvania, United States",2020-12-01,"Buyout (LBO, MBO, MBI)",2021-11-15,Spin Off,0.9,False,,0,0,https://mergr.com/company/280091,2026-09-07T00:00:00Z
656,Wynnchurch Capital,Illinois,4024,Drew Foam,Packaging,"Monticello, Arkansas, United States",2020-11-09,Secondary Buyout,2021-11-15,Spin Off,1,False,,1,1,https://mergr.com/company/4024,2026-09-07T00:00:00Z
656,Wynnchurch Capital,Illinois,275950,Labrie,Automotive,"Levis, Quebec, Canada",2020-09-07,"Buyout (LBO, MBO, MBI)",2026-06-01,Divestiture,5.7,False,,0,0,https://mergr.com/company/275950,2026-09-07T00:00:00Z
656,Wynnchurch Capital,Illinois,322803,LPW Group,Manufacturing,"Houston, Texas, United States",2020-02-25,Consolidation,2024-03-17,Trade Sale - Public Company,4,False,,3,0,https://mergr.com/company/322803,2026-09-07T00:00:00Z
656,Wynnchurch Capital,Illinois,266916,Clyde Industries,Machinery,"Atlanta, Georgia, United States",2019-12-03,Divestiture,2025-10-07,Divestiture,5.8,False,,0,0,https://mergr.com/company/266916,2026-09-07T00:00:00Z
656,Wynnchurch Capital,Illinois,246245,EMS,Distribution,"Lake Worth, Florida, United States",2019-10-01,Growth Capital,,,6.9,True,,4,0,https://mergr.com/company/246245,2026-09-07T00:00:00Z
656,Wynnchurch Capital,Illinois,261852,MPL Holdings LLC,Building Materials,"Fairland, Indiana, United States",2019-06-19,Secondary Buyout,,,7.2,True,,0,0,https://mergr.com/company/261852,2026-09-07T00:00:00Z
656,Wynnchurch Capital,Illinois,261302,Premier Forge,Metals/Mining,"Portland, Indiana, United States",2019-06-03,Divestiture,2026-06-29,Trade Sale - Public Company,7,False,,1,0,https://mergr.com/company/261302,2026-09-07T00:00:00Z
656,Wynnchurch Capital,Illinois,260247,Alliance,Building Materials,"Laval, Quebec, Canada",2019-04-23,"Buyout (LBO, MBO, MBI)",,,7.3,True,,0,0,https://mergr.com/company/260247,2026-09-07T00:00:00Z
656,Wynnchurch Capital,Illinois,186163,Boss Industries,Machinery,"LaPorte, Indiana, United States",2019-02-05,Secondary Buyout,2025-01-07,Secondary Sale,5.9,False,,1,0,https://mergr.com/company/186163,2026-09-07T00:00:00Z
656,Wynnchurch Capital,Illinois,257805,PGHC,Restaurants,"Dedham, Massachusetts, United States",2019-01-23,"Buyout (LBO, MBO, MBI)",,,7.6,True,,0,0,https://mergr.com/company/257805,2026-09-07T00:00:00Z
656,Wynnchurch Capital,Illinois,17712,Papa Gino's,Restaurants,"Dedham, Massachusetts, United States",2019-01-23,Special Situations/Distressed,,,7.6,True,,0,0,https://mergr.com/company/17712,2026-09-07T00:00:00Z
656,Wynnchurch Capital,Illinois,268145,Midland Industries,Manufacturing,"Kansas City, Missouri, United States",2018-11-07,"Buyout (LBO, MBO, MBI)",2023-09-05,Trade Sale - Public Company,4.8,False,,5,0,https://mergr.com/company/268145,2026-09-07T00:00:00Z
656,Wynnchurch Capital,Illinois,253965,Infra Pipe Solutions,Building Materials,"Mississauga, Ontario, Canada",2018-09-05,Divestiture,2024-11-25,Trade Sale - Public Company,6.2,False,,0,0,https://mergr.com/company/253965,2026-09-07T00:00:00Z
656,Wynnchurch Capital,Illinois,107,Logistik,Business Services,"Saint-Jean-Sur-Richelieu, Quebec, Canada",2018-08-07,"Buyout (LBO, MBO, MBI)",,,8.1,True,,0,0,https://mergr.com/company/107,2026-09-07T00:00:00Z
656,Wynnchurch Capital,Illinois,198585,Critical Process Systems Group,Manufacturing,"Boise, Idaho, United States",2018-06-26,"Buyout (LBO, MBO, MBI)",2021-08-24,Divestiture,3.1,False,,1,0,https://mergr.com/company/198585,2026-09-07T00:00:00Z
656,Wynnchurch Capital,Illinois,7645,Jiffy Lube,Retail,"Irving, Texas, United States",2018-03-06,Secondary Buyout,2026-02-03,Divestiture,7.8,False,,0,0,https://mergr.com/company/7645,2026-09-07T00:00:00Z
656,Wynnchurch Capital,Illinois,247669,Anderson Metals,Manufacturing,"Kansas City, Missouri, United States",2018-01-18,"Buyout (LBO, MBO, MBI)",2018-11-07,Spin Off,0.8,False,,1,0,https://mergr.com/company/247669,2026-09-07T00:00:00Z
656,Wynnchurch Capital,Illinois,244969,A2 Global,Distribution,"St. Petersburg, Florida, United States",2017-11-02,"Buyout (LBO, MBO, MBI)",,,8.8,True,,1,0,https://mergr.com/company/244969,2026-09-07T00:00:00Z
656,Wynnchurch Capital,Illinois,6774,Stampede,Food,"Bridgeview, Illinois, United States",2017-06-27,Secondary Buyout,2026-01-07,Divestiture,8.5,False,,0,0,https://mergr.com/company/6774,2026-09-07T00:00:00Z
656,Wynnchurch Capital,Illinois,232117,Rosboro,Forest Products,"Springfield, Oregon, United States",2016-12-07,"Buyout (LBO, MBO, MBI)",2022-01-05,Trade Sale - Public Company,5,False,,0,0,https://mergr.com/company/232117,2026-09-07T00:00:00Z
656,Wynnchurch Capital,Illinois,15604,BiOrigin Specialty Products,Forest Products,"Alpharetta, Georgia, United States",2016-08-26,Secondary Buyout,,,10,True,,1,0,https://mergr.com/company/15604,2026-09-07T00:00:00Z
656,Wynnchurch Capital,Illinois,215752,Texas Hydraulics,Machinery,"Temple, Texas, United States",2016-02-17,Divestiture,2024-11-21,Trade Sale - Public Company,8.8,False,,1,0,https://mergr.com/company/215752,2026-09-07T00:00:00Z
656,Wynnchurch Capital,Illinois,207913,Gyptech,Machinery,"Burlington, Ontario, Canada",2015-10-20,Growth Capital,2024-11-27,Trade Sale - Public Company,9.1,False,,0,0,https://mergr.com/company/207913,2026-09-07T00:00:00Z
656,Wynnchurch Capital,Illinois,287424,Carson Air,Transportation,"Kelowna, British Columbia, Canada",2015-10-08,Growth Capital,2021-07-05,Divestiture,5.7,False,,0,0,https://mergr.com/company/287424,2026-09-07T00:00:00Z
656,Wynnchurch Capital,Illinois,22793,Latham Group,Consumer Products,"Latham, New York, United States",2015-08-07,Secondary Buyout,2018-12-19,Trade Sale - Public Company,3.3,False,509,0,0,https://mergr.com/company/22793,2026-09-07T00:00:00Z
656,Wynnchurch Capital,Illinois,105385,U.S. Manufacturing,Manufacturing,"Warren, Michigan, United States",2014-06-30,"Buyout (LBO, MBO, MBI)",2017-02-13,Divestiture,2.6,False,,0,0,https://mergr.com/company/105385,2026-09-07T00:00:00Z
656,Wynnchurch Capital,Illinois,30726,Indiana Limestone,Building Materials,"Bloomington, Indiana, United States",2014-05-13,Special Situations/Distressed,2018-10-11,Spin Off,4.3,False,,0,0,https://mergr.com/company/30726,2026-09-07T00:00:00Z
656,Wynnchurch Capital,Illinois,257985,Ironform,Automotive,"Chicago, Illinois, United States",2013-08-15,Consolidation,2026-05-20,Unknown,12.8,False,,0,0,https://mergr.com/company/257985,2026-09-07T00:00:00Z
656,Wynnchurch Capital,Illinois,35065,Foss Floors,Manufacturing,"Rome, Georgia, United States",2013-01-07,Growth Capital,2022-07-26,Divestiture,9.5,False,,0,0,https://mergr.com/company/35065,2026-09-07T00:00:00Z
656,Wynnchurch Capital,Illinois,63942,Loadmaster Industries,Energy Services and Equipment,"Broussard, Louisiana, United States",2012-10-01,"Buyout (LBO, MBO, MBI)",,,13.9,True,,0,0,https://mergr.com/company/63942,2026-09-07T00:00:00Z
656,Wynnchurch Capital,Illinois,27041,Northstar Aerospace,Aerospace,"Bedford Park, Illinois, United States",2012-09-11,Secondary Buyout,2025-06-26,Divestiture,12.8,False,,0,0,https://mergr.com/company/27041,2026-09-07T00:00:00Z
656,Wynnchurch Capital,Illinois,63946,Groupe Moreau,Business Services,"Indre-et-Loire, France",2012-06-29,"Buyout (LBO, MBO, MBI)",2020-08-28,Divestiture,8.1,False,,0,0,https://mergr.com/company/63946,2026-09-07T00:00:00Z
656,Wynnchurch Capital,Illinois,30664,"United States Pipe and Foundry Co., LLC",Building Materials,"Birmingham, Alabama, United States",2012-03-08,Divestiture,2016-04-15,Divestiture,4.1,False,,3,0,https://mergr.com/company/30664,2026-09-07T00:00:00Z
656,Wynnchurch Capital,Illinois,48113,Thermal Solutions Manufacturing,Automotive,"Nashville, Tennessee, United States",2012-02-23,Divestiture,2019-03-04,Trade Sale - Public Company,7,False,,1,0,https://mergr.com/company/48113,2026-09-07T00:00:00Z
656,Wynnchurch Capital,Illinois,30675,"Burtek Enterprises, Inc.",Defense,"Chesterfield, Michigan, United States",2012-02-16,Special Situations/Distressed,,,14.5,True,,1,0,https://mergr.com/company/30675,2026-09-07T00:00:00Z
656,Wynnchurch Capital,Illinois,30670,"NSC Minerals, Inc.",Chemicals,"Saskatoon, Saskatchewan, Canada",2012-02-14,Secondary Buyout,2013-10-21,Trade Sale - Public Company,1.7,False,,0,0,https://mergr.com/company/30670,2026-09-07T00:00:00Z
656,Wynnchurch Capital,Illinois,30665,Fabco,Automotive,"Livermore, California, United States",2011-09-26,Divestiture,2017-09-05,Divestiture,5.9,False,,1,0,https://mergr.com/company/30665,2026-09-07T00:00:00Z
656,Wynnchurch Capital,Illinois,30666,Wolverine Advanced Materials,Automotive,"Dearborn, Michigan, United States",2010-12-29,Divestiture,2015-10-05,Divestiture,4.8,False,,1,0,https://mergr.com/company/30666,2026-09-07T00:00:00Z
656,Wynnchurch Capital,Illinois,24840,JAC Products,Automotive,"Pontiac, Michigan, United States",2010-12-20,"Buyout (LBO, MBO, MBI)",2016-10-31,Trade Sale - Public Company,5.8,False,,0,0,https://mergr.com/company/24840,2026-09-07T00:00:00Z
656,Wynnchurch Capital,Illinois,25106,Pro-Fab,Construction,"Saint-Apollinaire, Quebec, Canada",2010-07-29,"Buyout (LBO, MBO, MBI)",2021-06-23,Trade Sale - Public Company,10.8,False,,0,0,https://mergr.com/company/25106,2026-09-07T00:00:00Z
656,Wynnchurch Capital,Illinois,17116,Vista-Pro Automotive LLC,Automotive,"Nashville, Tennessee, United States",2009-08-17,"Buyout (LBO, MBO, MBI)",,,17,True,,1,1,https://mergr.com/company/17116,2026-09-07T00:00:00Z
656,Wynnchurch Capital,Illinois,17115,"KYOCERA SENCO Industrial Tools, Inc.",Machinery,"Cincinnati, Ohio, United States",2009-07-17,Special Situations/Distressed,2017-08-08,Divestiture,8,False,,0,0,https://mergr.com/company/17115,2026-09-07T00:00:00Z
656,Wynnchurch Capital,Illinois,12402,Surepoint Group,Business Services,"Grand Prairie, Alberta, Canada",2008-03-19,"Buyout (LBO, MBO, MBI)",,,18.4,True,,2,0,https://mergr.com/company/12402,2026-09-07T00:00:00Z
656,Wynnchurch Capital,Illinois,4897,"Highway Technologies, Inc.",Safety/Security,"Houston, Texas, United States",2007-12-26,Divestiture,2013-05-28,Bankruptcy,5.4,False,,0,0,https://mergr.com/company/4897,2026-09-07T00:00:00Z
656,Wynnchurch Capital,Illinois,27250,"Henniges Automotive, Inc.",Automotive,"Auburn Hills, Michigan, United States",2007-12-01,Consolidation,2010-12-01,Trade Sale - Public Company,3,False,,0,0,https://mergr.com/company/27250,2026-09-07T00:00:00Z
656,Wynnchurch Capital,Illinois,4899,"Webex, Inc.",Machinery,"Neenah, Wisconsin, United States",2007-08-15,"Buyout (LBO, MBO, MBI)",2013-01-08,Trade Sale - Public Company,5.3,False,,0,0,https://mergr.com/company/4899,2026-09-07T00:00:00Z
656,Wynnchurch Capital,Illinois,4895,"4Front Engineered Solutions, Inc.",Machinery,"Carrollton, Texas, United States",2006-10-25,Divestiture,2012-12-27,Divestiture,6.2,False,,0,0,https://mergr.com/company/4895,2026-09-07T00:00:00Z
656,Wynnchurch Capital,Illinois,4898,SafeWorks LLC,Safety/Security,"Seattle, Washington, United States",2006-09-06,"Buyout (LBO, MBO, MBI)",2014-08-07,Trade Sale - Public Company,7.9,False,,0,0,https://mergr.com/company/4898,2026-09-07T00:00:00Z
656,Wynnchurch Capital,Illinois,4894,Calyx,Transportation,"Toronto, Ontario, Canada",2006-05-24,Recapitalization,,,20.3,True,,3,3,https://mergr.com/company/4894,2026-09-07T00:00:00Z
656,Wynnchurch Capital,Illinois,11429,BBi Enterprises LP,Automotive,"Bloomfield Hills, Michigan, United States",2005-12-01,Special Situations/Distressed,,,20.8,True,,0,0,https://mergr.com/company/11429,2026-09-07T00:00:00Z
656,Wynnchurch Capital,Illinois,4892,Android,Automotive,"Aubum Hills, Michigan, United States",2004-02-01,"Buyout (LBO, MBO, MBI)",2014-02-19,Divestiture,10,False,,0,0,https://mergr.com/company/4892,2026-09-07T00:00:00Z
656,Wynnchurch Capital,Illinois,5684,"AxleTech International Holdings, Inc.",Automotive,"Oshkosh, Wisconsin, United States",2002-12-01,Divestiture,2005-09-22,Trade Sale - Public Company,2.8,False,,0,0,https://mergr.com/company/5684,2026-09-07T00:00:00Z
656,Wynnchurch Capital,Illinois,17120,"Unigistix, Inc.",Distribution,"Brampton, Ontario, Canada",2002-03-01,"Buyout (LBO, MBO, MBI)",2004-10-14,Trade Sale - Public Company,2.6,False,,0,0,https://mergr.com/company/17120,2026-09-07T00:00:00Z
656,Wynnchurch Capital,Illinois,194917,Student Transportation of America,Transportation,"Wall Township, New Jersey, United States",2001-10-31,Growth Capital,2004-12-01,IPO,3.1,False,600,0,0,https://mergr.com/company/194917,2026-09-07T00:00:00Z
1644,Shore Capital Partners,Illinois,351322,ThrivePass,Internet Software and Services,"Denver, Colorado, United States",2026-07-08,"Buyout (LBO, MBO, MBI)",,,0.1,True,,0,0,https://mergr.com/company/351322,2026-09-07T00:00:00Z
1644,Shore Capital Partners,Illinois,350387,Produce One,Distribution,"Columbus, Ohio, United States",2026-02-03,Consolidation,,,0.6,True,,1,0,https://mergr.com/company/350387,2026-09-07T00:00:00Z
1644,Shore Capital Partners,Illinois,350431,Maintera Facility Services,Business Services,"El Dorado, Kansas, United States",2026-01-22,Consolidation,,,0.6,True,,1,0,https://mergr.com/company/350431,2026-09-07T00:00:00Z
1644,Shore Capital Partners,Illinois,343130,Reliant Healthcare,Healthcare Services,"Texarkana, Texas, United States",2025-11-20,Recapitalization,,,0.8,True,,1,0,https://mergr.com/company/343130,2026-09-07T00:00:00Z
1644,Shore Capital Partners,Illinois,350435,Mojo Medical,Healthcare Services,"Mokena, Illinois, United States",2025-11-10,Consolidation,,,0.8,True,,1,0,https://mergr.com/company/350435,2026-09-07T00:00:00Z
1644,Shore Capital Partners,Illinois,350342,RISE Partners,Business Services,"New York, New York, United States",2025-10-07,"Buyout (LBO, MBO, MBI)",,,0.9,True,,0,0,https://mergr.com/company/350342,2026-09-07T00:00:00Z
1644,Shore Capital Partners,Illinois,350341,Companion Baking,Food,"St. Louis, Missouri, United States",2025-10-01,"Buyout (LBO, MBO, MBI)",,,0.9,True,,0,0,https://mergr.com/company/350341,2026-09-07T00:00:00Z
1644,Shore Capital Partners,Illinois,350338,Comfort Temp,Business Services,"Gainesville, Florida, United States",2025-09-25,Growth Capital,,,0.9,True,,0,0,https://mergr.com/company/350338,2026-09-07T00:00:00Z
1644,Shore Capital Partners,Illinois,350424,Insperience Group,Food,"West Hollywood, California, United States",2025-09-23,Consolidation,,,0.9,True,,1,0,https://mergr.com/company/350424,2026-09-07T00:00:00Z
1644,Shore Capital Partners,Illinois,345146,Optis Consulting,Business Services,"Vancouver, British Columbia, Canada",2025-09-10,Growth Capital,,,0.9,True,,0,0,https://mergr.com/company/345146,2026-09-07T00:00:00Z
1644,Shore Capital Partners,Illinois,350388,Dillard Companies,Safety/Security,"Memphis, Tennessee, United States",2025-08-20,Growth Capital,,,1,True,,0,0,https://mergr.com/company/350388,2026-09-07T00:00:00Z
1644,Shore Capital Partners,Illinois,347226,PhaseWell Research,Life Science,"Nashville, Tennessee, United States",2025-08-13,"Buyout (LBO, MBO, MBI)",,,1,True,,1,0,https://mergr.com/company/347226,2026-09-07T00:00:00Z
1644,Shore Capital Partners,Illinois,337392,Freestone Insurance Group,Insurance,"Scottsdale, Arizona, United States",2025-06-12,Growth Capital,,,1.2,True,,0,0,https://mergr.com/company/337392,2026-09-07T00:00:00Z
1644,Shore Capital Partners,Illinois,350347,CXponent,Information Technology,"Glenview, Illinois, United States",2025-06-01,"Buyout (LBO, MBO, MBI)",,,1.3,True,,0,0,https://mergr.com/company/350347,2026-09-07T00:00:00Z
1644,Shore Capital Partners,Illinois,350327,Thermal Shipping Solutions,Packaging,"Novato, California, United States",2025-06-01,"Buyout (LBO, MBO, MBI)",,,1.3,True,,0,0,https://mergr.com/company/350327,2026-09-07T00:00:00Z
1644,Shore Capital Partners,Illinois,350325,Alliance Markets & Vending,Business Services,"Phoenix, Arizona, United States",2025-04-01,"Buyout (LBO, MBO, MBI)",,,1.4,True,,0,0,https://mergr.com/company/350325,2026-09-07T00:00:00Z
1644,Shore Capital Partners,Illinois,330872,Skycrest Roofing,Building Materials,"Denver, Colorado, United States",2025-01-29,Consolidation,,,1.6,True,,2,0,https://mergr.com/company/330872,2026-09-07T00:00:00Z
1644,Shore Capital Partners,Illinois,345758,Agentis Longevity,Healthcare Services,"Nashville, Tennessee, United States",2024-12-12,Consolidation,,,1.7,True,,1,0,https://mergr.com/company/345758,2026-09-07T00:00:00Z
1644,Shore Capital Partners,Illinois,300631,Point C,Business Services,"Chicago, Illinois, United States",2024-11-21,Recapitalization,2024-11-21,Merger,0,False,,0,0,https://mergr.com/company/300631,2026-09-07T00:00:00Z
1644,Shore Capital Partners,Illinois,333399,Ackerman Plumbing,Business Services,"Sarasota, Florida, United States",2024-10-01,Growth Capital,,,1.9,True,,0,0,https://mergr.com/company/333399,2026-09-07T00:00:00Z
1644,Shore Capital Partners,Illinois,336616,Guidant Power,Education,"Chicago, Illinois, United States",2024-09-10,Consolidation,,,1.9,True,,6,0,https://mergr.com/company/336616,2026-09-07T00:00:00Z
1644,Shore Capital Partners,Illinois,330932,ONDEX Automation,Manufacturing,"Oak Brook, Illinois, United States",2024-08-01,Consolidation,,,2.1,True,,3,0,https://mergr.com/company/330932,2026-09-07T00:00:00Z
1644,Shore Capital Partners,Illinois,330946,Innovate 32,Healthcare Services,"Brentwood, Tennessee, United States",2024-07-19,"Buyout (LBO, MBO, MBI)",,,2.1,True,,0,0,https://mergr.com/company/330946,2026-09-07T00:00:00Z
1644,Shore Capital Partners,Illinois,330772,Whetstone Distribution,Distribution,"Chicago, Illinois, United States",2024-05-30,Consolidation,,,2.3,True,,1,0,https://mergr.com/company/330772,2026-09-07T00:00:00Z
1644,Shore Capital Partners,Illinois,350390,PRO-Spectus,Business Services,"Huntington Beach, California, United States",2024-04-30,"Buyout (LBO, MBO, MBI)",,,2.3,True,,0,0,https://mergr.com/company/350390,2026-09-07T00:00:00Z
1644,Shore Capital Partners,Illinois,217275,SDC Nutrition,Life Science,"Pittsburgh, Pennsylvania, United States",2024-02-01,"Buyout (LBO, MBO, MBI)",,,2.6,True,,0,0,https://mergr.com/company/217275,2026-09-07T00:00:00Z
1644,Shore Capital Partners,Illinois,282233,Everis,Medical Products,"Schoolcraft, Michigan, United States",2024-01-24,"Buyout (LBO, MBO, MBI)",,,2.6,True,,1,0,https://mergr.com/company/282233,2026-09-07T00:00:00Z
1644,Shore Capital Partners,Illinois,320215,NestCore Partners,Business Services,"Chicago, Illinois, United States",2023-12-22,Growth Capital,,,2.7,True,,0,0,https://mergr.com/company/320215,2026-09-07T00:00:00Z
1644,Shore Capital Partners,Illinois,320955,Action Termite & Pest Control,Consumer Services,"Phoenix, Arizona, United States",2023-12-08,"Buyout (LBO, MBO, MBI)",,,2.7,True,,0,0,https://mergr.com/company/320955,2026-09-07T00:00:00Z
1644,Shore Capital Partners,Illinois,350440,AXN Growth Partners,Consumer Services,"Phoenix, Arizona, United States",2023-11-01,"Buyout (LBO, MBO, MBI)",,,2.8,True,,0,0,https://mergr.com/company/350440,2026-09-07T00:00:00Z
1644,Shore Capital Partners,Illinois,350429,Kerix,Healthcare Services,"Austin, Texas, United States",2023-11-01,"Buyout (LBO, MBO, MBI)",,,2.8,True,,0,0,https://mergr.com/company/350429,2026-09-07T00:00:00Z
1644,Shore Capital Partners,Illinois,316163,Empower Aesthetics,Consumer Services,"Austin, Texas, United States",2023-07-06,Consolidation,,,3.2,True,,1,0,https://mergr.com/company/316163,2026-09-07T00:00:00Z
1644,Shore Capital Partners,Illinois,318429,Prominence Advisors,Information Technology,"Lincolnshire, Illinois, United States",2023-05-01,"Buyout (LBO, MBO, MBI)",,,3.3,True,,1,0,https://mergr.com/company/318429,2026-09-07T00:00:00Z
1644,Shore Capital Partners,Illinois,350343,Connexure,Software,"Atlanta, Georgia, United States",2023-05-01,"Buyout (LBO, MBO, MBI)",,,3.3,True,,0,0,https://mergr.com/company/350343,2026-09-07T00:00:00Z
1644,Shore Capital Partners,Illinois,316597,Roaming Hunger,Internet Software and Services,"Los Angeles, California, United States",2023-04-01,Recapitalization,2025-09-23,Divestiture,2.4,False,,0,0,https://mergr.com/company/316597,2026-09-07T00:00:00Z
1644,Shore Capital Partners,Illinois,316164,FirmaPak,Packaging,"Chicago, Illinois, United States",2023-02-13,Stake Purchase,,,3.5,True,,3,0,https://mergr.com/company/316164,2026-09-07T00:00:00Z
1644,Shore Capital Partners,Illinois,249764,Hueman,Staffing,"Jacksonville, Florida, United States",2022-12-01,"Buyout (LBO, MBO, MBI)",,,3.8,True,,2,0,https://mergr.com/company/249764,2026-09-07T00:00:00Z
1644,Shore Capital Partners,Illinois,330917,Dynamic Connections,Transportation,"Oakville, Ontario, Canada",2022-12-01,"Buyout (LBO, MBO, MBI)",,,3.8,True,,0,0,https://mergr.com/company/330917,2026-09-07T00:00:00Z
1644,Shore Capital Partners,Illinois,270755,CG Life,Marketing,"Chicago, Illinois, United States",2022-12-01,Recapitalization,,,3.8,True,,2,0,https://mergr.com/company/270755,2026-09-07T00:00:00Z
1644,Shore Capital Partners,Illinois,318430,Reliant Health Partners,Business Services,"Collierville, Tennessee, United States",2022-12-01,"Buyout (LBO, MBO, MBI)",,,3.8,True,,0,0,https://mergr.com/company/318430,2026-09-07T00:00:00Z
1644,Shore Capital Partners,Illinois,330924,H2O Care Partners,Utilities,"Boston, Massachusetts, United States",2022-06-21,Consolidation,,,4.2,True,,1,0,https://mergr.com/company/330924,2026-09-07T00:00:00Z
1644,Shore Capital Partners,Illinois,300531,AA Medical,Retail,"Mokena, Illinois, United States",2022-05-20,Stake Purchase,2025-11-10,Divestiture,3.4,False,,1,0,https://mergr.com/company/300531,2026-09-07T00:00:00Z
1644,Shore Capital Partners,Illinois,300535,Mosaic Flavors,Food,"Chino, California, United States",2022-05-04,Growth Capital,,,4.3,True,,0,0,https://mergr.com/company/300535,2026-09-07T00:00:00Z
1644,Shore Capital Partners,Illinois,300636,Triumph Orthopedics,Healthcare Services,"Nashville, Tennessee, United States",2022-04-18,"Buyout (LBO, MBO, MBI)",,,4.3,True,,0,0,https://mergr.com/company/300636,2026-09-07T00:00:00Z
1644,Shore Capital Partners,Illinois,350389,Evolution Risk Partners,Insurance,"Dallas, Texas, United States",2022-03-01,"Buyout (LBO, MBO, MBI)",,,4.5,True,,0,0,https://mergr.com/company/350389,2026-09-07T00:00:00Z
1644,Shore Capital Partners,Illinois,350345,Courser,Information Technology,"Greenville, South Carolina, United States",2022-03-01,"Buyout (LBO, MBO, MBI)",,,4.5,True,,0,0,https://mergr.com/company/350345,2026-09-07T00:00:00Z
1644,Shore Capital Partners,Illinois,300629,OMS360,Healthcare Services,"Cumming, Georgia, United States",2022-02-02,Stake Purchase,,,4.6,True,,0,0,https://mergr.com/company/300629,2026-09-07T00:00:00Z
1644,Shore Capital Partners,Illinois,296385,HowardSimon,Business Services,"Riverwoods, Illinois, United States",2022-01-19,Stake Purchase,,,4.6,True,,0,0,https://mergr.com/company/296385,2026-09-07T00:00:00Z
1644,Shore Capital Partners,Illinois,350394,FB Solutions Group,Food,"Chicago, Illinois, United States",2021-12-14,Consolidation,,,4.7,True,,2,0,https://mergr.com/company/350394,2026-09-07T00:00:00Z
1644,Shore Capital Partners,Illinois,299217,Transformations Care Network,Healthcare Services,"Taunton, Massachusetts, United States",2021-08-20,Consolidation,,,5,True,,1,0,https://mergr.com/company/299217,2026-09-07T00:00:00Z
1644,Shore Capital Partners,Illinois,300635,Together Women's Health,Healthcare Services,"Grosse Pointe, Michigan, United States",2021-02-11,"Buyout (LBO, MBO, MBI)",,,5.5,True,,1,0,https://mergr.com/company/300635,2026-09-07T00:00:00Z
1644,Shore Capital Partners,Illinois,300633,Tandem HR,Business Services,"Westchester, Illinois, United States",2021-01-27,Stake Purchase,2024-08-05,Trade Sale,3.5,False,,0,0,https://mergr.com/company/300633,2026-09-07T00:00:00Z
1644,Shore Capital Partners,Illinois,316506,360Pack,Packaging,"Vancouver, Washington, United States",2021-01-01,"Buyout (LBO, MBO, MBI)",,,5.7,True,,2,0,https://mergr.com/company/316506,2026-09-07T00:00:00Z
1644,Shore Capital Partners,Illinois,274475,Column Health,Healthcare Services,"Arlington, Massachusetts, United States",2020-12-01,"Buyout (LBO, MBO, MBI)",2022-07-01,Spin Off,1.6,False,,0,0,https://mergr.com/company/274475,2026-09-07T00:00:00Z
1644,Shore Capital Partners,Illinois,296470,OWS Foods,Food,"Overland Park, Kansas, United States",2020-11-19,Recapitalization,,,5.8,True,,1,0,https://mergr.com/company/296470,2026-09-07T00:00:00Z
1644,Shore Capital Partners,Illinois,300534,Elevate Women's Health,Healthcare Services,"Denver, Colorado, United States",2020-11-18,Stake Purchase,2023-02-01,Spin Off,2.2,False,,0,0,https://mergr.com/company/300534,2026-09-07T00:00:00Z
1644,Shore Capital Partners,Illinois,300630,PartnerCare,Healthcare Services,"Tampa, Florida, United States",2020-10-01,Stake Purchase,,,5.9,True,,0,0,https://mergr.com/company/300630,2026-09-07T00:00:00Z
1644,Shore Capital Partners,Illinois,300632,Southern Orthodontic Partners,Healthcare Services,"Nashville, Tennessee, United States",2020-04-23,Consolidation,,,6.3,True,,0,0,https://mergr.com/company/300632,2026-09-07T00:00:00Z
1644,Shore Capital Partners,Illinois,300631,Point C,Business Services,"Chicago, Illinois, United States",2019-11-01,Stake Purchase,2024-11-21,Merger,5,False,,0,0,https://mergr.com/company/300631,2026-09-07T00:00:00Z
1644,Shore Capital Partners,Illinois,300625,Sweetmore Bakeries,Food,"Park Ridge, Illinois, United States",2019-09-01,Consolidation,,,7,True,,4,0,https://mergr.com/company/300625,2026-09-07T00:00:00Z
1644,Shore Capital Partners,Illinois,276001,SENTA,Healthcare Services,"Atlanta, Georgia, United States",2019-05-17,Consolidation,,,7.3,True,,3,0,https://mergr.com/company/276001,2026-09-07T00:00:00Z
1644,Shore Capital Partners,Illinois,300634,Therapy Partners Group,Healthcare Services,"Bolingbrook, Illinois, United States",2019-04-01,Stake Purchase,,,7.4,True,,0,0,https://mergr.com/company/300634,2026-09-07T00:00:00Z
1644,Shore Capital Partners,Illinois,300532,Assembly Health,Healthcare Services,"Chicago, Illinois, United States",2018-08-01,"Buyout (LBO, MBO, MBI)",,,8.1,True,,0,0,https://mergr.com/company/300532,2026-09-07T00:00:00Z
1644,Shore Capital Partners,Illinois,300628,BestMed,Healthcare Services,"Eugene, Oregon, United States",2018-08-01,"Buyout (LBO, MBO, MBI)",,,8.1,True,,0,0,https://mergr.com/company/300628,2026-09-07T00:00:00Z
1644,Shore Capital Partners,Illinois,250300,SouthStar Urgent Care,Healthcare Services,"Lafayette, Louisiana, United States",2018-04-18,Growth Capital,2021-04-01,Spin Off,2.9,False,,0,0,https://mergr.com/company/250300,2026-09-07T00:00:00Z
1644,Shore Capital Partners,Illinois,300533,BrightView,Healthcare Services,"Cincinnati, Ohio, United States",2017-11-28,Recapitalization,,,8.8,True,,1,0,https://mergr.com/company/300533,2026-09-07T00:00:00Z
1644,Shore Capital Partners,Illinois,305065,Navia Benefit Solutions,Healthcare Services,"Renton, Washington, United States",2017-11-20,Growth Capital,2021-02-01,Trade Sale - Public Company,3.2,False,,0,0,https://mergr.com/company/305065,2026-09-07T00:00:00Z
1644,Shore Capital Partners,Illinois,300627,Mission Pet Health,Consumer Services,"Birmingham, Alabama, United States",2017-11-01,Consolidation,,,8.8,True,,1,0,https://mergr.com/company/300627,2026-09-07T00:00:00Z
1644,Shore Capital Partners,Illinois,318436,Community Care Partners,Healthcare Services,"Eugene, Oregon, United States",2017-10-01,"Buyout (LBO, MBO, MBI)",,,8.9,True,,2,1,https://mergr.com/company/318436,2026-09-07T00:00:00Z
1644,Shore Capital Partners,Illinois,298087,Behavioral Innovations,Consumer Services,"Addison, Texas, United States",2017-06-05,Recapitalization,2024-06-06,Trade Sale - Public Company,7,False,,0,0,https://mergr.com/company/298087,2026-09-07T00:00:00Z
1644,Shore Capital Partners,Illinois,246189,EyeSouth Partners,Healthcare Services,"Atlanta, Georgia, United States",2017-03-14,"Buyout (LBO, MBO, MBI)",2022-09-30,Trade Sale - Public Company,5.5,False,,18,0,https://mergr.com/company/246189,2026-09-07T00:00:00Z
1644,Shore Capital Partners,Illinois,234961,Argentum,Medical Products,"Geneva, Illinois, United States",2017-01-25,Growth Capital,2023-02-07,Divestiture,6,False,,2,0,https://mergr.com/company/234961,2026-09-07T00:00:00Z
1644,Shore Capital Partners,Illinois,17029,IZI Medical,Medical Products,"Owings Mills, Maryland, United States",2016-05-03,Divestiture,2022-10-03,Divestiture,6.4,False,46,4,0,https://mergr.com/company/17029,2026-09-07T00:00:00Z
1644,Shore Capital Partners,Illinois,210518,SpecialDocs,Business Services,"Highland Park, Illinois, United States",2015-11-17,Recapitalization,2023-11-01,Unknown,7.9,False,,0,0,https://mergr.com/company/210518,2026-09-07T00:00:00Z
1644,Shore Capital Partners,Illinois,207481,Shippert Medical,Medical Products,"Centennial, Colorado, United States",2015-10-20,Recapitalization,2017-07-11,Spin Off,1.7,False,,0,0,https://mergr.com/company/207481,2026-09-07T00:00:00Z
1644,Shore Capital Partners,Illinois,203055,Florida Autism Center,Healthcare Services,"Sanford, Florida, United States",2015-09-09,Growth Capital,2020-03-05,Divestiture,4.4,False,,0,0,https://mergr.com/company/203055,2026-09-07T00:00:00Z
1644,Shore Capital Partners,Illinois,182360,Great Lakes Dental Partners,Healthcare Services,"Chicago, Illinois, United States",2015-04-07,Recapitalization,,,11.4,True,,0,0,https://mergr.com/company/182360,2026-09-07T00:00:00Z
1644,Shore Capital Partners,Illinois,205128,Summit Medical,Medical Products,"St. Paul, Minnesota, United States",2015-02-23,"Buyout (LBO, MBO, MBI)",2017-07-11,Spin Off,2.3,False,,0,0,https://mergr.com/company/205128,2026-09-07T00:00:00Z
1644,Shore Capital Partners,Illinois,254140,Innovia Medical,Medical Products,"St. Paul, Minnesota, United States",2015-02-02,"Buyout (LBO, MBO, MBI)",2023-04-04,Trade Sale - Public Company,8.2,False,,8,0,https://mergr.com/company/254140,2026-09-07T00:00:00Z
1644,Shore Capital Partners,Illinois,205127,Southern Veterinary Partners,Consumer Services,"Homewood, Alabama, United States",2014-10-06,Growth Capital,2018-05-01,Recapitalization,3.5,False,,1,0,https://mergr.com/company/205127,2026-09-07T00:00:00Z
1644,Shore Capital Partners,Illinois,248835,Stepping Stones Group,Healthcare Services,"Boston, Massachusetts, United States",2014-01-01,"Buyout (LBO, MBO, MBI)",2018-01-04,Trade Sale - Public Company,4,False,,1,0,https://mergr.com/company/248835,2026-09-07T00:00:00Z
1644,Shore Capital Partners,Illinois,56694,Fast Pace Health,Healthcare Services,"Waynesboro, Tennessee, United States",2012-12-01,"Buyout (LBO, MBO, MBI)",2016-08-25,Trade Sale - Public Company,3.7,False,,0,0,https://mergr.com/company/56694,2026-09-07T00:00:00Z
1644,Shore Capital Partners,Illinois,32122,Michigan Rehabilitation Specialists LLC,Healthcare Services,"Hamburg, Michigan, United States",2012-05-02,"Buyout (LBO, MBO, MBI)",,,14.3,True,,0,0,https://mergr.com/company/32122,2026-09-07T00:00:00Z
1644,Shore Capital Partners,Illinois,32120,Excel Rehabilitation Services,Healthcare Services,"Bloomfield, Michigan, United States",2012-05-02,"Buyout (LBO, MBO, MBI)",,,14.3,True,,0,0,https://mergr.com/company/32120,2026-09-07T00:00:00Z
1644,Shore Capital Partners,Illinois,32121,HomeCare IV,Healthcare Services,"Bend, Oregon, United States",2012-01-06,Acquisition Financing,,,14.7,True,,0,0,https://mergr.com/company/32121,2026-09-07T00:00:00Z
1644,Shore Capital Partners,Illinois,32119,ClearPath Diagnostics,Healthcare Services,"Syracuse, New York, United States",2011-09-19,"Buyout (LBO, MBO, MBI)",2016-10-03,Divestiture,5,False,,0,0,https://mergr.com/company/32119,2026-09-07T00:00:00Z
1644,Shore Capital Partners,Illinois,27166,Access IV,Healthcare Services,"Monterey, California, United States",2011-01-27,Growth Capital,,,15.6,True,,0,0,https://mergr.com/company/27166,2026-09-07T00:00:00Z
1644,Shore Capital Partners,Illinois,24751,Sirona Infusion LLC,Healthcare Services,"Chandler, Arizona, United States",2010-07-07,"Buyout (LBO, MBO, MBI)",2013-11-05,Divestiture,3.3,False,,0,0,https://mergr.com/company/24751,2026-09-07T00:00:00Z
194,Flexpoint Ford,Illinois,350769,Novel,Insurance,"Jersey City, New Jersey, United States",2026-06-22,Growth Capital,,,0.2,True,,0,0,https://mergr.com/company/350769,2026-09-07T00:00:00Z
194,Flexpoint Ford,Illinois,337390,Elliott Davis,Business Services,"Greenville, South Carolina, United States",2025-06-11,Growth Capital,,,1.2,True,,0,0,https://mergr.com/company/337390,2026-09-07T00:00:00Z
194,Flexpoint Ford,Illinois,331974,Apollo Care,Information Technology,"Chicago, Illinois, United States",2024-12-18,Growth Capital,,,1.7,True,,1,0,https://mergr.com/company/331974,2026-09-07T00:00:00Z
194,Flexpoint Ford,Illinois,346054,Create Music Group,Media,"Los Angeles, California, United States",2024-06-25,Growth Capital,,,2.2,True,,0,0,https://mergr.com/company/346054,2026-09-07T00:00:00Z
194,Flexpoint Ford,Illinois,323190,Accuserve Solutions,Business Services,"Denver, Colorado, United States",2024-03-28,Growth Capital,,,2.4,True,,1,0,https://mergr.com/company/323190,2026-09-07T00:00:00Z
194,Flexpoint Ford,Illinois,320752,Public Trust Advisors,Financial Services,"Denver, Colorado, United States",2024-01-16,Growth Capital,2025-03-19,Spin Off,1.2,False,,0,0,https://mergr.com/company/320752,2026-09-07T00:00:00Z
194,Flexpoint Ford,Illinois,189950,AmRisc,Insurance,"Houston, Texas, United States",2024-01-01,"Buyout (LBO, MBO, MBI)",,,2.7,True,,0,0,https://mergr.com/company/189950,2026-09-07T00:00:00Z
194,Flexpoint Ford,Illinois,320387,Bridgehaven,Insurance,"London, United Kingdom",2023-07-06,Growth Capital,,,3.2,True,,1,0,https://mergr.com/company/320387,2026-09-07T00:00:00Z
194,Flexpoint Ford,Illinois,96529,Baker Hill,Software,"Carmel, Indiana, United States",2023-06-21,Secondary Buyout,,,3.2,True,,0,0,https://mergr.com/company/96529,2026-09-07T00:00:00Z
194,Flexpoint Ford,Illinois,313436,SageSure,Insurance,"Jersey City, New Jersey, United States",2023-05-16,Growth Capital,,,3.3,True,,2,0,https://mergr.com/company/313436,2026-09-07T00:00:00Z
194,Flexpoint Ford,Illinois,275216,Keystone Agency Partners,Insurance,"Harrisburg, Pennsylvania, United States",2023-01-19,Growth Capital,2025-07-16,Trade Sale - Public Company,2.4,False,,2,0,https://mergr.com/company/275216,2026-09-07T00:00:00Z
194,Flexpoint Ford,Illinois,333719,Corient,Financial Services,United States,2023-01-01,"Buyout (LBO, MBO, MBI)",,,3.7,True,,8,0,https://mergr.com/company/333719,2026-09-07T00:00:00Z
194,Flexpoint Ford,Illinois,346060,ArtesRx,Life Science,"Windermere, Florida, United States",2023-01-01,"Buyout (LBO, MBO, MBI)",2026-08-24,Trade Sale - Public Company,3.6,False,,1,0,https://mergr.com/company/346060,2026-09-07T00:00:00Z
194,Flexpoint Ford,Illinois,320386,VALE Insurance Partners,Insurance,"New York, New York, United States",2021-12-01,Growth Capital,,,4.8,True,,0,0,https://mergr.com/company/320386,2026-09-07T00:00:00Z
194,Flexpoint Ford,Illinois,271578,Clearstead,Financial Services,"Cleveland, Ohio, United States",2021-10-08,Secondary Buyout,,,4.8,True,,4,0,https://mergr.com/company/271578,2026-09-07T00:00:00Z
194,Flexpoint Ford,Illinois,295031,PayFacto,Financial Services,"Verdun, Quebec, Canada",2021-08-05,Growth Capital,,,5.1,True,,1,0,https://mergr.com/company/295031,2026-09-07T00:00:00Z
194,Flexpoint Ford,Illinois,173293,LERETA,Business Services,"Pomona, California, United States",2021-07-06,Secondary Buyout,,,5.2,True,,0,0,https://mergr.com/company/173293,2026-09-07T00:00:00Z
194,Flexpoint Ford,Illinois,26951,Canadian Hospital Specialties,Medical Products,"Oakville, Ontario, Canada",2021-04-22,Secondary Buyout,,,5.3,True,,3,0,https://mergr.com/company/26951,2026-09-07T00:00:00Z
194,Flexpoint Ford,Illinois,211277,AFH Financial Group,Financial Services,"Bromsgrove, United Kingdom",2021-01-27,Going Private,,,5.6,True,114,0,0,https://mergr.com/company/211277,2026-09-07T00:00:00Z
194,Flexpoint Ford,Illinois,271986,Talcott Resolution,Insurance,"Windsor, Connecticut, United States",2021-01-20,Secondary Buyout,,,5.6,True,,0,0,https://mergr.com/company/271986,2026-09-07T00:00:00Z
194,Flexpoint Ford,Illinois,320505,TransNetwork,Financial Services,"Houston, Texas, United States",2021-01-01,Stake Purchase,,,5.7,True,,0,0,https://mergr.com/company/320505,2026-09-07T00:00:00Z
194,Flexpoint Ford,Illinois,306446,Nettwerk Music Group,Media,"Vancouver, British Columbia, Canada",2021-01-01,Growth Capital,,,5.7,True,,0,0,https://mergr.com/company/306446,2026-09-07T00:00:00Z
194,Flexpoint Ford,Illinois,6089,Ariel Re,Insurance,"Hamilton, Bermuda",2020-11-02,Divestiture,,,5.8,True,,0,0,https://mergr.com/company/6089,2026-09-07T00:00:00Z
194,Flexpoint Ford,Illinois,271849,Sticky.io,Internet Software and Services,"San Francisco, California, United States",2020-05-05,Growth Capital,2021-06-08,Sold to Management,1.1,False,,0,0,https://mergr.com/company/271849,2026-09-07T00:00:00Z
194,Flexpoint Ford,Illinois,271453,TigerRisk,Business Services,"Stamford, Connecticut, United States",2020-04-20,Growth Capital,2022-06-09,Divestiture,2.1,False,,0,0,https://mergr.com/company/271453,2026-09-07T00:00:00Z
194,Flexpoint Ford,Illinois,269895,MGA Homecare,Healthcare Services,"Scottsdale, Arizona, United States",2020-03-04,Growth Capital,,,6.5,True,,1,0,https://mergr.com/company/269895,2026-09-07T00:00:00Z
194,Flexpoint Ford,Illinois,258526,YPrime,Software,"Malvern, Pennsylvania, United States",2019-02-05,Secondary Buyout,,,7.6,True,,1,0,https://mergr.com/company/258526,2026-09-07T00:00:00Z
194,Flexpoint Ford,Illinois,263524,"Lime Light CRM, Inc.",Internet Software and Services,"San Francisco, California, United States",2019-01-01,Secondary Buyout,,,7.7,True,,0,0,https://mergr.com/company/263524,2026-09-07T00:00:00Z
194,Flexpoint Ford,Illinois,20363,TRAKAmerica,Information Services,"Bonita Springs, Florida, United States",2019-01-01,Divestiture,,,7.7,True,,0,0,https://mergr.com/company/20363,2026-09-07T00:00:00Z
194,Flexpoint Ford,Illinois,132769,MobilityWorks,Consumer Products,"Richfield, Ohio, United States",2018-09-19,Growth Capital,,,7.9,True,,0,0,https://mergr.com/company/132769,2026-09-07T00:00:00Z
194,Flexpoint Ford,Illinois,194267,Propel Insurance,Insurance,"Tacoma, Washington, United States",2018-05-08,Growth Capital,2021-09-08,Spin Off,3.3,False,,2,0,https://mergr.com/company/194267,2026-09-07T00:00:00Z
194,Flexpoint Ford,Illinois,249198,Dash Financial Technologies LLC,Information Technology,"New York, New York, United States",2018-03-07,Secondary Buyout,2021-02-08,Divestiture,2.9,False,,1,0,https://mergr.com/company/249198,2026-09-07T00:00:00Z
194,Flexpoint Ford,Illinois,277550,FF Life Settlements Designated Activity,Financial Services,"Dublin, Ireland",2018-01-01,"Buyout (LBO, MBO, MBI)",,,8.7,True,,0,0,https://mergr.com/company/277550,2026-09-07T00:00:00Z
194,Flexpoint Ford,Illinois,236678,SouthEast Eye Specialists,Healthcare Services,"Chattanooga, Tennessee, United States",2017-02-28,"Buyout (LBO, MBO, MBI)",,,9.5,True,,0,0,https://mergr.com/company/236678,2026-09-07T00:00:00Z
194,Flexpoint Ford,Illinois,236818,Center for Facial Rejuvenation,Consumer Services,"Chattanooga, Tennessee, United States",2017-02-27,"Buyout (LBO, MBO, MBI)",,,9.5,True,,0,0,https://mergr.com/company/236818,2026-09-07T00:00:00Z
194,Flexpoint Ford,Illinois,233780,Alera Group,Insurance,"Deerfield, Illinois, United States",2017-01-04,Consolidation,,,9.7,True,,141,2,https://mergr.com/company/233780,2026-09-07T00:00:00Z
194,Flexpoint Ford,Illinois,69278,Select Rehabilitation,Healthcare Services,"Glenview, Illinois, United States",2017-01-02,Secondary Buyout,2025-01-01,Unknown,7.9,False,,1,0,https://mergr.com/company/69278,2026-09-07T00:00:00Z
194,Flexpoint Ford,Illinois,31208,Purchasing Power,Financial Services,"Atlanta, Georgia, United States",2016-12-07,Secondary Buyout,2025-12-01,Divestiture,8.9,False,190,1,0,https://mergr.com/company/31208,2026-09-07T00:00:00Z
194,Flexpoint Ford,Illinois,210135,Service Finance,Financial Services,"Boca Raton, Florida, United States",2015-11-12,Stake Purchase,2017-06-08,Divestiture,1.5,False,,0,0,https://mergr.com/company/210135,2026-09-07T00:00:00Z
194,Flexpoint Ford,Illinois,210137,Veling Ltd.,Airlines,"Plaine Magnien, Mauritius",2015-11-11,Growth Capital,,,10.8,True,,0,0,https://mergr.com/company/210137,2026-09-07T00:00:00Z
194,Flexpoint Ford,Illinois,198953,Kastle Therapeutics,Life Science,"Chicago, Illinois, United States",2015-07-30,"Buyout (LBO, MBO, MBI)",,,11.1,True,,0,0,https://mergr.com/company/198953,2026-09-07T00:00:00Z
194,Flexpoint Ford,Illinois,178674,Summit BHC,Healthcare Services,"Franklin, Tennessee, United States",2015-03-12,Growth Capital,2017-10-11,Trade Sale - Public Company,2.5,False,,5,0,https://mergr.com/company/178674,2026-09-07T00:00:00Z
194,Flexpoint Ford,Illinois,170561,TopRx,Distribution,"Bartlett, Tennessee, United States",2015-01-08,Growth Capital,,,11.6,True,,0,0,https://mergr.com/company/170561,2026-09-07T00:00:00Z
194,Flexpoint Ford,Illinois,124393,CFGI,Business Services,"Boston, Massachusetts, United States",2014-09-16,"Buyout (LBO, MBO, MBI)",2018-03-01,Trade Sale - Public Company,3.4,False,,0,0,https://mergr.com/company/124393,2026-09-07T00:00:00Z
194,Flexpoint Ford,Illinois,214928,Credibly,Financial Services,"Southfield, Michigan, United States",2014-08-20,Growth Capital,,,12,True,,1,0,https://mergr.com/company/214928,2026-09-07T00:00:00Z
194,Flexpoint Ford,Illinois,114309,RetailCapital LLC,Financial Services,"Troy, Michigan, United States",2014-08-20,Venture,,,12,True,,0,0,https://mergr.com/company/114309,2026-09-07T00:00:00Z
194,Flexpoint Ford,Illinois,277548,Rithm Property Trust,Real Estate,"Tigard, Oregon, United States",2014-01-01,"Buyout (LBO, MBO, MBI)",2015-02-13,IPO,1.1,False,31,0,0,https://mergr.com/company/277548,2026-09-07T00:00:00Z
194,Flexpoint Ford,Illinois,69186,JetPay,Financial Services,"Berwyn, Pennsylvania, United States",2013-10-15,PIPE,2018-10-22,Divestiture,5,False,76,2,0,https://mergr.com/company/69186,2026-09-07T00:00:00Z
194,Flexpoint Ford,Illinois,268353,Pelican Auto Finance LLC,Financial Services,"Philadelphia, Pennsylvania, United States",2013-02-01,Growth Capital,,,13.6,True,,0,0,https://mergr.com/company/268353,2026-09-07T00:00:00Z
194,Flexpoint Ford,Illinois,277549,Flexpoint Mortgage-Asset Holdings,Financial Services,"Chicago, Illinois, United States",2013-01-01,"Buyout (LBO, MBO, MBI)",,,13.7,True,,0,0,https://mergr.com/company/277549,2026-09-07T00:00:00Z
194,Flexpoint Ford,Illinois,32426,Corva LLC,Healthcare Services,"Greenwood Village, Colorado, United States",2012-10-02,"Buyout (LBO, MBO, MBI)",,,13.9,True,,0,0,https://mergr.com/company/32426,2026-09-07T00:00:00Z
194,Flexpoint Ford,Illinois,342118,Jefferson Capital,Financial Services,"Sartell, Minnesota, United States",2012-08-03,"Buyout (LBO, MBO, MBI)",2018-03-26,Trade Sale - Public Company,5.6,False,613,0,0,https://mergr.com/company/342118,2026-09-07T00:00:00Z
194,Flexpoint Ford,Illinois,1625,GeoVera,Insurance,"Fairfield, California, United States",2012-05-02,Secondary Buyout,2024-04-09,Divestiture,11.9,False,,0,0,https://mergr.com/company/1625,2026-09-07T00:00:00Z
194,Flexpoint Ford,Illinois,938,Innovative Aftermarket Systems,Software,"Austin, Texas, United States",2012-01-04,Secondary Buyout,2020-05-26,Divestiture,8.3,False,,0,0,https://mergr.com/company/938,2026-09-07T00:00:00Z
194,Flexpoint Ford,Illinois,4344,"VeriClaim, Inc.",Insurance,"Naperville, Illinois, United States",2011-03-30,Secondary Buyout,2014-09-17,Divestiture,3.4,False,,2,0,https://mergr.com/company/4344,2026-09-07T00:00:00Z
194,Flexpoint Ford,Illinois,124361,T&H Global Holdings LLC,Insurance,"Naperville, Illinois, United States",2011-03-01,Divestiture,2014-09-17,Divestiture,3.5,False,,0,0,https://mergr.com/company/124361,2026-09-07T00:00:00Z
194,Flexpoint Ford,Illinois,26597,"Financial Pacific Leasing, Inc.",Financial Services,"Federal Way, Washington, United States",2010-10-13,Recapitalization,2013-06-04,Divestiture,2.6,False,,0,0,https://mergr.com/company/26597,2026-09-07T00:00:00Z
194,Flexpoint Ford,Illinois,26598,Eagle Hospital Physicians LLC,Healthcare Services,"Dallas, Texas, United States",2010-09-09,"Buyout (LBO, MBO, MBI)",2013-05-01,Unknown,2.6,False,,2,0,https://mergr.com/company/26598,2026-09-07T00:00:00Z
194,Flexpoint Ford,Illinois,1574,Home Solutions,Medical Products,"Somers Point, New Jersey, United States",2007-05-21,Recapitalization,2012-10-11,Trade Sale - Public Company,5.3,False,,0,0,https://mergr.com/company/1574,2026-09-07T00:00:00Z
194,Flexpoint Ford,Illinois,1572,Norwich,Insurance,"Rosemont, Pennsylvania, United States",2007-03-07,"Buyout (LBO, MBO, MBI)",,,19.5,True,,0,0,https://mergr.com/company/1572,2026-09-07T00:00:00Z
194,Flexpoint Ford,Illinois,4038,Senior Whole Health LLC,Healthcare Services,"Cambridge, Massachusetts, United States",2007-01-04,Venture,2011-11-08,Trade Sale - Public Company,4.8,False,,0,0,https://mergr.com/company/4038,2026-09-07T00:00:00Z
194,Flexpoint Ford,Illinois,1573,American Strategic Insurance,Insurance,"St. Petersburg, Florida, United States",2006-01-01,"Buyout (LBO, MBO, MBI)",2014-12-17,Divestiture,8.9,False,,0,0,https://mergr.com/company/1573,2026-09-07T00:00:00Z
194,Flexpoint Ford,Illinois,21024,"Golden State Bancorp, Inc.",Financial Services,"Glendale, California, United States",1994-01-01,Stake Purchase,2002-05-22,Divestiture,8.3,False,,0,0,https://mergr.com/company/21024,2026-09-07T00:00:00Z
1051,Water Street Healthcare Partners,Illinois,348822,Brundage Group,Healthcare Services,"Pinellas Park, Florida, United States",2026-04-08,"Buyout (LBO, MBO, MBI)",,,0.3,True,,0,0,https://mergr.com/company/348822,2026-09-07T00:00:00Z
1051,Water Street Healthcare Partners,Illinois,345267,GlobalMed Logistix,Transportation,"Norcross, Georgia, United States",2026-01-21,Growth Capital,,,0.6,True,,0,0,https://mergr.com/company/345267,2026-09-07T00:00:00Z
1051,Water Street Healthcare Partners,Illinois,344990,Pillr Health,Healthcare Services,"Boca Raton, Florida, United States",2026-01-14,Secondary Buyout,,,0.6,True,,2,0,https://mergr.com/company/344990,2026-09-07T00:00:00Z
1051,Water Street Healthcare Partners,Illinois,347287,enableCV,Medical Products,"Midvale, Utah, United States",2025-01-01,Growth Capital,,,1.7,True,,0,0,https://mergr.com/company/347287,2026-09-07T00:00:00Z
1051,Water Street Healthcare Partners,Illinois,328023,MedSpeed,Business Services,"Elmhurst, Illinois, United States",2024-08-13,Growth Capital,,,2,True,,1,0,https://mergr.com/company/328023,2026-09-07T00:00:00Z
1051,Water Street Healthcare Partners,Illinois,328605,Hansen Hunter,Business Services,"Portland, Oregon, United States",2024-05-29,Growth Capital,,,2.3,True,,0,0,https://mergr.com/company/328605,2026-09-07T00:00:00Z
1051,Water Street Healthcare Partners,Illinois,328600,Avantik,Medical Products,"Pine Brook, New Jersey, United States",2023-02-15,Growth Capital,,,3.5,True,,2,0,https://mergr.com/company/328600,2026-09-07T00:00:00Z
1051,Water Street Healthcare Partners,Illinois,328612,Catalyx,Manufacturing,"Cork, Ireland",2022-10-01,"Buyout (LBO, MBO, MBI)",,,3.9,True,,1,0,https://mergr.com/company/328612,2026-09-07T00:00:00Z
1051,Water Street Healthcare Partners,Illinois,328598,Alcor Scientific,Medical Products,"Smithfield, Rhode Island, United States",2022-02-23,Growth Capital,,,4.5,True,,0,0,https://mergr.com/company/328598,2026-09-07T00:00:00Z
1051,Water Street Healthcare Partners,Illinois,294815,Renovo Solutions,Information Technology,"Irvine, California, United States",2022-01-11,Growth Capital,,,4.6,True,,0,0,https://mergr.com/company/294815,2026-09-07T00:00:00Z
1051,Water Street Healthcare Partners,Illinois,280316,Medical Guardian,Healthcare Services,"Philadelphia, Pennsylvania, United States",2021-01-11,Growth Capital,,,5.6,True,,2,0,https://mergr.com/company/280316,2026-09-07T00:00:00Z
1051,Water Street Healthcare Partners,Illinois,273155,Solvias,Life Science,"Kaiseraugst, Switzerland",2020-06-11,Growth Capital,,,6.2,True,,2,0,https://mergr.com/company/273155,2026-09-07T00:00:00Z
1051,Water Street Healthcare Partners,Illinois,271834,Safeguard Medical,Medical Products,"Huntersville, North Carolina, United States",2020-02-05,Consolidation,,,6.6,True,,4,0,https://mergr.com/company/271834,2026-09-07T00:00:00Z
1051,Water Street Healthcare Partners,Illinois,286197,Liviniti,Healthcare Services,"Natchitoches, Louisiana, United States",2020-01-06,Growth Capital,,,6.7,True,,0,0,https://mergr.com/company/286197,2026-09-07T00:00:00Z
1051,Water Street Healthcare Partners,Illinois,263801,Thread,Information Technology,"Cary, North Carolina, United States",2019-08-27,"Buyout (LBO, MBO, MBI)",,,7,True,,3,0,https://mergr.com/company/263801,2026-09-07T00:00:00Z
1051,Water Street Healthcare Partners,Illinois,258720,Pathnostics,Healthcare Services,"Irvine, California, United States",2019-02-27,Growth Capital,,,7.5,True,,0,0,https://mergr.com/company/258720,2026-09-07T00:00:00Z
1051,Water Street Healthcare Partners,Illinois,328609,Long Grove Pharmaceuticals,Life Science,"Rosemont, Illinois, United States",2019-01-01,"Buyout (LBO, MBO, MBI)",,,7.7,True,,0,0,https://mergr.com/company/328609,2026-09-07T00:00:00Z
1051,Water Street Healthcare Partners,Illinois,269268,Allucent,Business Services,"Cary, North Carolina, United States",2018-11-28,Growth Capital,,,7.8,True,,4,0,https://mergr.com/company/269268,2026-09-07T00:00:00Z
1051,Water Street Healthcare Partners,Illinois,266001,Discovery Life Sciences,Life Science,"Huntsville, Alabama, United States",2018-10-16,Consolidation,,,7.8,True,,7,0,https://mergr.com/company/266001,2026-09-07T00:00:00Z
1051,Water Street Healthcare Partners,Illinois,265787,EVERSANA,Life Science,"Chicago, Illinois, United States",2018-10-01,Consolidation,,,7.9,True,,10,1,https://mergr.com/company/265787,2026-09-07T00:00:00Z
1051,Water Street Healthcare Partners,Illinois,207729,Triplefin LLC,Business Services,"Cincinnati, Ohio, United States",2018-04-18,Divestiture,2018-10-01,Spin Off,0.4,False,,0,0,https://mergr.com/company/207729,2026-09-07T00:00:00Z
1051,Water Street Healthcare Partners,Illinois,243922,EBMS,Business Services,"Wayne, Pennsylvania, United States",2017-10-03,Growth Capital,,,8.9,True,,0,0,https://mergr.com/company/243922,2026-09-07T00:00:00Z
1051,Water Street Healthcare Partners,Illinois,25287,Viant Medical,Medical Products,"Foxborough, Massachusetts, United States",2016-12-06,Secondary Buyout,,,9.8,True,,5,0,https://mergr.com/company/25287,2026-09-07T00:00:00Z
1051,Water Street Healthcare Partners,Illinois,10685,The Access Group,Marketing,"Berkeley Heights, New Jersey, United States",2016-10-24,Secondary Buyout,2018-10-01,Spin Off,1.9,False,,3,0,https://mergr.com/company/10685,2026-09-07T00:00:00Z
1051,Water Street Healthcare Partners,Illinois,232098,ELAP,Business Services,"Wayne, Pennsylvania, United States",2016-06-14,Growth Capital,,,10.2,True,,0,0,https://mergr.com/company/232098,2026-09-07T00:00:00Z
1051,Water Street Healthcare Partners,Illinois,207170,Custopharm,Life Science,"Carlsbad, California, United States",2015-02-03,Growth Capital,2021-09-27,Divestiture,6.6,False,,1,0,https://mergr.com/company/207170,2026-09-07T00:00:00Z
1051,Water Street Healthcare Partners,Illinois,94561,Orgentec,Life Science,"Mainz, Germany",2014-05-14,Going Private,2021-06-30,Divestiture,7.1,False,,0,0,https://mergr.com/company/94561,2026-09-07T00:00:00Z
1051,Water Street Healthcare Partners,Illinois,96533,"Comprehensive Health Services, Inc.",Healthcare Services,"Reston, Virginia, United States",2014-04-03,Growth Capital,2014-06-25,Spin Off,0.2,False,,0,0,https://mergr.com/company/96533,2026-09-07T00:00:00Z
1051,Water Street Healthcare Partners,Illinois,96521,Take Care Employer Solutions LLC,Healthcare Services,"Conshohocken, Pennsylvania, United States",2014-04-03,Divestiture,2014-06-25,Spin Off,0.2,False,,0,0,https://mergr.com/company/96521,2026-09-07T00:00:00Z
1051,Water Street Healthcare Partners,Illinois,74037,Temptime Corp.,Medical Products,"Morris Plains, New Jersey, United States",2013-10-04,Growth Capital,2019-01-28,Divestiture,5.3,False,,1,0,https://mergr.com/company/74037,2026-09-07T00:00:00Z
1051,Water Street Healthcare Partners,Illinois,62366,Surgalign,Medical Products,"Deerfield, Illinois, United States",2013-07-16,PIPE,,,13.1,True,102,4,4,https://mergr.com/company/62366,2026-09-07T00:00:00Z
1051,Water Street Healthcare Partners,Illinois,44705,"CCBR-SYNARC, Inc.",Life Science,"Newark, California, United States",2013-04-08,"Buyout (LBO, MBO, MBI)",2014-03-12,Divestiture,0.9,False,,0,0,https://mergr.com/company/44705,2026-09-07T00:00:00Z
1051,Water Street Healthcare Partners,Illinois,35981,"BioClinica, Inc.",Life Science,"Princeton, New Jersey, United States",2013-03-13,Going Private,2016-08-22,Trade Sale - Public Company,3.4,False,84,7,0,https://mergr.com/company/35981,2026-09-07T00:00:00Z
1051,Water Street Healthcare Partners,Illinois,207167,Capstone,Life Science,"Rosemont, Illinois, United States",2013-01-01,Growth Capital,,,13.7,True,,0,0,https://mergr.com/company/207167,2026-09-07T00:00:00Z
1051,Water Street Healthcare Partners,Illinois,40957,Breg,Medical Products,"Carlsbad, California, United States",2012-05-24,Divestiture,,,14.3,True,,1,0,https://mergr.com/company/40957,2026-09-07T00:00:00Z
1051,Water Street Healthcare Partners,Illinois,29117,MarketLab,Medical Products,"Caledonia, Michigan, United States",2011-06-27,"Buyout (LBO, MBO, MBI)",,,15.2,True,,1,0,https://mergr.com/company/29117,2026-09-07T00:00:00Z
1051,Water Street Healthcare Partners,Illinois,29123,"OraPharma, Inc.",Life Science,"Horsham, Pennsylvania, United States",2011-05-11,Divestiture,2012-06-15,Divestiture,1.1,False,,0,0,https://mergr.com/company/29123,2026-09-07T00:00:00Z
1051,Water Street Healthcare Partners,Illinois,29120,New Century Health,Healthcare Services,"Brea, California, United States",2010-12-16,Growth Capital,2018-09-12,Divestiture,7.7,False,,0,0,https://mergr.com/company/29120,2026-09-07T00:00:00Z
1051,Water Street Healthcare Partners,Illinois,3051,Medical Specialties Distributors LLC,Medical Products,"Stoughton, Massachusetts, United States",2010-08-02,Secondary Buyout,2013-12-02,Trade Sale - Public Company,3.3,False,,1,0,https://mergr.com/company/3051,2026-09-07T00:00:00Z
1051,Water Street Healthcare Partners,Illinois,14074,AAIPharma Services Corp.,Life Science,"Wilmington, North Carolina, United States",2009-06-16,"Buyout (LBO, MBO, MBI)",2013-10-29,Divestiture,4.3,False,,1,0,https://mergr.com/company/14074,2026-09-07T00:00:00Z
1051,Water Street Healthcare Partners,Illinois,23931,ConVerge Diagnostic Services LLC,Life Science,"Peabody, Massachusetts, United States",2009-04-01,Stake Purchase,2013-10-07,Divestiture,4.5,False,,0,0,https://mergr.com/company/23931,2026-09-07T00:00:00Z
1051,Water Street Healthcare Partners,Illinois,14083,Sierra Scientific Instruments LLC,Medical Products,"Los Angeles, California, United States",2009-01-01,"Buyout (LBO, MBO, MBI)",2010-03-22,Divestiture,1.2,False,,0,0,https://mergr.com/company/14083,2026-09-07T00:00:00Z
1051,Water Street Healthcare Partners,Illinois,14081,"HealthPlan Holdings, Inc.",Information Technology,"Tampa, Florida, United States",2008-10-01,Secondary Buyout,2016-02-11,Divestiture,7.3,False,,1,0,https://mergr.com/company/14081,2026-09-07T00:00:00Z
1051,Water Street Healthcare Partners,Illinois,14080,CareCentrix,Healthcare Services,"Hartford, Connecticut, United States",2008-08-21,Divestiture,2011-09-20,Merger,3,False,,1,0,https://mergr.com/company/14080,2026-09-07T00:00:00Z
1051,Water Street Healthcare Partners,Illinois,14082,Sarnova,Distribution,"Dublin, Ohio, United States",2008-06-05,Consolidation,2018-03-12,Trade Sale - Public Company,9.8,False,989,3,0,https://mergr.com/company/14082,2026-09-07T00:00:00Z
1051,Water Street Healthcare Partners,Illinois,8007,Alpine Biomed Corp.,Medical Products,"Fountain Valley, California, United States",2007-08-01,Stake Purchase,2009-09-14,Divestiture,2.1,False,,1,0,https://mergr.com/company/8007,2026-09-07T00:00:00Z
1051,Water Street Healthcare Partners,Illinois,8008,Precision Dynamics Corp.,Medical Products,"San Fernando, California, United States",2007-07-19,Stake Purchase,2012-12-31,Divestiture,5.4,False,173,1,0,https://mergr.com/company/8008,2026-09-07T00:00:00Z
1051,Water Street Healthcare Partners,Illinois,4831,"Physiotherapy Associates, Inc.",Healthcare Services,"Exton, Pennsylvania, United States",2007-06-04,Divestiture,2012-05-01,Trade Sale - Public Company,4.8,False,,1,0,https://mergr.com/company/4831,2026-09-07T00:00:00Z
1051,Water Street Healthcare Partners,Illinois,8009,Access MediQuip LLC,Healthcare Services,"Lake Mary, Florida, United States",2006-09-07,"Buyout (LBO, MBO, MBI)",,,20,True,,0,0,https://mergr.com/company/8009,2026-09-07T00:00:00Z
1051,Water Street Healthcare Partners,Illinois,8010,Facet,Medical Products,"Atlanta, Georgia, United States",2006-07-26,Divestiture,2011-01-18,Trade Sale - Public Company,4.4,False,,0,0,https://mergr.com/company/8010,2026-09-07T00:00:00Z
1051,Water Street Healthcare Partners,Illinois,8011,"PLUS Diagnostics, Inc.",Healthcare Services,"Union, New Jersey, United States",2006-06-19,Stake Purchase,2013-10-22,Divestiture,7.3,False,,0,0,https://mergr.com/company/8011,2026-09-07T00:00:00Z
1051,Water Street Healthcare Partners,Illinois,18739,"Medex, Inc.",Medical Products,"Hilliard, Ohio, United States",2001-02-01,Stake Purchase,2005-03-21,Divestiture,4.1,False,,0,0,https://mergr.com/company/18739,2026-09-07T00:00:00Z
1051,Water Street Healthcare Partners,Illinois,14076,AbilityOne Corp.,Distribution,"Bolingbrook, Illinois, United States",2000-09-01,Stake Purchase,2003-09-15,Divestiture,3,False,220,0,0,https://mergr.com/company/14076,2026-09-07T00:00:00Z
1051,Water Street Healthcare Partners,Illinois,14078,Kendro Laboratory Products,Test/Measurement Equipment,"Asheville, North Carolina, United States",1996-01-01,"Buyout (LBO, MBO, MBI)",2005-05-09,Divestiture,9.3,False,,0,0,https://mergr.com/company/14078,2026-09-07T00:00:00Z
1098,Sterling Partners Private Equity,Illinois,352760,Stationhead,Media,"New York, New York, United States",2026-01-28,Growth Capital,,,0.6,True,,1,0,https://mergr.com/company/352760,2026-09-07T00:00:00Z
1098,Sterling Partners Private Equity,Illinois,352779,Brant Point Building,Real Estate,"Nantucket, Massachusetts, United States",2025-09-04,Growth Capital,,,1,True,,0,0,https://mergr.com/company/352779,2026-09-07T00:00:00Z
1098,Sterling Partners Private Equity,Illinois,336835,Mellomanic,Internet Software and Services,"Los Angeles, California, United States",2023-11-16,Growth Capital,2026-01-28,Spin Off,2.2,False,,0,0,https://mergr.com/company/336835,2026-09-07T00:00:00Z
1098,Sterling Partners Private Equity,Illinois,336837,Escape Studios,Education,"London, United Kingdom",2023-06-01,"Buyout (LBO, MBO, MBI)",,,3.3,True,,0,0,https://mergr.com/company/336837,2026-09-07T00:00:00Z
1098,Sterling Partners Private Equity,Illinois,336825,InGenius Prep,Education,"New Haven, Connecticut, United States",2022-05-27,Growth Capital,,,4.3,True,,0,0,https://mergr.com/company/336825,2026-09-07T00:00:00Z
1098,Sterling Partners Private Equity,Illinois,325311,Lecturio,Education,"Leipzig, Germany",2021-12-15,Growth Capital,,,4.7,True,,2,0,https://mergr.com/company/325311,2026-09-07T00:00:00Z
1098,Sterling Partners Private Equity,Illinois,276252,Datacubed Health,Information Technology,"King of Prussia, Pennsylvania, United States",2020-09-14,Growth Capital,,,5.9,True,,0,0,https://mergr.com/company/276252,2026-09-07T00:00:00Z
1098,Sterling Partners Private Equity,Illinois,306483,Stella,Healthcare Services,"Westmont, Illinois, United States",2020-05-12,Growth Capital,,,6.3,True,,0,0,https://mergr.com/company/306483,2026-09-07T00:00:00Z
1098,Sterling Partners Private Equity,Illinois,306482,Shorelight,Education,"Boston, Massachusetts, United States",2020-01-01,"Buyout (LBO, MBO, MBI)",,,6.7,True,,0,0,https://mergr.com/company/306482,2026-09-07T00:00:00Z
1098,Sterling Partners Private Equity,Illinois,248766,EyeCare Partners,Healthcare Services,"Ballwin, Missouri, United States",2019-12-16,Secondary Buyout,,,6.7,True,,1,0,https://mergr.com/company/248766,2026-09-07T00:00:00Z
1098,Sterling Partners Private Equity,Illinois,260819,Reading Plus,Software,"Winooski, Vermont, United States",2019-05-13,Growth Capital,2021-07-19,Divestiture,2.2,False,,0,0,https://mergr.com/company/260819,2026-09-07T00:00:00Z
1098,Sterling Partners Private Equity,Illinois,300383,A-Rent,Business Services,"Chicago, Illinois, United States",2019-01-01,"Buyout (LBO, MBO, MBI)",,,7.7,True,,0,0,https://mergr.com/company/300383,2026-09-07T00:00:00Z
1098,Sterling Partners Private Equity,Illinois,254461,Fancy Sprinkles,Food,"Pacoima, California, United States",2018-09-26,Growth Capital,,,7.9,True,,0,0,https://mergr.com/company/254461,2026-09-07T00:00:00Z
1098,Sterling Partners Private Equity,Illinois,3036,Statewide Safety Systems,Safety/Security,"Irvine, California, United States",2018-05-17,Secondary Buyout,2021-08-02,Divestiture,3.2,False,,0,0,https://mergr.com/company/3036,2026-09-07T00:00:00Z
1098,Sterling Partners Private Equity,Illinois,250986,OpenClassrooms,Education,"Paris, France",2018-05-16,Venture,,,8.3,True,,0,0,https://mergr.com/company/250986,2026-09-07T00:00:00Z
1098,Sterling Partners Private Equity,Illinois,302317,Black Rifle Coffee,Beverages,"West Valley City, Utah, United States",2018-01-11,Growth Capital,2022-02-10,SPAC,4,False,398,0,0,https://mergr.com/company/302317,2026-09-07T00:00:00Z
1098,Sterling Partners Private Equity,Illinois,243622,World Fiber Technologies,Communications,"Alpharetta, Georgia, United States",2017-09-21,Growth Capital,2019-09-26,Bankruptcy,2,False,,0,0,https://mergr.com/company/243622,2026-09-07T00:00:00Z
1098,Sterling Partners Private Equity,Illinois,236673,Grand Rapids Ophthalmology,Healthcare Services,"Grand Rapids, Michigan, United States",2017-02-23,Growth Capital,,,9.5,True,,2,0,https://mergr.com/company/236673,2026-09-07T00:00:00Z
1098,Sterling Partners Private Equity,Illinois,178855,DBi Services,Business Services,"Hazleton, Pennsylvania, United States",2016-08-05,Secondary Buyout,2021-10-23,Shut Down,5.2,False,,4,0,https://mergr.com/company/178855,2026-09-07T00:00:00Z
1098,Sterling Partners Private Equity,Illinois,244926,Platinum Dermatology Partners,Healthcare Services,"Dallas, Texas, United States",2016-01-01,Consolidation,,,10.7,True,,8,0,https://mergr.com/company/244926,2026-09-07T00:00:00Z
1098,Sterling Partners Private Equity,Illinois,5945,Upstream Rehabilitation,Healthcare Services,"Birmingham, Alabama, United States",2015-12-15,Secondary Buyout,,,10.7,True,,4,0,https://mergr.com/company/5945,2026-09-07T00:00:00Z
1098,Sterling Partners Private Equity,Illinois,130053,Pepperjam LLC,Marketing,"Wilkes-Barre, Pennsylvania, United States",2015-07-16,Divestiture,2020-07-29,Divestiture,5,False,,3,2,https://mergr.com/company/130053,2026-09-07T00:00:00Z
1098,Sterling Partners Private Equity,Illinois,93421,"Magento, Inc.",Internet Software and Services,"Campbell, California, United States",2015-07-16,Divestiture,2018-05-21,Divestiture,2.8,False,,1,0,https://mergr.com/company/93421,2026-09-07T00:00:00Z
1098,Sterling Partners Private Equity,Illinois,244134,Radial,Internet Software and Services,"King of Prussia, Pennsylvania, United States",2015-07-16,Divestiture,2017-10-09,Divestiture,2.2,False,,1,1,https://mergr.com/company/244134,2026-09-07T00:00:00Z
1098,Sterling Partners Private Equity,Illinois,196983,National Underground Group,Business Services,"Irvine, California, United States",2015-07-16,"Buyout (LBO, MBO, MBI)",2017-02-06,Trade Sale - Public Company,1.5,False,,0,0,https://mergr.com/company/196983,2026-09-07T00:00:00Z
1098,Sterling Partners Private Equity,Illinois,156761,Surgical Solutions,Healthcare Services,"Henderson, Kentucky, United States",2014-12-01,Growth Capital,,,11.8,True,,0,0,https://mergr.com/company/156761,2026-09-07T00:00:00Z
1098,Sterling Partners Private Equity,Illinois,133785,Results Physiotherapy,Healthcare Services,"Nashville, Tennessee, United States",2014-10-10,Growth Capital,2021-08-02,Divestiture,6.8,False,,0,0,https://mergr.com/company/133785,2026-09-07T00:00:00Z
1098,Sterling Partners Private Equity,Illinois,76049,Q-Centrix,Information Technology,"Chicago, Illinois, United States",2014-01-09,Growth Capital,2018-11-30,Trade Sale - Public Company,4.8,False,,0,0,https://mergr.com/company/76049,2026-09-07T00:00:00Z
1098,Sterling Partners Private Equity,Illinois,863,Innotrac,Information Technology,"Johns Creek, Georgia, United States",2014-01-06,Going Private,2016-04-19,Spin Off,2.3,False,,0,0,https://mergr.com/company/863,2026-09-07T00:00:00Z
1098,Sterling Partners Private Equity,Illinois,38117,Kids Care Dental & Orthodontics,Healthcare Services,"Rancho Cordova, California, United States",2013-02-21,Growth Capital,2019-01-10,Trade Sale - Public Company,5.8,False,,0,0,https://mergr.com/company/38117,2026-09-07T00:00:00Z
1098,Sterling Partners Private Equity,Illinois,12458,Ad-Venture Interactive,Marketing,"Lenexa, Kansas, United States",2013-01-09,Secondary Buyout,,,13.6,True,,0,0,https://mergr.com/company/12458,2026-09-07T00:00:00Z
1098,Sterling Partners Private Equity,Illinois,35181,Spartan,Education,"Tulsa, Oklahoma, United States",2013-01-08,"Buyout (LBO, MBO, MBI)",,,13.6,True,,1,0,https://mergr.com/company/35181,2026-09-07T00:00:00Z
1098,Sterling Partners Private Equity,Illinois,106565,Brace Industrial Group,Business Services,"Houston, Texas, United States",2013-01-01,Consolidation,2021-08-03,Divestiture,8.6,False,,2,0,https://mergr.com/company/106565,2026-09-07T00:00:00Z
1098,Sterling Partners Private Equity,Illinois,25471,SecureNet Payment Systems LLC,Internet Software and Services,"Rockville, Maryland, United States",2012-07-24,Growth Capital,2014-11-11,Divestiture,2.3,False,,0,0,https://mergr.com/company/25471,2026-09-07T00:00:00Z
1098,Sterling Partners Private Equity,Illinois,31968,Tribeca Flashpoint,Education,"Chicago, Illinois, United States",2012-06-04,"Buyout (LBO, MBO, MBI)",,,14.3,True,,0,0,https://mergr.com/company/31968,2026-09-07T00:00:00Z
1098,Sterling Partners Private Equity,Illinois,31961,Desert NDT LLC,Business Services,"Odessa, Texas, United States",2012-03-30,"Buyout (LBO, MBO, MBI)",2014-07-07,Divestiture,2.3,False,,2,0,https://mergr.com/company/31961,2026-09-07T00:00:00Z
1098,Sterling Partners Private Equity,Illinois,31963,MOSAID,Business Services,"Ottawa, Ontario, Canada",2011-12-23,Going Private,,,14.7,True,,0,0,https://mergr.com/company/31963,2026-09-07T00:00:00Z
1098,Sterling Partners Private Equity,Illinois,31962,FCER,Healthcare Services,"Flower Mound, Texas, United States",2011-11-18,"Buyout (LBO, MBO, MBI)",,,14.8,True,,0,0,https://mergr.com/company/31962,2026-09-07T00:00:00Z
1098,Sterling Partners Private Equity,Illinois,8676,The InfiLaw System LLC,Education,"Naples, Florida, United States",2011-09-13,Recapitalization,,,14.9,True,,0,0,https://mergr.com/company/8676,2026-09-07T00:00:00Z
1098,Sterling Partners Private Equity,Illinois,18179,Remedi SeniorCare,Healthcare Services,"Baltimore, Maryland, United States",2011-08-31,Secondary Buyout,2024-01-08,Divestiture,12.3,False,,2,0,https://mergr.com/company/18179,2026-09-07T00:00:00Z
1098,Sterling Partners Private Equity,Illinois,18181,The SAVO Group Ltd.,Marketing,"Chicago, Illinois, United States",2011-06-29,Growth Capital,2018-05-08,Divestiture,6.8,False,,1,0,https://mergr.com/company/18181,2026-09-07T00:00:00Z
1098,Sterling Partners Private Equity,Illinois,23473,Livingston International,Transportation,"Toronto, Ontario, Canada",2010-12-23,Going Private,2019-02-21,Trade Sale - Public Company,8.1,False,,6,0,https://mergr.com/company/23473,2026-09-07T00:00:00Z
1098,Sterling Partners Private Equity,Illinois,31964,"Pacific Interpreters, Inc.",Business Services,"Dallas, Texas, United States",2010-11-01,"Buyout (LBO, MBO, MBI)",2013-01-08,Divestiture,2.2,False,,0,0,https://mergr.com/company/31964,2026-09-07T00:00:00Z
1098,Sterling Partners Private Equity,Illinois,25469,"GEM Mobile Treatment Services, Inc.",Environmental,"Signal Hill, California, United States",2010-09-01,"Buyout (LBO, MBO, MBI)",2015-01-27,Divestiture,4.3,False,,0,0,https://mergr.com/company/25469,2026-09-07T00:00:00Z
1098,Sterling Partners Private Equity,Illinois,25467,Foundation Partners,Consumer Services,"Orlando, Florida, United States",2010-01-01,"Buyout (LBO, MBO, MBI)",2015-06-25,Trade Sale - Public Company,5.4,False,,0,0,https://mergr.com/company/25467,2026-09-07T00:00:00Z
1098,Sterling Partners Private Equity,Illinois,18184,Sleep Number,Furniture,"Minneapolis, Minnesota, United States",2009-10-05,PIPE,,,16.9,True,1411,2,0,https://mergr.com/company/18184,2026-09-07T00:00:00Z
1098,Sterling Partners Private Equity,Illinois,18173,Ashworth College,Education,"Norcross, Georgia, United States",2009-08-25,Growth Capital,2019-02-06,Divestiture,9.4,False,,0,0,https://mergr.com/company/18173,2026-09-07T00:00:00Z
1098,Sterling Partners Private Equity,Illinois,18182,School of Rock,Education,"Canton, Massachusetts, United States",2009-07-06,Venture,2023-10-24,Divestiture,14.3,False,,0,0,https://mergr.com/company/18182,2026-09-07T00:00:00Z
1098,Sterling Partners Private Equity,Illinois,246214,IO Data Centers LLC,Internet Software and Services,"Phoenix, Arizona, United States",2008-12-11,Venture,2017-12-11,Divestiture,9,False,,0,0,https://mergr.com/company/246214,2026-09-07T00:00:00Z
1098,Sterling Partners Private Equity,Illinois,18178,Cornerstone Records Management LLC,Information Technology,"Aurora, Colorado, United States",2008-06-01,"Buyout (LBO, MBO, MBI)",2013-10-18,Divestiture,5.3,False,,2,0,https://mergr.com/company/18178,2026-09-07T00:00:00Z
1098,Sterling Partners Private Equity,Illinois,12181,Optimer,Apparel/Textiles,"East Brunswick, New Jersey, United States",2008-03-04,Stake Purchase,,,18.5,True,,0,0,https://mergr.com/company/12181,2026-09-07T00:00:00Z
1098,Sterling Partners Private Equity,Illinois,25468,Foundations Recovery Network LLC,Healthcare Services,"Memphis, Tennessee, United States",2007-12-02,"Buyout (LBO, MBO, MBI)",2012-10-02,Trade Sale - Public Company,4.8,False,,0,0,https://mergr.com/company/25468,2026-09-07T00:00:00Z
1098,Sterling Partners Private Equity,Illinois,18174,"Avectra, Inc.",Information Technology,"McLean, Virginia, United States",2007-10-26,Venture,2013-08-21,Divestiture,5.8,False,,0,0,https://mergr.com/company/18174,2026-09-07T00:00:00Z
1098,Sterling Partners Private Equity,Illinois,9529,Laureate,Education,"Miami, Florida, United States",2007-08-17,Going Private,2017-02-01,IPO,9.4,False,1702,1,3,https://mergr.com/company/9529,2026-09-07T00:00:00Z
1098,Sterling Partners Private Equity,Illinois,8671,Educate,Education,"Baltimore, Maryland, United States",2007-06-26,Going Private,,,19.2,True,,0,0,https://mergr.com/company/8671,2026-09-07T00:00:00Z
1098,Sterling Partners Private Equity,Illinois,12082,Cole Information,Marketing,"Omaha, Nebraska, United States",2006-10-03,"Buyout (LBO, MBO, MBI)",2008-03-10,Trade Sale - Public Company,1.4,False,,0,0,https://mergr.com/company/12082,2026-09-07T00:00:00Z
1098,Sterling Partners Private Equity,Illinois,12182,Prospect Mortgage LLC,Financial Services,"Sherman Oaks, California, United States",2006-10-01,"Buyout (LBO, MBO, MBI)",2017-02-02,Divestiture,10.3,False,,0,0,https://mergr.com/company/12182,2026-09-07T00:00:00Z
1098,Sterling Partners Private Equity,Illinois,8113,Professional Career Development Institute,Education,"Norcross, Georgia, United States",2005-06-20,"Buyout (LBO, MBO, MBI)",,,21.2,True,,0,0,https://mergr.com/company/8113,2026-09-07T00:00:00Z
1098,Sterling Partners Private Equity,Illinois,8678,Meritas,Education,"Northbrook, Illinois, United States",2005-01-01,Growth Capital,,,21.7,True,,0,1,https://mergr.com/company/8678,2026-09-07T00:00:00Z
1098,Sterling Partners Private Equity,Illinois,8675,Ameritox,Life Science,"Midland, Texas, United States",2005-01-01,"Buyout (LBO, MBO, MBI)",,,21.7,True,,1,1,https://mergr.com/company/8675,2026-09-07T00:00:00Z
1098,Sterling Partners Private Equity,Illinois,18177,Connections Academy LLC,Education,"Baltimore, Maryland, United States",2004-09-01,"Buyout (LBO, MBO, MBI)",2011-09-18,Divestiture,7,False,,0,0,https://mergr.com/company/18177,2026-09-07T00:00:00Z
1098,Sterling Partners Private Equity,Illinois,18188,"Atlantic Industrial, Inc.",Business Services,"Columbia, Maryland, United States",2004-01-01,"Buyout (LBO, MBO, MBI)",2008-05-14,Divestiture,4.3,False,,0,0,https://mergr.com/company/18188,2026-09-07T00:00:00Z
1098,Sterling Partners Private Equity,Illinois,18204,"eCredit.com, Inc.",Business Services,"Weston, Florida, United States",2003-04-07,Venture,2006-12-18,Secondary Sale,3.7,False,,0,0,https://mergr.com/company/18204,2026-09-07T00:00:00Z
1098,Sterling Partners Private Equity,Illinois,24710,"SterilMed, Inc.",Medical Products,"Maple Grove, Minnesota, United States",2003-01-26,Venture,2010-07-15,Trade Sale - Public Company,7.4,False,,0,0,https://mergr.com/company/24710,2026-09-07T00:00:00Z
1098,Sterling Partners Private Equity,Illinois,18172,"Active Day, Inc.",Healthcare Services,"Baltimore, Maryland, United States",2002-12-24,Venture,2011-11-02,Spin Off,8.8,False,,0,0,https://mergr.com/company/18172,2026-09-07T00:00:00Z
1098,Sterling Partners Private Equity,Illinois,18175,Centerre Healthcare Corp.,Healthcare Services,"Brentwood, Tennessee, United States",2002-10-23,Venture,2014-11-12,Divestiture,12,False,,0,0,https://mergr.com/company/18175,2026-09-07T00:00:00Z
1098,Sterling Partners Private Equity,Illinois,18210,"KnowledgeStorm, Inc.",Information Technology,"Alpharetta, Georgia, United States",2002-01-22,Venture,2007-11-08,Divestiture,5.8,False,,0,0,https://mergr.com/company/18210,2026-09-07T00:00:00Z
1098,Sterling Partners Private Equity,Illinois,18196,The Chauncey Group International Ltd.,Education,"Princeton, New Jersey, United States",2002-01-01,"Buyout (LBO, MBO, MBI)",2004-10-01,Divestiture,2.8,False,,0,0,https://mergr.com/company/18196,2026-09-07T00:00:00Z
1098,Sterling Partners Private Equity,Illinois,18198,"Cognitive Concepts, Inc.",Education,"Evanston, Illinois, United States",2000-12-14,Growth Capital,2003-10-27,Divestiture,2.8,False,,0,0,https://mergr.com/company/18198,2026-09-07T00:00:00Z
1098,Sterling Partners Private Equity,Illinois,1360,VISICU,Information Technology,"Baltimore, Maryland, United States",2000-10-24,Venture,2006-04-05,IPO,5.4,False,,0,0,https://mergr.com/company/1360,2026-09-07T00:00:00Z
1098,Sterling Partners Private Equity,Illinois,18194,Block Testing Services LLC,Construction,"Northbrook, Illinois, United States",1997-12-01,Acquisition Financing,,,28.8,True,,0,0,https://mergr.com/company/18194,2026-09-07T00:00:00Z
1098,Sterling Partners Private Equity,Illinois,18190,Atlantic Premium Brands Ltd.,Food,"Northbrook, Illinois, United States",1991-01-01,"Buyout (LBO, MBO, MBI)",1993-11-01,IPO,2.8,False,,0,0,https://mergr.com/company/18190,2026-09-07T00:00:00Z
6015,WP Global Partners,Illinois,322345,Caputo Cheese,Food,"Melrose Park, Illinois, United States",2025-06-30,Secondary Buyout,,,1.2,True,,0,0,https://mergr.com/company/322345,2026-09-07T00:00:00Z
6015,WP Global Partners,Illinois,345687,Driving Force Collision,Automotive,"Birmingham, Michigan, United States",2025-06-20,Growth Capital,,,1.2,True,,0,0,https://mergr.com/company/345687,2026-09-07T00:00:00Z
6015,WP Global Partners,Illinois,89761,Launch,Staffing,"Oak Brook, Illinois, United States",2025-02-11,Secondary Buyout,,,1.5,True,,0,0,https://mergr.com/company/89761,2026-09-07T00:00:00Z
6015,WP Global Partners,Illinois,339696,Nationwide Medical,Medical Products,"Calabasas, California, United States",2024-12-12,Growth Capital,,,1.7,True,,1,0,https://mergr.com/company/339696,2026-09-07T00:00:00Z
6015,WP Global Partners,Illinois,331956,Tropical Cheese,Food,"Perth Amboy, New Jersey, United States",2024-12-09,Growth Capital,,,1.7,True,,1,0,https://mergr.com/company/331956,2026-09-07T00:00:00Z
6015,WP Global Partners,Illinois,26986,DeIorio Foods,Food,"Utica, New York, United States",2024-11-08,Secondary Buyout,,,1.8,True,,0,0,https://mergr.com/company/26986,2026-09-07T00:00:00Z
6015,WP Global Partners,Illinois,242095,44 Pro,Consumer Products,"San Diego, California, United States",2024-04-30,Growth Capital,,,2.3,True,,0,0,https://mergr.com/company/242095,2026-09-07T00:00:00Z
6015,WP Global Partners,Illinois,345684,Union Credit,Financial Services,"Santa Rosa, California, United States",2024-02-07,Growth Capital,,,2.6,True,,0,0,https://mergr.com/company/345684,2026-09-07T00:00:00Z
6015,WP Global Partners,Illinois,288191,Shield AI,Information Technology,"San Diego, California, United States",2023-11-06,Growth Capital,,,2.8,True,,2,0,https://mergr.com/company/288191,2026-09-07T00:00:00Z
6015,WP Global Partners,Illinois,309164,Legacy Service Partners,Business Services,"Tampa, Florida, United States",2023-01-18,Growth Capital,,,3.6,True,,0,0,https://mergr.com/company/309164,2026-09-07T00:00:00Z
6015,WP Global Partners,Illinois,59702,US Auto Supply,Automotive,"Elgin, Illinois, United States",2022-11-22,Secondary Buyout,,,3.8,True,,0,0,https://mergr.com/company/59702,2026-09-07T00:00:00Z
6015,WP Global Partners,Illinois,316776,Zeus Fire & Security,Safety/Security,"Paoli, Pennsylvania, United States",2022-09-12,Growth Capital,,,3.9,True,,0,0,https://mergr.com/company/316776,2026-09-07T00:00:00Z
6015,WP Global Partners,Illinois,316688,Landing,Internet Software and Services,"Birmingham, United States",2022-06-23,Growth Capital,,,4.2,True,,1,0,https://mergr.com/company/316688,2026-09-07T00:00:00Z
6015,WP Global Partners,Illinois,314984,Blackpoint Cyber,Information Technology,"Denver, Colorado, United States",2022-05-06,Growth Capital,,,4.3,True,,0,0,https://mergr.com/company/314984,2026-09-07T00:00:00Z
6015,WP Global Partners,Illinois,256418,Project44,Internet Software and Services,"Chicago, Illinois, United States",2022-01-11,Growth Capital,,,4.6,True,,2,0,https://mergr.com/company/256418,2026-09-07T00:00:00Z
6015,WP Global Partners,Illinois,316714,Paro,Business Services,"Chicago, Illinois, United States",2021-09-17,Growth Capital,,,4.9,True,,0,0,https://mergr.com/company/316714,2026-09-07T00:00:00Z
6015,WP Global Partners,Illinois,80621,Suja Organic,Beverages,"Oceanside, California, United States",2021-07-13,Secondary Buyout,,,5.1,True,,1,0,https://mergr.com/company/80621,2026-09-07T00:00:00Z
6015,WP Global Partners,Illinois,284612,REMEDI8,Safety/Security,"Lenexa, Kansas, United States",2021-04-28,Growth Capital,,,5.3,True,,3,0,https://mergr.com/company/284612,2026-09-07T00:00:00Z
6015,WP Global Partners,Illinois,221734,GSM Outdoors,Consumer Products,"Irving, Texas, United States",2020-11-17,Secondary Buyout,2024-07-23,Trade Sale - Public Company,3.7,False,,7,0,https://mergr.com/company/221734,2026-09-07T00:00:00Z
6015,WP Global Partners,Illinois,265220,Powerhouse,Business Services,"Crowley, Texas, United States",2019-10-15,Growth Capital,,,6.8,True,,4,1,https://mergr.com/company/265220,2026-09-07T00:00:00Z
6015,WP Global Partners,Illinois,316792,Ginger,Internet Software and Services,"San Francisco, California, United States",2019-08-22,Growth Capital,2021-08-25,Spin Off,2,False,,0,0,https://mergr.com/company/316792,2026-09-07T00:00:00Z
6015,WP Global Partners,Illinois,253706,Accommodations Plus International,Business Services,"Melville, New York, United States",2018-07-09,Growth Capital,2025-06-03,Trade Sale - Public Company,6.8,False,,0,0,https://mergr.com/company/253706,2026-09-07T00:00:00Z
6015,WP Global Partners,Illinois,316722,r4 Technologies,Information Technology,"Ridgefield, Connecticut, United States",2018-06-01,Growth Capital,,,8.3,True,,0,0,https://mergr.com/company/316722,2026-09-07T00:00:00Z
6015,WP Global Partners,Illinois,269972,Trace Genomics,Agriculture,"Ames, Iowa, United States",2018-05-25,Growth Capital,2025-07-07,Divestiture,7.1,False,,1,0,https://mergr.com/company/269972,2026-09-07T00:00:00Z
6015,WP Global Partners,Illinois,249756,Systems Control,Manufacturing,"Iron Mountain, Michigan, United States",2018-03-28,"Buyout (LBO, MBO, MBI)",2023-10-30,Divestiture,5.6,False,,0,0,https://mergr.com/company/249756,2026-09-07T00:00:00Z
6015,WP Global Partners,Illinois,249377,Excelin Health,Healthcare Services,"Irving, Texas, United States",2018-02-01,Consolidation,,,8.6,True,,3,0,https://mergr.com/company/249377,2026-09-07T00:00:00Z
6015,WP Global Partners,Illinois,245392,Lyons Magnus,Food,"Fresno, California, United States",2017-11-14,Growth Capital,2026-07-20,Trade Sale - Public Company,8.7,False,,1,0,https://mergr.com/company/245392,2026-09-07T00:00:00Z
6015,WP Global Partners,Illinois,241329,Headspace,Internet Software and Services,"Los Angeles, California, United States",2017-07-05,Growth Capital,,,9.2,True,,3,0,https://mergr.com/company/241329,2026-09-07T00:00:00Z
6015,WP Global Partners,Illinois,239365,AMPS,Information Technology,"Phoenix, Arizona, United States",2017-04-20,Recapitalization,,,9.3,True,,1,0,https://mergr.com/company/239365,2026-09-07T00:00:00Z
6015,WP Global Partners,Illinois,56694,Fast Pace Health,Healthcare Services,"Waynesboro, Tennessee, United States",2016-08-25,Secondary Buyout,,,10,True,,1,0,https://mergr.com/company/56694,2026-09-07T00:00:00Z
6015,WP Global Partners,Illinois,5945,Upstream Rehabilitation,Healthcare Services,"Birmingham, Alabama, United States",2015-12-15,Secondary Buyout,,,10.7,True,,4,0,https://mergr.com/company/5945,2026-09-07T00:00:00Z
6015,WP Global Partners,Illinois,208230,SmartSky Networks,Communications,"Morrisville, North Carolina, United States",2015-10-23,Growth Capital,2024-10-22,Divestiture,8.9,False,,0,0,https://mergr.com/company/208230,2026-09-07T00:00:00Z
6015,WP Global Partners,Illinois,16221,M&R Companies,Machinery,"Roselle, Illinois, United States",2015-10-22,Recapitalization,,,10.8,True,,0,0,https://mergr.com/company/16221,2026-09-07T00:00:00Z
6015,WP Global Partners,Illinois,24059,VetCor,Consumer Services,"Norwell, Massachusetts, United States",2015-04-20,Recapitalization,,,11.3,True,,1,0,https://mergr.com/company/24059,2026-09-07T00:00:00Z
6015,WP Global Partners,Illinois,29054,Inventus Power,Electrical Equipment,"Woodridge, Illinois, United States",2014-03-17,Secondary Buyout,2026-04-15,Trade Sale - Public Company,12,False,,1,0,https://mergr.com/company/29054,2026-09-07T00:00:00Z
6015,WP Global Partners,Illinois,6069,TRUE Sports,Consumer Products,"Memphis, Tennessee, United States",2012-08-27,Stake Purchase,,,14,True,,2,0,https://mergr.com/company/6069,2026-09-07T00:00:00Z
235,Golub Capital,Illinois,8057,Metal Supermarkets,Retail,"Toronto, Ontario, Canada",2024-12-09,Growth Capital,,,1.7,True,,0,0,https://mergr.com/company/8057,2026-09-07T00:00:00Z
235,Golub Capital,Illinois,227993,Ned's Home,Consumer Services,"Fairfield, New Jersey, United States",2022-11-01,Secondary Buyout,,,3.8,True,,0,0,https://mergr.com/company/227993,2026-09-07T00:00:00Z
235,Golub Capital,Illinois,230750,Goettl Air Conditioning & Plumbing,Business Services,"Las Vegas, Nevada, United States",2021-12-10,Recapitalization,,,4.7,True,,0,0,https://mergr.com/company/230750,2026-09-07T00:00:00Z
235,Golub Capital,Illinois,65,Church's Texas Chicken,Restaurants,"Atlanta, Georgia, United States",2021-08-02,Secondary Buyout,,,5.1,True,,0,0,https://mergr.com/company/65,2026-09-07T00:00:00Z
235,Golub Capital,Illinois,241149,West Marine,Retail,"Fort Lauderdale, Florida, United States",2021-04-14,Secondary Buyout,2026-05-22,Bankruptcy,5.1,False,,0,0,https://mergr.com/company/241149,2026-09-07T00:00:00Z
235,Golub Capital,Illinois,282393,Freddy's Frozen Custard & Steakburgers,Franchising,"Wichita, Kansas, United States",2021-03-03,"Buyout (LBO, MBO, MBI)",2025-09-04,Trade Sale - Public Company,4.5,False,,0,0,https://mergr.com/company/282393,2026-09-07T00:00:00Z
235,Golub Capital,Illinois,276054,Tropical Smoothie Cafe,Restaurants,"Atlanta, Georgia, United States",2020-09-08,"Buyout (LBO, MBO, MBI)",2024-04-24,Trade Sale - Public Company,3.6,False,,0,0,https://mergr.com/company/276054,2026-09-07T00:00:00Z
235,Golub Capital,Illinois,299626,Radiance Holdings,Consumer Services,"Lakewood, Colorado, United States",2020-07-06,Consolidation,2022-12-19,Trade Sale - Public Company,2.4,False,,2,0,https://mergr.com/company/299626,2026-09-07T00:00:00Z
235,Golub Capital,Illinois,243371,Calero,Software,"Rochester, New York, United States",2019-11-19,Recapitalization,,,6.8,True,,3,0,https://mergr.com/company/243371,2026-09-07T00:00:00Z
235,Golub Capital,Illinois,140957,Regenity Biosciences,Medical Products,"Paramus, New Jersey, United States",2019-08-01,Secondary Buyout,,,7.1,True,,2,0,https://mergr.com/company/140957,2026-09-07T00:00:00Z
235,Golub Capital,Illinois,117553,Uinta Brewing,Beverages,"Salt Lake City, Utah, United States",2019-07-17,Stake Purchase,,,7.1,True,,0,0,https://mergr.com/company/117553,2026-09-07T00:00:00Z
235,Golub Capital,Illinois,281090,Aspen Medical Products,Medical Products,"Irvine, California, United States",2019-06-10,Recapitalization,,,7.2,True,,1,0,https://mergr.com/company/281090,2026-09-07T00:00:00Z
235,Golub Capital,Illinois,4810,Fitness Connection,Consumer Services,"Carrollton, Texas, United States",2019-02-04,Secondary Buyout,2019-02-04,Trade Sale - Public Company,0,False,,0,0,https://mergr.com/company/4810,2026-09-07T00:00:00Z
235,Golub Capital,Illinois,170433,CRH Healthcare,Healthcare Services,"Atlanta, Georgia, United States",2018-12-18,Recapitalization,,,7.7,True,,0,1,https://mergr.com/company/170433,2026-09-07T00:00:00Z
235,Golub Capital,Illinois,25213,Pet Supplies Plus,Retail,"Livonia, Michigan, United States",2018-12-13,Secondary Buyout,2021-01-25,Divestiture,2.1,False,,0,0,https://mergr.com/company/25213,2026-09-07T00:00:00Z
235,Golub Capital,Illinois,199236,Pirtek UK,Business Services,"London, United Kingdom",2018-11-22,Secondary Buyout,2023-05-01,Divestiture,4.4,False,,0,0,https://mergr.com/company/199236,2026-09-07T00:00:00Z
235,Golub Capital,Illinois,36085,SureWerx,Safety/Security,"Coquitlam, British Columbia, Canada",2018-11-02,Secondary Buyout,2023-01-04,Trade Sale - Public Company,4.2,False,,8,0,https://mergr.com/company/36085,2026-09-07T00:00:00Z
235,Golub Capital,Illinois,173037,Sola Salon Studios,Consumer Services,"Lakewood, Colorado, United States",2018-10-10,Secondary Buyout,2020-07-06,Divestiture,1.7,False,,0,0,https://mergr.com/company/173037,2026-09-07T00:00:00Z
235,Golub Capital,Illinois,31594,MD Now Urgent Care,Healthcare Services,"West Palm Beach, Florida, United States",2018-08-02,Secondary Buyout,2022-01-04,Divestiture,3.4,False,,0,0,https://mergr.com/company/31594,2026-09-07T00:00:00Z
235,Golub Capital,Illinois,252351,Delinea,Internet Software and Services,"San Francisco, California, United States",2018-07-10,"Buyout (LBO, MBO, MBI)",2021-01-28,Trade Sale - Public Company,2.5,False,,0,1,https://mergr.com/company/252351,2026-09-07T00:00:00Z
235,Golub Capital,Illinois,224878,Elite Dental Partners,Healthcare Services,"Chicago, Illinois, United States",2018-06-13,Secondary Buyout,,,8.2,True,,0,0,https://mergr.com/company/224878,2026-09-07T00:00:00Z
235,Golub Capital,Illinois,23454,Statlab Medical Products,Medical Products,"McKinney, Texas, United States",2017-06-08,Recapitalization,2021-01-12,Trade Sale - Public Company,3.6,False,,2,0,https://mergr.com/company/23454,2026-09-07T00:00:00Z
235,Golub Capital,Illinois,22978,Wetzel's Pretzels,Restaurants,"Pasadena, California, United States",2016-09-01,Secondary Buyout,2022-11-02,Divestiture,6.2,False,245,0,0,https://mergr.com/company/22978,2026-09-07T00:00:00Z
235,Golub Capital,Illinois,5889,Pinnacle Treatment Centers,Healthcare Services,"Mt. Laurel, New Jersey, United States",2016-08-10,Secondary Buyout,,,10,True,,6,0,https://mergr.com/company/5889,2026-09-07T00:00:00Z
235,Golub Capital,Illinois,229198,Feeders Supply,Retail,"Louisville, Kentucky, United States",2016-04-14,Recapitalization,2023-03-31,Divestiture,6.9,False,,0,0,https://mergr.com/company/229198,2026-09-07T00:00:00Z
235,Golub Capital,Illinois,216635,Quickbase,Internet Software and Services,"Boston, Massachusetts, United States",2016-03-08,Divestiture,,,10.4,True,,3,0,https://mergr.com/company/216635,2026-09-07T00:00:00Z
235,Golub Capital,Illinois,264639,Groundworks,Construction,"Virginia Beach, Virginia, United States",2016-01-01,Consolidation,,,10.7,True,,33,2,https://mergr.com/company/264639,2026-09-07T00:00:00Z
235,Golub Capital,Illinois,32152,J.McLaughlin,Retail,"Brooklyn, New York, United States",2015-11-16,Secondary Buyout,,,10.8,True,,0,0,https://mergr.com/company/32152,2026-09-07T00:00:00Z
235,Golub Capital,Illinois,16303,iPipeline,Internet Software and Services,"Exton, Pennsylvania, United States",2015-08-05,Secondary Buyout,2019-08-08,Divestiture,4,False,,5,0,https://mergr.com/company/16303,2026-09-07T00:00:00Z
235,Golub Capital,Illinois,33953,Dental Care Alliance,Healthcare Services,"Sarasota, Florida, United States",2015-07-06,Secondary Buyout,,,11.2,True,,2,0,https://mergr.com/company/33953,2026-09-07T00:00:00Z
235,Golub Capital,Illinois,191953,Outcomes,Software,"Orlando, Florida, United States",2015-06-16,Growth Capital,2021-05-17,Trade Sale - Public Company,5.9,False,,4,0,https://mergr.com/company/191953,2026-09-07T00:00:00Z
235,Golub Capital,Illinois,187049,Pet Supermarket,Retail,"Sunrise, Florida, United States",2015-05-13,"Buyout (LBO, MBO, MBI)",2016-07-11,Spin Off,1.1,False,,0,0,https://mergr.com/company/187049,2026-09-07T00:00:00Z
235,Golub Capital,Illinois,7009,SloanLED,Electrical Equipment,"San Angelo, Texas, United States",2015-05-01,Secondary Buyout,2022-10-17,Divestiture,7.4,False,,1,0,https://mergr.com/company/7009,2026-09-07T00:00:00Z
235,Golub Capital,Illinois,24059,VetCor,Consumer Services,"Norwell, Massachusetts, United States",2015-04-20,Recapitalization,,,11.3,True,,1,0,https://mergr.com/company/24059,2026-09-07T00:00:00Z
235,Golub Capital,Illinois,180113,E2open,Internet Software and Services,"Austin, Texas, United States",2015-03-26,Going Private,2021-02-05,Sold to Existing Investors,5.8,False,608,11,0,https://mergr.com/company/180113,2026-09-07T00:00:00Z
235,Golub Capital,Illinois,5548,Dental Services Group,Medical Products,"St. Petersburg, Florida, United States",2015-03-02,Secondary Buyout,2021-04-01,Divestiture,6,False,,0,0,https://mergr.com/company/5548,2026-09-07T00:00:00Z
235,Golub Capital,Illinois,176397,Flexan,Chemicals,"Lincolnshire, Illinois, United States",2015-02-05,Growth Capital,2021-07-26,Divestiture,6.4,False,,0,0,https://mergr.com/company/176397,2026-09-07T00:00:00Z
235,Golub Capital,Illinois,213093,PetVet Care Centers,Consumer Services,"Westport, Connecticut, United States",2015-01-08,Secondary Buyout,2017-12-27,Trade Sale - Public Company,2.9,False,,0,0,https://mergr.com/company/213093,2026-09-07T00:00:00Z
235,Golub Capital,Illinois,22101,Chase Doors,Building Materials,"Cincinnati, Ohio, United States",2014-09-17,Secondary Buyout,,,11.9,True,,0,0,https://mergr.com/company/22101,2026-09-07T00:00:00Z
235,Golub Capital,Illinois,125585,"Tate's Bake Shop, Inc.",Food,"Southampton, New York, United States",2014-09-02,Growth Capital,2018-05-06,Divestiture,3.7,False,,0,0,https://mergr.com/company/125585,2026-09-07T00:00:00Z
235,Golub Capital,Illinois,487,Marshall Retail Group,Retail,"Las Vegas, Nevada, United States",2014-08-26,Secondary Buyout,2019-10-17,Divestiture,5.1,False,,0,0,https://mergr.com/company/487,2026-09-07T00:00:00Z
235,Golub Capital,Illinois,113993,Spear Education,Education,"Scottsdale, Arizona, United States",2014-08-19,"Buyout (LBO, MBO, MBI)",2022-12-19,Trade Sale - Public Company,8.3,False,,1,0,https://mergr.com/company/113993,2026-09-07T00:00:00Z
235,Golub Capital,Illinois,243637,Athletico Physical Therapy,Healthcare Services,"Oak Brook, Illinois, United States",2014-05-22,Growth Capital,,,12.3,True,,10,1,https://mergr.com/company/243637,2026-09-07T00:00:00Z
235,Golub Capital,Illinois,80281,Apothecary Products,Consumer Products,"Burnsville, Minnesota, United States",2014-03-03,"Buyout (LBO, MBO, MBI)",,,12.5,True,,2,0,https://mergr.com/company/80281,2026-09-07T00:00:00Z
235,Golub Capital,Illinois,4810,Fitness Connection,Consumer Services,"Carrollton, Texas, United States",2013-10-01,Secondary Buyout,2019-02-04,Trade Sale - Public Company,5.3,False,,1,0,https://mergr.com/company/4810,2026-09-07T00:00:00Z
235,Golub Capital,Illinois,30443,NTS,Business Services,"Anaheim, California, United States",2013-08-16,Going Private,2022-09-27,Divestiture,9.1,False,,10,0,https://mergr.com/company/30443,2026-09-07T00:00:00Z
235,Golub Capital,Illinois,24512,Sage Dental Management,Healthcare Services,"Boca Raton, Florida, United States",2012-10-08,Secondary Buyout,,,13.8,True,,5,0,https://mergr.com/company/24512,2026-09-07T00:00:00Z
235,Golub Capital,Illinois,32308,Aptean,Software,"Alpharetta, Georgia, United States",2012-08-07,Consolidation,,,14.1,True,,57,2,https://mergr.com/company/32308,2026-09-07T00:00:00Z
235,Golub Capital,Illinois,36885,NAVEX,Software,"Lake Oswego, Oregon, United States",2012-06-21,"Buyout (LBO, MBO, MBI)",2014-10-14,Trade Sale - Public Company,2.3,False,,2,0,https://mergr.com/company/36885,2026-09-07T00:00:00Z
235,Golub Capital,Illinois,1247,Pentec Health,Healthcare Services,"Boothwyn, Pennsylvania, United States",2012-06-12,Secondary Buyout,2021-10-11,Trade Sale - Public Company,9.3,False,,0,0,https://mergr.com/company/1247,2026-09-07T00:00:00Z
235,Golub Capital,Illinois,15483,Advanced Pain Management (APM),Healthcare Services,"Greenfield, Wisconsin, United States",2010-12-22,Secondary Buyout,,,15.7,True,,0,0,https://mergr.com/company/15483,2026-09-07T00:00:00Z
235,Golub Capital,Illinois,2550,Whitcraft,Aerospace,"Eastford, Connecticut, United States",2010-12-16,Recapitalization,2010-12-16,Merger,0,False,87,0,0,https://mergr.com/company/2550,2026-09-07T00:00:00Z
235,Golub Capital,Illinois,26158,Peachtree Business Products,Distribution,"Marietta, Georgia, United States",2010-03-03,"Buyout (LBO, MBO, MBI)",2012-06-14,Divestiture,2.3,False,,0,0,https://mergr.com/company/26158,2026-09-07T00:00:00Z
235,Golub Capital,Illinois,19460,Precision Wire Components,Medical Products,"Tualatin, Oregon, United States",2009-11-19,"Buyout (LBO, MBO, MBI)",2014-12-02,Divestiture,5,False,,0,0,https://mergr.com/company/19460,2026-09-07T00:00:00Z
235,Golub Capital,Illinois,20457,Katena,Medical Products,"Parsippany, New Jersey, United States",2009-09-30,"Buyout (LBO, MBO, MBI)",2015-06-24,Trade Sale - Public Company,5.7,False,,1,0,https://mergr.com/company/20457,2026-09-07T00:00:00Z
235,Golub Capital,Illinois,2550,Whitcraft,Aerospace,"Eastford, Connecticut, United States",2008-12-01,Acquisition Financing,2010-12-16,Merger,2,False,87,1,0,https://mergr.com/company/2550,2026-09-07T00:00:00Z
235,Golub Capital,Illinois,26886,Driven Brands,Franchising,"Charlotte, North Carolina, United States",2008-10-22,"Buyout (LBO, MBO, MBI)",2011-12-16,Trade Sale - Public Company,3.1,False,2340,0,0,https://mergr.com/company/26886,2026-09-07T00:00:00Z
235,Golub Capital,Illinois,15640,Tecomet,Medical Products,"Wilmington, Massachusetts, United States",2008-09-29,Divestiture,2013-12-19,Trade Sale - Public Company,5.2,False,,2,0,https://mergr.com/company/15640,2026-09-07T00:00:00Z
235,Golub Capital,Illinois,28241,B+B SmartWorx,Electronics,"Ottawa, Illinois, United States",2008-04-07,Growth Capital,2015-11-16,Divestiture,7.6,False,,2,0,https://mergr.com/company/28241,2026-09-07T00:00:00Z
235,Golub Capital,Illinois,22800,Tronair,Machinery,"Toledo, Ohio, United States",2008-03-17,Secondary Buyout,2012-03-12,Trade Sale - Public Company,3.9,False,,0,0,https://mergr.com/company/22800,2026-09-07T00:00:00Z
235,Golub Capital,Illinois,768,Benetech,Environmental,"Aurora, Illinois, United States",2008-01-08,Recapitalization,,,18.6,True,,0,0,https://mergr.com/company/768,2026-09-07T00:00:00Z
235,Golub Capital,Illinois,274779,Lion Beverage,Beverages,"Wilkes-Barre, Pennsylvania, United States",2007-11-06,"Buyout (LBO, MBO, MBI)",,,18.8,True,,0,0,https://mergr.com/company/274779,2026-09-07T00:00:00Z
235,Golub Capital,Illinois,23854,Jonathan Engineered Solutions,Manufacturing,"Irvine, California, United States",2007-07-29,Secondary Buyout,2021-01-04,Trade Sale - Public Company,13.4,False,,0,0,https://mergr.com/company/23854,2026-09-07T00:00:00Z
235,Golub Capital,Illinois,28272,Atlas,Aerospace,"Wichita, Kansas, United States",2007-03-01,Consolidation,2018-10-09,Trade Sale - Public Company,11.6,False,,2,1,https://mergr.com/company/28272,2026-09-07T00:00:00Z
235,Golub Capital,Illinois,28642,Trade Service Company LLC,Information Technology,"San Diego, California, United States",2007-01-23,"Buyout (LBO, MBO, MBI)",2013-06-04,Divestiture,6.3,False,,0,0,https://mergr.com/company/28642,2026-09-07T00:00:00Z
235,Golub Capital,Illinois,28244,TransAxle,Automotive,"Cinnaminson, New Jersey, United States",2006-08-28,Recapitalization,2020-01-07,Trade Sale - Public Company,13.3,False,,2,0,https://mergr.com/company/28244,2026-09-07T00:00:00Z
235,Golub Capital,Illinois,482,Bravo Brio,Restaurants,"Columbus, Ohio, United States",2006-07-05,"Buyout (LBO, MBO, MBI)",2010-10-21,IPO,4.3,False,400,0,0,https://mergr.com/company/482,2026-09-07T00:00:00Z
235,Golub Capital,Illinois,7796,"American Fire Protection Group, Inc.",Safety/Security,"Edina, Minnesota, United States",2005-12-01,Secondary Buyout,,,20.8,True,,0,0,https://mergr.com/company/7796,2026-09-07T00:00:00Z
235,Golub Capital,Illinois,25634,DTLR Villa,Retail,"Hanover, Maryland, United States",2005-10-21,"Buyout (LBO, MBO, MBI)",2021-02-01,Divestiture,15.3,False,,1,0,https://mergr.com/company/25634,2026-09-07T00:00:00Z
235,Golub Capital,Illinois,9007,Agility,Business Services,"Las Vegas, Nevada, United States",2001-01-01,"Buyout (LBO, MBO, MBI)",2023-11-30,Divestiture,22.8,False,,5,0,https://mergr.com/company/9007,2026-09-07T00:00:00Z
5152,Twin Brook Capital Partners,Illinois,321558,Orthopedic Care Partners,Healthcare Services,"Fort Lauderdale, Florida, United States",2024-12-05,Recapitalization,,,1.8,True,,0,0,https://mergr.com/company/321558,2026-09-07T00:00:00Z
5152,Twin Brook Capital Partners,Illinois,331365,Kravet,Furniture,"Woodbury, New York, United States",2024-12-04,"Buyout (LBO, MBO, MBI)",,,1.8,True,,0,0,https://mergr.com/company/331365,2026-09-07T00:00:00Z
5152,Twin Brook Capital Partners,Illinois,329122,PharmaForceIQ,Marketing,"Miami, Florida, United States",2024-09-10,Recapitalization,,,1.9,True,,1,0,https://mergr.com/company/329122,2026-09-07T00:00:00Z
5152,Twin Brook Capital Partners,Illinois,339753,Ever Fresh Fruit,Food,"Boring, Oregon, United States",2023-12-20,Growth Capital,,,2.7,True,,0,0,https://mergr.com/company/339753,2026-09-07T00:00:00Z
5152,Twin Brook Capital Partners,Illinois,305252,Kwalu,Furniture,"Atlanta, Georgia, United States",2022-09-28,"Buyout (LBO, MBO, MBI)",,,3.9,True,,0,0,https://mergr.com/company/305252,2026-09-07T00:00:00Z
5152,Twin Brook Capital Partners,Illinois,294683,Network Partners Group,Packaging,"Warsaw, Indiana, United States",2022-01-07,Growth Capital,,,4.7,True,,0,0,https://mergr.com/company/294683,2026-09-07T00:00:00Z
5152,Twin Brook Capital Partners,Illinois,328620,Pink Lily,E-Commerce,"Bowling Green, Kentucky, United States",2021-11-16,Recapitalization,,,4.8,True,,0,0,https://mergr.com/company/328620,2026-09-07T00:00:00Z
5152,Twin Brook Capital Partners,Illinois,287870,RQM+,Medical Products,"Monroeville, Pennsylvania, United States",2021-08-16,Secondary Buyout,,,5,True,,4,0,https://mergr.com/company/287870,2026-09-07T00:00:00Z
5152,Twin Brook Capital Partners,Illinois,285446,SimiTree Healthcare Consulting,Information Technology,"Hamden, Connecticut, United States",2021-05-18,Growth Capital,,,5.3,True,,4,0,https://mergr.com/company/285446,2026-09-07T00:00:00Z
5152,Twin Brook Capital Partners,Illinois,322587,Aptitude Health,Healthcare Services,"Atlanta, Georgia, United States",2021-04-26,"Buyout (LBO, MBO, MBI)",,,5.3,True,,0,0,https://mergr.com/company/322587,2026-09-07T00:00:00Z
5152,Twin Brook Capital Partners,Illinois,284025,Canadian Orthodontic Partners,Healthcare Services,"Etobicoke, Ontario, Canada",2021-04-14,Secondary Buyout,,,5.3,True,,0,0,https://mergr.com/company/284025,2026-09-07T00:00:00Z
5152,Twin Brook Capital Partners,Illinois,203602,Leonard,Retail,"Mount Airy, North Carolina, United States",2021-03-04,Secondary Buyout,,,5.5,True,,1,0,https://mergr.com/company/203602,2026-09-07T00:00:00Z
5152,Twin Brook Capital Partners,Illinois,279253,PaperTech,Packaging,"Findlay, Ohio, United States",2020-12-08,"Buyout (LBO, MBO, MBI)",,,5.7,True,,1,0,https://mergr.com/company/279253,2026-09-07T00:00:00Z
5152,Twin Brook Capital Partners,Illinois,270650,Empire Equipment,Distribution,"Goldsboro, North Carolina, United States",2020-01-17,Secondary Buyout,,,6.6,True,,0,0,https://mergr.com/company/270650,2026-09-07T00:00:00Z
5152,Twin Brook Capital Partners,Illinois,206758,Triad Technologies,Distribution,"Vandalia, Ohio, United States",2019-11-07,Secondary Buyout,,,6.8,True,,2,0,https://mergr.com/company/206758,2026-09-07T00:00:00Z
5152,Twin Brook Capital Partners,Illinois,227993,Ned's Home,Consumer Services,"Fairfield, New Jersey, United States",2019-10-01,Secondary Buyout,2022-11-01,Trade Sale - Public Company,3.1,False,,0,0,https://mergr.com/company/227993,2026-09-07T00:00:00Z
5152,Twin Brook Capital Partners,Illinois,263708,Oral Surgery Partners,Healthcare Services,"Chesterfield, Missouri, United States",2019-08-22,Growth Capital,,,7,True,,7,0,https://mergr.com/company/263708,2026-09-07T00:00:00Z
5152,Twin Brook Capital Partners,Illinois,211913,Rotating Machinery Services,Business Services,"Bethlehem, Pennsylvania, United States",2019-06-10,Secondary Buyout,2022-07-01,Trade Sale - Public Company,3,False,,0,0,https://mergr.com/company/211913,2026-09-07T00:00:00Z
5152,Twin Brook Capital Partners,Illinois,13162,Service Companies,Business Services,"Miami, Florida, United States",2018-07-18,Secondary Buyout,,,8.1,True,,0,0,https://mergr.com/company/13162,2026-09-07T00:00:00Z
5152,Twin Brook Capital Partners,Illinois,211788,Window Nation,Building Materials,"Fulton, Maryland, United States",2018-01-16,Recapitalization,2021-07-17,Trade Sale - Public Company,3.5,False,,0,0,https://mergr.com/company/211788,2026-09-07T00:00:00Z
5152,Twin Brook Capital Partners,Illinois,247806,Groome Transportation,Transportation,"Richmond, Virginia, United States",2018-01-08,Recapitalization,,,8.6,True,,0,0,https://mergr.com/company/247806,2026-09-07T00:00:00Z
5152,Twin Brook Capital Partners,Illinois,3426,Double E,Machinery,"West Bridgewater, Massachusetts, United States",2017-05-31,Secondary Buyout,2022-06-22,Trade Sale - Public Company,5,False,35,1,0,https://mergr.com/company/3426,2026-09-07T00:00:00Z
5152,Twin Brook Capital Partners,Illinois,239840,Dermatologists of Central States,Healthcare Services,"Blue Ash, Ohio, United States",2017-05-24,Growth Capital,2022-06-01,Trade Sale - Public Company,5,False,,1,0,https://mergr.com/company/239840,2026-09-07T00:00:00Z
5152,Twin Brook Capital Partners,Illinois,236678,SouthEast Eye Specialists,Healthcare Services,"Chattanooga, Tennessee, United States",2017-02-28,"Buyout (LBO, MBO, MBI)",,,9.5,True,,0,0,https://mergr.com/company/236678,2026-09-07T00:00:00Z
5152,Twin Brook Capital Partners,Illinois,176562,Fire & Life Safety America,Safety/Security,"Richmond, Virginia, United States",2017-02-22,Secondary Buyout,2022-01-03,Divestiture,4.8,False,,2,0,https://mergr.com/company/176562,2026-09-07T00:00:00Z
5152,Twin Brook Capital Partners,Illinois,264639,Groundworks,Construction,"Virginia Beach, Virginia, United States",2016-01-01,Consolidation,,,10.7,True,,33,2,https://mergr.com/company/264639,2026-09-07T00:00:00Z
3033,Monroe Capital,Illinois,353173,Escape Fire Protection,Safety/Security,"Vadnais Heights, Minnesota, United States",2026-08-25,Growth Capital,,,0,True,,0,0,https://mergr.com/company/353173,2026-09-07T00:00:00Z
3033,Monroe Capital,Illinois,351476,PAC,Chemicals,"Loveland, Ohio, United States",2026-07-13,"Buyout (LBO, MBO, MBI)",,,0.1,True,,0,0,https://mergr.com/company/351476,2026-09-07T00:00:00Z
3033,Monroe Capital,Illinois,269211,Milrose Consultants,Engineering,"New York, New York, United States",2026-06-03,Secondary Buyout,,,0.3,True,,0,0,https://mergr.com/company/269211,2026-09-07T00:00:00Z
3033,Monroe Capital,Illinois,349591,Cornerstone,Consumer Services,"Waco, Texas, United States",2026-05-27,Growth Capital,,,0.3,True,,0,0,https://mergr.com/company/349591,2026-09-07T00:00:00Z
3033,Monroe Capital,Illinois,347759,Lindsey Systems,Electrical Equipment,"Azusa, California, United States",2026-04-07,"Buyout (LBO, MBO, MBI)",,,0.4,True,,0,0,https://mergr.com/company/347759,2026-09-07T00:00:00Z
3033,Monroe Capital,Illinois,347833,Honk,Software,"Los Angeles, California, United States",2026-04-07,Recapitalization,,,0.4,True,,0,0,https://mergr.com/company/347833,2026-09-07T00:00:00Z
3033,Monroe Capital,Illinois,205978,Opus Agency,Marketing,"Beaverton, Oregon, United States",2026-04-02,Secondary Buyout,2026-04-02,Trade Sale - Public Company,0,False,,0,0,https://mergr.com/company/205978,2026-09-07T00:00:00Z
3033,Monroe Capital,Illinois,346790,Key Container,Packaging,"Pawtucket, Rhode Island, United States",2026-03-09,Growth Capital,,,0.4,True,,0,0,https://mergr.com/company/346790,2026-09-07T00:00:00Z
3033,Monroe Capital,Illinois,346081,CST Academy,Healthcare Services,"Chicago, Illinois, United States",2026-02-05,Recapitalization,,,0.6,True,,0,0,https://mergr.com/company/346081,2026-09-07T00:00:00Z
3033,Monroe Capital,Illinois,345483,WGI,Engineering,"West Palm Beach, Florida, United States",2026-01-29,Growth Capital,,,0.6,True,,0,0,https://mergr.com/company/345483,2026-09-07T00:00:00Z
3033,Monroe Capital,Illinois,342746,DecisionHR,Staffing,"Saint Petersburg, Florida, United States",2025-11-11,"Buyout (LBO, MBO, MBI)",,,0.8,True,,1,0,https://mergr.com/company/342746,2026-09-07T00:00:00Z
3033,Monroe Capital,Illinois,267236,Entouch,Internet Software and Services,"Richardson, Texas, United States",2025-11-10,Secondary Buyout,,,0.8,True,,0,0,https://mergr.com/company/267236,2026-09-07T00:00:00Z
3033,Monroe Capital,Illinois,343583,Opensity Solutions,Information Technology,"Chicago, Illinois, United States",2025-11-10,Consolidation,,,0.8,True,,2,0,https://mergr.com/company/343583,2026-09-07T00:00:00Z
3033,Monroe Capital,Illinois,342241,Harvey Vogel Manufacturing Co.,Manufacturing,"Woodbury, Minnesota, United States",2025-10-30,"Buyout (LBO, MBO, MBI)",,,0.8,True,,0,0,https://mergr.com/company/342241,2026-09-07T00:00:00Z
3033,Monroe Capital,Illinois,339888,Mooring USA,Construction,"Grand Prairie, Texas, United States",2025-08-07,"Buyout (LBO, MBO, MBI)",,,1.1,True,,0,0,https://mergr.com/company/339888,2026-09-07T00:00:00Z
3033,Monroe Capital,Illinois,338323,NFS Capital,Financial Services,"Beverly, Massachusetts, United States",2025-07-08,Growth Capital,,,1.1,True,,0,0,https://mergr.com/company/338323,2026-09-07T00:00:00Z
3033,Monroe Capital,Illinois,322345,Caputo Cheese,Food,"Melrose Park, Illinois, United States",2025-06-30,Secondary Buyout,,,1.2,True,,0,0,https://mergr.com/company/322345,2026-09-07T00:00:00Z
3033,Monroe Capital,Illinois,337817,Residence,Digital Media,"Los Angeles, California, United States",2025-06-12,Growth Capital,,,1.2,True,,1,0,https://mergr.com/company/337817,2026-09-07T00:00:00Z
3033,Monroe Capital,Illinois,274054,Relevant,Business Services,"Houston, Texas, United States",2025-05-19,Secondary Buyout,,,1.3,True,,2,0,https://mergr.com/company/274054,2026-09-07T00:00:00Z
3033,Monroe Capital,Illinois,97889,GSTV,Media,"Detroit, Michigan, United States",2025-04-21,Secondary Buyout,,,1.3,True,,0,0,https://mergr.com/company/97889,2026-09-07T00:00:00Z
3033,Monroe Capital,Illinois,287079,Epika Fleet Services,Transportation,"Nashville, Tennessee, United States",2025-04-21,Secondary Buyout,,,1.3,True,,0,0,https://mergr.com/company/287079,2026-09-07T00:00:00Z
3033,Monroe Capital,Illinois,335982,Innovative Artists,Business Services,"Santa Monica, California, United States",2025-03-26,Growth Capital,,,1.4,True,,0,0,https://mergr.com/company/335982,2026-09-07T00:00:00Z
3033,Monroe Capital,Illinois,266045,PAI Pharma,Life Science,"Greenville, South Carolina, United States",2025-02-24,Secondary Buyout,,,1.5,True,,1,0,https://mergr.com/company/266045,2026-09-07T00:00:00Z
3033,Monroe Capital,Illinois,333660,Yellow Brick Road,Education,"Plymouth, Minnesota, United States",2025-02-06,"Buyout (LBO, MBO, MBI)",,,1.6,True,,0,0,https://mergr.com/company/333660,2026-09-07T00:00:00Z
3033,Monroe Capital,Illinois,333457,Tavoron,Machinery,"Eagan, Minnesota, United States",2025-01-24,"Buyout (LBO, MBO, MBI)",,,1.6,True,,4,0,https://mergr.com/company/333457,2026-09-07T00:00:00Z
3033,Monroe Capital,Illinois,331464,Global,Distribution,"Universal City, Texas, United States",2024-12-06,Growth Capital,,,1.8,True,,0,0,https://mergr.com/company/331464,2026-09-07T00:00:00Z
3033,Monroe Capital,Illinois,328984,Georgia Water & Fire Restoration,Safety/Security,"Cumming, Georgia, United States",2024-09-12,"Buyout (LBO, MBO, MBI)",,,1.9,True,,0,0,https://mergr.com/company/328984,2026-09-07T00:00:00Z
3033,Monroe Capital,Illinois,328988,Property Medics,Business Services,"Peachtree Corners, Georgia, United States",2024-09-12,"Buyout (LBO, MBO, MBI)",,,1.9,True,,0,0,https://mergr.com/company/328988,2026-09-07T00:00:00Z
3033,Monroe Capital,Illinois,328537,NorthEast Contracting,Construction,"Lorton, Virginia, United States",2024-09-04,Recapitalization,,,2,True,,1,0,https://mergr.com/company/328537,2026-09-07T00:00:00Z
3033,Monroe Capital,Illinois,325874,Sunstates Security,Safety/Security,"Raleigh, North Carolina, United States",2024-08-09,"Buyout (LBO, MBO, MBI)",,,2,True,,0,0,https://mergr.com/company/325874,2026-09-07T00:00:00Z
3033,Monroe Capital,Illinois,328094,Guardian Restoration Partners,Construction,"Denver, Colorado, United States",2024-08-04,"Buyout (LBO, MBO, MBI)",,,2.1,True,,2,0,https://mergr.com/company/328094,2026-09-07T00:00:00Z
3033,Monroe Capital,Illinois,187631,Summit Professional Education,Education,"Franklin, Tennessee, United States",2024-05-15,Secondary Buyout,,,2.3,True,,3,0,https://mergr.com/company/187631,2026-09-07T00:00:00Z
3033,Monroe Capital,Illinois,324885,Open Source Controls,Business Services,"Nashville, Tennessee, United States",2024-05-09,"Buyout (LBO, MBO, MBI)",,,2.3,True,,0,0,https://mergr.com/company/324885,2026-09-07T00:00:00Z
3033,Monroe Capital,Illinois,324883,Kimbro Mechanical,Business Services,"Nashville, Tennessee, United States",2024-05-09,"Buyout (LBO, MBO, MBI)",,,2.3,True,,0,0,https://mergr.com/company/324883,2026-09-07T00:00:00Z
3033,Monroe Capital,Illinois,324882,Interstate AC Service,Business Services,"Nashville, Tennessee, United States",2024-05-09,"Buyout (LBO, MBO, MBI)",,,2.3,True,,0,0,https://mergr.com/company/324882,2026-09-07T00:00:00Z
3033,Monroe Capital,Illinois,323367,Sheer Logistics,Transportation,"Chesterfield, Missouri, United States",2024-04-02,Acquisition Financing,,,2.4,True,,1,0,https://mergr.com/company/323367,2026-09-07T00:00:00Z
3033,Monroe Capital,Illinois,322659,Second Avenue,Internet Software and Services,"Tampa, Florida, United States",2024-03-11,Stake Purchase,,,2.4,True,,1,0,https://mergr.com/company/322659,2026-09-07T00:00:00Z
3033,Monroe Capital,Illinois,196020,ZeroFox,Information Technology,"Baltimore, Maryland, United States",2024-02-06,Going Private,,,2.6,True,47,0,1,https://mergr.com/company/196020,2026-09-07T00:00:00Z
3033,Monroe Capital,Illinois,314081,MOREgroup,Engineering,"Fort Worth, Texas, United States",2024-01-17,Secondary Buyout,,,2.6,True,,0,0,https://mergr.com/company/314081,2026-09-07T00:00:00Z
3033,Monroe Capital,Illinois,319253,Newman Machine,Machinery,"Browns Summit, North Carolina, United States",2023-11-27,Add-on Acquisition,,,2.8,True,,0,0,https://mergr.com/company/319253,2026-09-07T00:00:00Z
3033,Monroe Capital,Illinois,293122,Equiti,Healthcare Services,"Sunrise, Florida, United States",2023-11-16,Divestiture,,,2.8,True,,1,0,https://mergr.com/company/293122,2026-09-07T00:00:00Z
3033,Monroe Capital,Illinois,318412,Central Moloney,Electrical Equipment,"Pine Bluff, Arkansas, United States",2023-10-27,"Buyout (LBO, MBO, MBI)",,,2.8,True,,1,0,https://mergr.com/company/318412,2026-09-07T00:00:00Z
3033,Monroe Capital,Illinois,296572,ClearCompany,Internet Software and Services,"Boston, Massachusetts, United States",2023-09-20,Secondary Buyout,,,2.9,True,,1,0,https://mergr.com/company/296572,2026-09-07T00:00:00Z
3033,Monroe Capital,Illinois,317090,Bridgeport,Manufacturing,"Kalamazoo, Michigan, United States",2023-09-18,Add-on Acquisition,,,2.9,True,,0,0,https://mergr.com/company/317090,2026-09-07T00:00:00Z
3033,Monroe Capital,Illinois,111277,Vice Media,Media,"Brooklyn, New York, United States",2023-07-31,Special Situations/Distressed,,,3.1,True,600,0,0,https://mergr.com/company/111277,2026-09-07T00:00:00Z
3033,Monroe Capital,Illinois,263778,MEI Industrial Solutions,Business Services,"Albany, Oregon, United States",2023-07-06,Secondary Buyout,,,3.2,True,,7,0,https://mergr.com/company/263778,2026-09-07T00:00:00Z
3033,Monroe Capital,Illinois,262927,Lightwave Dental,Business Services,"Woodbridge, Virginia, United States",2023-07-05,Secondary Buyout,,,3.2,True,,0,0,https://mergr.com/company/262927,2026-09-07T00:00:00Z
3033,Monroe Capital,Illinois,312932,Gersh,Media,"Beverly Hills, California, United States",2023-05-01,Growth Capital,,,3.3,True,,2,0,https://mergr.com/company/312932,2026-09-07T00:00:00Z
3033,Monroe Capital,Illinois,309242,Vin Di Bona Productions,Media,"Los Angeles, California, United States",2023-01-23,Growth Capital,,,3.6,True,,0,0,https://mergr.com/company/309242,2026-09-07T00:00:00Z
3033,Monroe Capital,Illinois,309609,Edustaff,Staffing,"Grand Rapids, Michigan, United States",2023-01-18,Growth Capital,,,3.6,True,,1,0,https://mergr.com/company/309609,2026-09-07T00:00:00Z
3033,Monroe Capital,Illinois,306420,AutoCruitment,Internet Software and Services,"New York, New York, United States",2022-10-27,"Buyout (LBO, MBO, MBI)",,,3.8,True,,0,0,https://mergr.com/company/306420,2026-09-07T00:00:00Z
3033,Monroe Capital,Illinois,303773,Contract Filling,Packaging,"Cedar Grove, New Jersey, United States",2022-08-18,Add-on Acquisition,,,4,True,,0,0,https://mergr.com/company/303773,2026-09-07T00:00:00Z
3033,Monroe Capital,Illinois,300910,Spectrum Science,Marketing,"Washington, District of Columbia, United States",2022-06-07,Acquisition Financing,,,4.3,True,,7,0,https://mergr.com/company/300910,2026-09-07T00:00:00Z
3033,Monroe Capital,Illinois,315555,Superior USA Waste,Environmental,"Shawnee, Oklahoma, United States",2022-04-04,Acquisition Financing,2025-09-09,Divestiture,3.4,False,,4,0,https://mergr.com/company/315555,2026-09-07T00:00:00Z
3033,Monroe Capital,Illinois,297344,Norwood Sawmills,Machinery,"Oro-Medonte, Ontario, Canada",2022-03-10,"Buyout (LBO, MBO, MBI)",2025-10-23,Divestiture,3.6,False,,0,0,https://mergr.com/company/297344,2026-09-07T00:00:00Z
3033,Monroe Capital,Illinois,297736,Biomechanical Research & Testing,Business Services,"Long Beach, California, United States",2022-01-06,Add-on Acquisition,,,4.7,True,,0,0,https://mergr.com/company/297736,2026-09-07T00:00:00Z
3033,Monroe Capital,Illinois,277020,MarkLogic,Software,"Redwood City, California, United States",2021-11-23,"Buyout (LBO, MBO, MBI)",2023-01-03,Divestiture,1.1,False,,1,0,https://mergr.com/company/277020,2026-09-07T00:00:00Z
3033,Monroe Capital,Illinois,26038,Liberty Safe,Safety/Security,"Payson, Utah, United States",2021-08-25,Secondary Buyout,,,5,True,150,0,0,https://mergr.com/company/26038,2026-09-07T00:00:00Z
3033,Monroe Capital,Illinois,259045,Securly,Internet Software and Services,"Charlotte, North Carolina, United States",2021-03-17,"Buyout (LBO, MBO, MBI)",,,5.4,True,,2,0,https://mergr.com/company/259045,2026-09-07T00:00:00Z
3033,Monroe Capital,Illinois,300635,Together Women’s Health,Healthcare Services,"Grosse Pointe, Michigan, United States",2021-02-11,"Buyout (LBO, MBO, MBI)",,,5.5,True,,1,0,https://mergr.com/company/300635,2026-09-07T00:00:00Z
3033,Monroe Capital,Illinois,281689,Equine Network,Digital Media,"Albuquerque, New Mexico, United States",2021-01-08,Divestiture,2026-01-28,Trade Sale - Public Company,5,False,,4,0,https://mergr.com/company/281689,2026-09-07T00:00:00Z
3033,Monroe Capital,Illinois,279574,Fleet Response,Construction,"Englewood, Colorado, United States",2020-12-21,"Buyout (LBO, MBO, MBI)",,,5.7,True,,3,0,https://mergr.com/company/279574,2026-09-07T00:00:00Z
3033,Monroe Capital,Illinois,279241,Premier Roofing,Building Materials,"Denver, Colorado, United States",2020-12-10,Growth Capital,,,5.7,True,,0,0,https://mergr.com/company/279241,2026-09-07T00:00:00Z
3033,Monroe Capital,Illinois,276046,MyCase,Internet Software and Services,"San Diego, California, United States",2020-09-08,Divestiture,2022-06-09,Divestiture,1.8,False,,1,0,https://mergr.com/company/276046,2026-09-07T00:00:00Z
3033,Monroe Capital,Illinois,269362,Ascent Behavioral Health,Healthcare Services,"Boise, Idaho, United States",2020-02-19,Growth Capital,,,6.5,True,,0,0,https://mergr.com/company/269362,2026-09-07T00:00:00Z
3033,Monroe Capital,Illinois,22983,Sabrosura Foods,Food,"Bloomington, Minnesota, United States",2019-10-21,Growth Capital,,,6.8,True,,1,0,https://mergr.com/company/22983,2026-09-07T00:00:00Z
3033,Monroe Capital,Illinois,300625,Sweetmore Bakeries,Food,"Park Ridge, Illinois, United States",2019-09-01,Consolidation,,,7,True,,4,0,https://mergr.com/company/300625,2026-09-07T00:00:00Z
3033,Monroe Capital,Illinois,263478,Lone Star Disposal,Construction,"Houston, Texas, United States",2019-08-14,"Buyout (LBO, MBO, MBI)",2022-08-15,Divestiture,3,False,,0,0,https://mergr.com/company/263478,2026-09-07T00:00:00Z
3033,Monroe Capital,Illinois,281881,Lanter Delivery Systems,Transportation,"Des Peres, Missouri, United States",2019-07-10,Growth Capital,2025-03-31,Trade Sale - Public Company,5.7,False,,0,0,https://mergr.com/company/281881,2026-09-07T00:00:00Z
3033,Monroe Capital,Illinois,261248,Recorded Future,Information Technology,"Somerville, Massachusetts, United States",2019-05-30,"Buyout (LBO, MBO, MBI)",2024-09-12,Divestiture,5.3,False,,3,0,https://mergr.com/company/261248,2026-09-07T00:00:00Z
3033,Monroe Capital,Illinois,258089,M&D Distributors,Distribution,"Humble, Texas, United States",2019-01-08,"Buyout (LBO, MBO, MBI)",2022-09-01,Trade Sale - Public Company,3.6,False,,1,0,https://mergr.com/company/258089,2026-09-07T00:00:00Z
3033,Monroe Capital,Illinois,32526,ATTOM Data Solutions,Information Services,"Irvine, California, United States",2019-01-08,Secondary Buyout,,,7.6,True,,3,0,https://mergr.com/company/32526,2026-09-07T00:00:00Z
3033,Monroe Capital,Illinois,13120,PURIS,Utilities,"The Woodlands, Georgia, United States",2018-12-27,"Buyout (LBO, MBO, MBI)",,,7.7,True,,4,0,https://mergr.com/company/13120,2026-09-07T00:00:00Z
3033,Monroe Capital,Illinois,17038,MindBody,Software,"San Luis Obispo, California, United States",2018-12-24,Going Private,,,7.7,True,101,3,0,https://mergr.com/company/17038,2026-09-07T00:00:00Z
3033,Monroe Capital,Illinois,256834,StormTrap,Construction,"Romeoville, Illinois, United States",2018-12-19,"Buyout (LBO, MBO, MBI)",2022-04-06,Trade Sale - Public Company,3.3,False,,0,0,https://mergr.com/company/256834,2026-09-07T00:00:00Z
3033,Monroe Capital,Illinois,254086,Vereco,Business Services,"Mission Viejo, California, United States",2018-09-11,Growth Capital,,,7.9,True,,0,0,https://mergr.com/company/254086,2026-09-07T00:00:00Z
3033,Monroe Capital,Illinois,253977,Fathom,Manufacturing,"Hartland, Wisconsin, United States",2018-09-05,"Buyout (LBO, MBO, MBI)",,,8,True,,6,0,https://mergr.com/company/253977,2026-09-07T00:00:00Z
3033,Monroe Capital,Illinois,253453,Reflect Health,Insurance,"Mason, Ohio, United States",2018-08-14,Recapitalization,,,8,True,,0,0,https://mergr.com/company/253453,2026-09-07T00:00:00Z
3033,Monroe Capital,Illinois,252732,SMP,Life Science,"Miami, Florida, United States",2018-07-19,Recapitalization,,,8.1,True,,1,0,https://mergr.com/company/252732,2026-09-07T00:00:00Z
3033,Monroe Capital,Illinois,35225,RedZone Robotics,Information Technology,"Warrendale, Pennsylvania, United States",2018-06-07,Secondary Buyout,2023-02-01,Divestiture,4.6,False,,0,0,https://mergr.com/company/35225,2026-09-07T00:00:00Z
3033,Monroe Capital,Illinois,78881,Atlas Sign Industries,Manufacturing,"West Palm Beach, Florida, United States",2018-05-17,Recapitalization,,,8.3,True,,0,0,https://mergr.com/company/78881,2026-09-07T00:00:00Z
3033,Monroe Capital,Illinois,214195,National Credit Center,Information Technology,"Austin, Texas, United States",2018-01-16,Growth Capital,,,8.6,True,,0,0,https://mergr.com/company/214195,2026-09-07T00:00:00Z
3033,Monroe Capital,Illinois,215603,Priority Ambulance,Healthcare Services,"Knoxville, Tennessee, United States",2017-04-24,Growth Capital,,,9.3,True,,1,0,https://mergr.com/company/215603,2026-09-07T00:00:00Z
3033,Monroe Capital,Illinois,35393,The Beauty Health Company,Consumer Products,"Long Beach, California, United States",2016-12-01,Secondary Buyout,2021-05-05,SPAC,4.4,False,334,0,0,https://mergr.com/company/35393,2026-09-07T00:00:00Z
3033,Monroe Capital,Illinois,231450,Pavion,Safety/Security,"Chantilly, Virginia, United States",2016-11-29,Recapitalization,2020-06-23,Trade Sale - Public Company,3.5,False,,2,0,https://mergr.com/company/231450,2026-09-07T00:00:00Z
3033,Monroe Capital,Illinois,232573,ProPharma Group,Healthcare Services,"Raleigh, North Carolina, United States",2016-10-03,"Buyout (LBO, MBO, MBI)",2020-09-22,Trade Sale - Public Company,3.9,False,,5,0,https://mergr.com/company/232573,2026-09-07T00:00:00Z
3033,Monroe Capital,Illinois,225813,Lake Shore Systems,Machinery,"Kingsford, Michigan, United States",2016-10-03,Divestiture,2022-01-01,Divestiture,5.2,False,,0,0,https://mergr.com/company/225813,2026-09-07T00:00:00Z
3033,Monroe Capital,Illinois,26401,Ashley Stewart,Apparel/Textiles,"Secaucus, New Jersey, United States",2016-06-06,Secondary Buyout,,,10.3,True,,0,0,https://mergr.com/company/26401,2026-09-07T00:00:00Z
3033,Monroe Capital,Illinois,212883,"Complete Nutrition, Inc.",Consumer Products,"Omaha, Nebraska, United States",2016-01-27,"Buyout (LBO, MBO, MBI)",,,10.6,True,,0,0,https://mergr.com/company/212883,2026-09-07T00:00:00Z
3033,Monroe Capital,Illinois,205978,Opus Agency,Marketing,"Beaverton, Oregon, United States",2015-10-06,Growth Capital,2026-04-02,Trade Sale - Public Company,10.4,False,,7,0,https://mergr.com/company/205978,2026-09-07T00:00:00Z
3033,Monroe Capital,Illinois,200635,Channel,Financial Services,"Minnetonka, Minnesota, United States",2015-08-18,Growth Capital,2018-05-30,Trade Sale - Public Company,2.8,False,,0,0,https://mergr.com/company/200635,2026-09-07T00:00:00Z
3033,Monroe Capital,Illinois,199114,Laboratory Testing Services,Test/Measurement Equipment,"Long Island City, New York, United States",2015-07-21,Growth Capital,,,11.1,True,,2,0,https://mergr.com/company/199114,2026-09-07T00:00:00Z
3033,Monroe Capital,Illinois,6017,Cyalume,Chemicals,"West Springfield, Massachusetts, United States",2015-05-21,Stake Purchase,2017-08-08,Divestiture,2.2,False,38,0,0,https://mergr.com/company/6017,2026-09-07T00:00:00Z
3033,Monroe Capital,Illinois,182525,Little River Healthcare,Healthcare Services,"Rockdale, Texas, United States",2015-04-14,Growth Capital,2018-07-24,Bankruptcy,3.3,False,,0,0,https://mergr.com/company/182525,2026-09-07T00:00:00Z
3033,Monroe Capital,Illinois,172881,OSG Billing Services,Information Technology,"Carol Stream, Illinois, United States",2015-03-26,Growth Capital,2017-06-01,Trade Sale - Public Company,2.2,False,,3,0,https://mergr.com/company/172881,2026-09-07T00:00:00Z
3033,Monroe Capital,Illinois,199132,Sandbox Group LLC,Marketing,"Chicago, Illinois, United States",2015-02-26,Growth Capital,2020-03-03,Divestiture,5,False,,1,0,https://mergr.com/company/199132,2026-09-07T00:00:00Z
3033,Monroe Capital,Illinois,173141,Incipio,Technology Hardware,"Irvine, California, United States",2015-01-08,Growth Capital,,,11.6,True,,3,0,https://mergr.com/company/173141,2026-09-07T00:00:00Z
3033,Monroe Capital,Illinois,4713,Mitchell Gold + Bob Williams,Furniture,"Taylorsville, North Carolina, United States",2014-12-17,Secondary Buyout,2023-09-06,Bankruptcy,8.7,False,,0,0,https://mergr.com/company/4713,2026-09-07T00:00:00Z
3033,Monroe Capital,Illinois,199157,"Venture Technologies, Inc. ",Information Technology,"Ridgeland, Mississippi, United States",2014-08-18,Consolidation,2018-12-11,Divestiture,4.3,False,,4,0,https://mergr.com/company/199157,2026-09-07T00:00:00Z
3033,Monroe Capital,Illinois,103137,BCC Software LLC,Software,"Rochester, New York, United States",2014-06-23,Divestiture,2017-10-11,Trade Sale - Public Company,3.3,False,,0,0,https://mergr.com/company/103137,2026-09-07T00:00:00Z
595,Thoma Bravo,Illinois,262938,Accelerant,Insurance,"Grand Cayman, Cayman Islands",2026-08-13,Going Private,,,0,True,880,0,0,https://mergr.com/company/262938,2026-09-07T00:00:00Z
595,Thoma Bravo,Illinois,329544,Padoa,Software,"Paris, France",2026-06-24,Secondary Buyout,,,0.2,True,,0,0,https://mergr.com/company/329544,2026-09-07T00:00:00Z
595,Thoma Bravo,Illinois,350076,kneat.com,Internet Software and Services,"Limerick, Ireland",2026-06-08,Going Private,,,0.2,True,48,0,0,https://mergr.com/company/350076,2026-09-07T00:00:00Z
595,Thoma Bravo,Illinois,281954,Azul Systems,Software,"Sunnyvale, California, United States",2025-11-18,Secondary Buyout,,,0.8,True,50,1,0,https://mergr.com/company/281954,2026-09-07T00:00:00Z
595,Thoma Bravo,Illinois,4219,PROS,Software,"Houston, Texas, United States",2025-09-22,Going Private,,,0.9,True,330,0,1,https://mergr.com/company/4219,2026-09-07T00:00:00Z
595,Thoma Bravo,Illinois,77949,Verint,Information Technology,"Melville, New York, United States",2025-08-25,Going Private,,,1,True,909,0,0,https://mergr.com/company/77949,2026-09-07T00:00:00Z
595,Thoma Bravo,Illinois,18507,Dayforce,Software,"Minneapolis, Minnesota, United States",2025-08-21,Going Private,,,1,True,1760,0,0,https://mergr.com/company/18507,2026-09-07T00:00:00Z
595,Thoma Bravo,Illinois,203212,Olo,Internet Software and Services,"New York, New York, United States",2025-07-03,Going Private,,,1.2,True,285,1,0,https://mergr.com/company/203212,2026-09-07T00:00:00Z
595,Thoma Bravo,Illinois,336383,HubSync,Software,"Franklin, Tennessee, United States",2025-05-05,Growth Capital,,,1.3,True,,0,0,https://mergr.com/company/336383,2026-09-07T00:00:00Z
595,Thoma Bravo,Illinois,335847,Jeppesen ForeFlight,Software,"Englewood, Colorado, United States",2025-04-22,Divestiture,,,1.3,True,,1,0,https://mergr.com/company/335847,2026-09-07T00:00:00Z
595,Thoma Bravo,Illinois,302272,PCMI,Internet Software and Services,"Chicago, Illinois, United States",2025-03-17,Secondary Buyout,,,1.4,True,,1,0,https://mergr.com/company/302272,2026-09-07T00:00:00Z
595,Thoma Bravo,Illinois,292269,OPEXUS,Software,"Washington, District of Columbia, United States",2025-01-27,Secondary Buyout,,,1.6,True,,1,0,https://mergr.com/company/292269,2026-09-07T00:00:00Z
595,Thoma Bravo,Illinois,330347,CompTIA,Education,"Downers Grove, Illinois, United States",2024-11-04,"Buyout (LBO, MBO, MBI)",,,1.8,True,,0,0,https://mergr.com/company/330347,2026-09-07T00:00:00Z
595,Thoma Bravo,Illinois,234145,USU Software,Software,"Moglingen, Germany",2024-10-01,Stake Purchase,,,1.9,True,149,2,0,https://mergr.com/company/234145,2026-09-07T00:00:00Z
595,Thoma Bravo,Illinois,262198,Exabeam,Information Technology,"Broomfield, Colorado, United States",2024-05-15,"Buyout (LBO, MBO, MBI)",,,2.3,True,,1,0,https://mergr.com/company/262198,2026-09-07T00:00:00Z
595,Thoma Bravo,Illinois,198118,Darktrace,Information Technology,"Cambridge, United Kingdom",2024-04-26,Going Private,,,2.3,True,839,2,0,https://mergr.com/company/198118,2026-09-07T00:00:00Z
595,Thoma Bravo,Illinois,198042,Everbridge,Internet Software and Services,"Vienna, Virginia, United States",2024-02-05,Going Private,,,2.6,True,432,2,0,https://mergr.com/company/198042,2026-09-07T00:00:00Z
595,Thoma Bravo,Illinois,319858,BlueMatrix,Software,"Durham, North Carolina, United States",2023-12-14,Growth Capital,,,2.7,True,,3,0,https://mergr.com/company/319858,2026-09-07T00:00:00Z
595,Thoma Bravo,Illinois,221641,Hypergene,Internet Software and Services,"Malmo, Sweden",2023-12-14,Secondary Buyout,,,2.7,True,,0,0,https://mergr.com/company/221641,2026-09-07T00:00:00Z
595,Thoma Bravo,Illinois,212370,EQS Group,Information Technology,"Munich, Germany",2023-11-16,Going Private,,,2.8,True,69,0,0,https://mergr.com/company/212370,2026-09-07T00:00:00Z
595,Thoma Bravo,Illinois,134909,NextGen Healthcare,Information Technology,"Atlanta, Georgia, United States",2023-09-06,Going Private,,,3,True,653,0,0,https://mergr.com/company/134909,2026-09-07T00:00:00Z
595,Thoma Bravo,Illinois,315216,Bluesight,Information Technology,"Alexandria, Virginia, United States",2023-07-17,Acquisition Financing,,,3.1,True,,3,0,https://mergr.com/company/315216,2026-09-07T00:00:00Z
595,Thoma Bravo,Illinois,290285,Magnet Forensics,Software,"Waterloo, Ontario, Canada",2023-01-20,Going Private,,,3.6,True,70,1,0,https://mergr.com/company/290285,2026-09-07T00:00:00Z
595,Thoma Bravo,Illinois,308235,Nearmap,Information Technology,"Barangaroo, Australia",2022-12-15,"Buyout (LBO, MBO, MBI)",,,3.7,True,,3,0,https://mergr.com/company/308235,2026-09-07T00:00:00Z
595,Thoma Bravo,Illinois,37357,Coupa,Internet Software and Services,"Foster City, California, United States",2022-12-12,Going Private,,,3.7,True,725,4,0,https://mergr.com/company/37357,2026-09-07T00:00:00Z
595,Thoma Bravo,Illinois,60838,UserTesting,Internet Software and Services,"San Francisco, California, United States",2022-10-27,Going Private,,,3.8,True,147,2,0,https://mergr.com/company/60838,2026-09-07T00:00:00Z
595,Thoma Bravo,Illinois,243789,ForgeRock,Information Technology,"San Francisco, California, United States",2022-10-11,Going Private,2023-08-23,Spin Off,0.8,False,177,0,0,https://mergr.com/company/243789,2026-09-07T00:00:00Z
595,Thoma Bravo,Illinois,305593,Eptura,Internet Software and Services,"Atlanta, Georgia, United States",2022-10-04,Consolidation,,,3.9,True,,3,0,https://mergr.com/company/305593,2026-09-07T00:00:00Z
595,Thoma Bravo,Illinois,125369,Ping Identity,Information Technology,"Denver, Colorado, United States",2022-08-03,Going Private,,,4.1,True,299,2,0,https://mergr.com/company/125369,2026-09-07T00:00:00Z
595,Thoma Bravo,Illinois,270815,Mercell,Internet Software and Services,"Oslo, Norway",2022-05-25,Going Private,,,4.3,True,85,0,0,https://mergr.com/company/270815,2026-09-07T00:00:00Z
595,Thoma Bravo,Illinois,263638,Vivian Health,Staffing,"San Francisco, California, United States",2022-04-26,Divestiture,,,4.3,True,,0,0,https://mergr.com/company/263638,2026-09-07T00:00:00Z
595,Thoma Bravo,Illinois,113389,SailPoint,Information Technology,"Austin, Texas, United States",2022-04-11,Going Private,2025-02-13,IPO,2.8,False,862,2,0,https://mergr.com/company/113389,2026-09-07T00:00:00Z
595,Thoma Bravo,Illinois,189789,Anaplan,Internet Software and Services,"Miami, Florida, United States",2022-03-20,Going Private,,,4.4,True,592,2,0,https://mergr.com/company/189789,2026-09-07T00:00:00Z
595,Thoma Bravo,Illinois,256418,Project44,Internet Software and Services,"Chicago, Illinois, United States",2022-01-11,Growth Capital,,,4.6,True,,2,0,https://mergr.com/company/256418,2026-09-07T00:00:00Z
595,Thoma Bravo,Illinois,301632,Starburst,Software,"Boston, Massachusetts, United States",2022-01-01,"Buyout (LBO, MBO, MBI)",,,4.7,True,,1,0,https://mergr.com/company/301632,2026-09-07T00:00:00Z
595,Thoma Bravo,Illinois,289572,Paradox,Software,"Scottsdale, Arizona, United States",2021-12-27,Venture,2025-08-21,Divestiture,3.6,False,,1,0,https://mergr.com/company/289572,2026-09-07T00:00:00Z
595,Thoma Bravo,Illinois,295692,Figment,Information Technology,"Toronto, Ontario, Canada",2021-12-20,Venture,,,4.7,True,,0,0,https://mergr.com/company/295692,2026-09-07T00:00:00Z
595,Thoma Bravo,Illinois,92829,Bottomline,Internet Software and Services,"Portsmouth, New Hampshire, United States",2021-12-17,Going Private,,,4.7,True,442,1,1,https://mergr.com/company/92829,2026-09-07T00:00:00Z
595,Thoma Bravo,Illinois,295693,Anchorage Digital,Information Technology,"San Francisco, California, United States",2021-12-15,Venture,,,4.7,True,,0,0,https://mergr.com/company/295693,2026-09-07T00:00:00Z
595,Thoma Bravo,Illinois,243246,Pendo,Software,"Raleigh, North Carolina, United States",2021-11-11,Growth Capital,,,4.8,True,,4,0,https://mergr.com/company/243246,2026-09-07T00:00:00Z
595,Thoma Bravo,Illinois,244204,Trading Technologies,Software,"Chicago, Illinois, United States",2021-10-31,Secondary Buyout,,,4.8,True,,4,0,https://mergr.com/company/244204,2026-09-07T00:00:00Z
595,Thoma Bravo,Illinois,290382,HCSS,Software,"Sugar Land, Texas, United States",2021-09-14,"Buyout (LBO, MBO, MBI)",2026-04-13,Divestiture,4.5,False,215,1,0,https://mergr.com/company/290382,2026-09-07T00:00:00Z
595,Thoma Bravo,Illinois,290383,Intel 471,Information Technology,"Frisco, Texas, United States",2021-09-08,Growth Capital,,,4.9,True,,2,0,https://mergr.com/company/290383,2026-09-07T00:00:00Z
595,Thoma Bravo,Illinois,221356,Condeco Software,Software,"London, United Kingdom",2021-08-03,Growth Capital,2022-10-04,Spin Off,1.2,False,,1,0,https://mergr.com/company/221356,2026-09-07T00:00:00Z
595,Thoma Bravo,Illinois,228811,Medallia,Internet Software and Services,"Pleasanton, California, United States",2021-07-26,Add-on Acquisition,,,5.1,True,477,4,0,https://mergr.com/company/228811,2026-09-07T00:00:00Z
595,Thoma Bravo,Illinois,1580,Auctane,Internet Software and Services,"Austin, Texas, United States",2021-07-09,Going Private,,,5.1,True,758,2,1,https://mergr.com/company/1580,2026-09-07T00:00:00Z
595,Thoma Bravo,Illinois,265976,iOFFICE,Internet Software and Services,"Houston, Texas, United States",2021-07-01,Secondary Buyout,2022-10-04,Spin Off,1.3,False,,0,0,https://mergr.com/company/265976,2026-09-07T00:00:00Z
595,Thoma Bravo,Illinois,189323,QAD,Software,"Santa Barbara, California, United States",2021-06-28,Going Private,,,5.2,True,308,4,0,https://mergr.com/company/189323,2026-09-07T00:00:00Z
595,Thoma Bravo,Illinois,171813,Greenphire,Information Technology,"King of Prussia, Pennsylvania, United States",2021-05-26,Secondary Buyout,2025-01-13,Spin Off,3.6,False,,1,0,https://mergr.com/company/171813,2026-09-07T00:00:00Z
595,Thoma Bravo,Illinois,129725,Proofpoint,Internet Software and Services,"Sunnyvale, California, United States",2021-04-26,Going Private,,,5.3,True,1050,6,0,https://mergr.com/company/129725,2026-09-07T00:00:00Z
595,Thoma Bravo,Illinois,283375,Applitools,Software,"Covina, California, United States",2021-03-30,Growth Capital,,,5.4,True,,1,0,https://mergr.com/company/283375,2026-09-07T00:00:00Z
595,Thoma Bravo,Illinois,226071,Calabrio,Software,"Minneapolis, Minnesota, United States",2021-03-23,Secondary Buyout,,,5.4,True,,1,0,https://mergr.com/company/226071,2026-09-07T00:00:00Z
595,Thoma Bravo,Illinois,218929,Adenza,Software,"New York, New York, United States",2021-03-22,Secondary Buyout,2023-06-12,Divestiture,2.2,False,,0,0,https://mergr.com/company/218929,2026-09-07T00:00:00Z
595,Thoma Bravo,Illinois,25775,Talend,Software,"Suresnes, France",2021-03-10,Going Private,2023-01-05,Divestiture,1.8,False,287,1,0,https://mergr.com/company/25775,2026-09-07T00:00:00Z
595,Thoma Bravo,Illinois,281838,Personetics,Software,"Tel Aviv, Israel",2021-02-16,Venture,,,5.5,True,,0,0,https://mergr.com/company/281838,2026-09-07T00:00:00Z
595,Thoma Bravo,Illinois,13808,RealPage,Software,"Richardson, Texas, United States",2020-12-21,Going Private,,,5.7,True,988,7,1,https://mergr.com/company/13808,2026-09-07T00:00:00Z
595,Thoma Bravo,Illinois,279571,Zipari,Internet Software and Services,"Brooklyn, New York, United States",2020-12-21,Growth Capital,2024-09-12,Divestiture,3.7,False,,1,0,https://mergr.com/company/279571,2026-09-07T00:00:00Z
595,Thoma Bravo,Illinois,181168,Venafi,Software,"Salt Lake City, Utah, United States",2020-12-10,Secondary Buyout,2024-05-20,Divestiture,3.4,False,,0,0,https://mergr.com/company/181168,2026-09-07T00:00:00Z
595,Thoma Bravo,Illinois,279292,Grayshift,Software,"Atlanta, Georgia, United States",2020-12-08,Growth Capital,2023-01-23,Spin Off,2.1,False,,0,0,https://mergr.com/company/279292,2026-09-07T00:00:00Z
595,Thoma Bravo,Illinois,11929,Flexera,Software,"Itasca, Illinois, United States",2020-12-03,Secondary Buyout,,,5.8,True,,3,1,https://mergr.com/company/11929,2026-09-07T00:00:00Z
595,Thoma Bravo,Illinois,276201,Continuous,Software,"Houston, Texas, United States",2020-09-10,Growth Capital,,,5.9,True,,3,0,https://mergr.com/company/276201,2026-09-07T00:00:00Z
595,Thoma Bravo,Illinois,274783,Foundation Software,Software,"Strongsville, Ohio, United States",2020-08-04,Growth Capital,,,6.1,True,,2,0,https://mergr.com/company/274783,2026-09-07T00:00:00Z
595,Thoma Bravo,Illinois,211392,Majesco,Software,"Morristown, New Jersey, United States",2020-07-20,Going Private,,,6.1,True,140,5,0,https://mergr.com/company/211392,2026-09-07T00:00:00Z
595,Thoma Bravo,Illinois,273656,Syntellis,Information Technology,"Chicago, Illinois, United States",2020-06-25,Divestiture,2023-08-08,Divestiture,3.1,False,,1,0,https://mergr.com/company/273656,2026-09-07T00:00:00Z
595,Thoma Bravo,Illinois,254418,Exostar,Internet Software and Services,"Herndon, Virginia, United States",2020-06-02,"Buyout (LBO, MBO, MBI)",2023-09-26,Trade Sale - Public Company,3.3,False,,0,0,https://mergr.com/company/254418,2026-09-07T00:00:00Z
595,Thoma Bravo,Illinois,3701,Command Alkon,Information Technology,"Birmingham, Alabama, United States",2020-03-31,Secondary Buyout,2026-08-04,Trade Sale - Public Company,6.3,False,,3,0,https://mergr.com/company/3701,2026-09-07T00:00:00Z
595,Thoma Bravo,Illinois,266986,Suvoda,Internet Software and Services,"Conshohocken, Pennsylvania, United States",2019-12-05,Growth Capital,,,6.8,True,,1,0,https://mergr.com/company/266986,2026-09-07T00:00:00Z
595,Thoma Bravo,Illinois,245817,Instructure,Internet Software and Services,"Salt Lake City, Utah, United States",2019-12-04,Going Private,2021-07-21,IPO,1.6,False,210,2,1,https://mergr.com/company/245817,2026-09-07T00:00:00Z
595,Thoma Bravo,Illinois,4221,Sophos,Information Technology,"Abingdon, United Kingdom",2019-10-14,Going Private,,,6.8,True,1095,3,1,https://mergr.com/company/4221,2026-09-07T00:00:00Z
595,Thoma Bravo,Illinois,4144,Solifi,Internet Software and Services,"Minneapolis, Minnesota, United States",2019-10-08,Secondary Buyout,2024-10-09,Trade Sale - Public Company,5,False,,2,0,https://mergr.com/company/4144,2026-09-07T00:00:00Z
595,Thoma Bravo,Illinois,131913,J.D. Power,Information Services,"Troy, Michigan, United States",2019-07-30,Secondary Buyout,,,7.1,True,,9,0,https://mergr.com/company/131913,2026-09-07T00:00:00Z
595,Thoma Bravo,Illinois,261220,Cority,Software,"Toronto, Ontario, Canada",2019-05-28,"Buyout (LBO, MBO, MBI)",,,7.3,True,,5,0,https://mergr.com/company/261220,2026-09-07T00:00:00Z
595,Thoma Bravo,Illinois,261102,Apryse,Software,"Denver, Colorado, United States",2019-05-16,Growth Capital,,,7.3,True,,12,0,https://mergr.com/company/261102,2026-09-07T00:00:00Z
595,Thoma Bravo,Illinois,260460,Autodata Solutions Group,Internet Software and Services,"London, Ontario, Canada",2019-04-30,Divestiture,2019-12-16,Spin Off,0.6,False,,0,0,https://mergr.com/company/260460,2026-09-07T00:00:00Z
595,Thoma Bravo,Illinois,83501,Pathwire,Software,"San Antonio, Texas, United States",2019-04-01,Secondary Buyout,2021-09-30,Divestiture,2.4,False,,2,0,https://mergr.com/company/83501,2026-09-07T00:00:00Z
595,Thoma Bravo,Illinois,273861,ConnectWise,Information Technology,"Tampa, Florida, United States",2019-02-25,"Buyout (LBO, MBO, MBI)",,,7.5,True,,8,0,https://mergr.com/company/273861,2026-09-07T00:00:00Z
595,Thoma Bravo,Illinois,8900,Ellie Mae,Software,"Pleasanton, California, United States",2019-02-12,Secondary Buyout,2020-08-06,Divestiture,1.4,False,417,1,0,https://mergr.com/company/8900,2026-09-07T00:00:00Z
595,Thoma Bravo,Illinois,258174,Aucerna,Software,"Calgary, Alberta, Canada",2019-02-07,Secondary Buyout,2021-02-15,Spin Off,2,False,,3,0,https://mergr.com/company/258174,2026-09-07T00:00:00Z
595,Thoma Bravo,Illinois,248913,PEC Safety Operations LLC,Safety/Security,"Mandeville, Louisiana, United States",2018-11-30,Secondary Buyout,2019-05-15,Spin Off,0.4,False,,0,0,https://mergr.com/company/248913,2026-09-07T00:00:00Z
595,Thoma Bravo,Illinois,256066,Raptor Technologies,Software,"Houston, Texas, United States",2018-11-19,Growth Capital,2025-11-28,Trade Sale - Public Company,7,False,,7,0,https://mergr.com/company/256066,2026-09-07T00:00:00Z
595,Thoma Bravo,Illinois,237243,Veracode,Software,"Burlington, Massachusetts, United States",2018-11-05,Divestiture,2022-03-15,Trade Sale - Public Company,3.3,False,,0,0,https://mergr.com/company/237243,2026-09-07T00:00:00Z
595,Thoma Bravo,Illinois,274222,LOGEX,Information Technology,"Amsterdam, Netherlands",2018-10-25,"Buyout (LBO, MBO, MBI)",,,7.8,True,,1,0,https://mergr.com/company/274222,2026-09-07T00:00:00Z
595,Thoma Bravo,Illinois,223353,Imperva,Software,"San Mateo, California, United States",2018-10-10,Going Private,2023-07-25,Divestiture,4.8,False,322,3,0,https://mergr.com/company/223353,2026-09-07T00:00:00Z
595,Thoma Bravo,Illinois,272150,IDaptive LLC,Software,"Santa Clara, California, United States",2018-10-09,Divestiture,2020-05-13,Divestiture,1.6,False,,0,0,https://mergr.com/company/272150,2026-09-07T00:00:00Z
595,Thoma Bravo,Illinois,99305,Apttus,Software,"San Mateo, California, United States",2018-09-04,Secondary Buyout,2020-05-07,Spin Off,1.7,False,,0,0,https://mergr.com/company/99305,2026-09-07T00:00:00Z
595,Thoma Bravo,Illinois,24415,Quorum Software,Software,"Houston, Texas, United States",2018-08-13,Secondary Buyout,2025-03-04,Trade Sale - Public Company,6.5,False,,7,0,https://mergr.com/company/24415,2026-09-07T00:00:00Z
595,Thoma Bravo,Illinois,252351,Delinea,Internet Software and Services,"San Francisco, California, United States",2018-07-10,"Buyout (LBO, MBO, MBI)",2021-01-28,Trade Sale - Public Company,2.5,False,,0,1,https://mergr.com/company/252351,2026-09-07T00:00:00Z
595,Thoma Bravo,Illinois,251621,MeridianLink,Software,"Costa Mesa, California, United States",2018-06-13,Divestiture,2021-07-27,IPO,3.1,False,316,2,0,https://mergr.com/company/251621,2026-09-07T00:00:00Z
595,Thoma Bravo,Illinois,202761,LogRythm,Software,"Boulder, Colorado, United States",2018-05-31,"Buyout (LBO, MBO, MBI)",2024-05-15,Spin Off,5.9,False,,1,0,https://mergr.com/company/202761,2026-09-07T00:00:00Z
595,Thoma Bravo,Illinois,293041,Circle Cardiovascular Imaging,Medical Products,"Calgary, Alberta, Canada",2018-05-16,Growth Capital,,,8.3,True,,0,0,https://mergr.com/company/293041,2026-09-07T00:00:00Z
595,Thoma Bravo,Illinois,55374,Nintex,Software,"Bellevue, Washington, United States",2018-02-09,Secondary Buyout,,,8.5,True,,6,0,https://mergr.com/company/55374,2026-09-07T00:00:00Z
595,Thoma Bravo,Illinois,247593,Motus,Software,"Boston, Massachusetts, United States",2018-01-17,"Buyout (LBO, MBO, MBI)",,,8.6,True,,4,0,https://mergr.com/company/247593,2026-09-07T00:00:00Z
595,Thoma Bravo,Illinois,6833,Barracuda Networks,Internet Software and Services,"Campbell, California, United States",2017-11-27,Going Private,2022-04-12,Trade Sale - Public Company,4.3,False,277,4,0,https://mergr.com/company/6833,2026-09-07T00:00:00Z
595,Thoma Bravo,Illinois,283829,ABC Fitness Solutions,Software,"Frisco, Texas, United States",2017-11-08,"Buyout (LBO, MBO, MBI)",,,8.8,True,,5,0,https://mergr.com/company/283829,2026-09-07T00:00:00Z
595,Thoma Bravo,Illinois,218379,Frontline Education,Internet Software and Services,"Malvern, Pennsylvania, United States",2017-08-04,"Buyout (LBO, MBO, MBI)",2022-08-30,Divestiture,5,False,,6,1,https://mergr.com/company/218379,2026-09-07T00:00:00Z
595,Thoma Bravo,Illinois,32578,Continuum Managed Services LLC,Information Technology,"Boston, Massachusetts, United States",2017-06-14,Secondary Buyout,2019-10-30,Divestiture,2.3,False,,2,0,https://mergr.com/company/32578,2026-09-07T00:00:00Z
595,Thoma Bravo,Illinois,229715,Riskonnect,Software,"Atlanta, Georgia, United States",2017-06-07,Secondary Buyout,,,9.3,True,,8,0,https://mergr.com/company/229715,2026-09-07T00:00:00Z
595,Thoma Bravo,Illinois,24854,Tungsten Automation,Information Technology,"Irvine, California, United States",2017-05-03,Divestiture,2022-04-26,Trade Sale - Public Company,4.9,False,290,4,0,https://mergr.com/company/24854,2026-09-07T00:00:00Z
595,Thoma Bravo,Illinois,13807,Planview,Software,"Austin, Texas, United States",2017-01-19,Secondary Buyout,2020-11-10,Trade Sale - Public Company,3.8,False,,2,0,https://mergr.com/company/13807,2026-09-07T00:00:00Z
595,Thoma Bravo,Illinois,3394,T2 Systems,Internet Software and Services,"Indianapolis, Indiana, United States",2016-09-29,Secondary Buyout,2021-11-02,Divestiture,5.1,False,,1,0,https://mergr.com/company/3394,2026-09-07T00:00:00Z
905,GTCR,Illinois,351259,Corza Medical - Biosurgery business unit,Medical Products,"Boulder, Colorado, United States",2026-07-07,Divestiture,,,0.2,True,,0,0,https://mergr.com/company/351259,2026-09-07T00:00:00Z
905,GTCR,Illinois,347360,Ascent Sports Group,Media,"Chicago, Illinois, United States",2026-01-20,"Buyout (LBO, MBO, MBI)",,,0.6,True,,1,0,https://mergr.com/company/347360,2026-09-07T00:00:00Z
905,GTCR,Illinois,343080,Fiduciary Trust,Financial Services,"Boston, Massachusetts, United States",2025-11-19,"Buyout (LBO, MBO, MBI)",,,0.8,True,,0,0,https://mergr.com/company/343080,2026-09-07T00:00:00Z
905,GTCR,Illinois,180921,Dentalcorp,Healthcare Services,"Toronto, Ontario, Canada",2025-09-26,Going Private,,,0.9,True,1174,1,0,https://mergr.com/company/180921,2026-09-07T00:00:00Z
905,GTCR,Illinois,278218,SimpliSafe,Safety/Security,"Boston, Massachusetts, United States",2025-09-15,Secondary Buyout,,,0.9,True,,0,0,https://mergr.com/company/278218,2026-09-07T00:00:00Z
905,GTCR,Illinois,20211,Zentiva,Life Science,"Prague, Czech Republic",2025-09-11,Secondary Buyout,,,0.9,True,,0,0,https://mergr.com/company/20211,2026-09-07T00:00:00Z
905,GTCR,Illinois,283618,Innovative Systems,Software,"Mitchell, South Dakota, United States",2025-08-27,Secondary Buyout,,,1,True,,1,0,https://mergr.com/company/283618,2026-09-07T00:00:00Z
905,GTCR,Illinois,253998,FMG Suite,Internet Software and Services,"Gardena, California, United States",2025-07-29,Secondary Buyout,,,1.1,True,,1,0,https://mergr.com/company/253998,2026-09-07T00:00:00Z
905,GTCR,Illinois,338173,Clear Capital,Business Services,"Reno, Nevada, United States",2025-07-08,"Buyout (LBO, MBO, MBI)",,,1.1,True,,1,0,https://mergr.com/company/338173,2026-09-07T00:00:00Z
905,GTCR,Illinois,250750,TELUS Health,Information Technology,"Montreal, Quebec, Canada",2025-05-14,Growth Capital,,,1.3,True,,2,0,https://mergr.com/company/250750,2026-09-07T00:00:00Z
905,GTCR,Illinois,336429,JMG Group,Insurance,"Leeds, United Kingdom",2025-05-13,Growth Capital,,,1.3,True,,0,0,https://mergr.com/company/336429,2026-09-07T00:00:00Z
905,GTCR,Illinois,81165,Solmetex,Medical Products,"Northborough, Massachusetts, United States",2025-03-19,Secondary Buyout,,,1.4,True,,1,0,https://mergr.com/company/81165,2026-09-07T00:00:00Z
905,GTCR,Illinois,257962,Winged Keel,Insurance,"New York, New York, United States",2025-01-13,Growth Capital,,,1.6,True,,3,0,https://mergr.com/company/257962,2026-09-07T00:00:00Z
905,GTCR,Illinois,297453,Concord,Internet Software and Services,"Scottsdale, Arizona, United States",2025-01-08,Secondary Buyout,,,1.6,True,,2,0,https://mergr.com/company/297453,2026-09-07T00:00:00Z
905,GTCR,Illinois,51802,Tricentis,Software,"Austin, Texas, United States",2024-11-26,Growth Capital,,,1.8,True,,1,0,https://mergr.com/company/51802,2026-09-07T00:00:00Z
905,GTCR,Illinois,2094,TranZact,Marketing,"Fort Lee, New Jersey, United States",2024-10-01,Divestiture,,,1.9,True,,0,0,https://mergr.com/company/2094,2026-09-07T00:00:00Z
905,GTCR,Illinois,137329,SurModics,Medical Products,"Eden Prairie, Minnesota, United States",2024-05-29,Going Private,,,2.3,True,133,0,1,https://mergr.com/company/137329,2026-09-07T00:00:00Z
905,GTCR,Illinois,267569,Caravel Autism Health,Healthcare Services,"Green Bay, Wisconsin, United States",2024-05-20,Secondary Buyout,,,2.3,True,,0,0,https://mergr.com/company/267569,2026-09-07T00:00:00Z
905,GTCR,Illinois,288228,AssetMark,Financial Services,"Concord, California, United States",2024-04-25,Going Private,,,2.3,True,708,1,0,https://mergr.com/company/288228,2026-09-07T00:00:00Z
905,GTCR,Illinois,293122,Equiti,Healthcare Services,"Sunrise, Florida, United States",2023-11-16,Divestiture,,,2.8,True,,1,0,https://mergr.com/company/293122,2026-09-07T00:00:00Z
905,GTCR,Illinois,2588,Foundation Source,Business Services,"Fairfield, Connecticut, United States",2023-09-13,Secondary Buyout,,,2.9,True,,2,0,https://mergr.com/company/2588,2026-09-07T00:00:00Z
905,GTCR,Illinois,315883,Everon,Safety/Security,"Irving, Texas, United States",2023-08-08,Divestiture,,,3,True,,0,0,https://mergr.com/company/315883,2026-09-07T00:00:00Z
905,GTCR,Illinois,315402,Once For All,Software,"Paris, France",2023-07-24,Secondary Buyout,,,3.1,True,,1,0,https://mergr.com/company/315402,2026-09-07T00:00:00Z
905,GTCR,Illinois,13445,Worldpay,Financial Services,"Cincinnati, Ohio, United States",2023-07-06,Divestiture,2025-04-17,Bankruptcy,1.8,False,3925,0,0,https://mergr.com/company/13445,2026-09-07T00:00:00Z
905,GTCR,Illinois,323083,Stelao,Software,"Nashville, Tennessee, United States",2023-06-14,Consolidation,,,3.2,True,,0,0,https://mergr.com/company/323083,2026-09-07T00:00:00Z
905,GTCR,Illinois,281908,Senske Services,Consumer Services,"Kennewick, Washington, United States",2022-12-16,Growth Capital,,,3.7,True,,12,0,https://mergr.com/company/281908,2026-09-07T00:00:00Z
905,GTCR,Illinois,208774,Biocoat,Chemicals,"Horsham, Pennsylvania, United States",2022-11-02,Secondary Buyout,,,3.8,True,,0,0,https://mergr.com/company/208774,2026-09-07T00:00:00Z
905,GTCR,Illinois,323065,Harpula,Life Science,"Raleigh, North Carolina, United States",2022-10-26,Consolidation,,,3.8,True,,0,0,https://mergr.com/company/323065,2026-09-07T00:00:00Z
905,GTCR,Illinois,300831,Visionary Broadband,Communications,"Gillette, Wyoming, United States",2022-06-06,Growth Capital,,,4.3,True,,0,0,https://mergr.com/company/300831,2026-09-07T00:00:00Z
905,GTCR,Illinois,24709,PathGroup,Life Science,"Brentwood, Tennessee, United States",2022-05-13,Secondary Buyout,,,4.3,True,,0,0,https://mergr.com/company/24709,2026-09-07T00:00:00Z
905,GTCR,Illinois,323049,Avryo Healthcare,Healthcare Services,"Phoneix, Arizona, United States",2022-04-21,Consolidation,,,4.3,True,,0,0,https://mergr.com/company/323049,2026-09-07T00:00:00Z
905,GTCR,Illinois,275433,Experity,Software,"Machesney Park, Illinois, United States",2022-03-01,"Buyout (LBO, MBO, MBI)",,,4.5,True,,1,0,https://mergr.com/company/275433,2026-09-07T00:00:00Z
905,GTCR,Illinois,324782,Clearwave Fiber,Communications,"Savannah, Georgia, United States",2022-01-04,Joint Venture,,,4.7,True,,1,1,https://mergr.com/company/324782,2026-09-07T00:00:00Z
905,GTCR,Illinois,294025,R&T Deposit Solutions,Financial Services,"New York, New York, United States",2021-12-21,Growth Capital,,,4.7,True,,1,0,https://mergr.com/company/294025,2026-09-07T00:00:00Z
905,GTCR,Illinois,226477,Cisive,Information Technology,"Holtsville, New York, United States",2021-11-01,Secondary Buyout,,,4.8,True,,0,0,https://mergr.com/company/226477,2026-09-07T00:00:00Z
905,GTCR,Illinois,115177,Lexipol,Business Services,"Frisco, Texas, United States",2021-10-12,Secondary Buyout,,,4.8,True,,2,0,https://mergr.com/company/115177,2026-09-07T00:00:00Z
905,GTCR,Illinois,235495,PPC Flex,Packaging,"Buffalo Grove, Illinois, United States",2021-10-01,Secondary Buyout,,,4.9,True,,2,0,https://mergr.com/company/235495,2026-09-07T00:00:00Z
905,GTCR,Illinois,31160,itel,Insurance,"Jacksonville, Florida, United States",2021-08-26,Secondary Buyout,2025-05-20,Divestiture,3.7,False,,0,0,https://mergr.com/company/31160,2026-09-07T00:00:00Z
905,GTCR,Illinois,191953,Outcomes,Software,"Orlando, Florida, United States",2021-05-17,Secondary Buyout,2021-05-17,Trade Sale - Public Company,0,False,,0,0,https://mergr.com/company/191953,2026-09-07T00:00:00Z
905,GTCR,Illinois,274891,Point Broadband,Communications,"West Point, Georgia, United States",2021-04-16,Secondary Buyout,2026-01-05,Divestiture,4.7,False,,0,0,https://mergr.com/company/274891,2026-09-07T00:00:00Z
905,GTCR,Illinois,323063,Epselon Global,Healthcare Services,"Chicago, Illinois, United States",2021-03-04,Consolidation,,,5.5,True,,0,0,https://mergr.com/company/323063,2026-09-07T00:00:00Z
905,GTCR,Illinois,343218,Allspring,Financial Services,"Charlotte, North Carolina, United States",2021-02-23,Divestiture,,,5.5,True,,0,0,https://mergr.com/company/343218,2026-09-07T00:00:00Z
905,GTCR,Illinois,323052,AQUA Dermatology,Healthcare Services,"Palm Beach Gardens, Florida, United States",2021-01-01,"Buyout (LBO, MBO, MBI)",,,5.7,True,,3,0,https://mergr.com/company/323052,2026-09-07T00:00:00Z
905,GTCR,Illinois,255097,JSSI,Aerospace,"Chicago, Illinois, United States",2020-11-19,Recapitalization,,,5.8,True,,2,0,https://mergr.com/company/255097,2026-09-07T00:00:00Z
905,GTCR,Illinois,277715,Consumer Cellular,Communications,"Portland, Oregon, United States",2020-10-28,"Buyout (LBO, MBO, MBI)",,,5.8,True,,0,0,https://mergr.com/company/277715,2026-09-07T00:00:00Z
905,GTCR,Illinois,30282,Gogo,Communications,"Broomfield, Colorado, United States",2020-09-10,Stake Purchase,,,5.9,True,910,1,0,https://mergr.com/company/30282,2026-09-07T00:00:00Z
905,GTCR,Illinois,195115,CapTrust,Business Services,"Raleigh, North Carolina, United States",2020-06-02,Stake Purchase,,,6.3,True,,4,0,https://mergr.com/company/195115,2026-09-07T00:00:00Z
905,GTCR,Illinois,273205,Guideline,Information Technology,"New York, New York, United States",2020-05-12,Consolidation,,,6.3,True,,3,0,https://mergr.com/company/273205,2026-09-07T00:00:00Z
905,GTCR,Illinois,109413,Antylia Scientific,Life Science,"St. Neots, United Kingdom",2019-09-26,Recapitalization,2025-05-28,Trade Sale - Public Company,5.7,False,,1,1,https://mergr.com/company/109413,2026-09-07T00:00:00Z
905,GTCR,Illinois,273203,Corza Health,Healthcare Services,"San Diego, California, United States",2019-03-20,Consolidation,,,7.4,True,,4,0,https://mergr.com/company/273203,2026-09-07T00:00:00Z
905,GTCR,Illinois,30392,AssuredPartners,Insurance,"Orlando, Florida, United States",2019-02-21,Secondary Buyout,2024-12-09,Divestiture,5.8,False,2900,106,0,https://mergr.com/company/30392,2026-09-07T00:00:00Z
905,GTCR,Illinois,32189,Ultimus Fund Solutions,Financial Services,"Cincinnati, Ohio, United States",2018-11-19,Secondary Buyout,,,7.8,True,,2,0,https://mergr.com/company/32189,2026-09-07T00:00:00Z
905,GTCR,Illinois,174557,Rithum,Software,"Plano, Texas, United States",2018-05-21,Going Private,,,8.3,True,,2,0,https://mergr.com/company/174557,2026-09-07T00:00:00Z
905,GTCR,Illinois,139445,Resonetics,Medical Products,"Nashua, New Hampshire, United States",2018-02-01,Secondary Buyout,,,8.6,True,,15,1,https://mergr.com/company/139445,2026-09-07T00:00:00Z
905,GTCR,Illinois,143489,EaglePicher Technologies,Electrical Equipment,"Joplin, Missouri, United States",2018-01-23,Secondary Buyout,2023-09-05,Divestiture,5.6,False,,0,1,https://mergr.com/company/143489,2026-09-07T00:00:00Z
905,GTCR,Illinois,262997,MBI,Communications,"Chicago, Illinois, United States",2017-10-01,Consolidation,,,8.9,True,,3,0,https://mergr.com/company/262997,2026-09-07T00:00:00Z
905,GTCR,Illinois,116545,Simpli.fi,Marketing,"Fort Worth, Texas, United States",2017-08-31,Secondary Buyout,,,9,True,,3,0,https://mergr.com/company/116545,2026-09-07T00:00:00Z
905,GTCR,Illinois,176983,"GreatCall, Inc.",Healthcare Services,"San Diego, California, United States",2017-06-07,Secondary Buyout,2018-08-15,Divestiture,1.2,False,,0,0,https://mergr.com/company/176983,2026-09-07T00:00:00Z
905,GTCR,Illinois,109833,Curia,Life Science,"Albany, New York, United States",2017-06-06,Going Private,,,9.3,True,402,3,1,https://mergr.com/company/109833,2026-09-07T00:00:00Z
905,GTCR,Illinois,240147,Paya,Financial Services,"Dunwoody, Georgia, United States",2017-06-02,Divestiture,2020-08-03,IPO,3.2,False,249,0,0,https://mergr.com/company/240147,2026-09-07T00:00:00Z
905,GTCR,Illinois,248174,Regatta Medical,Medical Products,"Bannockburn, Illinois, United States",2017-04-01,Consolidation,,,9.4,True,,0,0,https://mergr.com/company/248174,2026-09-07T00:00:00Z
905,GTCR,Illinois,246541,Ceba-Tech,Chemicals,"St. Louis, Missouri, United States",2017-01-31,Consolidation,2024-01-01,Unknown,6.9,False,,1,0,https://mergr.com/company/246541,2026-09-07T00:00:00Z
905,GTCR,Illinois,116333,Beeline,Internet Software and Services,"Jacksonville, Florida, United States",2016-12-13,"Buyout (LBO, MBO, MBI)",2018-07-26,Trade Sale - Public Company,1.6,False,,1,0,https://mergr.com/company/116333,2026-09-07T00:00:00Z
905,GTCR,Illinois,5546,RevSpring,Information Technology,"Nashville, Tennessee, United States",2016-11-07,Secondary Buyout,2024-03-12,Trade Sale - Public Company,7.3,False,,2,0,https://mergr.com/company/5546,2026-09-07T00:00:00Z
905,GTCR,Illinois,184054,Inteliquent,Communications,"Chicago, Illinois, United States",2016-11-02,Going Private,2021-02-17,Divestiture,4.3,False,249,1,1,https://mergr.com/company/184054,2026-09-07T00:00:00Z
905,GTCR,Illinois,82057,Riverchase Dermatology and Cosmetic Surgery,Healthcare Services,"Fort Myers, Florida, United States",2016-10-14,Secondary Buyout,2021-01-01,Spin Off,4.2,False,,5,0,https://mergr.com/company/82057,2026-09-07T00:00:00Z
905,GTCR,Illinois,37821,Optimal Blue,Business Services,"Plano, Texas, United States",2016-06-16,Secondary Buyout,2020-07-27,Divestiture,4.1,False,,3,0,https://mergr.com/company/37821,2026-09-07T00:00:00Z
905,GTCR,Illinois,7094,Lytx,Information Technology,"San Diego, California, United States",2016-02-18,Secondary Buyout,2020-01-08,Sold to Management,3.8,False,,0,0,https://mergr.com/company/7094,2026-09-07T00:00:00Z
905,GTCR,Illinois,273204,TerSera Therapeutics,Life Science,"Lake Forest, Illinois, United States",2016-02-04,Consolidation,,,10.6,True,,2,1,https://mergr.com/company/273204,2026-09-07T00:00:00Z
905,GTCR,Illinois,213851,Vivid Seats,Internet Software and Services,"Chicago, Illinois, United States",2016-01-12,Growth Capital,2021-04-22,IPO,5.3,False,571,1,0,https://mergr.com/company/213851,2026-09-07T00:00:00Z
905,GTCR,Illinois,210969,Onvoy Voice Services,Communications,"Minneapolis, Minnesota, United States",2016-01-06,Divestiture,2017-02-10,Spin Off,1.1,False,,0,0,https://mergr.com/company/210969,2026-09-07T00:00:00Z
905,GTCR,Illinois,52906,Park Place Technologies,Information Technology,"Cleveland, Ohio, United States",2015-11-30,Secondary Buyout,2025-09-10,Trade Sale - Public Company,9.8,False,,23,0,https://mergr.com/company/52906,2026-09-07T00:00:00Z
905,GTCR,Illinois,191953,Outcomes,Software,"Orlando, Florida, United States",2015-06-16,Growth Capital,2021-05-17,Trade Sale - Public Company,5.9,False,,4,0,https://mergr.com/company/191953,2026-09-07T00:00:00Z
905,GTCR,Illinois,255308,Cedar Gate,Information Services,"Greenwich, Connecticut, United States",2014-08-14,Growth Capital,2025-04-26,Divestiture,10.7,False,,4,0,https://mergr.com/company/255308,2026-09-07T00:00:00Z
905,GTCR,Illinois,111385,XiFin,Internet Software and Services,"San Diego, California, United States",2014-07-30,"Buyout (LBO, MBO, MBI)",2020-02-05,Trade Sale - Public Company,5.5,False,,1,0,https://mergr.com/company/111385,2026-09-07T00:00:00Z
905,GTCR,Illinois,109413,Antylia Scientific,Life Science,"St. Neots, United Kingdom",2014-07-18,Divestiture,2017-03-22,Trade Sale - Public Company,2.7,False,,2,0,https://mergr.com/company/109413,2026-09-07T00:00:00Z
905,GTCR,Illinois,81905,Maravai,Life Science,"San Diego, California, United States",2014-03-18,Consolidation,2020-11-19,IPO,6.7,False,186,3,0,https://mergr.com/company/81905,2026-09-07T00:00:00Z
905,GTCR,Illinois,171773,Cision,Software,"Chicago, Illinois, United States",2014-02-18,"Buyout (LBO, MBO, MBI)",2017-06-29,IPO,3.3,False,730,5,0,https://mergr.com/company/171773,2026-09-07T00:00:00Z
905,GTCR,Illinois,31445,Callcredit Information Group Ltd.,Information Technology,"Leeds, United Kingdom",2014-02-17,Secondary Buyout,2018-04-20,Divestiture,4.2,False,77,3,0,https://mergr.com/company/31445,2026-09-07T00:00:00Z
905,GTCR,Illinois,84601,Opus Global Holdings LLC,Financial Services,"Palo Alto, California, United States",2013-09-21,Growth Capital,2019-03-01,Unknown,5.4,False,,2,1,https://mergr.com/company/84601,2026-09-07T00:00:00Z
905,GTCR,Illinois,84633,"Crealta Pharmaceuticals, LLC",Life Science,"Glendale, Wisconsin, United States",2013-08-02,Stake Purchase,2015-12-11,Divestiture,2.3,False,,1,1,https://mergr.com/company/84633,2026-09-07T00:00:00Z
905,GTCR,Illinois,9201,"NewWave Communications, Inc.",Communications,"Sikeston, Missouri, United States",2013-02-13,Secondary Buyout,2017-01-18,Divestiture,3.9,False,,0,0,https://mergr.com/company/9201,2026-09-07T00:00:00Z
905,GTCR,Illinois,26369,"Correctional Healthcare Companies, Inc.",Healthcare Services,"Greenwood Village, Colorado, United States",2012-12-31,Secondary Buyout,2018-10-01,Divestiture,5.8,False,,0,0,https://mergr.com/company/26369,2026-09-07T00:00:00Z
905,GTCR,Illinois,25127,Premium Credit,Financial Services,"Surrey, United Kingdom",2012-11-01,Divestiture,2015-01-13,Trade Sale - Public Company,2.2,False,,0,0,https://mergr.com/company/25127,2026-09-07T00:00:00Z
905,GTCR,Illinois,49033,Rural Broadband Investments,Communications,"Overland Park, Kansas, United States",2012-10-18,"Buyout (LBO, MBO, MBI)",2017-01-18,Divestiture,4.3,False,,1,0,https://mergr.com/company/49033,2026-09-07T00:00:00Z
905,GTCR,Illinois,16038,"Avention Services, Inc.",Information Services,"Concord, Massachusetts, United States",2012-10-02,Divestiture,2017-01-10,Divestiture,4.3,False,60,0,0,https://mergr.com/company/16038,2026-09-07T00:00:00Z
905,GTCR,Illinois,1410,Cord Blood Registry (CBR),Healthcare Services,"San Bruno, California, United States",2012-09-19,Secondary Buyout,2015-08-17,Divestiture,2.8,False,,0,0,https://mergr.com/company/1410,2026-09-07T00:00:00Z
905,GTCR,Illinois,7895,"CAMP Systems International, Inc.",Internet Software and Services,"Ronkonkoma, New York, United States",2012-05-07,Secondary Buyout,2016-10-26,Divestiture,4.4,False,,1,0,https://mergr.com/company/7895,2026-09-07T00:00:00Z
905,GTCR,Illinois,18209,"Vocus, Inc.",Internet Software and Services,"Beltsville, Maryland, United States",2012-04-07,"Buyout (LBO, MBO, MBI)",2014-04-07,Divestiture,2,False,,0,0,https://mergr.com/company/18209,2026-09-07T00:00:00Z
905,GTCR,Illinois,30382,Land Lease Group LLC,Communications,"Oak Brook, Illinois, United States",2012-03-09,Stake Purchase,,,14.4,True,,0,0,https://mergr.com/company/30382,2026-09-07T00:00:00Z
905,GTCR,Illinois,84605,Mondee,Information Technology,"Austin, Texas, United States",2011-09-26,Growth Capital,,,14.9,True,223,3,0,https://mergr.com/company/84605,2026-09-07T00:00:00Z
905,GTCR,Illinois,30389,Fundtech Ltd.,Software,"Jersey City, New Hampshire, United States",2011-08-24,Going Private,2015-05-01,Divestiture,3.7,False,200,1,0,https://mergr.com/company/30389,2026-09-07T00:00:00Z
905,GTCR,Illinois,87189,BankServ,Information Technology,"Las Vegas, Nevada, United States",2011-08-16,"Buyout (LBO, MBO, MBI)",2011-11-30,Spin Off,0.3,False,,0,0,https://mergr.com/company/87189,2026-09-07T00:00:00Z
905,GTCR,Illinois,30388,"Global Traffic Network, Inc.",Information Services,"New York, New York, United States",2011-08-03,Going Private,2018-09-01,Unknown,7,False,,0,0,https://mergr.com/company/30388,2026-09-07T00:00:00Z
905,GTCR,Illinois,30392,AssuredPartners,Insurance,"Orlando, Florida, United States",2011-07-27,Consolidation,2015-10-22,Trade Sale - Public Company,4.2,False,2900,67,0,https://mergr.com/company/30392,2026-09-07T00:00:00Z
905,GTCR,Illinois,30384,Merlin Media LLC,Media,"Fort Wright, Kentucky, United States",2011-07-18,"Buyout (LBO, MBO, MBI)",2014-01-03,Divestiture,2.4,False,,0,0,https://mergr.com/company/30384,2026-09-07T00:00:00Z
905,GTCR,Illinois,19156,Sotera Health,Healthcare Services,"Broadview Heights, Ohio, United States",2011-03-23,Secondary Buyout,2020-11-19,IPO,9.6,False,1164,9,1,https://mergr.com/company/19156,2026-09-07T00:00:00Z
905,GTCR,Illinois,26839,"Aligned Asset Managers, LLC",Financial Services,"Stamford, Connecticut, United States",2011-01-11,Consolidation,2015-10-01,Unknown,4.7,False,,0,0,https://mergr.com/company/26839,2026-09-07T00:00:00Z
905,GTCR,Illinois,211513,Townsend Group,Business Services,"Cleveland, Ohio, United States",2011-01-01,Recapitalization,2015-10-15,Divestiture,4.8,False,,0,0,https://mergr.com/company/211513,2026-09-07T00:00:00Z
905,GTCR,Illinois,30385,"Jessamine Healthcare, Inc.",Healthcare Services,"Rockville, Maryland, United States",2010-07-01,Consolidation,,,16.2,True,,0,0,https://mergr.com/company/30385,2026-09-07T00:00:00Z
970,Madison Dearborn Partners,Illinois,350246,Stephano Slack,Business Services,"Wayne, Pennsylvania, United States",2026-06-10,Growth Capital,,,0.2,True,,0,0,https://mergr.com/company/350246,2026-09-07T00:00:00Z
970,Madison Dearborn Partners,Illinois,344494,Nichols Cauley,Business Services,"Dublin, Georgia, United States",2026-01-05,Growth Capital,,,0.7,True,,4,0,https://mergr.com/company/344494,2026-09-07T00:00:00Z
970,Madison Dearborn Partners,Illinois,222856,Insurance Office of America,Insurance,"Longwood, Florida, United States",2025-11-01,"Buyout (LBO, MBO, MBI)",,,0.8,True,,0,0,https://mergr.com/company/222856,2026-09-07T00:00:00Z
970,Madison Dearborn Partners,Illinois,340641,NFP's Wealth Business,Business Services,"Austin, Texas, United States",2025-09-03,Divestiture,,,1,True,,0,0,https://mergr.com/company/340641,2026-09-07T00:00:00Z
970,Madison Dearborn Partners,Illinois,328592,Revolutional,Information Technology,"Westerville, Ohio, United States",2024-09-09,Growth Capital,,,1.9,True,,0,0,https://mergr.com/company/328592,2026-09-07T00:00:00Z
970,Madison Dearborn Partners,Illinois,326534,Omni Federal,Information Technology,"Leesburg, Virginia, United States",2024-06-27,Stake Purchase,,,2.2,True,,1,0,https://mergr.com/company/326534,2026-09-07T00:00:00Z
970,Madison Dearborn Partners,Illinois,319362,T2S Solutions,Defense,"Belcamp, Maryland, United States",2023-11-29,"Buyout (LBO, MBO, MBI)",,,2.8,True,,1,0,https://mergr.com/company/319362,2026-09-07T00:00:00Z
970,Madison Dearborn Partners,Illinois,270178,Shaw Development,Test/Measurement Equipment,"Bonita Springs, Florida, United States",2023-10-31,Secondary Buyout,,,2.8,True,100,0,0,https://mergr.com/company/270178,2026-09-07T00:00:00Z
970,Madison Dearborn Partners,Illinois,134909,NextGen Healthcare,Information Technology,"Atlanta, Georgia, United States",2023-09-06,Going Private,,,3,True,653,0,0,https://mergr.com/company/134909,2026-09-07T00:00:00Z
970,Madison Dearborn Partners,Illinois,327070,Air Control Concepts,Business Services,"Norfolk, Virginia, United States",2023-04-01,Growth Capital,,,3.4,True,,2,0,https://mergr.com/company/327070,2026-09-07T00:00:00Z
970,Madison Dearborn Partners,Illinois,308385,Great Gray Trust,Financial Services,"Las Vegas, Nevada, United States",2022-12-19,Divestiture,,,3.7,True,,0,0,https://mergr.com/company/308385,2026-09-07T00:00:00Z
970,Madison Dearborn Partners,Illinois,273703,Unison,Software,"Chicago, Illinois, United States",2022-07-12,Secondary Buyout,,,4.1,True,,1,0,https://mergr.com/company/273703,2026-09-07T00:00:00Z
970,Madison Dearborn Partners,Illinois,143553,Patriot Home Care,Healthcare Services,"Huntingdon Valley, Pennsylvania, United States",2022-05-01,"Buyout (LBO, MBO, MBI)",,,4.3,True,,0,0,https://mergr.com/company/143553,2026-09-07T00:00:00Z
970,Madison Dearborn Partners,Illinois,333932,CareRing Health,Healthcare Services,"Louisville, Kentucky, United States",2022-05-01,"Buyout (LBO, MBO, MBI)",,,4.3,True,,0,0,https://mergr.com/company/333932,2026-09-07T00:00:00Z
970,Madison Dearborn Partners,Illinois,18499,MoneyGram International,Financial Services,"Dallas, Texas, United States",2022-02-15,Going Private,,,4.5,True,1217,0,0,https://mergr.com/company/18499,2026-09-07T00:00:00Z
970,Madison Dearborn Partners,Illinois,32794,Zilliant,Software,"Austin, Texas, United States",2021-12-06,"Buyout (LBO, MBO, MBI)",,,4.8,True,,1,0,https://mergr.com/company/32794,2026-09-07T00:00:00Z
970,Madison Dearborn Partners,Illinois,284234,Align Precision,Manufacturing,"Tempe, Arizona, United States",2021-04-19,Divestiture,,,5.3,True,,1,0,https://mergr.com/company/284234,2026-09-07T00:00:00Z
970,Madison Dearborn Partners,Illinois,279534,Fastwyre Broadband,Communications,"Overland Park, Kansas, United States",2020-12-21,"Buyout (LBO, MBO, MBI)",2026-05-19,Divestiture,5.3,False,,1,0,https://mergr.com/company/279534,2026-09-07T00:00:00Z
970,Madison Dearborn Partners,Illinois,85585,Carnegie Learning,Education,"Pittsburgh, Pennsylvania, United States",2020-10-22,Secondary Buyout,,,5.8,True,,3,0,https://mergr.com/company/85585,2026-09-07T00:00:00Z
970,Madison Dearborn Partners,Illinois,230275,IPL Schoeller,Packaging,"Dublin, Ireland",2020-07-29,Going Private,,,6.1,True,605,1,0,https://mergr.com/company/230275,2026-09-07T00:00:00Z
970,Madison Dearborn Partners,Illinois,137869,Benefytt,Internet Software and Services,"Tampa, Florida, United States",2020-07-13,Going Private,2023-05-23,Bankruptcy,2.8,False,351,0,0,https://mergr.com/company/137869,2026-09-07T00:00:00Z
970,Madison Dearborn Partners,Illinois,273656,Syntellis,Information Technology,"Chicago, Illinois, United States",2020-06-25,Divestiture,2023-08-08,Divestiture,3.1,False,,1,0,https://mergr.com/company/273656,2026-09-07T00:00:00Z
970,Madison Dearborn Partners,Illinois,54110,EVO,Information Technology,"Atlanta, Georgia, United States",2020-03-29,PIPE,2022-08-01,Divestiture,2.3,False,497,3,0,https://mergr.com/company/54110,2026-09-07T00:00:00Z
970,Madison Dearborn Partners,Illinois,308779,Advanced Personnel Management,Business Services,"West Perth, Australia",2020-03-10,"Buyout (LBO, MBO, MBI)",,,6.4,True,,0,0,https://mergr.com/company/308779,2026-09-07T00:00:00Z
970,Madison Dearborn Partners,Illinois,269999,Aevex Aerospace,Aerospace,"Solana Beach, California, United States",2020-03-09,Secondary Buyout,2026-04-16,IPO,6.1,False,433,3,0,https://mergr.com/company/269999,2026-09-07T00:00:00Z
970,Madison Dearborn Partners,Illinois,213040,InMoment,Internet Software and Services,"South Jordan, Utah, United States",2019-05-15,Secondary Buyout,2025-05-14,Divestiture,5.9,False,,4,0,https://mergr.com/company/213040,2026-09-07T00:00:00Z
970,Madison Dearborn Partners,Illinois,259569,Lightspeed Systems,Software,"Austin, Texas, United States",2019-03-29,Growth Capital,,,7.4,True,,1,0,https://mergr.com/company/259569,2026-09-07T00:00:00Z
970,Madison Dearborn Partners,Illinois,216339,Sevita,Healthcare Services,"Edina, Minnesota, United States",2018-12-18,Going Private,,,7.7,True,1475,4,0,https://mergr.com/company/216339,2026-09-07T00:00:00Z
970,Madison Dearborn Partners,Illinois,3042,Solis Mammography,Healthcare Services,"Addison, Texas, United States",2018-08-01,Secondary Buyout,2025-05-29,Trade Sale - Public Company,6.8,False,,4,0,https://mergr.com/company/3042,2026-09-07T00:00:00Z
970,Madison Dearborn Partners,Illinois,252170,Navacord,Insurance,"Toronto, Ontario, Canada",2018-07-04,"Buyout (LBO, MBO, MBI)",,,8.2,True,,25,0,https://mergr.com/company/252170,2026-09-07T00:00:00Z
970,Madison Dearborn Partners,Illinois,251315,Alcami,Life Science,"Wilmington, North Carolina, United States",2018-06-01,Secondary Buyout,2022-11-08,Trade Sale - Public Company,4.4,False,,2,1,https://mergr.com/company/251315,2026-09-07T00:00:00Z
970,Madison Dearborn Partners,Illinois,122873,LinQuest,Information Technology,"Los Angeles, California, United States",2018-05-29,"Buyout (LBO, MBO, MBI)",2024-07-16,Divestiture,6.1,False,,4,0,https://mergr.com/company/122873,2026-09-07T00:00:00Z
970,Madison Dearborn Partners,Illinois,194738,SIRVA,Transportation,"Oakbrook Terrace, Illinois, United States",2018-05-23,Secondary Buyout,2024-08-20,Unknown,6.2,False,,2,0,https://mergr.com/company/194738,2026-09-07T00:00:00Z
970,Madison Dearborn Partners,Illinois,178934,Navisite,Information Technology,"Warrendale, Pennsylvania, United States",2018-04-18,Secondary Buyout,2024-01-10,Divestiture,5.7,False,,6,0,https://mergr.com/company/178934,2026-09-07T00:00:00Z
970,Madison Dearborn Partners,Illinois,257265,Amynta Group,Insurance,"New York, New York, United States",2017-11-06,Divestiture,,,8.8,True,,15,0,https://mergr.com/company/257265,2026-09-07T00:00:00Z
970,Madison Dearborn Partners,Illinois,255594,Ardonagh Group,Insurance,"London, United Kingdom",2017-05-09,"Buyout (LBO, MBO, MBI)",,,9.3,True,,9,1,https://mergr.com/company/255594,2026-09-07T00:00:00Z
970,Madison Dearborn Partners,Illinois,279542,Specialty Building Products,Distribution,"Duluth, Georgia, United States",2017-03-20,Growth Capital,2020-12-21,Trade Sale - Public Company,3.8,False,,0,0,https://mergr.com/company/279542,2026-09-07T00:00:00Z
970,Madison Dearborn Partners,Illinois,27686,BlueCat,Information Technology,"Toronto, Ontario, Canada",2017-02-23,Secondary Buyout,2022-06-23,Trade Sale - Public Company,5.3,False,,0,0,https://mergr.com/company/27686,2026-09-07T00:00:00Z
970,Madison Dearborn Partners,Illinois,233752,Powerflute,Forest Products,"Kuopio, Finland",2016-09-15,Stake Purchase,2018-06-01,Divestiture,1.7,False,550,0,0,https://mergr.com/company/233752,2026-09-07T00:00:00Z
970,Madison Dearborn Partners,Illinois,31264,Intermedia,Internet Software and Services,"Sunnyvale, California, United States",2016-09-14,Secondary Buyout,2026-03-31,Trade Sale - Public Company,9.5,False,,2,0,https://mergr.com/company/31264,2026-09-07T00:00:00Z
970,Madison Dearborn Partners,Illinois,216434,Ankura,Business Services,"New York, New York, United States",2016-03-03,Growth Capital,,,10.5,True,,12,0,https://mergr.com/company/216434,2026-09-07T00:00:00Z
970,Madison Dearborn Partners,Illinois,194311,Performance Health,Distribution,"Warrenville, Illinois, United States",2015-08-28,Divestiture,,,11,True,464,2,0,https://mergr.com/company/194311,2026-09-07T00:00:00Z
970,Madison Dearborn Partners,Illinois,189052,Liquid Web,Internet Software and Services,"Lansing, Michigan, United States",2015-05-27,Growth Capital,2023-04-20,Divestiture,7.8,False,,6,0,https://mergr.com/company/189052,2026-09-07T00:00:00Z
970,Madison Dearborn Partners,Illinois,96493,Option Care,Healthcare Services,"Buffalo Grove, Illinois, United States",2015-01-20,Divestiture,2019-03-15,Spin Off,4.1,False,,1,0,https://mergr.com/company/96493,2026-09-07T00:00:00Z
970,Madison Dearborn Partners,Illinois,141237,"Kaufman, Hall & Associates",Business Services,"Chicago, Illinois, United States",2014-12-16,Growth Capital,2024-08-01,Divestiture,9.6,False,,6,1,https://mergr.com/company/141237,2026-09-07T00:00:00Z
970,Madison Dearborn Partners,Illinois,62234,Fleet Complete,Software,"Toronto, Ontario, Canada",2014-09-02,Secondary Buyout,2024-10-01,Divestiture,10,False,,4,0,https://mergr.com/company/62234,2026-09-07T00:00:00Z
970,Madison Dearborn Partners,Illinois,284213,Centennial Towers,Communications,"Sao Paulo, Brazil",2014-06-01,Growth Capital,2021-04-12,Divestiture,6.8,False,,0,0,https://mergr.com/company/284213,2026-09-07T00:00:00Z
970,Madison Dearborn Partners,Illinois,84117,LGS Innovations LLC,Information Technology,"Herndon, Virginia, United States",2014-04-01,Divestiture,2019-01-30,Divestiture,4.8,False,,1,0,https://mergr.com/company/84117,2026-09-07T00:00:00Z
970,Madison Dearborn Partners,Illinois,7494,Ikaria,Life Science,"Clinton, New Jersey, United States",2013-12-24,"Buyout (LBO, MBO, MBI)",2015-04-16,Divestiture,1.3,False,,0,0,https://mergr.com/company/7494,2026-09-07T00:00:00Z
970,Madison Dearborn Partners,Illinois,10094,"Multi Packaging Solutions, Inc.",Packaging,"New York, New York, United States",2013-07-08,Secondary Buyout,2015-10-22,IPO,2.3,False,1600,6,0,https://mergr.com/company/10094,2026-09-07T00:00:00Z
970,Madison Dearborn Partners,Illinois,46285,NFP,Insurance,"Austin, Texas, United States",2013-04-15,Going Private,2023-12-20,Divestiture,10.7,False,1061,131,1,https://mergr.com/company/46285,2026-09-07T00:00:00Z
970,Madison Dearborn Partners,Illinois,54110,EVO,Information Technology,"Atlanta, Georgia, United States",2013-01-07,"Buyout (LBO, MBO, MBI)",2018-05-10,IPO,5.3,False,497,2,0,https://mergr.com/company/54110,2026-09-07T00:00:00Z
970,Madison Dearborn Partners,Illinois,54126,Sage Products LLC,Medical Products,"Cary, Illinois, United States",2012-12-13,"Buyout (LBO, MBO, MBI)",2016-02-01,Divestiture,3.1,False,430,0,0,https://mergr.com/company/54126,2026-09-07T00:00:00Z
970,Madison Dearborn Partners,Illinois,6830,"Aderant Holdings, Inc.",Software,"Atlanta, Georgia, United States",2012-11-26,Secondary Buyout,2015-10-08,Divestiture,2.8,False,,2,0,https://mergr.com/company/6830,2026-09-07T00:00:00Z
970,Madison Dearborn Partners,Illinois,13486,"Q9 Networks, Inc.",Information Technology,"Toronto, Ontario, Canada",2012-10-17,Secondary Buyout,2016-08-08,Divestiture,3.8,False,,0,0,https://mergr.com/company/13486,2026-09-07T00:00:00Z
970,Madison Dearborn Partners,Illinois,31953,Quickplay Media Co.,Internet Software and Services,"Toronto, Ontario, Canada",2012-07-09,Stake Purchase,2016-05-16,Divestiture,3.8,False,,0,0,https://mergr.com/company/31953,2026-09-07T00:00:00Z
970,Madison Dearborn Partners,Illinois,492,Things Remembered,Consumer Products,"Highland Heights, Ohio, United States",2012-05-30,Secondary Buyout,2019-02-06,Divestiture,6.7,False,,0,0,https://mergr.com/company/492,2026-09-07T00:00:00Z
970,Madison Dearborn Partners,Illinois,31951,"Schrader International, Inc.",Manufacturing,"Englewood, Colorado, United States",2012-03-19,Divestiture,2014-10-14,Divestiture,2.5,False,,0,0,https://mergr.com/company/31951,2026-09-07T00:00:00Z
970,Madison Dearborn Partners,Illinois,3521,"Fieldglass, Inc.",Software,"Chicago, Illinois, United States",2010-09-27,Growth Capital,2014-03-27,Divestiture,3.5,False,,0,0,https://mergr.com/company/3521,2026-09-07T00:00:00Z
970,Madison Dearborn Partners,Illinois,25209,TransUnion,Information Services,"Chicago, Illinois, United States",2010-04-29,Divestiture,2012-02-17,Trade Sale - Public Company,1.8,False,4576,1,0,https://mergr.com/company/25209,2026-09-07T00:00:00Z
970,Madison Dearborn Partners,Illinois,7173,Bway Corp.,Packaging,"Atlanta, Georgia, United States",2010-03-31,"Buyout (LBO, MBO, MBI)",2012-10-02,Trade Sale - Public Company,2.5,False,,2,0,https://mergr.com/company/7173,2026-09-07T00:00:00Z
970,Madison Dearborn Partners,Illinois,13533,"NextG Networks, Inc.",Infrastructure,"San Jose, California, United States",2009-09-10,"Buyout (LBO, MBO, MBI)",2011-12-19,Divestiture,2.3,False,,0,0,https://mergr.com/company/13533,2026-09-07T00:00:00Z
970,Madison Dearborn Partners,Illinois,17325,First Wind Holdings LLC,Renewable Energy,"Boston, Massachusetts, United States",2009-01-01,"Buyout (LBO, MBO, MBI)",2014-11-19,Divestiture,5.8,False,,0,0,https://mergr.com/company/17325,2026-09-07T00:00:00Z
970,Madison Dearborn Partners,Illinois,11650,Wind Telecom SpA,Communications,"Rome, Italy",2008-06-05,"Buyout (LBO, MBO, MBI)",2011-04-15,Divestiture,2.8,False,,0,0,https://mergr.com/company/11650,2026-09-07T00:00:00Z
970,Madison Dearborn Partners,Illinois,27855,Bazooka Candy Brands,Food,"New York, New York, United States",2007-10-12,Going Private,2023-10-10,Trade Sale - Public Company,15.9,False,,0,1,https://mergr.com/company/27855,2026-09-07T00:00:00Z
970,Madison Dearborn Partners,Illinois,7370,"CapitalSource, Inc.",Financial Services,"Chevy Chase, Maryland, United States",2007-09-14,Stake Purchase,,,18.9,True,,0,2,https://mergr.com/company/7370,2026-09-07T00:00:00Z
970,Madison Dearborn Partners,Illinois,7851,Nuveen Investments LLC,Financial Services,"Chicago, Illinois, United States",2007-06-20,Going Private,2014-04-14,Divestiture,6.8,False,,0,0,https://mergr.com/company/7851,2026-09-07T00:00:00Z
970,Madison Dearborn Partners,Illinois,17323,CDW,E-Commerce,"Vernon Hills, Illinois, United States",2007-05-29,Going Private,2013-06-27,IPO,6,False,22424,0,0,https://mergr.com/company/17323,2026-09-07T00:00:00Z
970,Madison Dearborn Partners,Illinois,17982,VWR International LLC,Distribution,"Radnor, Pennsylvania, United States",2007-05-02,Secondary Buyout,2014-10-01,IPO,7.3,False,4500,32,0,https://mergr.com/company/17982,2026-09-07T00:00:00Z
970,Madison Dearborn Partners,Illinois,28511,Univision,Media,"New York, New York, United States",2007-03-27,Going Private,2020-02-25,Trade Sale - Public Company,12.8,False,,3,1,https://mergr.com/company/28511,2026-09-07T00:00:00Z
970,Madison Dearborn Partners,Illinois,27870,"Yankee Candle Co., Inc.",Retail,"South Deerfield, Massachusetts, United States",2006-10-26,Secondary Buyout,2013-09-03,Divestiture,6.8,False,,0,0,https://mergr.com/company/27870,2026-09-07T00:00:00Z
970,Madison Dearborn Partners,Illinois,1618,Asurion,Information Technology,"Nashville, Tennessee, United States",2006-08-08,Recapitalization,2016-06-13,Trade Sale - Public Company,9.8,False,,2,0,https://mergr.com/company/1618,2026-09-07T00:00:00Z
970,Madison Dearborn Partners,Illinois,17319,Sorenson Communications,Communications,"Salt Lake City, Utah, United States",2005-11-15,Growth Capital,2014-03-03,Bankruptcy,8.3,False,,0,0,https://mergr.com/company/17319,2026-09-07T00:00:00Z
970,Madison Dearborn Partners,Illinois,7369,Bolthouse Farms,Beverages,"Bakersfield, California, United States",2005-10-12,"Buyout (LBO, MBO, MBI)",2012-07-09,Divestiture,6.7,False,,0,0,https://mergr.com/company/7369,2026-09-07T00:00:00Z
970,Madison Dearborn Partners,Illinois,7378,"Sirona Dental Systems, Inc.",Medical Products,"Long Island City, New York, United States",2005-05-02,Secondary Buyout,2006-06-21,IPO,1.1,False,1101,0,0,https://mergr.com/company/7378,2026-09-07T00:00:00Z
970,Madison Dearborn Partners,Illinois,12232,Intelsat,Communications,"Luxembourg, Luxembourg",2005-01-28,"Buyout (LBO, MBO, MBI)",2008-02-04,Trade Sale - Public Company,3,False,,1,0,https://mergr.com/company/12232,2026-09-07T00:00:00Z
970,Madison Dearborn Partners,Illinois,7342,"Cbeyond, Inc.",Communications,"Atlanta, Georgia, United States",2005-01-06,Venture,2005-11-01,IPO,0.8,False,463,0,0,https://mergr.com/company/7342,2026-09-07T00:00:00Z
970,Madison Dearborn Partners,Illinois,30408,Boise Cascade,Building Materials,"Boise, Idaho, United States",2004-07-26,"Buyout (LBO, MBO, MBI)",2013-06-02,IPO,8.8,False,6405,0,0,https://mergr.com/company/30408,2026-09-07T00:00:00Z
970,Madison Dearborn Partners,Illinois,7365,"Pierre Foods, Inc.",Food,"Cincinnati, Ohio, United States",2004-06-30,Stake Purchase,2008-07-15,Bankruptcy,4,False,,0,0,https://mergr.com/company/7365,2026-09-07T00:00:00Z
970,Madison Dearborn Partners,Illinois,7360,Cinemark,Media,"Plano, Texas, United States",2004-03-04,Recapitalization,2007-04-24,IPO,3.1,False,3115,0,0,https://mergr.com/company/7360,2026-09-07T00:00:00Z
970,Madison Dearborn Partners,Illinois,7332,Great Lakes Dredge & Dock,Marine,"Houston, Texas, United States",2003-11-12,Secondary Buyout,2006-12-26,IPO,3.1,False,763,0,0,https://mergr.com/company/7332,2026-09-07T00:00:00Z
970,Madison Dearborn Partners,Illinois,5761,Magellan,Energy Services and Equipment,"Tulsa, Oklahoma, United States",2003-06-01,"Buyout (LBO, MBO, MBI)",2006-02-10,IPO,2.7,False,3200,0,0,https://mergr.com/company/5761,2026-09-07T00:00:00Z
970,Madison Dearborn Partners,Illinois,17326,US Power Generating Co.,Energy Services and Equipment,"Stamford, Connecticut, United States",2003-01-01,Stake Purchase,2010-08-18,Bankruptcy,7.6,False,,0,0,https://mergr.com/company/17326,2026-09-07T00:00:00Z
970,Madison Dearborn Partners,Illinois,216339,Sevita,Healthcare Services,"Edina, Minnesota, United States",2001-01-19,"Buyout (LBO, MBO, MBI)",2006-03-22,Trade Sale - Public Company,5.2,False,1475,1,0,https://mergr.com/company/216339,2026-09-07T00:00:00Z
970,Madison Dearborn Partners,Illinois,25736,LA Fitness International LLC,Consumer Services,"Irvine, California, United States",2001-01-01,Stake Purchase,2015-05-29,Divestiture,14.3,False,,1,0,https://mergr.com/company/25736,2026-09-07T00:00:00Z
970,Madison Dearborn Partners,Illinois,31949,IPLAN LLC,Information Technology,Argentina,2001-01-01,Stake Purchase,,,25.7,True,,0,0,https://mergr.com/company/31949,2026-09-07T00:00:00Z
970,Madison Dearborn Partners,Illinois,7373,Pax Clearing Corp.,Financial Services,"Chicago, Illinois, United States",2000-09-12,Stake Purchase,2005-04-29,Divestiture,4.6,False,,0,0,https://mergr.com/company/7373,2026-09-07T00:00:00Z
970,Madison Dearborn Partners,Illinois,6004,"MetroPCS Communications, Inc.",Communications,"Richardson, Texas, United States",2000-07-01,"Buyout (LBO, MBO, MBI)",2007-04-24,IPO,6.8,False,,0,0,https://mergr.com/company/6004,2026-09-07T00:00:00Z
970,Madison Dearborn Partners,Illinois,7375,"PeopleFirst, Inc.",Financial Services,"San Diego, California, United States",2000-03-14,Venture,2001-09-21,Divestiture,1.5,False,,0,0,https://mergr.com/company/7375,2026-09-07T00:00:00Z
970,Madison Dearborn Partners,Illinois,22073,PAETEC Holdings,Communications,"Fairport, New York, United States",2000-02-10,Growth Capital,2007-02-28,IPO,7,False,,1,0,https://mergr.com/company/22073,2026-09-07T00:00:00Z
970,Madison Dearborn Partners,Illinois,17049,MessageLabs Group Ltd.,Internet Software and Services,"Gloucester, United Kingdom",2000-01-01,Venture,2008-11-17,Divestiture,8.8,False,,0,0,https://mergr.com/company/17049,2026-09-07T00:00:00Z
970,Madison Dearborn Partners,Illinois,7340,Stericycle,Environmental,"Bannockburn, Illinois, United States",1999-08-16,Stake Purchase,,,27,True,2659,9,5,https://mergr.com/company/7340,2026-09-07T00:00:00Z
970,Madison Dearborn Partners,Illinois,7362,"Family Christian Stores, Inc.",Retail,"Grand Rapids, Michigan, United States",1999-03-15,"Buyout (LBO, MBO, MBI)",,,27.4,True,,0,0,https://mergr.com/company/7362,2026-09-07T00:00:00Z
970,Madison Dearborn Partners,Illinois,17980,Team Health,Staffing,"Knoxville, Tennessee, United States",1999-03-12,"Buyout (LBO, MBO, MBI)",2005-10-12,Trade Sale - Public Company,6.6,False,3597,1,0,https://mergr.com/company/17980,2026-09-07T00:00:00Z
970,Madison Dearborn Partners,Illinois,7366,"Ruth's Chris Steak House, Inc.",Restaurants,"Metairie, Louisiana, United States",1999-01-01,Stake Purchase,,,27.7,True,,0,0,https://mergr.com/company/7366,2026-09-07T00:00:00Z
970,Madison Dearborn Partners,Illinois,7336,Milnot Holding Corp.,Food,"St. Louis, Missouri, United States",1998-08-10,Divestiture,2005-10-11,Divestiture,7.2,False,,0,0,https://mergr.com/company/7336,2026-09-07T00:00:00Z
970,Madison Dearborn Partners,Illinois,22477,"WNP Communications, Inc.",Communications,"Earlysville, Virginia, United States",1998-01-01,"Buyout (LBO, MBO, MBI)",1999-01-18,Divestiture,1,False,,0,0,https://mergr.com/company/22477,2026-09-07T00:00:00Z
970,Madison Dearborn Partners,Illinois,7355,Reiman Holding Company LLC,Publishing,"Greendale, Wisconsin, United States",1998-01-01,Recapitalization,2002-05-22,Divestiture,4.3,False,,0,0,https://mergr.com/company/7355,2026-09-07T00:00:00Z
970,Madison Dearborn Partners,Illinois,7363,"National Wholesale Liquidators, Inc.",Retail,"West Hempstead, New York, United States",1998-01-01,"Buyout (LBO, MBO, MBI)",2008-11-10,Bankruptcy,10.8,False,,0,0,https://mergr.com/company/7363,2026-09-07T00:00:00Z
970,Madison Dearborn Partners,Illinois,7368,Tuesday Morning,Retail,"Dallas, Texas, United States",1997-08-15,"Buyout (LBO, MBO, MBI)",1999-04-22,IPO,1.7,False,750,0,0,https://mergr.com/company/7368,2026-09-07T00:00:00Z
828,Adams Street Partners,Illinois,297609,Greenwood Industries,Construction,"Worcester, Massachusetts, United States",2025-05-08,"Buyout (LBO, MBO, MBI)",,,1.3,True,,3,0,https://mergr.com/company/297609,2026-09-07T00:00:00Z
828,Adams Street Partners,Illinois,292917,Poolside,Software,"San Francisco, California, United States",2024-10-02,Growth Capital,,,1.9,True,,5,0,https://mergr.com/company/292917,2026-09-07T00:00:00Z
828,Adams Street Partners,Illinois,297213,Mineralys,Life Science,"Radnor, Pennsylvania, United States",2022-06-08,Venture,2023-02-09,IPO,0.7,False,85,0,0,https://mergr.com/company/297213,2026-09-07T00:00:00Z
828,Adams Street Partners,Illinois,297195,Dremio,Software,"Austin, California, United States",2022-01-25,Venture,2026-05-04,Divestiture,4.3,False,,0,0,https://mergr.com/company/297195,2026-09-07T00:00:00Z
828,Adams Street Partners,Illinois,230750,Goettl Air Conditioning & Plumbing,Business Services,"Las Vegas, Nevada, United States",2021-12-10,Recapitalization,,,4.7,True,,0,0,https://mergr.com/company/230750,2026-09-07T00:00:00Z
828,Adams Street Partners,Illinois,297218,Orca Security,Internet Software and Services,"Portland, Oregon, United States",2021-10-06,Venture,,,4.9,True,,0,0,https://mergr.com/company/297218,2026-09-07T00:00:00Z
828,Adams Street Partners,Illinois,297215,Nomad Health,Software,"New York City, New York, United States",2021-09-21,Venture,,,4.9,True,,0,0,https://mergr.com/company/297215,2026-09-07T00:00:00Z
828,Adams Street Partners,Illinois,297246,Reify Health,Internet Software and Services,"Boston, Massachusetts, United States",2021-08-10,Venture,,,5,True,,0,0,https://mergr.com/company/297246,2026-09-07T00:00:00Z
828,Adams Street Partners,Illinois,297254,Remote,Internet Software and Services,"Amsterdam, United States",2021-07-23,Venture,,,5.1,True,,2,0,https://mergr.com/company/297254,2026-09-07T00:00:00Z
828,Adams Street Partners,Illinois,297339,Iterable,Internet Software and Services,"San Francisco, California, United States",2021-06-16,Venture,,,5.2,True,,0,0,https://mergr.com/company/297339,2026-09-07T00:00:00Z
828,Adams Street Partners,Illinois,289930,Alation,Software,"Redwood City, California, United States",2021-06-03,Venture,,,5.3,True,,2,0,https://mergr.com/company/289930,2026-09-07T00:00:00Z
828,Adams Street Partners,Illinois,275518,ThreatQuotient,Information Technology,"Ashburn, Virginia, United States",2021-04-06,Growth Capital,2025-06-11,Divestiture,4.2,False,,0,0,https://mergr.com/company/275518,2026-09-07T00:00:00Z
828,Adams Street Partners,Illinois,297291,Axonius,Information Technology,"New York City, New York, United States",2021-03-09,Stake Purchase,,,5.4,True,,1,0,https://mergr.com/company/297291,2026-09-07T00:00:00Z
828,Adams Street Partners,Illinois,297238,Redox,Software,"Madison, Wisconsin, United States",2021-02-24,Venture,,,5.5,True,,0,0,https://mergr.com/company/297238,2026-09-07T00:00:00Z
828,Adams Street Partners,Illinois,297181,ClassDojo,Internet Software and Services,"San Francisco, California, United States",2021-02-11,Growth Capital,,,5.5,True,,0,0,https://mergr.com/company/297181,2026-09-07T00:00:00Z
828,Adams Street Partners,Illinois,297165,Abra,Financial Services,"Atlanta, Georgia, United States",2021-01-01,"Buyout (LBO, MBO, MBI)",,,5.7,True,,0,0,https://mergr.com/company/297165,2026-09-07T00:00:00Z
828,Adams Street Partners,Illinois,242372,Accuity Delivery Systems,Information Technology,"Mount Laurel, New Jersey, United States",2020-10-26,Secondary Buyout,,,5.8,True,,0,0,https://mergr.com/company/242372,2026-09-07T00:00:00Z
828,Adams Street Partners,Illinois,295249,Lyra Health,Medical Products,"Burlingame, California, United States",2020-10-06,Growth Capital,,,5.9,True,,2,0,https://mergr.com/company/295249,2026-09-07T00:00:00Z
828,Adams Street Partners,Illinois,276775,Homeward,Real Estate,"Austin, Texas, United States",2020-06-08,Venture,,,6.2,True,,0,0,https://mergr.com/company/276775,2026-09-07T00:00:00Z
828,Adams Street Partners,Illinois,297220,Palvella Therapeutics,Life Science,"Wayne, Pennsylvania, United States",2020-05-28,Venture,,,6.3,True,,0,0,https://mergr.com/company/297220,2026-09-07T00:00:00Z
828,Adams Street Partners,Illinois,289928,Aircall,Internet Software and Services,"New York City, New York, United States",2020-05-27,Venture,,,6.3,True,,2,0,https://mergr.com/company/289928,2026-09-07T00:00:00Z
828,Adams Street Partners,Illinois,268594,Kamps,Manufacturing,"Grand Rapids, Michigan, United States",2020-01-14,"Buyout (LBO, MBO, MBI)",,,6.6,True,,4,1,https://mergr.com/company/268594,2026-09-07T00:00:00Z
828,Adams Street Partners,Illinois,297293,Epirium Bio,Life Science,"San Diego, California, United States",2019-12-18,Venture,,,6.7,True,,0,0,https://mergr.com/company/297293,2026-09-07T00:00:00Z
828,Adams Street Partners,Illinois,297336,Icosavax,Life Science,"Seattle, Washington, United States",2019-10-03,Venture,2021-08-02,IPO,1.8,False,2,0,0,https://mergr.com/company/297336,2026-09-07T00:00:00Z
828,Adams Street Partners,Illinois,297200,GoCardless,Software,"London, United Kingdom",2019-02-18,Venture,,,7.5,True,,2,0,https://mergr.com/company/297200,2026-09-07T00:00:00Z
828,Adams Street Partners,Illinois,297265,PerimeterX,Internet Software and Services,"San Mateo, California, United States",2019-02-10,Venture,2022-07-27,Spin Off,3.4,False,,0,0,https://mergr.com/company/297265,2026-09-07T00:00:00Z
828,Adams Street Partners,Illinois,204568,Inspira Financial,Financial Services,"Oak Brook, Illinois, United States",2019-01-04,Secondary Buyout,,,7.7,True,,4,0,https://mergr.com/company/204568,2026-09-07T00:00:00Z
828,Adams Street Partners,Illinois,54882,BioAgilytix,Life Science,"Durham, North Carolina, United States",2018-11-02,Secondary Buyout,,,7.8,True,,2,0,https://mergr.com/company/54882,2026-09-07T00:00:00Z
828,Adams Street Partners,Illinois,256645,Arctic Wolf,Internet Software and Services,"Eden Prairie, Minnesota, United States",2018-10-25,Venture,,,7.8,True,,6,0,https://mergr.com/company/256645,2026-09-07T00:00:00Z
828,Adams Street Partners,Illinois,297231,Qpex Biopharma,Life Science,"San Diego, California, United States",2018-10-22,Venture,2023-06-26,Divestiture,4.7,False,,0,0,https://mergr.com/company/297231,2026-09-07T00:00:00Z
828,Adams Street Partners,Illinois,277103,Robinhood,Financial Services,"Menlo Park, California, United States",2018-05-10,Venture,2021-07-28,IPO,3.2,False,4473,0,0,https://mergr.com/company/277103,2026-09-07T00:00:00Z
828,Adams Street Partners,Illinois,261169,Alula,Safety/Security,"St. Paul, Minnesota, United States",2018-03-14,Consolidation,2023-10-02,Spin Off,5.5,False,,1,0,https://mergr.com/company/261169,2026-09-07T00:00:00Z
828,Adams Street Partners,Illinois,42321,Cofense,Internet Software and Services,"Arlington, Virginia, United States",2018-02-27,Secondary Buyout,,,8.5,True,,1,0,https://mergr.com/company/42321,2026-09-07T00:00:00Z
828,Adams Street Partners,Illinois,248187,Partner Therapeutics,Life Science,"Lexington, Massachusetts, United States",2018-02-01,Venture,,,8.6,True,,1,0,https://mergr.com/company/248187,2026-09-07T00:00:00Z
828,Adams Street Partners,Illinois,211788,Window Nation,Building Materials,"Fulton, Maryland, United States",2018-01-16,Recapitalization,2021-07-17,Trade Sale - Public Company,3.5,False,,0,0,https://mergr.com/company/211788,2026-09-07T00:00:00Z
828,Adams Street Partners,Illinois,247033,VillageMD,Healthcare Services,"Chicago, Illinois, United States",2018-01-04,Growth Capital,,,8.7,True,,12,2,https://mergr.com/company/247033,2026-09-07T00:00:00Z
828,Adams Street Partners,Illinois,297349,Actium Health,Software,"Palo Alto, California, United States",2018-01-01,Venture,2024-03-20,Divestiture,6.2,False,,0,0,https://mergr.com/company/297349,2026-09-07T00:00:00Z
828,Adams Street Partners,Illinois,297329,Callisto Media,Publishing,"Emeryville, California, United States",2018-01-01,"Buyout (LBO, MBO, MBI)",2023-05-09,Divestiture,5.3,False,,0,0,https://mergr.com/company/297329,2026-09-07T00:00:00Z
828,Adams Street Partners,Illinois,297287,Atox Bio,Life Science,"Durham, North Carolina, United States",2017-12-04,Growth Capital,,,8.8,True,,0,0,https://mergr.com/company/297287,2026-09-07T00:00:00Z
828,Adams Street Partners,Illinois,229404,US Med-Equip,Business Services,"Houston, Texas, United States",2017-11-29,Growth Capital,,,8.8,True,,3,0,https://mergr.com/company/229404,2026-09-07T00:00:00Z
828,Adams Street Partners,Illinois,263283,Outpost Medicine,Life Science,"Indianapolis, Indiana, United States",2017-11-15,Venture,,,8.8,True,,0,0,https://mergr.com/company/263283,2026-09-07T00:00:00Z
828,Adams Street Partners,Illinois,219143,Vacasa,Leisure,"Portland, Oregon, United States",2017-10-17,Venture,2021-12-07,IPO,4.1,False,1118,4,0,https://mergr.com/company/219143,2026-09-07T00:00:00Z
828,Adams Street Partners,Illinois,297209,Lever,Software,"San Francisco, California, United States",2017-07-19,Venture,2022-08-05,Divestiture,5,False,,0,0,https://mergr.com/company/297209,2026-09-07T00:00:00Z
828,Adams Street Partners,Illinois,297346,Solera Health,Internet Software and Services,"Phoenix, Arizona, United States",2017-07-12,Venture,,,9.1,True,,0,0,https://mergr.com/company/297346,2026-09-07T00:00:00Z
828,Adams Street Partners,Illinois,297175,Cirius Therapeutics,Life Science,"Grand Rapids, Michigan, United States",2017-04-11,Venture,,,9.3,True,,0,0,https://mergr.com/company/297175,2026-09-07T00:00:00Z
828,Adams Street Partners,Illinois,273748,Fusion Pharmaceuticals,Life Science,"Hamilton, Ontario, Canada",2017-02-23,Venture,2020-06-26,IPO,3.3,False,,0,0,https://mergr.com/company/273748,2026-09-07T00:00:00Z
828,Adams Street Partners,Illinois,305674,WelbeHealth,Consumer Services,"Covina, California, United States",2017-02-08,Venture,,,9.5,True,,0,0,https://mergr.com/company/305674,2026-09-07T00:00:00Z
828,Adams Street Partners,Illinois,282971,Included Health,Healthcare Services,"San Francisco, California, United States",2017-01-01,Growth Capital,,,9.7,True,,3,0,https://mergr.com/company/282971,2026-09-07T00:00:00Z
828,Adams Street Partners,Illinois,232246,Sauce Labs,Internet Software and Services,"San Francisco, California, United States",2016-11-15,Venture,,,9.8,True,,2,0,https://mergr.com/company/232246,2026-09-07T00:00:00Z
828,Adams Street Partners,Illinois,297319,Aptinyx,Life Science,"Evanston, Illinois, United States",2016-05-10,Venture,2018-06-25,IPO,2.1,False,2,0,0,https://mergr.com/company/297319,2026-09-07T00:00:00Z
828,Adams Street Partners,Illinois,57682,Skybox Security,Information Technology,"San Francisco, California, United States",2016-02-03,Secondary Buyout,2025-02-24,Divestiture,9,False,,0,0,https://mergr.com/company/57682,2026-09-07T00:00:00Z
828,Adams Street Partners,Illinois,264639,Groundworks,Construction,"Virginia Beach, Virginia, United States",2016-01-01,Consolidation,,,10.7,True,,33,2,https://mergr.com/company/264639,2026-09-07T00:00:00Z
828,Adams Street Partners,Illinois,297269,Orbus Therapeutics,Life Science,"Menlo Park, California, United States",2015-08-19,Venture,,,11,True,,0,0,https://mergr.com/company/297269,2026-09-07T00:00:00Z
828,Adams Street Partners,Illinois,184445,Smule,Internet Software and Services,"Salt Lake City, California, United States",2015-04-24,Venture,,,11.3,True,,0,0,https://mergr.com/company/184445,2026-09-07T00:00:00Z
828,Adams Street Partners,Illinois,297350,Yeahka,Internet Software and Services,"Shenzhen, China",2015-01-01,Venture,2020-06-01,IPO,5.4,False,398,0,0,https://mergr.com/company/297350,2026-09-07T00:00:00Z
828,Adams Street Partners,Illinois,189712,Maxwell Health,Internet Software and Services,"New York, New York, United States",2014-12-04,Venture,2018-06-04,Divestiture,3.5,False,,0,0,https://mergr.com/company/189712,2026-09-07T00:00:00Z
828,Adams Street Partners,Illinois,202710,BoomTown,Internet Software and Services,"Charleston, South Carolina, United States",2014-09-04,Growth Capital,2023-01-20,Divestiture,8.3,False,,0,0,https://mergr.com/company/202710,2026-09-07T00:00:00Z
828,Adams Street Partners,Illinois,204725,Human Security,Information Technology,"New York City, New York, United States",2014-06-24,Venture,,,12.2,True,,1,0,https://mergr.com/company/204725,2026-09-07T00:00:00Z
828,Adams Street Partners,Illinois,204030,"ThreatMetrix, Inc.",Software,"San Jose, California, United States",2014-05-27,Venture,,,12.3,True,,0,0,https://mergr.com/company/204030,2026-09-07T00:00:00Z
828,Adams Street Partners,Illinois,203142,ProNAi Therapeutics,Information Technology,"Vancouver, British Columbia, Canada",2014-04-21,Venture,,,12.3,True,,0,0,https://mergr.com/company/203142,2026-09-07T00:00:00Z
828,Adams Street Partners,Illinois,200673,"Boundary, Inc.",Software,"Mountain View, California, United States",2014-04-03,Venture,2015-08-18,Divestiture,1.3,False,,0,0,https://mergr.com/company/200673,2026-09-07T00:00:00Z
828,Adams Street Partners,Illinois,202771,Mintigo,Internet Software and Services,"San Mateo, California, United States",2013-10-17,Venture,2019-08-28,Divestiture,5.8,False,,0,0,https://mergr.com/company/202771,2026-09-07T00:00:00Z
828,Adams Street Partners,Illinois,202735,Couchbase,Software,"Santa Clara, California, United States",2013-08-28,Venture,2021-07-21,IPO,7.8,False,209,0,0,https://mergr.com/company/202735,2026-09-07T00:00:00Z
828,Adams Street Partners,Illinois,202722,CareCloud Corp.,Internet Software and Services,"Miami, Florida, United States",2013-08-15,Venture,2020-01-08,Divestiture,6.3,False,,0,0,https://mergr.com/company/202722,2026-09-07T00:00:00Z
828,Adams Street Partners,Illinois,68118,Visier,Internet Software and Services,"Vancouver, British Columbia, Canada",2013-05-30,Venture,,,13.3,True,,2,0,https://mergr.com/company/68118,2026-09-07T00:00:00Z
828,Adams Street Partners,Illinois,202699,"Atlantis Computing, Inc.",Software,"Mountain View, California, United States",2013-05-15,Venture,2017-07-27,Divestiture,4.2,False,,0,0,https://mergr.com/company/202699,2026-09-07T00:00:00Z
828,Adams Street Partners,Illinois,218422,Craftsy,Internet Software and Services,"Denver, Colorado, United States",2013-01-01,Venture,2017-05-10,Divestiture,4.3,False,,0,0,https://mergr.com/company/218422,2026-09-07T00:00:00Z
828,Adams Street Partners,Illinois,36729,ServiceMax,Software,"Pleasanton, California, United States",2012-12-17,Venture,2016-11-14,Divestiture,3.8,False,,0,0,https://mergr.com/company/36729,2026-09-07T00:00:00Z
828,Adams Street Partners,Illinois,6833,Barracuda Networks,Internet Software and Services,"Campbell, California, United States",2012-10-03,Recapitalization,2013-11-06,IPO,1.1,False,277,1,0,https://mergr.com/company/6833,2026-09-07T00:00:00Z
828,Adams Street Partners,Illinois,5883,Vitalyst,Information Technology,"Bala Cynwyd, Pennsylvania, United States",2012-09-06,Secondary Buyout,2022-02-01,Divestiture,9.3,False,,0,0,https://mergr.com/company/5883,2026-09-07T00:00:00Z
828,Adams Street Partners,Illinois,50642,Snow Software,Software,"Solna, Sweden",2012-08-27,Growth Capital,2023-11-28,Divestiture,11.3,False,13,2,0,https://mergr.com/company/50642,2026-09-07T00:00:00Z
828,Adams Street Partners,Illinois,36941,MyHealthTeam,Internet Software and Services,"San Francisco, California, United States",2012-08-14,Venture,2025-01-07,Divestiture,12.3,False,,0,0,https://mergr.com/company/36941,2026-09-07T00:00:00Z
828,Adams Street Partners,Illinois,68130,TeleSign Corp.,Software,"Marina del Rey, California, United States",2012-07-13,Venture,2017-04-25,Divestiture,4.8,False,,1,0,https://mergr.com/company/68130,2026-09-07T00:00:00Z
828,Adams Street Partners,Illinois,202761,LogRythm,Software,"Boulder, Colorado, United States",2012-06-28,Venture,,,14.2,True,,1,0,https://mergr.com/company/202761,2026-09-07T00:00:00Z
828,Adams Street Partners,Illinois,202745,Identity Digital,Internet Software and Services,"Bellevue, Washington, United States",2012-01-01,Venture,2018-09-05,Trade Sale - Public Company,6.7,False,,1,0,https://mergr.com/company/202745,2026-09-07T00:00:00Z
828,Adams Street Partners,Illinois,36981,"Rempex Pharmaceuticals, Inc.",Medical Products,"San Diego, California, United States",2011-11-09,Growth Capital,2013-12-04,Divestiture,2,False,,0,0,https://mergr.com/company/36981,2026-09-07T00:00:00Z
828,Adams Street Partners,Illinois,12803,"Pivot Medical, Inc.",Medical Products,"Sunnyvale, California, United States",2011-11-08,Venture,2014-03-07,Divestiture,2.3,False,,0,0,https://mergr.com/company/12803,2026-09-07T00:00:00Z
828,Adams Street Partners,Illinois,36917,MATRIXX Software,Software,"Foster City, California, United States",2011-10-11,Venture,2025-12-23,Divestiture,14.2,False,,0,0,https://mergr.com/company/36917,2026-09-07T00:00:00Z
828,Adams Street Partners,Illinois,200424,magicJack,Communications,"West Palm Beach, Florida, United States",2011-09-01,Stake Purchase,,,15,True,97,1,0,https://mergr.com/company/200424,2026-09-07T00:00:00Z
828,Adams Street Partners,Illinois,36957,"Naurex, Inc.",Life Science,"Evanston, Illinois, United States",2011-05-11,Venture,2015-08-31,Divestiture,4.3,False,,0,0,https://mergr.com/company/36957,2026-09-07T00:00:00Z
828,Adams Street Partners,Illinois,37025,Spiceworks,Software,"Austin, Texas, United States",2011-04-29,Venture,2019-09-19,Divestiture,8.3,False,,0,0,https://mergr.com/company/37025,2026-09-07T00:00:00Z
828,Adams Street Partners,Illinois,29760,"Damballa, Inc.",Technology Hardware,"Atlanta, Georgia, United States",2011-02-01,Venture,,,15.6,True,,0,0,https://mergr.com/company/29760,2026-09-07T00:00:00Z
828,Adams Street Partners,Illinois,202749,Five9,Software,"San Ramon, California, United States",2011-01-19,Venture,2014-04-03,IPO,3.2,False,1149,0,0,https://mergr.com/company/202749,2026-09-07T00:00:00Z
828,Adams Street Partners,Illinois,24194,Solaria,Renewable Energy,"Fremont, California, United States",2010-09-08,Venture,,,15.9,True,,0,0,https://mergr.com/company/24194,2026-09-07T00:00:00Z
828,Adams Street Partners,Illinois,24192,"Hightail, Inc.",Internet Software and Services,"Campbell, California, United States",2010-08-17,Venture,2018-02-14,Divestiture,7.4,False,,4,0,https://mergr.com/company/24192,2026-09-07T00:00:00Z
828,Adams Street Partners,Illinois,166249,"Incline Therapeutics, Inc.",Medical Products,"Redwood City, California, United States",2010-06-21,Venture,2013-01-07,Divestiture,2.5,False,,1,0,https://mergr.com/company/166249,2026-09-07T00:00:00Z
828,Adams Street Partners,Illinois,25707,DolEx Dollar Express,Financial Services,"Arlington, Texas, United States",2010-05-26,Divestiture,2020-01-27,Unknown,9.7,False,,0,0,https://mergr.com/company/25707,2026-09-07T00:00:00Z
828,Adams Street Partners,Illinois,25777,Amonix,Renewable Energy,"Seal Beach, California, United States",2010-04-21,Venture,2014-06-01,Divestiture,4.1,False,,0,0,https://mergr.com/company/25777,2026-09-07T00:00:00Z
828,Adams Street Partners,Illinois,21025,"Accretive Solutions, Inc.",Business Services,"Chicago, Illinois, United States",2010-04-14,Recapitalization,2017-11-01,Divestiture,7.5,False,,1,0,https://mergr.com/company/21025,2026-09-07T00:00:00Z
828,Adams Street Partners,Illinois,24190,"WebVisible, Inc.",Software,"Playa Vista, California, United States",2010-02-16,Venture,2012-01-23,Divestiture,1.9,False,,0,0,https://mergr.com/company/24190,2026-09-07T00:00:00Z
828,Adams Street Partners,Illinois,6409,"Convio, Inc.",Software,"Austin, Texas, United States",2010-01-24,Growth Capital,2012-05-07,Divestiture,2.3,False,,0,0,https://mergr.com/company/6409,2026-09-07T00:00:00Z
828,Adams Street Partners,Illinois,25772,Zynga,Digital Media,"San Francisco, California, United States",2009-11-01,Venture,2011-12-16,IPO,2.1,False,1975,6,0,https://mergr.com/company/25772,2026-09-07T00:00:00Z
828,Adams Street Partners,Illinois,36973,RadiumOne,Digital Media,"San Francisco, California, United States",2009-10-01,Venture,2017-06-26,Trade Sale - Public Company,7.7,False,141,1,0,https://mergr.com/company/36973,2026-09-07T00:00:00Z
828,Adams Street Partners,Illinois,6372,"ReVascular Therapeutics, Inc.",Medical Products,"Sunnyvale, California, United States",2009-09-30,Venture,2011-02-15,Divestiture,1.3,False,,0,0,https://mergr.com/company/6372,2026-09-07T00:00:00Z
828,Adams Street Partners,Illinois,6418,Adesto Technologies Corp.,Semiconductors,"Santa Clara, California, United States",2009-09-13,Venture,2015-10-27,IPO,6.1,False,83,1,0,https://mergr.com/company/6418,2026-09-07T00:00:00Z
828,Adams Street Partners,Illinois,24189,Rimini Street,Software,"Las Vegas, Nevada, United States",2009-07-15,"Buyout (LBO, MBO, MBI)",2017-05-16,Sold to Existing Investors,7.8,False,422,0,0,https://mergr.com/company/24189,2026-09-07T00:00:00Z
828,Adams Street Partners,Illinois,14276,"Shred-it International, Inc.",Business Services,"Oakville, Ontario, Canada",2009-06-05,"Buyout (LBO, MBO, MBI)",2015-07-15,Divestiture,6.1,False,,0,0,https://mergr.com/company/14276,2026-09-07T00:00:00Z
828,Adams Street Partners,Illinois,15234,Integral,Internet Software and Services,"Palo Alto, California, United States",2009-06-01,Growth Capital,,,17.3,True,,0,0,https://mergr.com/company/15234,2026-09-07T00:00:00Z
828,Adams Street Partners,Illinois,15229,Neuraltus Pharmaceuticals,Life Science,"Palo Alto,, California, United States",2009-03-01,Venture,,,17.5,True,,0,0,https://mergr.com/company/15229,2026-09-07T00:00:00Z
828,Adams Street Partners,Illinois,6360,Mpex Pharmaceuticals,Life Science,"San Diego, California, United States",2009-02-10,Venture,2011-04-14,Divestiture,2.2,False,,0,0,https://mergr.com/company/6360,2026-09-07T00:00:00Z
