owner_firm_id,owner_firm_name,owner_firm_state,company_id,company_name,sector,location,acquired_date,acquisition_type,exit_date,exit_type,hold_years,is_current,revenue_millions_usd,acquisitions_during_hold,divestitures_during_hold,mergr_url,_fetched_at
6514,5th Century Partners,Illinois,338632,Winners Circle Group of Texas,Healthcare Services,"Houston, Texas, United States",2024-12-10,Growth Capital,,,1.7,True,,0,0,https://mergr.com/company/338632,2026-09-07T00:00:00Z
6514,5th Century Partners,Illinois,328688,My Favorite Therapists,Healthcare Services,"Deerfield Beach, Florida, United States",2024-09-05,Growth Capital,,,2,True,,0,0,https://mergr.com/company/328688,2026-09-07T00:00:00Z
6514,5th Century Partners,Illinois,310381,Perspecta,Information Technology,"Langhorne, Pennsylvania, United States",2023-02-23,"Buyout (LBO, MBO, MBI)",,,3.5,True,,0,0,https://mergr.com/company/310381,2026-09-07T00:00:00Z
6514,5th Century Partners,Illinois,313005,LSL Healthcare,Medical Products,"Niles, Illinois, United States",2022-12-15,"Buyout (LBO, MBO, MBI)",,,3.7,True,,0,0,https://mergr.com/company/313005,2026-09-07T00:00:00Z
6514,5th Century Partners,Illinois,309289,Radon Medical Imaging,Medical Products,"Ona, West Virginia, United States",2022-12-02,"Buyout (LBO, MBO, MBI)",,,3.8,True,,4,0,https://mergr.com/company/309289,2026-09-07T00:00:00Z
6514,5th Century Partners,Illinois,313010,Peace Out,Consumer Products,"San Francisco, California, United States",2022-11-07,Growth Capital,,,3.8,True,,0,0,https://mergr.com/company/313010,2026-09-07T00:00:00Z
6514,5th Century Partners,Illinois,300280,Vital Care Industries,Distribution,"Tinley Park, Illinois, United States",2021-01-05,"Buyout (LBO, MBO, MBI)",,,5.7,True,,0,0,https://mergr.com/company/300280,2026-09-07T00:00:00Z
5528,Agamya Capital,Illinois,255890,WIN Home Inspection,Business Services,"Chicago, Illinois, United States",2018-11-14,"Buyout (LBO, MBO, MBI)",,,7.8,True,,0,0,https://mergr.com/company/255890,2026-09-07T00:00:00Z
837,Alpha Capital Partners,Illinois,4083,Propane Services LLC,Distribution,"Romulus, Michigan, United States",2012-02-01,Recapitalization,,,14.6,True,,0,0,https://mergr.com/company/4083,2026-09-07T00:00:00Z
837,Alpha Capital Partners,Illinois,216003,Stalcop LLC,Metals/Mining,"Thorntown, Indiana, United States",2010-04-01,Recapitalization,,,16.4,True,,0,0,https://mergr.com/company/216003,2026-09-07T00:00:00Z
837,Alpha Capital Partners,Illinois,6651,MachineryLink,Agriculture,"Kansas City, Missouri, United States",2006-12-08,Growth Capital,,,19.7,True,,0,0,https://mergr.com/company/6651,2026-09-07T00:00:00Z
837,Alpha Capital Partners,Illinois,7168,Endres Processing LLC,Food,"Rosemount, Minnesota, United States",2004-04-15,Recapitalization,,,22.3,True,,1,0,https://mergr.com/company/7168,2026-09-07T00:00:00Z
837,Alpha Capital Partners,Illinois,6649,Factory Connection LLC,Retail,"Guntersville, Alabama, United States",2004-04-02,Recapitalization,,,22.4,True,,0,0,https://mergr.com/company/6649,2026-09-07T00:00:00Z
837,Alpha Capital Partners,Illinois,23043,America's Powersports,Automotive,"Allen, Texas, United States",2003-10-01,Venture,2016-06-30,Divestiture,12.7,False,,0,0,https://mergr.com/company/23043,2026-09-07T00:00:00Z
4863,American Working Capital,Illinois,324935,ACTGeo,Construction,"Irvine, California, United States",2021-10-25,Consolidation,,,4.8,True,,2,0,https://mergr.com/company/324935,2026-09-07T00:00:00Z
4863,American Working Capital,Illinois,318893,Salva Terra Holdings,Environmental,"Englewood, Colorado, United States",2020-12-14,Growth Capital,,,5.7,True,,0,0,https://mergr.com/company/318893,2026-09-07T00:00:00Z
4863,American Working Capital,Illinois,270152,Concord Maritime,Business Services,"Stamford, Connecticut, United States",2018-04-18,"Buyout (LBO, MBO, MBI)",,,8.3,True,,0,0,https://mergr.com/company/270152,2026-09-07T00:00:00Z
4863,American Working Capital,Illinois,215150,Medway Air Ambulance,Healthcare Services,"Lawrenceville, Georgia, United States",2015-04-03,Recapitalization,,,11.4,True,,0,0,https://mergr.com/company/215150,2026-09-07T00:00:00Z
4863,American Working Capital,Illinois,270151,NRE,Automotive,"Mount Vernon, Illinois, United States",2014-10-16,Recapitalization,2020-01-01,Trade Sale - Public Company,5.2,False,,0,0,https://mergr.com/company/270151,2026-09-07T00:00:00Z
4863,American Working Capital,Illinois,7673,Mr. Bult's,Transportation,"Burnham, Illinois, United States",2006-05-03,"Buyout (LBO, MBO, MBI)",,,20.3,True,,0,0,https://mergr.com/company/7673,2026-09-07T00:00:00Z
7,Argo Management Group,Illinois,249965,Kivuto Solutions,Software,"Ottawa, Ontario, Canada",2018-03-01,"Buyout (LBO, MBO, MBI)",2023-02-10,Divestiture,4.9,False,,0,0,https://mergr.com/company/249965,2026-09-07T00:00:00Z
7,Argo Management Group,Illinois,291693,FIMC,Financial Services,"Sarasota, Florida, United States",2017-09-01,Growth Capital,,,9,True,,0,0,https://mergr.com/company/291693,2026-09-07T00:00:00Z
7,Argo Management Group,Illinois,248307,ISI Telemanagement Solutions,Software,"Bannockburn, Illinois, United States",2016-09-14,"Buyout (LBO, MBO, MBI)",2026-07-14,Divestiture,9.8,False,,0,0,https://mergr.com/company/248307,2026-09-07T00:00:00Z
7,Argo Management Group,Illinois,214996,Identity Automation,Software,"Houston, Minnesota, United States",2014-08-01,"Buyout (LBO, MBO, MBI)",2025-03-03,Divestiture,10.6,False,,3,0,https://mergr.com/company/214996,2026-09-07T00:00:00Z
7,Argo Management Group,Illinois,103,Hunter MFG,Consumer Products,"Lexington, Kentucky, United States",2005-12-01,"Buyout (LBO, MBO, MBI)",,,20.8,True,,0,0,https://mergr.com/company/103,2026-09-07T00:00:00Z
7,Argo Management Group,Illinois,102,Badger Land Car Wash Equipment & Supplies,Distribution,"Oak Creek, Wisconsin, United States",2005-09-01,"Buyout (LBO, MBO, MBI)",,,21,True,,0,0,https://mergr.com/company/102,2026-09-07T00:00:00Z
6881,Ariel Alternatives,Illinois,333879,Front Line Power Construction,Construction,"Rosharon, Texas, United States",2026-02-18,Growth Capital,,,0.5,True,,0,0,https://mergr.com/company/333879,2026-09-07T00:00:00Z
6881,Ariel Alternatives,Illinois,269831,Groome Industrial Service Group,Business Services,"Denville, New Jersey, United States",2025-09-09,Secondary Buyout,,,0.9,True,,0,0,https://mergr.com/company/269831,2026-09-07T00:00:00Z
6881,Ariel Alternatives,Illinois,252010,My Code,Marketing,"Santa Monica, California, United States",2023-11-30,Secondary Buyout,,,2.8,True,,0,0,https://mergr.com/company/252010,2026-09-07T00:00:00Z
6881,Ariel Alternatives,Illinois,340495,CQ fluency,Business Services,"Hackensack, New Jersey, United States",2023-05-01,"Buyout (LBO, MBO, MBI)",,,3.3,True,,0,0,https://mergr.com/company/340495,2026-09-07T00:00:00Z
6881,Ariel Alternatives,Illinois,17319,Sorenson Communications,Communications,"Salt Lake City, Utah, United States",2022-04-05,"Buyout (LBO, MBO, MBI)",,,4.4,True,,2,0,https://mergr.com/company/17319,2026-09-07T00:00:00Z
3833,Armory Capital,Illinois,336134,Westnet,Safety/Security,"Huntington Beach, California, United States",2023-08-17,"Buyout (LBO, MBO, MBI)",,,3,True,,1,0,https://mergr.com/company/336134,2026-09-07T00:00:00Z
3833,Armory Capital,Illinois,280042,Illinois Foundation Seeds,Agriculture,"Tolono, Illinois, United States",2017-05-19,Growth Capital,,,9.3,True,,1,0,https://mergr.com/company/280042,2026-09-07T00:00:00Z
3833,Armory Capital,Illinois,235116,MicroD,Internet Software and Services,"Charlotte, North Carolina, United States",2016-09-20,Growth Capital,2021-08-31,Divestiture,4.9,False,,1,0,https://mergr.com/company/235116,2026-09-07T00:00:00Z
3833,Armory Capital,Illinois,235111,FE Moran Security Solutions,Technology Hardware,"Champaign, Illinois, United States",2016-01-06,Growth Capital,2020-12-16,Divestiture,4.9,False,,0,0,https://mergr.com/company/235111,2026-09-07T00:00:00Z
3833,Armory Capital,Illinois,131217,Envisage Technologies,Information Technology,"Bloomington, Indiana, United States",2014-10-06,Growth Capital,2021-09-08,Divestiture,6.9,False,,2,0,https://mergr.com/company/131217,2026-09-07T00:00:00Z
3833,Armory Capital,Illinois,176668,Horizon Hobby,Technology Hardware,"Champaign, Illinois, United States",2014-03-05,"Buyout (LBO, MBO, MBI)",,,12.5,True,,0,0,https://mergr.com/company/176668,2026-09-07T00:00:00Z
3833,Armory Capital,Illinois,123305,Jim's Formal Wear,Distribution,"Trenton, Illinois, United States",2012-12-21,"Buyout (LBO, MBO, MBI)",,,13.7,True,,0,0,https://mergr.com/company/123305,2026-09-07T00:00:00Z
3833,Armory Capital,Illinois,14422,Imperial Plastics,Plastics,"Lakeville, Minnesota, United States",2012-07-01,Recapitalization,,,14.2,True,,1,0,https://mergr.com/company/14422,2026-09-07T00:00:00Z
2818,Ashland Capital Partners,Illinois,204897,Metaltec Steel Abrasive,Metals/Mining,"Canton, Michigan, United States",2022-08-10,Recapitalization,,,4,True,,0,0,https://mergr.com/company/204897,2026-09-07T00:00:00Z
2818,Ashland Capital Partners,Illinois,241396,Boccella Precast,Building Materials,"Berlin, New Jersey, United States",2017-07-06,Growth Capital,,,9.2,True,,0,0,https://mergr.com/company/241396,2026-09-07T00:00:00Z
2818,Ashland Capital Partners,Illinois,307118,Gamma Aerospace,Aerospace,"Mansfield, Texas, United States",2017-03-01,"Buyout (LBO, MBO, MBI)",2023-03-02,Trade Sale - Public Company,6,False,,0,0,https://mergr.com/company/307118,2026-09-07T00:00:00Z
2818,Ashland Capital Partners,Illinois,228170,Dedoes Industries,Machinery,"Walled Lake, Michigan, United States",2016-10-10,"Buyout (LBO, MBO, MBI)",,,9.8,True,,0,0,https://mergr.com/company/228170,2026-09-07T00:00:00Z
2818,Ashland Capital Partners,Illinois,65866,Precision Pouches,Consumer Products,"Schiller Park, Illinois, United States",2012-01-01,"Buyout (LBO, MBO, MBI)",2018-03-22,Divestiture,6.2,False,,0,0,https://mergr.com/company/65866,2026-09-07T00:00:00Z
2818,Ashland Capital Partners,Illinois,22994,NAPCO Precast,Building Materials,"San Antonio, Texas, United States",2008-03-12,Recapitalization,,,18.4,True,,0,0,https://mergr.com/company/22994,2026-09-07T00:00:00Z
2818,Ashland Capital Partners,Illinois,13349,Uvalco Supply LLC,Consumer Products,"Uvalde, Texas, United States",2008-01-01,Recapitalization,,,18.7,True,,0,0,https://mergr.com/company/13349,2026-09-07T00:00:00Z
2818,Ashland Capital Partners,Illinois,2980,GMI Group,Manufacturing,"Humble, Texas, United States",2007-01-01,Recapitalization,,,19.7,True,,0,0,https://mergr.com/company/2980,2026-09-07T00:00:00Z
2818,Ashland Capital Partners,Illinois,2993,KBK Industries,Energy Services and Equipment,"The Woodlands, Texas, United States",2006-01-01,Recapitalization,2026-01-09,Divestiture,20,False,,0,0,https://mergr.com/company/2993,2026-09-07T00:00:00Z
2818,Ashland Capital Partners,Illinois,22992,Mid-Columbia Lumber Products,Forest Products,"Culver, Oregon, United States",2006-01-01,Recapitalization,,,20.7,True,,0,0,https://mergr.com/company/22992,2026-09-07T00:00:00Z
6231,Aureus Capital,Illinois,286751,Nocturne Luxury Villas,Real Estate,"Jacksonville, Florida, United States",2021-06-08,Consolidation,2025-03-01,Trade Sale - Public Company,3.7,False,,2,0,https://mergr.com/company/286751,2026-09-07T00:00:00Z
6231,Aureus Capital,Illinois,245983,IMS ExpertServices,Business Services,"Pensacola, Texas, United States",2017-11-29,"Buyout (LBO, MBO, MBI)",2026-04-06,Trade Sale - Public Company,8.3,False,,2,0,https://mergr.com/company/245983,2026-09-07T00:00:00Z
6231,Aureus Capital,Illinois,299843,Industrial Emergency Services,Safety/Security,"Gonzales, Louisiana, United States",2012-07-13,"Buyout (LBO, MBO, MBI)",,,14.1,True,,0,0,https://mergr.com/company/299843,2026-09-07T00:00:00Z
7021,Big Shoulders Capital,Illinois,353388,GLW,Manufacturing,"Detroit, Michigan, United States",2026-07-30,"Buyout (LBO, MBO, MBI)",,,0.1,True,,0,0,https://mergr.com/company/353388,2026-09-07T00:00:00Z
7021,Big Shoulders Capital,Illinois,114005,Design Molded Plastics,Manufacturing,"Macedonia, Ohio, United States",2023-06-15,Secondary Buyout,,,3.2,True,,0,0,https://mergr.com/company/114005,2026-09-07T00:00:00Z
7021,Big Shoulders Capital,Illinois,347045,MOD Interiors,Construction,"Ira Township, Michigan, United States",2023-03-27,"Buyout (LBO, MBO, MBI)",,,3.4,True,,0,0,https://mergr.com/company/347045,2026-09-07T00:00:00Z
7021,Big Shoulders Capital,Illinois,347043,Benda Conveyor Solutions,Machinery,"Tinley Park, Illinois, United States",2022-03-23,"Buyout (LBO, MBO, MBI)",2025-11-04,Divestiture,3.6,False,,0,0,https://mergr.com/company/347043,2026-09-07T00:00:00Z
7021,Big Shoulders Capital,Illinois,176519,Savannah Industrial Solutions,Machinery,"Savannah, Tennessee, United States",2019-11-12,Divestiture,,,6.8,True,,0,0,https://mergr.com/company/176519,2026-09-07T00:00:00Z
5681,Birch Lake Holdings,Illinois,260686,FLI Charge,Electrical Equipment,"Lake Forest, Illinois, United States",2019-05-07,"Buyout (LBO, MBO, MBI)",,,7.3,True,,0,0,https://mergr.com/company/260686,2026-09-07T00:00:00Z
3013,Bixby Bridge Capital,Illinois,39445,GAMO Outdoor,Consumer Products,"Rogers, Arkansas, United States",2013-08-02,Secondary Buyout,,,13.1,True,,1,0,https://mergr.com/company/39445,2026-09-07T00:00:00Z
1890,Bosworth Capital Partners,Illinois,333273,Green Garden Group,Business Services,"Western Springs, Illinois, United States",2021-01-01,"Buyout (LBO, MBO, MBI)",,,5.7,True,,0,0,https://mergr.com/company/333273,2026-09-07T00:00:00Z
1890,Bosworth Capital Partners,Illinois,333274,Driver Industrial Safety,Manufacturing,"Phoenix, Arizona, United States",2021-01-01,"Buyout (LBO, MBO, MBI)",,,5.7,True,,0,0,https://mergr.com/company/333274,2026-09-07T00:00:00Z
1890,Bosworth Capital Partners,Illinois,333270,LiftNet,Information Technology,"Cicero, Illinois, United States",2020-01-01,"Buyout (LBO, MBO, MBI)",,,6.7,True,,0,0,https://mergr.com/company/333270,2026-09-07T00:00:00Z
1890,Bosworth Capital Partners,Illinois,307151,ePac Flexible Packaging,Packaging,"Austin, Texas, United States",2017-11-30,Stake Purchase,2026-01-15,Trade Sale,8.1,False,,1,0,https://mergr.com/company/307151,2026-09-07T00:00:00Z
1890,Bosworth Capital Partners,Illinois,333266,Coastal Painting & Concrete Restoration,Building Materials,"Fort Lauderdale, Florida, United States",2016-01-01,"Buyout (LBO, MBO, MBI)",,,10.7,True,,0,0,https://mergr.com/company/333266,2026-09-07T00:00:00Z
1890,Bosworth Capital Partners,Illinois,322139,LAW Publications,Publishing,"Lewisville, Texas, United States",2016-01-01,"Buyout (LBO, MBO, MBI)",,,10.7,True,,0,0,https://mergr.com/company/322139,2026-09-07T00:00:00Z
1890,Bosworth Capital Partners,Illinois,214304,FMT Solutions,Education,"Beaverton, Oregon, United States",2015-07-01,Growth Capital,2019-01-25,Trade Sale - Public Company,3.5,False,,0,0,https://mergr.com/company/214304,2026-09-07T00:00:00Z
1890,Bosworth Capital Partners,Illinois,202473,Krueger-Gilbert Health Physics,Healthcare Services,"Towson, Maryland, United States",2014-01-01,Growth Capital,2019-05-07,Divestiture,5.3,False,,0,0,https://mergr.com/company/202473,2026-09-07T00:00:00Z
1890,Bosworth Capital Partners,Illinois,79861,Rod and Tubing Services,Energy Services and Equipment,"Dallas, Texas, United States",2013-01-01,Growth Capital,2019-12-16,Trade Sale - Public Company,6.9,False,,1,0,https://mergr.com/company/79861,2026-09-07T00:00:00Z
1890,Bosworth Capital Partners,Illinois,27607,"Midwest Supplies, Inc.",Retail,"Minneapolis, Minnesota, United States",2011-02-20,Growth Capital,2016-10-14,Spin Off,5.6,False,,0,0,https://mergr.com/company/27607,2026-09-07T00:00:00Z
1890,Bosworth Capital Partners,Illinois,1452,Reusability,Business Services,"El Segundo, California, United States",2004-01-01,Recapitalization,2018-09-13,Trade Sale - Public Company,14.7,False,,0,0,https://mergr.com/company/1452,2026-09-07T00:00:00Z
2245,Bounds Equity Partners,Illinois,253945,EastPoint Sports,Consumer Products,"Succasunna, New Jersey, United States",2018-09-05,"Buyout (LBO, MBO, MBI)",2023-03-13,Spin Off,4.5,False,,1,0,https://mergr.com/company/253945,2026-09-07T00:00:00Z
2245,Bounds Equity Partners,Illinois,228784,Thermo-Tech Windows and Doors LLC,Building Materials,"Sauk Rapids, Minnesota, United States",2015-11-09,"Buyout (LBO, MBO, MBI)",2018-03-19,Divestiture,2.3,False,,0,0,https://mergr.com/company/228784,2026-09-07T00:00:00Z
2245,Bounds Equity Partners,Illinois,35113,L&S Mechanical,Construction,"Richardson, Texas, United States",2013-11-13,Growth Capital,2021-09-02,Trade Sale - Public Company,7.8,False,,0,0,https://mergr.com/company/35113,2026-09-07T00:00:00Z
2245,Bounds Equity Partners,Illinois,49409,Clad Rex,Manufacturing,"Franklin Park, Illinois, United States",2012-12-01,"Buyout (LBO, MBO, MBI)",2016-12-22,Trade Sale - Public Company,4,False,,0,0,https://mergr.com/company/49409,2026-09-07T00:00:00Z
2245,Bounds Equity Partners,Illinois,31245,Illinois Glassworks LLC (dba GlassWorks),Construction,"Glenview, Illinois, United States",2011-05-31,"Buyout (LBO, MBO, MBI)",2015-01-26,Divestiture,3.6,False,,0,0,https://mergr.com/company/31245,2026-09-07T00:00:00Z
2245,Bounds Equity Partners,Illinois,30983,Beacon Promotions,Consumer Products,"New Ulm, Minnesota, United States",2011-03-01,"Buyout (LBO, MBO, MBI)",2017-01-24,Divestiture,5.8,False,,1,0,https://mergr.com/company/30983,2026-09-07T00:00:00Z
2245,Bounds Equity Partners,Illinois,26765,Evolution Lighting,Electrical Equipment,"Miami, Florida, United States",2010-06-01,"Buyout (LBO, MBO, MBI)",,,16.3,True,,2,0,https://mergr.com/company/26765,2026-09-07T00:00:00Z
2245,Bounds Equity Partners,Illinois,20075,Plumbing Master Services,Consumer Services,"Riverside, California, United States",2009-10-19,"Buyout (LBO, MBO, MBI)",,,16.8,True,,0,0,https://mergr.com/company/20075,2026-09-07T00:00:00Z
2245,Bounds Equity Partners,Illinois,31247,U.S. Builder Services LLC,Construction,"Richardson, Texas, United States",2006-03-21,"Buyout (LBO, MBO, MBI)",,,20.4,True,,2,0,https://mergr.com/company/31247,2026-09-07T00:00:00Z
2245,Bounds Equity Partners,Illinois,18319,CrossCom,Information Technology,"Buffalo Grove, Illinois, United States",2004-11-02,Recapitalization,,,21.8,True,,0,0,https://mergr.com/company/18319,2026-09-07T00:00:00Z
2245,Bounds Equity Partners,Illinois,4735,Sportcraft Ltd.,Consumer Products,"Budd Lake, New Jersey, United States",2001-08-08,"Buyout (LBO, MBO, MBI)",2003-10-02,Trade Sale - Public Company,2.1,False,,0,0,https://mergr.com/company/4735,2026-09-07T00:00:00Z
1932,CM Acquisitions,Illinois,248659,Color Communications,Chemicals,"Chicago, Illinois, United States",2016-10-01,"Buyout (LBO, MBO, MBI)",,,9.9,True,,0,0,https://mergr.com/company/248659,2026-09-07T00:00:00Z
1932,CM Acquisitions,Illinois,27179,Prestress Engineering Co. LLC,Construction,"Prairie Grove, Illinois, United States",2010-03-01,"Buyout (LBO, MBO, MBI)",2013-10-03,Divestiture,3.6,False,,0,0,https://mergr.com/company/27179,2026-09-07T00:00:00Z
1932,CM Acquisitions,Illinois,27180,ABP Induction Systems GmbH,Machinery,"Dortmund, Germany",2005-01-01,"Buyout (LBO, MBO, MBI)",2011-01-01,Trade Sale - Public Company,6,False,,0,0,https://mergr.com/company/27180,2026-09-07T00:00:00Z
1932,CM Acquisitions,Illinois,34493,"Pillar Induction Co., LLC",Business Services,"Brookfield, Wisconsin, United States",2003-02-01,"Buyout (LBO, MBO, MBI)",2008-06-01,Merger,5.3,False,,0,0,https://mergr.com/company/34493,2026-09-07T00:00:00Z
1932,CM Acquisitions,Illinois,27181,"Plasma Coatings, Inc.",Chemicals,"Waterbury, Connecticut, United States",2003-01-01,"Buyout (LBO, MBO, MBI)",2014-07-12,Divestiture,11.5,False,,0,0,https://mergr.com/company/27181,2026-09-07T00:00:00Z
1932,CM Acquisitions,Illinois,27178,American Roller Company,Manufacturing,"Union Grove, Wisconsin, United States",2001-12-22,"Buyout (LBO, MBO, MBI)",2019-02-21,Trade Sale - Public Company,17.1,False,,1,0,https://mergr.com/company/27178,2026-09-07T00:00:00Z
1243,Caffery Capital Partners,Illinois,1927,Capco,Building Materials,"Denver, Colorado, United States",2006-07-01,"Buyout (LBO, MBO, MBI)",2015-11-04,Divestiture,9.3,False,,0,0,https://mergr.com/company/1927,2026-09-07T00:00:00Z
1243,Caffery Capital Partners,Illinois,10081,Creditors Interchange Receivable Management LLC,Financial Services,"Cheektowaga, New York, United States",2003-07-31,"Buyout (LBO, MBO, MBI)",2012-10-31,Divestiture,9.3,False,,0,0,https://mergr.com/company/10081,2026-09-07T00:00:00Z
1243,Caffery Capital Partners,Illinois,10079,Benchmark Products,Distribution,"Lincolnshire, Illinois, United States",2003-02-07,"Buyout (LBO, MBO, MBI)",,,23.6,True,,0,0,https://mergr.com/company/10079,2026-09-07T00:00:00Z
1243,Caffery Capital Partners,Illinois,3548,"CoAMS, Inc.",Marketing,"Chicago, Illinois, United States",2002-07-19,"Buyout (LBO, MBO, MBI)",2009-03-26,Trade Sale,6.7,False,,0,0,https://mergr.com/company/3548,2026-09-07T00:00:00Z
7088,Camp Lake Capital,Illinois,351716,LaserGifts,Consumer Products,"Prescott, Arizona, United States",2023-01-11,Recapitalization,,,3.6,True,,0,0,https://mergr.com/company/351716,2026-09-07T00:00:00Z
6195,Capital Concepts Holdings,Illinois,30424,QCC,Manufacturing,"Harwood Heights, Illinois, United States",2021-04-29,Secondary Buyout,,,5.3,True,,0,0,https://mergr.com/company/30424,2026-09-07T00:00:00Z
4995,Caretta Partners,Illinois,223338,cSuite Technologies,Internet Software and Services,"San Francisco, California, United States",2016-07-08,Growth Capital,,,10.1,True,,0,0,https://mergr.com/company/223338,2026-09-07T00:00:00Z
4995,Caretta Partners,Illinois,233070,CircleIT,Information Technology,"Oklahoma City, Oklahoma, United States",2016-04-05,Stake Purchase,,,10.4,True,,0,0,https://mergr.com/company/233070,2026-09-07T00:00:00Z
1992,Castleray Investments,Illinois,28276,"Wolfgang Puck Worldwide, Inc.",Restaurants,"West Hollywood, California, United States",2009-01-01,"Buyout (LBO, MBO, MBI)",,,17.7,True,,0,0,https://mergr.com/company/28276,2026-09-07T00:00:00Z
1992,Castleray Investments,Illinois,28277,Pro-gard Products,Manufacturing,"Noblesville, Indiana, United States",2008-01-01,"Buyout (LBO, MBO, MBI)",2026-07-01,Divestiture,18.5,False,,0,0,https://mergr.com/company/28277,2026-09-07T00:00:00Z
1992,Castleray Investments,Illinois,28270,CIRS,Medical Products,"Norfolk, Virginia, United States",2007-10-01,Recapitalization,2021-11-11,Divestiture,14.1,False,,0,0,https://mergr.com/company/28270,2026-09-07T00:00:00Z
6213,Charles Thayne Capital,Illinois,341958,Bluescape,Internet Software and Services,"Chicago, Illinois, United States",2024-06-17,"Buyout (LBO, MBO, MBI)",,,2.2,True,,0,0,https://mergr.com/company/341958,2026-09-07T00:00:00Z
6213,Charles Thayne Capital,Illinois,299707,nClouds,Information Technology,"Salt Lake City, Utah, United States",2022-05-11,"Buyout (LBO, MBO, MBI)",,,4.3,True,,2,0,https://mergr.com/company/299707,2026-09-07T00:00:00Z
6213,Charles Thayne Capital,Illinois,315005,Entrata,Software,"Lehi, Utah, United States",2022-03-24,"Buyout (LBO, MBO, MBI)",,,4.4,True,,2,0,https://mergr.com/company/315005,2026-09-07T00:00:00Z
6213,Charles Thayne Capital,Illinois,285869,Marq,Software,"Draper, Utah, United States",2021-05-27,"Buyout (LBO, MBO, MBI)",,,5.3,True,,0,0,https://mergr.com/company/285869,2026-09-07T00:00:00Z
6213,Charles Thayne Capital,Illinois,309453,Storied,Publishing,"Cedar Rapids, Iowa, United States",2020-10-01,"Buyout (LBO, MBO, MBI)",,,5.9,True,,1,0,https://mergr.com/company/309453,2026-09-07T00:00:00Z
6168,Chicago Capital Partners,Illinois,308509,ABC Stone,Building Materials,"Brooklyn, New York, United States",2025-04-03,Growth Capital,,,1.4,True,,0,0,https://mergr.com/company/308509,2026-09-07T00:00:00Z
6168,Chicago Capital Partners,Illinois,313083,Nickerson,Distribution,"Bay Shore, New York, United States",2022-02-01,"Buyout (LBO, MBO, MBI)",,,4.6,True,,0,0,https://mergr.com/company/313083,2026-09-07T00:00:00Z
6168,Chicago Capital Partners,Illinois,301996,Chocolate Works,Food,"Freeport, New York, United States",2021-06-01,"Buyout (LBO, MBO, MBI)",2023-09-01,Trade Sale - Public Company,2.3,False,,1,0,https://mergr.com/company/301996,2026-09-07T00:00:00Z
6168,Chicago Capital Partners,Illinois,282974,Home Sweet Home,Transportation,"Redondo Beach, California, United States",2021-03-16,"Buyout (LBO, MBO, MBI)",,,5.4,True,,0,0,https://mergr.com/company/282974,2026-09-07T00:00:00Z
6168,Chicago Capital Partners,Illinois,292863,PLCS,Distribution,"Mount Laurel, New Jersey, United States",2017-02-25,"Buyout (LBO, MBO, MBI)",,,9.5,True,,0,0,https://mergr.com/company/292863,2026-09-07T00:00:00Z
6168,Chicago Capital Partners,Illinois,313099,Perx.com,Leisure,"Austin, Texas, United States",2016-11-01,"Buyout (LBO, MBO, MBI)",,,9.8,True,,0,0,https://mergr.com/company/313099,2026-09-07T00:00:00Z
6168,Chicago Capital Partners,Illinois,292866,l.a.Eyeworks,Consumer Products,"Los Angeles, California, United States",2016-01-01,Growth Capital,2019-08-06,Spin Off,3.6,False,,0,0,https://mergr.com/company/292866,2026-09-07T00:00:00Z
6168,Chicago Capital Partners,Illinois,298434,CBC West,Beverages,"Chicago, Illinois, United States",2015-12-01,"Buyout (LBO, MBO, MBI)",2021-06-01,Unknown,5.5,False,,0,0,https://mergr.com/company/298434,2026-09-07T00:00:00Z
6168,Chicago Capital Partners,Illinois,292865,The Optical Foundry,Consumer Products,"Minneapolis, Minnesota, United States",2011-01-01,Recapitalization,,,15.7,True,,1,0,https://mergr.com/company/292865,2026-09-07T00:00:00Z
4946,City Capital Ventures,Illinois,320895,Servpro of Saginaw,Business Services,"Saginaw, Michigan, United States",2023-07-24,Recapitalization,,,3.1,True,,0,0,https://mergr.com/company/320895,2026-09-07T00:00:00Z
4946,City Capital Ventures,Illinois,289138,GreenTech Environmental,Consumer Products,"Johnson City, Tennessee, United States",2021-08-11,"Buyout (LBO, MBO, MBI)",,,5,True,,0,0,https://mergr.com/company/289138,2026-09-07T00:00:00Z
4946,City Capital Ventures,Illinois,310949,Rackson Restaurants,Restaurants,"Bridgewater, New Jersey, United States",2021-01-21,"Buyout (LBO, MBO, MBI)",,,5.6,True,,0,0,https://mergr.com/company/310949,2026-09-07T00:00:00Z
4946,City Capital Ventures,Illinois,258252,Redberry Group,Restaurants,"Mississauga, Ontario, Canada",2019-02-08,"Buyout (LBO, MBO, MBI)",,,7.5,True,,0,0,https://mergr.com/company/258252,2026-09-07T00:00:00Z
4946,City Capital Ventures,Illinois,310943,Feel Good Foods,Food,"New York, New York, United States",2018-04-23,Growth Capital,,,8.3,True,,0,0,https://mergr.com/company/310943,2026-09-07T00:00:00Z
4946,City Capital Ventures,Illinois,219880,Matt's Cookies Co.,Food,"Wheeling, Illinois, United States",2016-05-05,"Buyout (LBO, MBO, MBI)",,,10.3,True,,0,0,https://mergr.com/company/219880,2026-09-07T00:00:00Z
4946,City Capital Ventures,Illinois,219881,Diedrich Roasters,Manufacturing,"Ponderay, Idaho, United States",2016-05-05,"Buyout (LBO, MBO, MBI)",,,10.3,True,,0,0,https://mergr.com/company/219881,2026-09-07T00:00:00Z
4946,City Capital Ventures,Illinois,68574,ProSteel Security Products,Manufacturing,"Provo, Utah, United States",2011-04-11,"Buyout (LBO, MBO, MBI)",,,15.3,True,,0,0,https://mergr.com/company/68574,2026-09-07T00:00:00Z
2313,Cognitive Capital Partners,Illinois,212314,Grand Equipment,Distribution,"Hudsonville, Michigan, United States",2022-06-16,Secondary Buyout,,,4.2,True,,0,0,https://mergr.com/company/212314,2026-09-07T00:00:00Z
2313,Cognitive Capital Partners,Illinois,293275,Gillette Generators,Manufacturing,"Elkhart, Indiana, United States",2021-12-02,Growth Capital,,,4.8,True,,0,0,https://mergr.com/company/293275,2026-09-07T00:00:00Z
2313,Cognitive Capital Partners,Illinois,273832,Thaler Defense Systems,Defense,"Springboro, Ohio, United States",2020-03-26,"Buyout (LBO, MBO, MBI)",,,6.4,True,,0,0,https://mergr.com/company/273832,2026-09-07T00:00:00Z
2313,Cognitive Capital Partners,Illinois,304024,Qal-Tek,Chemicals,"Idaho Falls, Idaho, United States",2019-01-01,"Buyout (LBO, MBO, MBI)",,,7.7,True,,0,0,https://mergr.com/company/304024,2026-09-07T00:00:00Z
2313,Cognitive Capital Partners,Illinois,178813,Tower Engineering Professionals,Engineering,"Raleigh, North Carolina, United States",2014-12-15,Recapitalization,2023-04-12,Trade Sale - Public Company,8.3,False,,1,0,https://mergr.com/company/178813,2026-09-07T00:00:00Z
2313,Cognitive Capital Partners,Illinois,214653,Prospect Mold,Manufacturing,"Cuyahoga Falls, Ohio, United States",2014-07-14,Growth Capital,2020-01-01,Unknown,5.4,False,,0,0,https://mergr.com/company/214653,2026-09-07T00:00:00Z
2313,Cognitive Capital Partners,Illinois,23965,Tooling Tech Group,Machinery,"Fort Loramie, Ohio, United States",2012-02-02,Recapitalization,2012-02-02,Merger,0,False,,0,0,https://mergr.com/company/23965,2026-09-07T00:00:00Z
2313,Cognitive Capital Partners,Illinois,23968,VSA,Marketing,"Chicago, Illinois, United States",2010-11-30,Recapitalization,2010-11-30,Merger,0,False,,0,0,https://mergr.com/company/23968,2026-09-07T00:00:00Z
2313,Cognitive Capital Partners,Illinois,23968,VSA,Marketing,"Chicago, Illinois, United States",2007-08-01,Growth Capital,2010-11-30,Merger,3.3,False,,0,0,https://mergr.com/company/23968,2026-09-07T00:00:00Z
2313,Cognitive Capital Partners,Illinois,23965,Tooling Tech Group,Machinery,"Fort Loramie, Ohio, United States",2006-10-01,Secondary Buyout,2012-02-02,Merger,5.3,False,,1,0,https://mergr.com/company/23965,2026-09-07T00:00:00Z
6164,Cold Bore Capital,Illinois,297539,Regiment Security Partners,Safety/Security,"Yonkers, New York, United States",2021-10-19,Acquisition Financing,,,4.8,True,,0,0,https://mergr.com/company/297539,2026-09-07T00:00:00Z
6164,Cold Bore Capital,Illinois,297728,American Landscaping Partners,Business Services,"Brentwood, Tennessee, United States",2021-01-19,Growth Capital,2023-08-29,Trade Sale - Public Company,2.6,False,,0,0,https://mergr.com/company/297728,2026-09-07T00:00:00Z
6164,Cold Bore Capital,Illinois,276186,Optio Rx,Life Science,"Palm Beach Gardens, Florida, United States",2018-07-23,Growth Capital,,,8.1,True,,0,0,https://mergr.com/company/276186,2026-09-07T00:00:00Z
6759,Continuum Legacy Partners,Illinois,332356,Allied Electric,Business Services,"Walker, Michigan, United States",2025-01-02,"Buyout (LBO, MBO, MBI)",,,1.7,True,,0,0,https://mergr.com/company/332356,2026-09-07T00:00:00Z
805,Crossroads Capital Partners,Illinois,14276,"Shred-it International, Inc.",Business Services,"Oakville, Ontario, Canada",2009-06-05,"Buyout (LBO, MBO, MBI)",2015-07-15,Divestiture,6.1,False,,0,0,https://mergr.com/company/14276,2026-09-07T00:00:00Z
4811,D'Orazio Holdings,Illinois,235382,New Castle Stainless Plate,Metals/Mining,"New Castle, Indiana, United States",2017-01-25,Divestiture,,,9.6,True,,0,0,https://mergr.com/company/235382,2026-09-07T00:00:00Z
4811,D'Orazio Holdings,Illinois,235386,GLM Energy Services,Energy Services and Equipment,"Kenai, Alaska, United States",2016-07-20,"Buyout (LBO, MBO, MBI)",,,10.1,True,,0,0,https://mergr.com/company/235386,2026-09-07T00:00:00Z
4811,D'Orazio Holdings,Illinois,28463,Red Head Brass,Manufacturing,"Shreve, Ohio, United States",2015-12-01,Secondary Buyout,,,10.8,True,,0,0,https://mergr.com/company/28463,2026-09-07T00:00:00Z
1985,DN Partners,Illinois,27981,Net1/ice.net,Communications,"Trondheim, Norway",2012-01-11,Secondary Buyout,2012-01-29,Merger,0,False,,0,0,https://mergr.com/company/27981,2026-09-07T00:00:00Z
1985,DN Partners,Illinois,140409,Target 250 Ltd.,Media,"London, United Kingdom",2009-11-10,Growth Capital,2011-05-13,Trade Sale,1.5,False,,0,0,https://mergr.com/company/140409,2026-09-07T00:00:00Z
1985,DN Partners,Illinois,13902,PrimeCo Personal Communications LLC,Communications,"Itasca, Illinois, United States",2001-07-02,"Buyout (LBO, MBO, MBI)",2002-05-10,Divestiture,0.8,False,,0,0,https://mergr.com/company/13902,2026-09-07T00:00:00Z
1985,DN Partners,Illinois,1564,Country Pure Foods,Food,"Akron, Ohio, United States",1995-01-01,"Buyout (LBO, MBO, MBI)",2010-08-13,Trade Sale - Public Company,15.6,False,,0,0,https://mergr.com/company/1564,2026-09-07T00:00:00Z
4874,DNS Capital,Illinois,320128,LaForce,Building Materials,"Green Bay, Wisconsin, United States",2023-06-01,"Buyout (LBO, MBO, MBI)",,,3.3,True,,0,0,https://mergr.com/company/320128,2026-09-07T00:00:00Z
4874,DNS Capital,Illinois,265282,Velocity Vehicle Group,Automotive,"Whittier, California, United States",2019-07-01,Recapitalization,,,7.2,True,,0,0,https://mergr.com/company/265282,2026-09-07T00:00:00Z
4874,DNS Capital,Illinois,265314,RapidAPI,Internet Software and Services,"San Francisco, California, United States",2019-01-11,Venture,2024-11-13,Divestiture,5.8,False,,1,0,https://mergr.com/company/265314,2026-09-07T00:00:00Z
4874,DNS Capital,Illinois,265317,RedShelf,Distribution,"Chicago, Illinois, United States",2018-10-10,Venture,2025-04-21,Divestiture,6.5,False,,0,0,https://mergr.com/company/265317,2026-09-07T00:00:00Z
4874,DNS Capital,Illinois,31366,KBP Foods,Restaurants,"Overland Park, Kansas, United States",2018-05-17,Secondary Buyout,,,8.3,True,,0,0,https://mergr.com/company/31366,2026-09-07T00:00:00Z
4874,DNS Capital,Illinois,250267,Uptake,Internet Software and Services,"Chicago, Illinois, United States",2017-02-01,Growth Capital,,,9.6,True,,2,0,https://mergr.com/company/250267,2026-09-07T00:00:00Z
4874,DNS Capital,Illinois,265360,Lithko Contracting,Construction,"West Chester, Ohio, United States",2016-03-07,"Buyout (LBO, MBO, MBI)",,,10.5,True,,4,0,https://mergr.com/company/265360,2026-09-07T00:00:00Z
4874,DNS Capital,Illinois,15582,Industrial Magnetics,Electrical Equipment,"Boyne City, Michigan, United States",2016-02-16,Secondary Buyout,,,10.5,True,,1,0,https://mergr.com/company/15582,2026-09-07T00:00:00Z
4874,DNS Capital,Illinois,222458,Soli Organic,Agriculture,"Harrisonburg, Virginia, United States",2015-08-28,Growth Capital,2025-08-18,Spin Off,9.9,False,,0,0,https://mergr.com/company/222458,2026-09-07T00:00:00Z
4874,DNS Capital,Illinois,20991,TMS International,Business Services,"Pittsburgh, Pennsylvania, United States",2013-08-26,Going Private,,,13,True,,1,0,https://mergr.com/company/20991,2026-09-07T00:00:00Z
5949,Decision Tree Resources,Illinois,271547,Firmatek,Information Technology,"San Antonio, Texas, United States",2014-09-30,"Buyout (LBO, MBO, MBI)",,,11.9,True,,0,0,https://mergr.com/company/271547,2026-09-07T00:00:00Z
5949,Decision Tree Resources,Illinois,271550,Mednick Associates,Business Services,"Wilton, Connecticut, United States",2010-01-01,"Buyout (LBO, MBO, MBI)",,,16.7,True,,0,0,https://mergr.com/company/271550,2026-09-07T00:00:00Z
5949,Decision Tree Resources,Illinois,271539,Butterfield Foods,Food,"Noblesville, Indiana, United States",2007-01-01,Secondary Buyout,,,19.7,True,,0,0,https://mergr.com/company/271539,2026-09-07T00:00:00Z
151,Dixon Midland Company,Illinois,1202,Levata,Technology Hardware,"Chicago, Illinois, United States",2010-08-19,"Buyout (LBO, MBO, MBI)",2012-11-02,Trade Sale - Public Company,2.2,False,,0,0,https://mergr.com/company/1202,2026-09-07T00:00:00Z
151,Dixon Midland Company,Illinois,28051,Tech Lighting,Electrical Equipment,"Skokie, Illinois, United States",1998-01-01,"Buyout (LBO, MBO, MBI)",2004-05-04,Trade Sale - Public Company,6.3,False,,0,0,https://mergr.com/company/28051,2026-09-07T00:00:00Z
6384,EXI Investment Partners,Illinois,182735,Certified Recycling,Environmental,"Anaheim, California, United States",2022-04-25,Secondary Buyout,,,4.3,True,,2,0,https://mergr.com/company/182735,2026-09-07T00:00:00Z
1565,Ellipse Capital,Illinois,4158,GPA Specialty Substrate Solutions,Distribution,"McCook, Illinois, United States",2011-10-04,Secondary Buyout,2015-04-24,Divestiture,3.5,False,,0,0,https://mergr.com/company/4158,2026-09-07T00:00:00Z
1565,Ellipse Capital,Illinois,3654,Monroe Engineering,Distribution,"Rochester Hills, Michigan, United States",2011-05-31,Secondary Buyout,2017-11-01,Trade Sale - Public Company,6.4,False,,2,0,https://mergr.com/company/3654,2026-09-07T00:00:00Z
1565,Ellipse Capital,Illinois,29769,"Heritage Sportswear, Inc.",Apparel/Textiles,"Hebron, Ohio, United States",2011-01-10,Growth Capital,2019-04-24,Bankruptcy,8.3,False,,0,0,https://mergr.com/company/29769,2026-09-07T00:00:00Z
1565,Ellipse Capital,Illinois,16049,"Ward Adhesives, Inc.",Distribution,"Pewaukee, Wisconsin, United States",2009-11-10,"Buyout (LBO, MBO, MBI)",2012-07-18,Spin Off,2.7,False,,0,0,https://mergr.com/company/16049,2026-09-07T00:00:00Z
1565,Ellipse Capital,Illinois,69274,J-B Weld,Chemicals,"Marietta, Georgia, United States",2008-12-29,Growth Capital,,,17.7,True,,1,0,https://mergr.com/company/69274,2026-09-07T00:00:00Z
1565,Ellipse Capital,Illinois,997,Hillman Solutions,Distribution,"Cincinnati, Ohio, United States",2004-02-17,"Buyout (LBO, MBO, MBI)",2010-06-03,Secondary Sale,6.3,False,1552,2,0,https://mergr.com/company/997,2026-09-07T00:00:00Z
1565,Ellipse Capital,Illinois,19438,"United Distribution Group, Inc.",Distribution,"Bristol, Virginia, United States",1999-08-01,"Buyout (LBO, MBO, MBI)",2004-08-01,Trade Sale - Public Company,5,False,,0,0,https://mergr.com/company/19438,2026-09-07T00:00:00Z
1565,Ellipse Capital,Illinois,31976,Beacon,Distribution,"Herndon, Virginia, United States",1997-08-01,"Buyout (LBO, MBO, MBI)",2004-09-23,IPO,7.1,False,9120,0,0,https://mergr.com/company/31976,2026-09-07T00:00:00Z
6559,Erie Street Growth Partners,Illinois,314374,"50,000feet",Marketing,"Chicago, Illinois, United States",2023-06-15,Growth Capital,,,3.2,True,,1,0,https://mergr.com/company/314374,2026-09-07T00:00:00Z
6105,Evanston Partners,Illinois,345417,Felbro Food Products,Food,"Los Angeles, California, United States",2024-09-01,"Buyout (LBO, MBO, MBI)",,,2,True,,0,0,https://mergr.com/company/345417,2026-09-07T00:00:00Z
6105,Evanston Partners,Illinois,345494,Viobin,Food,"Monticello, Illinois, United States",2024-08-01,Divestiture,,,2.1,True,,0,0,https://mergr.com/company/345494,2026-09-07T00:00:00Z
6105,Evanston Partners,Illinois,312203,Heavy Duty Specialists,Distribution,"Omaha, Nebraska, United States",2021-01-01,"Buyout (LBO, MBO, MBI)",,,5.7,True,,0,0,https://mergr.com/company/312203,2026-09-07T00:00:00Z
6105,Evanston Partners,Illinois,312204,Kouzina Foods,Food,"Chicago, Illinois, United States",2020-01-01,Joint Venture,,,6.7,True,,0,0,https://mergr.com/company/312204,2026-09-07T00:00:00Z
6105,Evanston Partners,Illinois,278869,Lockhart Fine Foods,Food,"Lockhart, Texas, United States",2019-01-01,"Buyout (LBO, MBO, MBI)",,,7.7,True,,0,0,https://mergr.com/company/278869,2026-09-07T00:00:00Z
6105,Evanston Partners,Illinois,278874,Avli Foods,Restaurants,"Chicago, Illinois, United States",2017-12-01,"Buyout (LBO, MBO, MBI)",,,8.8,True,,0,0,https://mergr.com/company/278874,2026-09-07T00:00:00Z
6105,Evanston Partners,Illinois,278880,Acadian Kitchens,Food,"Lafayette, Louisiana, United States",2017-11-09,"Buyout (LBO, MBO, MBI)",,,8.8,True,,0,0,https://mergr.com/company/278880,2026-09-07T00:00:00Z
6105,Evanston Partners,Illinois,278875,Sinbad Foods,Food,"Madera, California, United States",2017-04-12,Divestiture,,,9.3,True,,0,0,https://mergr.com/company/278875,2026-09-07T00:00:00Z
6105,Evanston Partners,Illinois,257519,Auto Driveaway Systems,Transportation,"Lombard, Illinois, United States",2014-12-01,"Buyout (LBO, MBO, MBI)",,,11.8,True,,2,0,https://mergr.com/company/257519,2026-09-07T00:00:00Z
6105,Evanston Partners,Illinois,312202,Rainbo Sports & Skating,E-Commerce,"Northbrook, Illinois, United States",2014-03-01,"Buyout (LBO, MBO, MBI)",,,12.5,True,,0,0,https://mergr.com/company/312202,2026-09-07T00:00:00Z
195,Focus Equity Partners,Illinois,31035,Business Only Broadband,Communications,"Westmont, Illinois, United States",2006-10-01,Venture,,,19.9,True,,0,0,https://mergr.com/company/31035,2026-09-07T00:00:00Z
195,Focus Equity Partners,Illinois,31034,C&M Pharmacy LLC,Life Science,"Glenview, Illinois, United States",2004-09-01,"Buyout (LBO, MBO, MBI)",2006-07-10,Divestiture,1.8,False,,0,0,https://mergr.com/company/31034,2026-09-07T00:00:00Z
6871,Fulton Asset Management,Illinois,339553,AFCO Industries,Manufacturing,"Alexandria, Louisiana, United States",2025-08-25,"Buyout (LBO, MBO, MBI)",,,1,True,,0,0,https://mergr.com/company/339553,2026-09-07T00:00:00Z
211,Fulton Capital,Illinois,336072,Carl's Place,Consumer Products,"Milton, Wisconsin, United States",2025-03-04,Growth Capital,,,1.5,True,,0,0,https://mergr.com/company/336072,2026-09-07T00:00:00Z
211,Fulton Capital,Illinois,322605,AFX,Electrical Equipment,"Waukegan, Illinois, United States",2024-03-07,"Buyout (LBO, MBO, MBI)",,,2.5,True,,0,0,https://mergr.com/company/322605,2026-09-07T00:00:00Z
211,Fulton Capital,Illinois,300926,Urban Surfaces,Building Materials,"Corona, California, United States",2022-01-01,Recapitalization,,,4.7,True,,0,0,https://mergr.com/company/300926,2026-09-07T00:00:00Z
211,Fulton Capital,Illinois,213551,Green Creative LLC,Electrical Equipment,"Sanford, Florida, United States",2016-01-06,Recapitalization,2017-10-18,Divestiture,1.8,False,,0,0,https://mergr.com/company/213551,2026-09-07T00:00:00Z
211,Fulton Capital,Illinois,231854,RP Lighting + Fans,Distribution,"Albuquerque, New Mexico, United States",2016-01-01,"Buyout (LBO, MBO, MBI)",2022-01-12,Divestiture,6,False,,0,0,https://mergr.com/company/231854,2026-09-07T00:00:00Z
211,Fulton Capital,Illinois,26978,E-conolight LLC,Electrical Equipment,"Racine, Wisconsin, United States",2010-03-01,"Buyout (LBO, MBO, MBI)",2011-08-17,Divestiture,1.4,False,,0,0,https://mergr.com/company/26978,2026-09-07T00:00:00Z
211,Fulton Capital,Illinois,1643,Cobra Wire & Cable,Electrical Equipment,"Hatboro, Pennsylvania, United States",2007-03-01,"Buyout (LBO, MBO, MBI)",2011-08-01,Divestiture,4.4,False,,0,0,https://mergr.com/company/1643,2026-09-07T00:00:00Z
2870,Generation 3 Capital,Illinois,68570,LogicMark LLC,Technology Hardware,"Louisville, Kentucky, United States",2011-12-30,"Buyout (LBO, MBO, MBI)",2016-05-18,Divestiture,4.3,False,,0,0,https://mergr.com/company/68570,2026-09-07T00:00:00Z
2870,Generation 3 Capital,Illinois,50158,Fluidmesh Networks,Technology Hardware,"Brooklyn, New York, United States",2011-04-13,"Buyout (LBO, MBO, MBI)",2020-04-06,Divestiture,8.9,False,,0,0,https://mergr.com/company/50158,2026-09-07T00:00:00Z
2870,Generation 3 Capital,Illinois,68790,EZWatch,Safety/Security,"Louisville, Kentucky, United States",2010-12-22,"Buyout (LBO, MBO, MBI)",,,15.7,True,,0,0,https://mergr.com/company/68790,2026-09-07T00:00:00Z
1873,Geneva Glen Capital,Illinois,316014,Salon Freedom,Consumer Services,"Pennsylvania, United States",2022-03-01,Recapitalization,,,4.5,True,,0,0,https://mergr.com/company/316014,2026-09-07T00:00:00Z
1873,Geneva Glen Capital,Illinois,316015,Envision Hospice,Healthcare Services,"Tacoma, Washington, United States",2021-04-01,"Buyout (LBO, MBO, MBI)",,,5.4,True,,0,0,https://mergr.com/company/316015,2026-09-07T00:00:00Z
1873,Geneva Glen Capital,Illinois,1452,Reusability,Business Services,"El Segundo, California, United States",2018-09-13,Secondary Buyout,,,7.9,True,,0,0,https://mergr.com/company/1452,2026-09-07T00:00:00Z
1873,Geneva Glen Capital,Illinois,223513,Southeastern Healthcare At Home,Healthcare Services,"Bristol, Pennsylvania, United States",2016-07-12,Recapitalization,2021-06-28,Divestiture,4.9,False,,0,0,https://mergr.com/company/223513,2026-09-07T00:00:00Z
1873,Geneva Glen Capital,Illinois,32211,Dianne's Fine Desserts,Food,"Newburyport, Massachusetts, United States",2016-06-14,Secondary Buyout,2022-10-31,Divestiture,6.3,False,,0,0,https://mergr.com/company/32211,2026-09-07T00:00:00Z
1873,Geneva Glen Capital,Illinois,43669,Playtime,Leisure,"Englewood, Colorado, United States",2012-12-10,Recapitalization,2018-08-01,Divestiture,5.6,False,,0,0,https://mergr.com/company/43669,2026-09-07T00:00:00Z
1873,Geneva Glen Capital,Illinois,4831,"Physiotherapy Associates, Inc.",Healthcare Services,"Exton, Pennsylvania, United States",2012-05-01,Secondary Buyout,2013-11-12,Bankruptcy,1.5,False,,0,0,https://mergr.com/company/4831,2026-09-07T00:00:00Z
1873,Geneva Glen Capital,Illinois,26735,Flow Polymers LLC,Manufacturing,"Cleveland, Ohio, United States",2011-01-06,"Buyout (LBO, MBO, MBI)",2016-02-22,Divestiture,5.1,False,,1,0,https://mergr.com/company/26735,2026-09-07T00:00:00Z
1873,Geneva Glen Capital,Illinois,4840,"Omniflight, Inc.",Transportation,"Addison, Texas, United States",2007-10-01,Secondary Buyout,2011-06-02,Divestiture,3.7,False,172,0,0,https://mergr.com/company/4840,2026-09-07T00:00:00Z
1873,Geneva Glen Capital,Illinois,19444,Clinical Resource Network LLC (Symphony Clinical Research),Healthcare Services,"Vernon Hills, Illinois, United States",2007-08-27,Growth Capital,2019-10-23,Divestiture,12.1,False,,0,0,https://mergr.com/company/19444,2026-09-07T00:00:00Z
1873,Geneva Glen Capital,Illinois,19457,Container Recycling Alliance LLC,Environmental,"Lombard, Illinois, United States",2006-09-01,"Buyout (LBO, MBO, MBI)",2008-07-15,Divestiture,1.8,False,,0,0,https://mergr.com/company/19457,2026-09-07T00:00:00Z
1873,Geneva Glen Capital,Illinois,4818,Emerald Waste Services LLC,Environmental,"Freeport, Florida, United States",2006-01-01,"Buyout (LBO, MBO, MBI)",2008-08-01,Trade Sale - Public Company,2.6,False,,1,0,https://mergr.com/company/4818,2026-09-07T00:00:00Z
1873,Geneva Glen Capital,Illinois,4817,Veridiam,Manufacturing,"El Cajon, California, United States",2005-11-29,Divestiture,2012-01-01,Trade Sale - Public Company,6.1,False,,1,0,https://mergr.com/company/4817,2026-09-07T00:00:00Z
1873,Geneva Glen Capital,Illinois,17093,AIR-serv Group LLC,Machinery,"Mendota Heights, Minnesota, United States",2003-03-01,"Buyout (LBO, MBO, MBI)",2006-07-10,Divestiture,3.3,False,,0,0,https://mergr.com/company/17093,2026-09-07T00:00:00Z
1873,Geneva Glen Capital,Illinois,8421,Coinmach Corp.,Business Services,"Plainview, New York, United States",2000-07-06,"Buyout (LBO, MBO, MBI)",,,26.2,True,,0,0,https://mergr.com/company/8421,2026-09-07T00:00:00Z
4730,Growth Catalyst Partners,Illinois,330880,InspiredMinds!,Media,"Weybridge, United Kingdom",2024-11-20,"Buyout (LBO, MBO, MBI)",,,1.8,True,,0,0,https://mergr.com/company/330880,2026-09-07T00:00:00Z
4730,Growth Catalyst Partners,Illinois,326226,Dimension Studio,Media,"London, United Kingdom",2024-06-03,Growth Capital,,,2.3,True,,0,0,https://mergr.com/company/326226,2026-09-07T00:00:00Z
4730,Growth Catalyst Partners,Illinois,328700,Data Society Group,Education,"Washington, District of Columbia, United States",2023-10-16,Consolidation,,,2.8,True,,1,0,https://mergr.com/company/328700,2026-09-07T00:00:00Z
4730,Growth Catalyst Partners,Illinois,328706,SilverAssist,Consumer Services,"Hendersonville, Tennessee, United States",2022-06-01,Consolidation,,,4.3,True,,4,0,https://mergr.com/company/328706,2026-09-07T00:00:00Z
4730,Growth Catalyst Partners,Illinois,300256,Journey,Digital Media,"New York, New York, United States",2022-05-24,Consolidation,,,4.3,True,,6,0,https://mergr.com/company/300256,2026-09-07T00:00:00Z
4730,Growth Catalyst Partners,Illinois,328704,Sigma7,Business Services,"Warrenton, United States",2022-05-18,Consolidation,,,4.3,True,,4,0,https://mergr.com/company/328704,2026-09-07T00:00:00Z
4730,Growth Catalyst Partners,Illinois,281689,Equine Network,Digital Media,"Albuquerque, New Mexico, United States",2021-01-08,Divestiture,2026-01-28,Trade Sale - Public Company,5,False,,4,0,https://mergr.com/company/281689,2026-09-07T00:00:00Z
4730,Growth Catalyst Partners,Illinois,296229,The Stable,Business Services,"Minneapolis, Minnesota, United States",2020-04-15,Growth Capital,2022-07-13,Divestiture,2.2,False,,1,0,https://mergr.com/company/296229,2026-09-07T00:00:00Z
4730,Growth Catalyst Partners,Illinois,279946,Government Executive Media Group,Publishing,"Washington, District of Columbia, United States",2020-03-17,"Buyout (LBO, MBO, MBI)",,,6.4,True,,7,0,https://mergr.com/company/279946,2026-09-07T00:00:00Z
4730,Growth Catalyst Partners,Illinois,279887,TrueFire Studios,Education,"St Petersburg, Florida, United States",2019-12-01,Growth Capital,,,6.8,True,,1,0,https://mergr.com/company/279887,2026-09-07T00:00:00Z
4730,Growth Catalyst Partners,Illinois,258679,CyberRisk Alliance,Information Technology,"New York, New York, United States",2018-11-05,Consolidation,,,7.8,True,,5,0,https://mergr.com/company/258679,2026-09-07T00:00:00Z
4730,Growth Catalyst Partners,Illinois,253960,Shift Paradigm,Business Services,"Austin, Texas, United States",2018-09-05,Growth Capital,,,8,True,,6,0,https://mergr.com/company/253960,2026-09-07T00:00:00Z
4730,Growth Catalyst Partners,Illinois,246060,Beachfront,Marketing,"New York, New York, United States",2017-12-05,"Buyout (LBO, MBO, MBI)",,,8.8,True,,0,0,https://mergr.com/company/246060,2026-09-07T00:00:00Z
4730,Growth Catalyst Partners,Illinois,205978,Opus Agency,Marketing,"Beaverton, Oregon, United States",2015-10-06,Growth Capital,2026-04-02,Trade Sale - Public Company,10.4,False,,7,0,https://mergr.com/company/205978,2026-09-07T00:00:00Z
3261,Woodlawn Partners,Illinois,315500,Wize Solutions,Construction,"Sandy, Utah, United States",2023-12-14,"Buyout (LBO, MBO, MBI)",,,2.7,True,,0,0,https://mergr.com/company/315500,2026-09-07T00:00:00Z
3261,Woodlawn Partners,Illinois,314355,Piranha,Machinery,"Belvidere, Illinois, United States",2023-05-05,"Buyout (LBO, MBO, MBI)",,,3.3,True,,0,0,https://mergr.com/company/314355,2026-09-07T00:00:00Z
3261,Woodlawn Partners,Illinois,312796,Active Roofing,Construction,"Chicago, Illinois, United States",2022-04-14,"Buyout (LBO, MBO, MBI)",,,4.3,True,,0,0,https://mergr.com/company/312796,2026-09-07T00:00:00Z
3261,Woodlawn Partners,Illinois,321934,New Horizon Foods,Food,"Des Moines, Iowa, United States",2021-10-29,"Buyout (LBO, MBO, MBI)",,,4.8,True,,0,0,https://mergr.com/company/321934,2026-09-07T00:00:00Z
3261,Woodlawn Partners,Illinois,263424,Tighe Logistics Group,Transportation,"Woburn, Massachusetts, United States",2018-04-01,"Buyout (LBO, MBO, MBI)",,,8.4,True,,0,0,https://mergr.com/company/263424,2026-09-07T00:00:00Z
3261,Woodlawn Partners,Illinois,249318,EnviroForensics,Engineering,"Indianapolis, Indiana, United States",2017-07-06,"Buyout (LBO, MBO, MBI)",,,9.2,True,,0,0,https://mergr.com/company/249318,2026-09-07T00:00:00Z
3261,Woodlawn Partners,Illinois,242353,BW Manufacturing,Machinery,"Comstock Park, Michigan, United States",2017-06-16,"Buyout (LBO, MBO, MBI)",,,9.2,True,,0,0,https://mergr.com/company/242353,2026-09-07T00:00:00Z
3261,Woodlawn Partners,Illinois,244921,Truesdell,Construction,"Tempe, Arizona, United States",2017-02-01,"Buyout (LBO, MBO, MBI)",2021-04-15,Trade Sale - Public Company,4.2,False,,0,0,https://mergr.com/company/244921,2026-09-07T00:00:00Z
3261,Woodlawn Partners,Illinois,249100,Venom,Electrical Equipment,"Rathdrum, Idaho, United States",2016-01-01,"Buyout (LBO, MBO, MBI)",,,10.7,True,,0,0,https://mergr.com/company/249100,2026-09-07T00:00:00Z
3261,Woodlawn Partners,Illinois,249326,Pacific Aviation,Airlines,"El Segundo, California, United States",2016-01-01,Recapitalization,,,10.7,True,,0,0,https://mergr.com/company/249326,2026-09-07T00:00:00Z
3261,Woodlawn Partners,Illinois,249337,BB7,Business Services,"London, United Kingdom",2014-10-01,"Buyout (LBO, MBO, MBI)",2025-10-15,Divestiture,11,False,,1,0,https://mergr.com/company/249337,2026-09-07T00:00:00Z
3261,Woodlawn Partners,Illinois,88781,NewKota Services and Rentals,Oil/Gas Exploration,"Minot, North Dakota, United States",2014-04-25,"Buyout (LBO, MBO, MBI)",,,12.3,True,,0,0,https://mergr.com/company/88781,2026-09-07T00:00:00Z
3261,Woodlawn Partners,Illinois,52546,Vestek Industries,Manufacturing,"Houston, Texas, United States",2012-11-01,"Buyout (LBO, MBO, MBI)",,,13.8,True,,2,0,https://mergr.com/company/52546,2026-09-07T00:00:00Z
3261,Woodlawn Partners,Illinois,176488,Burrow's Post-Frame Supply,Building Materials,"Fort Gibson, Oklahoma, United States",2011-10-01,"Buyout (LBO, MBO, MBI)",,,14.9,True,,1,0,https://mergr.com/company/176488,2026-09-07T00:00:00Z
3261,Woodlawn Partners,Illinois,32174,Dynamatic,Electrical Equipment,"Sturtevant, Wisconsin, United States",2010-07-28,Growth Capital,2016-11-17,Trade Sale - Public Company,6.3,False,,0,0,https://mergr.com/company/32174,2026-09-07T00:00:00Z
948,Winona Capital Management,Illinois,234958,Foodberry,Food,"Boston, Massachusetts, United States",2017-01-24,Growth Capital,,,9.6,True,,0,0,https://mergr.com/company/234958,2026-09-07T00:00:00Z
948,Winona Capital Management,Illinois,304814,Ancora,Business Services,"Chicago, Illinois, United States",2017-01-01,Consolidation,,,9.7,True,,2,1,https://mergr.com/company/304814,2026-09-07T00:00:00Z
948,Winona Capital Management,Illinois,179025,Monica Vinader,Consumer Products,"Norfolk, United Kingdom",2016-02-09,Secondary Buyout,2023-03-10,Trade Sale - Public Company,7.1,False,,0,0,https://mergr.com/company/179025,2026-09-07T00:00:00Z
948,Winona Capital Management,Illinois,9348,Rodd & Gunn,Retail,"Auckland, New Zealand",2015-11-03,Growth Capital,,,10.8,True,,0,0,https://mergr.com/company/9348,2026-09-07T00:00:00Z
948,Winona Capital Management,Illinois,186323,Diono,Consumer Products,"Sumner, Washington, United States",2015-05-06,Growth Capital,,,11.3,True,,0,0,https://mergr.com/company/186323,2026-09-07T00:00:00Z
948,Winona Capital Management,Illinois,210504,Evereve,Retail,"Edina, Minnesota, United States",2015-04-15,Growth Capital,,,11.3,True,,1,0,https://mergr.com/company/210504,2026-09-07T00:00:00Z
948,Winona Capital Management,Illinois,178121,Fat Brain Toys LLC,Retail,"Elkhorn, Nebraska, United States",2015-03-05,Growth Capital,2020-10-16,Divestiture,5.6,False,,1,0,https://mergr.com/company/178121,2026-09-07T00:00:00Z
948,Winona Capital Management,Illinois,78465,I and love and you,Consumer Products,"Boulder, Colorado, United States",2014-05-13,Growth Capital,,,12.3,True,,1,0,https://mergr.com/company/78465,2026-09-07T00:00:00Z
948,Winona Capital Management,Illinois,23207,Johnny Rockets,Restaurants,"Lake Forest, California, United States",2013-06-18,Secondary Buyout,2020-08-13,Divestiture,7.1,False,,0,0,https://mergr.com/company/23207,2026-09-07T00:00:00Z
948,Winona Capital Management,Illinois,48109,LK International AG (KJUS),Apparel/Textiles,"Hünenberg, Switzerland",2013-01-09,Growth Capital,2019-07-10,Divestiture,6.5,False,,0,0,https://mergr.com/company/48109,2026-09-07T00:00:00Z
948,Winona Capital Management,Illinois,30284,"Petsense, Inc.",Retail,"Scottsdale, Arizona, United States",2011-09-12,"Buyout (LBO, MBO, MBI)",2016-09-29,Divestiture,5,False,,0,0,https://mergr.com/company/30284,2026-09-07T00:00:00Z
948,Winona Capital Management,Illinois,30283,"CIRCA, Inc.",Consumer Products,"New York, New York, United States",2011-05-23,Growth Capital,,,15.3,True,,1,0,https://mergr.com/company/30283,2026-09-07T00:00:00Z
948,Winona Capital Management,Illinois,107661,Johnny's,Food,"Tacoma, Washington, United States",2011-01-01,Growth Capital,,,15.7,True,,0,0,https://mergr.com/company/107661,2026-09-07T00:00:00Z
948,Winona Capital Management,Illinois,16119,Peter Millar LLC,Apparel/Textiles,"Durham, North Carolina, United States",2009-04-01,"Buyout (LBO, MBO, MBI)",2012-09-24,Divestiture,3.4,False,,0,0,https://mergr.com/company/16119,2026-09-07T00:00:00Z
948,Winona Capital Management,Illinois,16118,Dragon Alliance LLC,Consumer Products,"Carlsbad, California, United States",2008-07-01,"Buyout (LBO, MBO, MBI)",2012-05-01,Divestiture,3.8,False,,0,0,https://mergr.com/company/16118,2026-09-07T00:00:00Z
948,Winona Capital Management,Illinois,7194,Boloco,Restaurants,"Boston, Massachusetts, United States",2007-10-01,Growth Capital,2011-01-01,Trade Sale - Public Company,3.3,False,,0,0,https://mergr.com/company/7194,2026-09-07T00:00:00Z
948,Winona Capital Management,Illinois,7195,Fusion Education Group,Education,"Grand Rapids, Michigan, United States",2007-05-23,Growth Capital,2017-12-11,Trade Sale - Public Company,10.5,False,,1,0,https://mergr.com/company/7195,2026-09-07T00:00:00Z
648,William Harris Investors,Illinois,19444,Clinical Resource Network LLC (Symphony Clinical Research),Healthcare Services,"Vernon Hills, Illinois, United States",2007-08-27,Growth Capital,2019-10-23,Divestiture,12.1,False,,0,0,https://mergr.com/company/19444,2026-09-07T00:00:00Z
648,William Harris Investors,Illinois,19457,Container Recycling Alliance LLC,Environmental,"Lombard, Illinois, United States",2006-09-01,"Buyout (LBO, MBO, MBI)",2008-07-15,Divestiture,1.8,False,,0,0,https://mergr.com/company/19457,2026-09-07T00:00:00Z
648,William Harris Investors,Illinois,4818,Emerald Waste Services LLC,Environmental,"Freeport, Florida, United States",2006-01-01,"Buyout (LBO, MBO, MBI)",2008-08-01,Trade Sale - Public Company,2.6,False,,1,0,https://mergr.com/company/4818,2026-09-07T00:00:00Z
648,William Harris Investors,Illinois,4817,Veridiam,Manufacturing,"El Cajon, California, United States",2005-11-29,Divestiture,2012-01-01,Trade Sale - Public Company,6.1,False,,1,0,https://mergr.com/company/4817,2026-09-07T00:00:00Z
6910,Westbourne Capital Partners,Illinois,342241,Harvey Vogel Manufacturing Co.,Manufacturing,"Woodbury, Minnesota, United States",2025-10-30,"Buyout (LBO, MBO, MBI)",,,0.8,True,,0,0,https://mergr.com/company/342241,2026-09-07T00:00:00Z
6910,Westbourne Capital Partners,Illinois,344334,Mesotech International,Test/Measurement Equipment,"RANCHO CORDOVA, California, United States",2022-09-19,Growth Capital,,,3.9,True,,0,0,https://mergr.com/company/344334,2026-09-07T00:00:00Z
6910,Westbourne Capital Partners,Illinois,324721,Delta Research,Automotive,"Livonia, Michigan, United States",2021-12-01,Growth Capital,,,4.8,True,,0,0,https://mergr.com/company/324721,2026-09-07T00:00:00Z
6910,Westbourne Capital Partners,Illinois,344335,BMC Manufacturing (BMC),Business Services,"Muskegon, Michigan, United States",2021-03-02,"Buyout (LBO, MBO, MBI)",,,5.5,True,,0,0,https://mergr.com/company/344335,2026-09-07T00:00:00Z
6910,Westbourne Capital Partners,Illinois,115985,Modineer,Manufacturing,"Niles, Michigan, United States",2018-11-01,"Buyout (LBO, MBO, MBI)",,,7.8,True,,0,0,https://mergr.com/company/115985,2026-09-07T00:00:00Z
6910,Westbourne Capital Partners,Illinois,344336,Thunderbird,Manufacturing,"Elkhart, Indiana, United States",2017-12-01,"Buyout (LBO, MBO, MBI)",,,8.8,True,,0,0,https://mergr.com/company/344336,2026-09-07T00:00:00Z
6910,Westbourne Capital Partners,Illinois,121033,F&B,Machinery,"Phoenix, Arizona, United States",2011-05-01,"Buyout (LBO, MBO, MBI)",,,15.3,True,,0,0,https://mergr.com/company/121033,2026-09-07T00:00:00Z
6910,Westbourne Capital Partners,Illinois,344338,Thunderbird Metals,Metals/Mining,"Elk Grove Village, Illinois, United States",2010-01-01,"Buyout (LBO, MBO, MBI)",,,16.7,True,,0,0,https://mergr.com/company/344338,2026-09-07T00:00:00Z
6499,Victori Group,Illinois,312897,TAB Auctions,Information Technology,"Wauconda, Illinois, United States",2023-02-01,Stake Purchase,,,3.6,True,,0,0,https://mergr.com/company/312897,2026-09-07T00:00:00Z
6499,Victori Group,Illinois,309590,Alternative Source Medical,Medical Products,"Vernon Hills, Illinois, United States",2023-01-16,"Buyout (LBO, MBO, MBI)",,,3.6,True,,0,0,https://mergr.com/company/309590,2026-09-07T00:00:00Z
6908,Uncommon Equity,Illinois,342192,HopCat,Restaurants,"Grand Rapids, Michigan, United States",2025-10-29,"Buyout (LBO, MBO, MBI)",,,0.8,True,,0,0,https://mergr.com/company/342192,2026-09-07T00:00:00Z
6459,Turnout Industries,Illinois,325943,Dewpoint,Information Technology,"Lansing, Michigan, United States",2024-06-12,"Buyout (LBO, MBO, MBI)",,,2.2,True,,0,0,https://mergr.com/company/325943,2026-09-07T00:00:00Z
6459,Turnout Industries,Illinois,307038,KIHM Metal Technologies,Manufacturing,"Brazil, Indiana, United States",2022-11-14,"Buyout (LBO, MBO, MBI)",,,3.8,True,,0,0,https://mergr.com/company/307038,2026-09-07T00:00:00Z
6459,Turnout Industries,Illinois,313715,North Point,Business Services,"Ipswich, Massachusetts, United States",2022-11-09,Stake Purchase,,,3.8,True,,0,0,https://mergr.com/company/313715,2026-09-07T00:00:00Z
6459,Turnout Industries,Illinois,304335,Allways Precision,Machinery,"Plainfield, Illinois, United States",2022-02-16,"Buyout (LBO, MBO, MBI)",,,4.5,True,,0,0,https://mergr.com/company/304335,2026-09-07T00:00:00Z
6459,Turnout Industries,Illinois,2368,BlueRidge Fiber Solutions,Manufacturing,"Reedsville, West Virginia, United States",2006-08-01,"Buyout (LBO, MBO, MBI)",,,20.1,True,,0,0,https://mergr.com/company/2368,2026-09-07T00:00:00Z
1096,Torch Lake Capital Partners,Illinois,18146,"Atkins Elegant Deserts, Inc.",Food,"Noblesville, Indiana, United States",2009-05-29,"Buyout (LBO, MBO, MBI)",,,17.3,True,,0,0,https://mergr.com/company/18146,2026-09-07T00:00:00Z
1096,Torch Lake Capital Partners,Illinois,8664,"Effigi, Inc.",Apparel/Textiles,"Laval, Quebec, Canada",2007-07-01,"Buyout (LBO, MBO, MBI)",,,19.2,True,,0,0,https://mergr.com/company/8664,2026-09-07T00:00:00Z
1096,Torch Lake Capital Partners,Illinois,8668,Red Apple Stores,Retail,"Mississauga, Ontario, Canada",2006-10-12,Secondary Buyout,2013-01-18,Trade Sale - Public Company,6.3,False,,0,0,https://mergr.com/company/8668,2026-09-07T00:00:00Z
1096,Torch Lake Capital Partners,Illinois,8742,"Awrey's Bakeries, Inc.",Food,"Livonia, Michigan, United States",2006-08-29,Special Situations/Distressed,,,20,True,,0,0,https://mergr.com/company/8742,2026-09-07T00:00:00Z
1096,Torch Lake Capital Partners,Illinois,8666,Niman Ranch,Food,"Oakland, California, United States",2006-07-01,"Buyout (LBO, MBO, MBI)",2015-09-08,Divestiture,9.2,False,,0,0,https://mergr.com/company/8666,2026-09-07T00:00:00Z
1096,Torch Lake Capital Partners,Illinois,45625,"Convergent Label Technology, Inc.",Medical Products,United States,2004-07-12,Secondary Buyout,,,22.1,True,,0,0,https://mergr.com/company/45625,2026-09-07T00:00:00Z
1096,Torch Lake Capital Partners,Illinois,18147,Rx Label Technology Corp.,Business Services,"Joplin, Missouri, United States",2004-06-01,"Buyout (LBO, MBO, MBI)",2006-07-12,Divestiture,2.1,False,,0,0,https://mergr.com/company/18147,2026-09-07T00:00:00Z
2148,Titan Equity Partners,Illinois,220643,Saran Industries,Manufacturing,"Indianapolis, Indiana, United States",2014-11-01,"Buyout (LBO, MBO, MBI)",,,11.8,True,,0,0,https://mergr.com/company/220643,2026-09-07T00:00:00Z
2148,Titan Equity Partners,Illinois,200506,Acoust-A-Fiber,Automotive,"Delaware, Ohio, United States",2012-01-01,"Buyout (LBO, MBO, MBI)",,,14.7,True,,0,0,https://mergr.com/company/200506,2026-09-07T00:00:00Z
2148,Titan Equity Partners,Illinois,11908,Consolidated Distribution Corporation LLC,Transportation,"Lemont, Illinois, United States",2008-03-18,"Buyout (LBO, MBO, MBI)",2016-08-18,Divestiture,8.4,False,,0,0,https://mergr.com/company/11908,2026-09-07T00:00:00Z
2148,Titan Equity Partners,Illinois,8776,ArcMail Technology,Information Technology,"Bossier City, Louisiana, United States",2008-01-08,Venture,2015-11-04,Divestiture,7.8,False,,0,0,https://mergr.com/company/8776,2026-09-07T00:00:00Z
2148,Titan Equity Partners,Illinois,22135,National Metalwares,Metals/Mining,"Aurora, Illinois, United States",1995-07-19,Divestiture,,,31.1,True,,0,0,https://mergr.com/company/22135,2026-09-07T00:00:00Z
2148,Titan Equity Partners,Illinois,22136,Precision Products Group,Manufacturing,"Indianapolis, Indiana, United States",1992-11-01,Divestiture,2013-08-01,Trade Sale - Public Company,20.8,False,,0,0,https://mergr.com/company/22136,2026-09-07T00:00:00Z
5656,Tilia Holdings,Illinois,322345,Caputo Cheese,Food,"Melrose Park, Illinois, United States",2025-06-30,Secondary Buyout,,,1.2,True,,0,0,https://mergr.com/company/322345,2026-09-07T00:00:00Z
5656,Tilia Holdings,Illinois,339753,Ever Fresh Fruit,Food,"Boring, Oregon, United States",2023-12-20,Growth Capital,,,2.7,True,,0,0,https://mergr.com/company/339753,2026-09-07T00:00:00Z
5656,Tilia Holdings,Illinois,230188,Flexxray,Business Services,"Arlington, Texas, United States",2021-07-26,Secondary Buyout,,,5.1,True,,0,0,https://mergr.com/company/230188,2026-09-07T00:00:00Z
5656,Tilia Holdings,Illinois,269046,NutriScience,Consumer Products,"Milford, Connecticut, United States",2021-05-04,Secondary Buyout,2026-08-05,Merger,5.3,False,,1,0,https://mergr.com/company/269046,2026-09-07T00:00:00Z
5656,Tilia Holdings,Illinois,215100,Wheat Montana,Food,"Three Forks, Montana, United States",2021-04-01,Secondary Buyout,,,5.4,True,,0,0,https://mergr.com/company/215100,2026-09-07T00:00:00Z
5656,Tilia Holdings,Illinois,238954,Ellison Bakery,Food,"Fort Wayne, Indiana, United States",2020-08-14,Secondary Buyout,2024-08-21,Divestiture,4,False,,0,0,https://mergr.com/company/238954,2026-09-07T00:00:00Z
5656,Tilia Holdings,Illinois,259813,Proven Partners Group,Packaging,"Elgin, Illinois, United States",2019-04-05,"Buyout (LBO, MBO, MBI)",,,7.4,True,,0,0,https://mergr.com/company/259813,2026-09-07T00:00:00Z
5656,Tilia Holdings,Illinois,256275,Universal Pure,Business Services,"Lincoln, Nebraska, United States",2018-11-27,Secondary Buyout,2022-11-02,Trade Sale - Public Company,3.9,False,,2,0,https://mergr.com/company/256275,2026-09-07T00:00:00Z
5656,Tilia Holdings,Illinois,284566,Certified Laboratories,Life Science,"Melville, New York, United States",2018-06-01,Growth Capital,,,8.3,True,,3,0,https://mergr.com/company/284566,2026-09-07T00:00:00Z
5656,Tilia Holdings,Illinois,251214,Labstat,Life Science,"Kitchener, Ontario, Canada",2018-05-17,"Buyout (LBO, MBO, MBI)",,,8.3,True,,1,0,https://mergr.com/company/251214,2026-09-07T00:00:00Z
5656,Tilia Holdings,Illinois,260033,Refrig-It,Real Estate,"Kearny, New Jersey, United States",2018-03-19,"Buyout (LBO, MBO, MBI)",,,8.4,True,,0,0,https://mergr.com/company/260033,2026-09-07T00:00:00Z
5462,Tightrope Capital Partners,Illinois,301654,VCI Emergency Vehicle Specialists,Automotive,"Berlin, New Jersey, United States",2022-06-14,Growth Capital,,,4.2,True,,0,0,https://mergr.com/company/301654,2026-09-07T00:00:00Z
5462,Tightrope Capital Partners,Illinois,253848,Fabulous Floors,Building Materials,"Farmers Branch, Texas, United States",2018-08-30,Growth Capital,,,8,True,,0,0,https://mergr.com/company/253848,2026-09-07T00:00:00Z
5462,Tightrope Capital Partners,Illinois,273060,Hilton Displays,Marketing,"Greenville, South Carolina, United States",2017-12-15,Growth Capital,,,8.7,True,,0,0,https://mergr.com/company/273060,2026-09-07T00:00:00Z
914,The Heico Companies,Illinois,321163,Insight Vision,Manufacturing,"Saukville, Wisconsin, United States",2024-01-02,Divestiture,,,2.7,True,,0,0,https://mergr.com/company/321163,2026-09-07T00:00:00Z
914,The Heico Companies,Illinois,321137,Precision Engineering,Manufacturing,"Uxbridge, Massachusetts, United States",2023-01-20,"Buyout (LBO, MBO, MBI)",,,3.6,True,,0,0,https://mergr.com/company/321137,2026-09-07T00:00:00Z
914,The Heico Companies,Illinois,569,Shred-Tech,Machinery,"Cambridge, Ontario, Canada",2019-08-16,Secondary Buyout,,,7,True,,0,0,https://mergr.com/company/569,2026-09-07T00:00:00Z
914,The Heico Companies,Illinois,249731,Astro Cargo Solutions,Automotive,"Cachoeirinha, Brazil",2017-07-02,"Buyout (LBO, MBO, MBI)",,,9.2,True,,0,0,https://mergr.com/company/249731,2026-09-07T00:00:00Z
914,The Heico Companies,Illinois,321131,B/A Products,Automotive,"Columbia, Maryland, United States",2017-06-01,"Buyout (LBO, MBO, MBI)",,,9.3,True,,0,0,https://mergr.com/company/321131,2026-09-07T00:00:00Z
914,The Heico Companies,Illinois,249739,KaRo,Machinery,"Hückeswagen, Germany",2017-05-01,"Buyout (LBO, MBO, MBI)",,,9.3,True,,0,0,https://mergr.com/company/249739,2026-09-07T00:00:00Z
914,The Heico Companies,Illinois,249742,C/A Design,Manufacturing,"Dover, New Hampshire, United States",2016-10-01,"Buyout (LBO, MBO, MBI)",,,9.9,True,,0,0,https://mergr.com/company/249742,2026-09-07T00:00:00Z
914,The Heico Companies,Illinois,249746,Ancra Systems,Transportation,"Boxtel, Netherlands",2016-09-01,"Buyout (LBO, MBO, MBI)",,,10,True,,0,0,https://mergr.com/company/249746,2026-09-07T00:00:00Z
914,The Heico Companies,Illinois,249752,Wistra,Manufacturing,"Selmsdorf, Germany",2016-08-01,"Buyout (LBO, MBO, MBI)",,,10.1,True,,0,0,https://mergr.com/company/249752,2026-09-07T00:00:00Z
914,The Heico Companies,Illinois,74473,Kinedyne,Automotive,"Branchburg, New Jersey, United States",2013-01-01,"Buyout (LBO, MBO, MBI)",,,13.7,True,,0,0,https://mergr.com/company/74473,2026-09-07T00:00:00Z
914,The Heico Companies,Illinois,74501,Wakefield-Vette,Electrical Equipment,"Pelham, New Hampshire, United States",2012-04-09,"Buyout (LBO, MBO, MBI)",,,14.3,True,,0,0,https://mergr.com/company/74501,2026-09-07T00:00:00Z
914,The Heico Companies,Illinois,23543,"CopperCom, Inc.",Communications,"Boston, Massachusetts, United States",2003-10-06,Secondary Buyout,,,22.9,True,,0,0,https://mergr.com/company/23543,2026-09-07T00:00:00Z
914,The Heico Companies,Illinois,74477,Neo Industries,Manufacturing,"South Bend, Indiana, United States",1998-01-26,"Buyout (LBO, MBO, MBI)",,,28.6,True,,0,0,https://mergr.com/company/74477,2026-09-07T00:00:00Z
914,The Heico Companies,Illinois,74481,Ohmite,Electrical Equipment,"Warrenville, Illinois, United States",1998-01-01,"Buyout (LBO, MBO, MBI)",,,28.7,True,,3,0,https://mergr.com/company/74481,2026-09-07T00:00:00Z
914,The Heico Companies,Illinois,74793,Pettibone,Manufacturing,"Downers Grove, Illinois, United States",1988-01-01,Consolidation,,,38.7,True,,9,0,https://mergr.com/company/74793,2026-09-07T00:00:00Z
6882,Taurus Capital Partners,Illinois,340231,Pathlight Learning,Franchising,United States,2025-09-10,Growth Capital,,,0.9,True,,0,0,https://mergr.com/company/340231,2026-09-07T00:00:00Z
5782,TJM Capital Partners,Illinois,317089,InCompass,Manufacturing,"Maple Grove, Minnesota, United States",2023-03-22,Consolidation,,,3.4,True,,2,0,https://mergr.com/company/317089,2026-09-07T00:00:00Z
5782,TJM Capital Partners,Illinois,23861,PCI,Machinery,"Riverside, California, United States",2021-04-16,Recapitalization,,,5.3,True,,0,0,https://mergr.com/company/23861,2026-09-07T00:00:00Z
5782,TJM Capital Partners,Illinois,69058,Poblocki,Business Services,"Milwaukee, Wisconsin, United States",2014-12-01,"Buyout (LBO, MBO, MBI)",,,11.8,True,,0,0,https://mergr.com/company/69058,2026-09-07T00:00:00Z
2434,Synetro Group,Illinois,203362,dscout,Internet Software and Services,"Chicago, Illinois, United States",2014-08-12,Venture,,,12,True,,1,0,https://mergr.com/company/203362,2026-09-07T00:00:00Z
2434,Synetro Group,Illinois,57106,Gleanster,Business Services,"Evanston, Illinois, United States",2010-06-01,"Buyout (LBO, MBO, MBI)",,,16.3,True,,0,0,https://mergr.com/company/57106,2026-09-07T00:00:00Z
2434,Synetro Group,Illinois,57110,Kalamazoo,Consumer Products,"Chicago, Illinois, United States",2005-06-07,"Buyout (LBO, MBO, MBI)",,,21.3,True,,0,0,https://mergr.com/company/57110,2026-09-07T00:00:00Z
3897,Stone Pointe,Illinois,212798,"American Mortgage Consultants, Inc.",Business Services,"New York, New York, United States",2018-04-04,"Buyout (LBO, MBO, MBI)",2019-06-19,Divestiture,1.2,False,,3,0,https://mergr.com/company/212798,2026-09-07T00:00:00Z
3897,Stone Pointe,Illinois,127397,Vapor Power International,Electrical Equipment,"Franklin Park, Illinois, United States",2014-04-24,Recapitalization,2024-01-02,Divestiture,9.7,False,50,1,0,https://mergr.com/company/127397,2026-09-07T00:00:00Z
3897,Stone Pointe,Illinois,176521,Prospect Water Co. LLC (Water Co. Holding LLC),Consumer Services,"Lombard, Illinois, United States",2011-11-16,Divestiture,2018-08-07,Divestiture,6.7,False,,0,0,https://mergr.com/company/176521,2026-09-07T00:00:00Z
3897,Stone Pointe,Illinois,176498,Alco Products,Manufacturing,"Detroit, Michigan, United States",2009-01-01,Recapitalization,,,17.7,True,,0,0,https://mergr.com/company/176498,2026-09-07T00:00:00Z
3897,Stone Pointe,Illinois,176501,Cody Pools,Construction,"Georgetown, Texas, United States",2007-05-01,Recapitalization,2020-03-11,Trade Sale - Public Company,12.8,False,,0,0,https://mergr.com/company/176501,2026-09-07T00:00:00Z
3157,Skyline Global Partners,Illinois,351721,Perimeter Holdings USA,Construction,"Baldwin Place, New York, United States",2025-10-01,Growth Capital,,,0.9,True,,0,0,https://mergr.com/company/351721,2026-09-07T00:00:00Z
3157,Skyline Global Partners,Illinois,337144,Workout Anytime,Consumer Services,"Alpharetta, Georgia, United States",2025-04-01,Growth Capital,,,1.4,True,,0,0,https://mergr.com/company/337144,2026-09-07T00:00:00Z
3157,Skyline Global Partners,Illinois,337176,Exacto,Chemicals,"Sharon, Wisconsin, United States",2024-09-04,Growth Capital,,,2,True,,0,0,https://mergr.com/company/337176,2026-09-07T00:00:00Z
3157,Skyline Global Partners,Illinois,337183,Apex International,Consumer Products,"Eden Prairie, Minnesota, United States",2024-06-01,Growth Capital,,,2.3,True,,0,0,https://mergr.com/company/337183,2026-09-07T00:00:00Z
3157,Skyline Global Partners,Illinois,337186,Cosmo's Superior Foods,Consumer Products,"Indianapolis, Indiana, United States",2023-12-01,"Buyout (LBO, MBO, MBI)",,,2.8,True,,0,0,https://mergr.com/company/337186,2026-09-07T00:00:00Z
3157,Skyline Global Partners,Illinois,292134,Lief Labs,Consumer Products,"Valencia, California, United States",2021-11-01,Growth Capital,,,4.8,True,,0,0,https://mergr.com/company/292134,2026-09-07T00:00:00Z
3157,Skyline Global Partners,Illinois,233731,Midwestern BioAg,Agriculture,"Blue Mounds, Wisconsin, United States",2020-09-09,Secondary Buyout,,,5.9,True,,0,0,https://mergr.com/company/233731,2026-09-07T00:00:00Z
3157,Skyline Global Partners,Illinois,264535,Beneficial Reuse Management,Distribution,"Chicago, Illinois, United States",2019-09-25,Growth Capital,2025-05-21,Merger,5.6,False,,1,0,https://mergr.com/company/264535,2026-09-07T00:00:00Z
3157,Skyline Global Partners,Illinois,303804,Egg Innovations,Food,"Warsaw, Indiana, United States",2019-02-15,Growth Capital,2024-10-29,Spin Off,5.7,False,,0,0,https://mergr.com/company/303804,2026-09-07T00:00:00Z
3157,Skyline Global Partners,Illinois,303806,Earth Science,Consumer Products,"Green Bay, Wisconsin, United States",2018-03-19,Growth Capital,,,8.4,True,,0,0,https://mergr.com/company/303806,2026-09-07T00:00:00Z
3157,Skyline Global Partners,Illinois,243466,Painters Supply,Distribution,"Taylor, Michigan, United States",2017-06-16,"Buyout (LBO, MBO, MBI)",2021-08-17,Trade Sale - Public Company,4.2,False,,0,0,https://mergr.com/company/243466,2026-09-07T00:00:00Z
3157,Skyline Global Partners,Illinois,225732,Quick Weight Loss Centers,Consumer Services,"Pompano Beach, Florida, United States",2016-08-23,"Buyout (LBO, MBO, MBI)",2020-04-30,Shut Down,3.7,False,,0,0,https://mergr.com/company/225732,2026-09-07T00:00:00Z
3157,Skyline Global Partners,Illinois,212596,National Enzyme Co.,Consumer Products,"Forsyth, Missouri, United States",2015-10-01,Recapitalization,2018-07-19,Divestiture,2.8,False,,0,0,https://mergr.com/company/212596,2026-09-07T00:00:00Z
3157,Skyline Global Partners,Illinois,222458,Soli Organic,Agriculture,"Harrisonburg, Virginia, United States",2015-08-28,Growth Capital,2025-08-18,Spin Off,9.9,False,,0,0,https://mergr.com/company/222458,2026-09-07T00:00:00Z
3157,Skyline Global Partners,Illinois,47653,Patient Care America,Healthcare Services,"Pompano Beach, Florida, United States",2012-07-16,"Buyout (LBO, MBO, MBI)",,,14.1,True,,0,0,https://mergr.com/company/47653,2026-09-07T00:00:00Z
3157,Skyline Global Partners,Illinois,89937,"iMDsoft, Inc.",Software,"Düsseldorf, Germany",2012-06-11,"Buyout (LBO, MBO, MBI)",2016-11-28,Divestiture,4.4,False,,0,0,https://mergr.com/company/89937,2026-09-07T00:00:00Z
3157,Skyline Global Partners,Illinois,27517,Captek Softgel International,Consumer Products,"Cerritos, California, United States",2011-04-01,"Buyout (LBO, MBO, MBI)",2015-12-14,Trade Sale - Public Company,4.7,False,,0,0,https://mergr.com/company/27517,2026-09-07T00:00:00Z
6632,Skydeck,Illinois,320775,Sploot,Consumer Services,"Denver, Colorado, United States",2021-12-01,Growth Capital,,,4.8,True,,0,0,https://mergr.com/company/320775,2026-09-07T00:00:00Z
5434,Salveo Capital,Illinois,269400,Coda Signature,Consumer Products,"Denver, Colorado, United States",2019-06-12,Venture,,,7.2,True,,0,0,https://mergr.com/company/269400,2026-09-07T00:00:00Z
5434,Salveo Capital,Illinois,256071,Harborside,Retail,"San Jose, California, United States",2018-11-19,Venture,2019-02-11,Spin Off,0.2,False,,0,0,https://mergr.com/company/256071,2026-09-07T00:00:00Z
5434,Salveo Capital,Illinois,269389,Treez,Software,"Oakland, California, United States",2018-09-11,Venture,,,7.9,True,,1,0,https://mergr.com/company/269389,2026-09-07T00:00:00Z
5434,Salveo Capital,Illinois,252592,PathogenDx,Test/Measurement Equipment,"Scottsdale, Arizona, United States",2018-07-17,Venture,,,8.1,True,,0,0,https://mergr.com/company/252592,2026-09-07T00:00:00Z
5434,Salveo Capital,Illinois,252597,Flow Kana,Distribution,"San Francisco, California, United States",2018-07-02,Growth Capital,,,8.2,True,,0,0,https://mergr.com/company/252597,2026-09-07T00:00:00Z
5434,Salveo Capital,Illinois,252602,Front Range Biosciences,Life Science,"Boulder, Colorado, United States",2017-09-20,Venture,,,8.9,True,,0,0,https://mergr.com/company/252602,2026-09-07T00:00:00Z
5434,Salveo Capital,Illinois,252608,Wurk,Staffing,"Denver, Colorado, United States",2017-04-11,Venture,,,9.3,True,,0,0,https://mergr.com/company/252608,2026-09-07T00:00:00Z
5434,Salveo Capital,Illinois,252614,Headset,Software,"Seattle, Washington, United States",2017-01-19,Growth Capital,,,9.6,True,,0,0,https://mergr.com/company/252614,2026-09-07T00:00:00Z
5507,Sachs Capital Group,Illinois,101121,Korbyt,Digital Media,"Addison, Texas, United States",2018-10-23,Going Private,,,7.8,True,41,1,0,https://mergr.com/company/101121,2026-09-07T00:00:00Z
1781,SE Capital LLC,Illinois,279556,Sierra Air Conditioning,Business Services,"Las Vegas, Nevada, United States",2020-01-02,"Buyout (LBO, MBO, MBI)",2025-03-05,Divestiture,5.2,False,,0,0,https://mergr.com/company/279556,2026-09-07T00:00:00Z
1781,SE Capital LLC,Illinois,7650,TLC Companies,Staffing,"Brooklyn Center, Minnesota, United States",2019-03-05,Secondary Buyout,2020-01-01,Divestiture,0.8,False,,0,0,https://mergr.com/company/7650,2026-09-07T00:00:00Z
1781,SE Capital LLC,Illinois,173329,Claim Adjustment Specialists,Real Estate,"Dallas, Texas, United States",2012-11-01,"Buyout (LBO, MBO, MBI)",,,13.8,True,,1,0,https://mergr.com/company/173329,2026-09-07T00:00:00Z
1781,SE Capital LLC,Illinois,25448,Origin Healthcare Solutions LLC,Business Services,"Chicago, Illinois, United States",2010-08-01,Venture,2014-12-11,Divestiture,4.3,False,,0,0,https://mergr.com/company/25448,2026-09-07T00:00:00Z
1781,SE Capital LLC,Illinois,26204,MVDconnect,Information Technology,"Mason, Ohio, United States",2008-08-01,Recapitalization,,,18.1,True,,0,0,https://mergr.com/company/26204,2026-09-07T00:00:00Z
1781,SE Capital LLC,Illinois,26206,"WNCFirst Insurance Services, Inc.",Insurance,"Pasadena, California, United States",2004-02-04,"Buyout (LBO, MBO, MBI)",2011-06-09,Divestiture,7.3,False,,0,0,https://mergr.com/company/26206,2026-09-07T00:00:00Z
6564,Riverspan Partners,Illinois,340356,United Titanium,Manufacturing,"Wooster, Ohio, United States",2025-09-15,"Buyout (LBO, MBO, MBI)",,,0.9,True,,0,0,https://mergr.com/company/340356,2026-09-07T00:00:00Z
6564,Riverspan Partners,Illinois,329479,Polaris Laboratories,Test/Measurement Equipment,"Indianapolis, Indiana, United States",2024-10-08,Growth Capital,,,1.8,True,,1,0,https://mergr.com/company/329479,2026-09-07T00:00:00Z
5966,Rising Point Capital,Illinois,300293,PirTano,Construction,"Addison, Illinois, United States",2021-08-24,Recapitalization,,,5,True,,1,0,https://mergr.com/company/300293,2026-09-07T00:00:00Z
5966,Rising Point Capital,Illinois,233346,Conco,Business Services,"Verona, Pennsylvania, United States",2020-05-08,Growth Capital,,,6.3,True,,1,0,https://mergr.com/company/233346,2026-09-07T00:00:00Z
5966,Rising Point Capital,Illinois,301605,Cinterra,Construction,"Hope Mills, North Carolina, United States",2020-01-01,Growth Capital,,,6.7,True,,0,0,https://mergr.com/company/301605,2026-09-07T00:00:00Z
5966,Rising Point Capital,Illinois,271571,Fairway Lawns,Consumer Services,"Little Rock, Arizona, United States",2019-12-23,"Buyout (LBO, MBO, MBI)",2022-05-18,Trade Sale - Public Company,2.3,False,,0,0,https://mergr.com/company/271571,2026-09-07T00:00:00Z
5966,Rising Point Capital,Illinois,300383,A-Rent,Business Services,"Chicago, Illinois, United States",2019-01-01,"Buyout (LBO, MBO, MBI)",,,7.7,True,,0,0,https://mergr.com/company/300383,2026-09-07T00:00:00Z
6109,Right Lane Capital,Illinois,132613,London Machinery,Machinery,"London, Ontario, Canada",2023-01-31,Divestiture,,,3.6,True,,0,0,https://mergr.com/company/132613,2026-09-07T00:00:00Z
6109,Right Lane Capital,Illinois,309537,Revolution Concrete Mixers,Machinery,"Rochester, Minnesota, United States",2023-01-31,Divestiture,,,3.6,True,,0,0,https://mergr.com/company/309537,2026-09-07T00:00:00Z
6109,Right Lane Capital,Illinois,309204,TerraSource Global,Machinery,"St. Louis, Missouri, United States",2021-11-03,Divestiture,2025-05-01,Divestiture,3.4,False,,1,0,https://mergr.com/company/309204,2026-09-07T00:00:00Z
6109,Right Lane Capital,Illinois,314983,Kirby,Consumer Products,"Cleveland, Ohio, United States",2021-07-22,Divestiture,,,5.1,True,,0,0,https://mergr.com/company/314983,2026-09-07T00:00:00Z
6109,Right Lane Capital,Illinois,314092,Belt Concepts,Manufacturing,"Spring Hope, North Carolina, United States",2020-08-03,"Buyout (LBO, MBO, MBI)",,,6.1,True,,0,0,https://mergr.com/company/314092,2026-09-07T00:00:00Z
6109,Right Lane Capital,Illinois,314963,Bold Renewables,Renewable Energy,"Windsor, Colorado, United States",2019-07-26,"Buyout (LBO, MBO, MBI)",,,7.1,True,,0,0,https://mergr.com/company/314963,2026-09-07T00:00:00Z
6109,Right Lane Capital,Illinois,314986,SEM Specialty Products,Plastics,"Rochester, New York, United States",2019-03-21,Divestiture,,,7.4,True,,0,0,https://mergr.com/company/314986,2026-09-07T00:00:00Z
6109,Right Lane Capital,Illinois,12379,Pacific Press Technologies,Machinery,"Mount Carmel, Illinois, United States",2017-05-01,Divestiture,,,9.3,True,,0,0,https://mergr.com/company/12379,2026-09-07T00:00:00Z
6109,Right Lane Capital,Illinois,81721,Galvanic Applied Sciences,Manufacturing,"Calgary, Alberta, Canada",2013-07-12,Going Private,,,13.1,True,,0,0,https://mergr.com/company/81721,2026-09-07T00:00:00Z
5866,Randolph Group,Illinois,268257,Hawk Research Laboratories,Chemicals,"Wheeling, Illinois, United States",2016-03-01,"Buyout (LBO, MBO, MBI)",,,10.5,True,,0,0,https://mergr.com/company/268257,2026-09-07T00:00:00Z
5866,Randolph Group,Illinois,108429,Rockford Systems,Safety/Security,"Rockford, Illinois, United States",2014-03-24,Growth Capital,,,12.4,True,,0,0,https://mergr.com/company/108429,2026-09-07T00:00:00Z
5866,Randolph Group,Illinois,311340,BB Industries,Distribution,"Knoxville, Tennessee, United States",2013-01-01,"Buyout (LBO, MBO, MBI)",,,13.7,True,,1,0,https://mergr.com/company/311340,2026-09-07T00:00:00Z
5866,Randolph Group,Illinois,268220,Salween Group,Marketing,"Singapore, Singapore",2012-12-01,Stake Purchase,,,13.8,True,,0,0,https://mergr.com/company/268220,2026-09-07T00:00:00Z
5866,Randolph Group,Illinois,268219,LifePet Organic,Consumer Products,"Pasadena, California, United States",2012-01-01,Stake Purchase,,,14.7,True,,0,0,https://mergr.com/company/268219,2026-09-07T00:00:00Z
5866,Randolph Group,Illinois,268254,Kiefer Aquatics,E-Commerce,"Bloomington, Illinois, United States",2011-10-21,"Buyout (LBO, MBO, MBI)",2019-01-01,Trade Sale - Public Company,7.2,False,,0,0,https://mergr.com/company/268254,2026-09-07T00:00:00Z
5866,Randolph Group,Illinois,268252,Plibrico,Building Materials,"Northbrook, Illinois, United States",2006-03-01,"Buyout (LBO, MBO, MBI)",,,20.5,True,,0,0,https://mergr.com/company/268252,2026-09-07T00:00:00Z
5866,Randolph Group,Illinois,268221,Cotta,Manufacturing,"Beloit, Wisconsin, United States",1993-01-01,"Buyout (LBO, MBO, MBI)",,,33.7,True,,0,0,https://mergr.com/company/268221,2026-09-07T00:00:00Z
4049,Prudential Capital Group,Illinois,274479,Midwest Motor Express,Transportation,"Bismarck, North Dakota, United States",2020-01-09,"Buyout (LBO, MBO, MBI)",2021-12-06,Divestiture,1.8,False,,0,0,https://mergr.com/company/274479,2026-09-07T00:00:00Z
4049,Prudential Capital Group,Illinois,234424,One Energy,Renewable Energy,"Findlay, Ohio, United States",2017-01-16,Venture,2023-08-15,IPO,6.5,False,,0,0,https://mergr.com/company/234424,2026-09-07T00:00:00Z
4049,Prudential Capital Group,Illinois,84481,Salary.com,Internet Software and Services,"Waltham, Massachusetts, United States",2016-02-24,Divestiture,2022-10-04,Trade Sale - Public Company,6.6,False,,2,0,https://mergr.com/company/84481,2026-09-07T00:00:00Z
4049,Prudential Capital Group,Illinois,2078,EducationDynamics,Marketing,"Lenexa, Kansas, United States",2015-12-09,Secondary Buyout,2021-10-07,Trade Sale - Public Company,5.8,False,,4,0,https://mergr.com/company/2078,2026-09-07T00:00:00Z
4049,Prudential Capital Group,Illinois,262387,ESS,Staffing,"Knoxville, Tennessee, United States",2015-04-20,"Buyout (LBO, MBO, MBI)",2022-01-28,Trade Sale - Public Company,6.8,False,,2,0,https://mergr.com/company/262387,2026-09-07T00:00:00Z
4049,Prudential Capital Group,Illinois,140977,MediGain LLC,Healthcare Services,"Plano, Texas, United States",2014-10-27,Growth Capital,,,11.8,True,,1,0,https://mergr.com/company/140977,2026-09-07T00:00:00Z
6943,Promus Capital Management,Illinois,344213,Tersus Solutions,Apparel/Textiles,"Englewood, Colorado, United States",2025-12-19,"Buyout (LBO, MBO, MBI)",,,0.7,True,,0,0,https://mergr.com/company/344213,2026-09-07T00:00:00Z
5962,Profile Capital Management,Illinois,271994,Panzura,Information Technology,"San Jose, California, United States",2020-05-08,"Buyout (LBO, MBO, MBI)",,,6.3,True,,1,0,https://mergr.com/company/271994,2026-09-07T00:00:00Z
6269,Prairie Management Group,Illinois,227642,Cotswold,Retail,"Norwich, United Kingdom",2016-10-03,Divestiture,,,9.9,True,,0,0,https://mergr.com/company/227642,2026-09-07T00:00:00Z
6269,Prairie Management Group,Illinois,210504,Evereve,Retail,"Edina, Minnesota, United States",2015-04-15,Growth Capital,,,11.3,True,,1,0,https://mergr.com/company/210504,2026-09-07T00:00:00Z
5854,Pondera Holdings,Illinois,311012,Heggerty,Education,"Oak Park, Illinois, United States",2021-09-29,Recapitalization,,,4.9,True,,1,0,https://mergr.com/company/311012,2026-09-07T00:00:00Z
5854,Pondera Holdings,Illinois,267522,Whisker,Consumer Products,"Auburn Hills, Michigan, United States",2019-12-13,Recapitalization,,,6.7,True,,0,0,https://mergr.com/company/267522,2026-09-07T00:00:00Z
6102,Plenary Partners,Illinois,312252,American Standard Circuits,Semiconductors,"West Chicago, Illinois, United States",2021-07-27,Recapitalization,,,5.1,True,,1,0,https://mergr.com/company/312252,2026-09-07T00:00:00Z
6102,Plenary Partners,Illinois,266284,Ocular Partners,Healthcare Services,"Chicago, Illinois, United States",2020-02-27,Consolidation,,,6.5,True,,2,0,https://mergr.com/company/266284,2026-09-07T00:00:00Z
6408,Pine Grove Holdings,Illinois,313362,Alturdyne,Machinery,"El Cajon, California, United States",2023-03-01,Special Situations/Distressed,,,3.5,True,,0,0,https://mergr.com/company/313362,2026-09-07T00:00:00Z
6408,Pine Grove Holdings,Illinois,21263,KKSP Precision Machining,Manufacturing,"Glendale Heights, Illinois, United States",2022-06-23,Secondary Buyout,2024-12-19,Merger,2.4,False,,0,0,https://mergr.com/company/21263,2026-09-07T00:00:00Z
6408,Pine Grove Holdings,Illinois,280608,Richmond Wholesale,Distribution,"Richmond, California, United States",2021-01-19,Growth Capital,,,5.6,True,,0,0,https://mergr.com/company/280608,2026-09-07T00:00:00Z
6408,Pine Grove Holdings,Illinois,274605,Ashburn Consulting,Information Technology,"Leesburg, Virginia, United States",2020-07-29,Growth Capital,,,6.1,True,,0,0,https://mergr.com/company/274605,2026-09-07T00:00:00Z
6408,Pine Grove Holdings,Illinois,313360,Cardinal Metal Finishing,Manufacturing,"Kokomo, Indiana, United States",2020-05-01,"Buyout (LBO, MBO, MBI)",,,6.3,True,,0,0,https://mergr.com/company/313360,2026-09-07T00:00:00Z
6408,Pine Grove Holdings,Illinois,199108,Encorp,Energy Services and Equipment,"Fort Collins, Colorado, United States",2019-01-01,Stake Purchase,,,7.7,True,,0,0,https://mergr.com/company/199108,2026-09-07T00:00:00Z
6408,Pine Grove Holdings,Illinois,250923,United Automobile Insurance,Insurance,"Miami Gardens, Florida, United States",2018-04-26,Growth Capital,,,8.3,True,,0,0,https://mergr.com/company/250923,2026-09-07T00:00:00Z
6408,Pine Grove Holdings,Illinois,313361,XForm,Distribution,United States,2017-01-01,"Buyout (LBO, MBO, MBI)",,,9.7,True,,0,0,https://mergr.com/company/313361,2026-09-07T00:00:00Z
2169,PAG Capital Partners,Illinois,82805,Lexmark International,Technology Hardware,"Lexington, Kentucky, United States",2016-04-19,Going Private,2024-12-23,Bankruptcy,8.7,False,3551,0,2,https://mergr.com/company/82805,2026-09-07T00:00:00Z
2169,PAG Capital Partners,Illinois,28067,MMAWarehouse,Retail,"Wheeling, Illinois, United States",2011-01-03,"Buyout (LBO, MBO, MBI)",,,15.7,True,,0,0,https://mergr.com/company/28067,2026-09-07T00:00:00Z
2169,PAG Capital Partners,Illinois,28066,Medical Necessities,Healthcare Services,"Jonesboro, Arkansas, United States",2009-09-01,"Buyout (LBO, MBO, MBI)",,,17,True,,0,0,https://mergr.com/company/28066,2026-09-07T00:00:00Z
2169,PAG Capital Partners,Illinois,28065,Corporate Technology Solutions,Business Services,"Tempe, Arizona, United States",2009-09-01,"Buyout (LBO, MBO, MBI)",2023-10-06,Divestiture,14.1,False,,0,0,https://mergr.com/company/28065,2026-09-07T00:00:00Z
5090,Onward Capital,Illinois,167421,PFI Instore,Business Services,"Hazelwood, Missouri, United States",2023-08-03,Secondary Buyout,,,3.1,True,,0,0,https://mergr.com/company/167421,2026-09-07T00:00:00Z
5090,Onward Capital,Illinois,306036,Century Drill & Tool,Manufacturing,"Green Bay, Wisconsin, United States",2021-12-31,"Buyout (LBO, MBO, MBI)",,,4.7,True,,1,0,https://mergr.com/company/306036,2026-09-07T00:00:00Z
5090,Onward Capital,Illinois,254480,FSC Lighting,Electrical Equipment,"Rancho Cucamonga, California, United States",2018-09-10,"Buyout (LBO, MBO, MBI)",,,7.9,True,,0,0,https://mergr.com/company/254480,2026-09-07T00:00:00Z
5090,Onward Capital,Illinois,4442,Connecticut Electric,Electrical Equipment,"Anderson, Indiana, United States",2018-03-08,Secondary Buyout,,,8.4,True,,0,0,https://mergr.com/company/4442,2026-09-07T00:00:00Z
5090,Onward Capital,Illinois,31855,Domaille Engineering,Manufacturing,"Rochester, Minnesota, United States",2016-11-30,Secondary Buyout,2021-12-03,Divestiture,5,False,,2,0,https://mergr.com/company/31855,2026-09-07T00:00:00Z
4491,North Branch Capital,Illinois,340106,Rabine Doors & Docks,Business Services,"Elk Grove Village, Illinois, United States",2025-09-09,Growth Capital,,,0.9,True,,0,0,https://mergr.com/company/340106,2026-09-07T00:00:00Z
4491,North Branch Capital,Illinois,314376,STARC Systems,Building Materials,"Brunswick, Maine, United States",2023-09-12,Secondary Buyout,,,2.9,True,,0,0,https://mergr.com/company/314376,2026-09-07T00:00:00Z
4491,North Branch Capital,Illinois,314481,ControlByWeb,Manufacturing,"Nibley, Utah, United States",2023-06-21,Growth Capital,,,3.2,True,,0,0,https://mergr.com/company/314481,2026-09-07T00:00:00Z
4491,North Branch Capital,Illinois,334733,Fire Dawgs Junk Removal,Environmental,"Indianapolis, Indiana, United States",2023-03-01,"Buyout (LBO, MBO, MBI)",,,3.5,True,,0,0,https://mergr.com/company/334733,2026-09-07T00:00:00Z
4491,North Branch Capital,Illinois,334686,JMAC Supply,Distribution,"West Hempstead, New York, United States",2023-01-01,"Buyout (LBO, MBO, MBI)",,,3.7,True,,0,0,https://mergr.com/company/334686,2026-09-07T00:00:00Z
4491,North Branch Capital,Illinois,290850,Summit Hydraulics,Manufacturing,"Phoenix, Arizona, United States",2021-09-29,Growth Capital,,,4.9,True,,2,0,https://mergr.com/company/290850,2026-09-07T00:00:00Z
4491,North Branch Capital,Illinois,302785,Infinity Home Services,Construction,"New Berlin, Wisconsin, United States",2021-09-01,Consolidation,2023-01-11,Trade Sale - Public Company,1.3,False,,2,0,https://mergr.com/company/302785,2026-09-07T00:00:00Z
4491,North Branch Capital,Illinois,273668,Heartland Home Services,Business Services,"Grand Rapids, Michigan, United States",2020-12-15,Secondary Buyout,2020-12-15,Trade Sale - Public Company,0,False,,0,0,https://mergr.com/company/273668,2026-09-07T00:00:00Z
4491,North Branch Capital,Illinois,260755,Diversified Fall Protection,Safety/Security,"Westlake, Ohio, United States",2019-05-09,Growth Capital,,,7.3,True,,1,0,https://mergr.com/company/260755,2026-09-07T00:00:00Z
4491,North Branch Capital,Illinois,246318,Randazzo Mechanical Heating & Cooling,Business Services,"Macomb, Michigan, United States",2017-12-05,Growth Capital,,,8.8,True,,1,0,https://mergr.com/company/246318,2026-09-07T00:00:00Z
4491,North Branch Capital,Illinois,273668,Heartland Home Services,Business Services,"Grand Rapids, Michigan, United States",2017-11-01,"Buyout (LBO, MBO, MBI)",2020-12-15,Trade Sale - Public Company,3.1,False,,4,0,https://mergr.com/company/273668,2026-09-07T00:00:00Z
4491,North Branch Capital,Illinois,190,Circuit Check,Test/Measurement Equipment,"Maple Grove, Minnesota, United States",2015-12-23,Secondary Buyout,2024-02-23,Trade Sale - Public Company,8.2,False,,0,0,https://mergr.com/company/190,2026-09-07T00:00:00Z
4491,North Branch Capital,Illinois,216456,ALHI,Leisure,"Dalllas, Texas, United States",2015-06-30,Growth Capital,,,11.2,True,,1,1,https://mergr.com/company/216456,2026-09-07T00:00:00Z
4491,North Branch Capital,Illinois,178056,Motion Solutions,Distribution,"Aliso Viejo, California, United States",2015-03-04,Stake Purchase,2018-11-06,Trade Sale - Public Company,3.7,False,,2,0,https://mergr.com/company/178056,2026-09-07T00:00:00Z
998,North American Funds,Illinois,13696,Polymer,Plastics,"Rockland, Massachusetts, United States",2009-01-06,"Buyout (LBO, MBO, MBI)",,,17.7,True,,0,0,https://mergr.com/company/13696,2026-09-07T00:00:00Z
998,North American Funds,Illinois,7496,Valley Meats,Food,"Coal Valley, Illinois, United States",2008-04-01,"Buyout (LBO, MBO, MBI)",,,18.4,True,,0,0,https://mergr.com/company/7496,2026-09-07T00:00:00Z
998,North American Funds,Illinois,16695,"Actown-Electrocoil, Inc.",Electrical Equipment,"Spring Grove, Illinois, United States",1998-01-01,"Buyout (LBO, MBO, MBI)",2006-08-17,Divestiture,8.6,False,36,0,0,https://mergr.com/company/16695,2026-09-07T00:00:00Z
998,North American Funds,Illinois,16697,Culinary Standards Corp.,Food,"Louisville, Kentucky, United States",1997-06-30,"Buyout (LBO, MBO, MBI)",2008-10-10,Divestiture,11.3,False,,0,0,https://mergr.com/company/16697,2026-09-07T00:00:00Z
998,North American Funds,Illinois,16696,"AMTEC Precision Products, Inc.",Machinery,"Elgin, Illinois, United States",1992-06-29,"Buyout (LBO, MBO, MBI)",2005-05-15,Trade Sale - Public Company,12.8,False,,0,0,https://mergr.com/company/16696,2026-09-07T00:00:00Z
998,North American Funds,Illinois,16699,Minnesota Educational Computing Corp.,Education,"Minneapolis, Minnesota, United States",1991-01-05,"Buyout (LBO, MBO, MBI)",1994-03-01,Trade Sale - Public Company,3.1,False,,0,0,https://mergr.com/company/16699,2026-09-07T00:00:00Z
998,North American Funds,Illinois,16694,ACR Group,Electronics,"Fort Lauderdale, Florida, United States",1989-01-01,"Buyout (LBO, MBO, MBI)",1999-03-17,Trade Sale - Public Company,10.2,False,,0,0,https://mergr.com/company/16694,2026-09-07T00:00:00Z
5677,NextGen Growth Partners,Illinois,317051,Premiere Property Services,Business Services,"Grand Rapids, Michigan, United States",2023-08-01,Growth Capital,,,3.1,True,,0,0,https://mergr.com/company/317051,2026-09-07T00:00:00Z
5677,NextGen Growth Partners,Illinois,316995,DAWGS,Building Materials,"Chicago, Illinois, United States",2022-01-24,Growth Capital,2025-04-07,Trade Sale - Public Company,3.2,False,,0,0,https://mergr.com/company/316995,2026-09-07T00:00:00Z
5677,NextGen Growth Partners,Illinois,266640,Record Connect,Information Services,"Saginaw, Michigan, United States",2019-11-22,Growth Capital,,,6.8,True,,0,0,https://mergr.com/company/266640,2026-09-07T00:00:00Z
5677,NextGen Growth Partners,Illinois,273101,Sunrise Landscape,Business Services,"Tampa, Florida, United States",2019-10-04,"Buyout (LBO, MBO, MBI)",,,6.9,True,,1,0,https://mergr.com/company/273101,2026-09-07T00:00:00Z
5677,NextGen Growth Partners,Illinois,260469,JMG Marketing,Marketing,"Long Island, New York, United States",2019-04-30,"Buyout (LBO, MBO, MBI)",,,7.3,True,,1,0,https://mergr.com/company/260469,2026-09-07T00:00:00Z
5677,NextGen Growth Partners,Illinois,273100,Condata,Business Services,"Oak Brook, Illinois, United States",2018-10-10,"Buyout (LBO, MBO, MBI)",2024-07-23,Trade Sale - Public Company,5.8,False,,1,0,https://mergr.com/company/273100,2026-09-07T00:00:00Z
5677,NextGen Growth Partners,Illinois,273089,MHW,Distribution,"Manhasset, New York, United States",2017-07-01,"Buyout (LBO, MBO, MBI)",,,9.2,True,,3,0,https://mergr.com/company/273089,2026-09-07T00:00:00Z
6731,N3 Capital Management,Illinois,329451,Advance Switchboard Distribution,Electrical Equipment,"Elk Grove Village, Illinois, United States",2024-10-07,"Buyout (LBO, MBO, MBI)",,,1.9,True,,0,0,https://mergr.com/company/329451,2026-09-07T00:00:00Z
6507,Monroe Street Partners,Illinois,325708,American Roadway Logistics,Business Services,"Norton, Ohio, United States",2024-06-05,"Buyout (LBO, MBO, MBI)",2026-01-23,Divestiture,1.6,False,,0,0,https://mergr.com/company/325708,2026-09-07T00:00:00Z
6507,Monroe Street Partners,Illinois,315758,Brandito,Marketing,"Richmond, Virginia, United States",2023-08-03,"Buyout (LBO, MBO, MBI)",,,3.1,True,,2,0,https://mergr.com/company/315758,2026-09-07T00:00:00Z
6507,Monroe Street Partners,Illinois,309964,Vigilnet,Safety/Security,"Omaha, Nebraska, United States",2023-02-13,"Buyout (LBO, MBO, MBI)",,,3.5,True,,0,0,https://mergr.com/company/309964,2026-09-07T00:00:00Z
5302,Middleton Partners,Illinois,310060,Food Service Exchange,E-Commerce,"Flower Mound, Texas, United States",2020-01-01,Growth Capital,,,6.7,True,,0,0,https://mergr.com/company/310060,2026-09-07T00:00:00Z
5302,Middleton Partners,Illinois,50154,O2Cool,Consumer Products,"Chicago, Illinois, United States",2018-11-06,Add-on Acquisition,,,7.8,True,,2,0,https://mergr.com/company/50154,2026-09-07T00:00:00Z
5302,Middleton Partners,Illinois,245585,Maurice Sporting Goods,Distribution,"Northbrook, Illinois, United States",2017-11-20,Special Situations/Distressed,2020-01-10,Trade Sale - Public Company,2.1,False,,0,0,https://mergr.com/company/245585,2026-09-07T00:00:00Z
4484,McNally Capital,Illinois,352336,Tenica Global Solutions,Information Technology,"Chantilly, Vermont, United States",2026-08-03,Growth Capital,,,0.1,True,,0,0,https://mergr.com/company/352336,2026-09-07T00:00:00Z
4484,McNally Capital,Illinois,333861,Jewett Automation,Automotive,"Richmond, Virginia, United States",2025-02-11,Growth Capital,,,1.5,True,,0,0,https://mergr.com/company/333861,2026-09-07T00:00:00Z
4484,McNally Capital,Illinois,309023,Xcelerate Solutions,Information Technology,"McLean, Virginia, United States",2023-01-12,Growth Capital,,,3.6,True,,1,0,https://mergr.com/company/309023,2026-09-07T00:00:00Z
4484,McNally Capital,Illinois,316037,Smith & Oby,Construction,"Walton Hills, Ohio, United States",2022-03-07,Growth Capital,,,4.5,True,,0,0,https://mergr.com/company/316037,2026-09-07T00:00:00Z
4484,McNally Capital,Illinois,283843,Orbis Operations,Information Technology,"McLean, Virginia, United States",2021-04-08,"Buyout (LBO, MBO, MBI)",,,5.3,True,,0,0,https://mergr.com/company/283843,2026-09-07T00:00:00Z
4484,McNally Capital,Illinois,268307,Re-Sourcing,Staffing,"Valhalla, New York, United States",2020-01-16,Growth Capital,2024-01-17,Trade Sale - Public Company,4,False,,1,0,https://mergr.com/company/268307,2026-09-07T00:00:00Z
4484,McNally Capital,Illinois,219857,Altamira Technologies,Information Technology,"McLean, Virginia, United States",2019-07-24,Secondary Buyout,,,7.1,True,,1,0,https://mergr.com/company/219857,2026-09-07T00:00:00Z
4484,McNally Capital,Illinois,252721,Clear Fracture,Information Technology,"Vienna, Virginia, United States",2018-07-19,Growth Capital,,,8.1,True,,0,0,https://mergr.com/company/252721,2026-09-07T00:00:00Z
4484,McNally Capital,Illinois,3045,Dedicated Computing,Technology Hardware,"Waukesha, Wisconsin, United States",2016-12-30,Secondary Buyout,,,9.7,True,,0,0,https://mergr.com/company/3045,2026-09-07T00:00:00Z
4484,McNally Capital,Illinois,228903,"Genesys Aerosystems Group, Inc.",Aerospace,"Mineral Wells, Texas, United States",2016-10-21,Growth Capital,2020-12-21,Divestiture,4.2,False,,0,0,https://mergr.com/company/228903,2026-09-07T00:00:00Z
4484,McNally Capital,Illinois,177852,ITS Logistics,Transportation,"Sparks, Nevada, United States",2015-02-26,"Buyout (LBO, MBO, MBI)",2021-06-15,Trade Sale - Public Company,6.3,False,,0,0,https://mergr.com/company/177852,2026-09-07T00:00:00Z
4484,McNally Capital,Illinois,305228,AMI,Machinery,"Costa Mesa, California, United States",2014-01-01,Growth Capital,2023-12-28,Divestiture,9.9,False,,0,0,https://mergr.com/company/305228,2026-09-07T00:00:00Z
4484,McNally Capital,Illinois,19332,AIA,Media,"Appleton, Wisconsin, United States",2013-09-03,Secondary Buyout,,,13,True,,0,0,https://mergr.com/company/19332,2026-09-07T00:00:00Z
2189,Maxim Partners,Illinois,333291,Carbon Performance,Consumer Services,"Franklin, Tennessee, United States",2023-07-01,"Buyout (LBO, MBO, MBI)",,,3.2,True,,0,0,https://mergr.com/company/333291,2026-09-07T00:00:00Z
2189,Maxim Partners,Illinois,333349,Zenwise,Consumer Products,"Orlando, Florida, United States",2018-02-08,"Buyout (LBO, MBO, MBI)",,,8.5,True,,0,0,https://mergr.com/company/333349,2026-09-07T00:00:00Z
2189,Maxim Partners,Illinois,333316,Stratum Nutrition,Consumer Products,"Carthage, Missouri, United States",2017-08-06,Divestiture,,,9.1,True,,0,0,https://mergr.com/company/333316,2026-09-07T00:00:00Z
2189,Maxim Partners,Illinois,215037,Integrity Directional Services,Energy Services and Equipment,"Fort Worth, Texas, United States",2014-11-13,"Buyout (LBO, MBO, MBI)",2019-04-15,Bankruptcy,4.4,False,,0,0,https://mergr.com/company/215037,2026-09-07T00:00:00Z
2189,Maxim Partners,Illinois,12473,Laney Drilling,Energy Services and Equipment,"Waller, Texas, United States",2014-07-31,Secondary Buyout,,,12.1,True,,0,0,https://mergr.com/company/12473,2026-09-07T00:00:00Z
2189,Maxim Partners,Illinois,127577,Westervelt College,Education,"London, Ontario, Canada",2012-02-01,"Buyout (LBO, MBO, MBI)",2022-02-01,Spin Off,10,False,,0,0,https://mergr.com/company/127577,2026-09-07T00:00:00Z
2189,Maxim Partners,Illinois,28091,Pipe Maintenance,Business Services,"Kilgore, Texas, United States",2011-12-01,Growth Capital,,,14.8,True,,0,0,https://mergr.com/company/28091,2026-09-07T00:00:00Z
2189,Maxim Partners,Illinois,28089,Robertson College,Education,"Winnipeg, Manitoba, Canada",2011-02-01,"Buyout (LBO, MBO, MBI)",,,15.6,True,,0,0,https://mergr.com/company/28089,2026-09-07T00:00:00Z
2189,Maxim Partners,Illinois,28092,Amazing Food Creations,Food,"Schaumburg, Illinois, United States",2007-05-14,"Buyout (LBO, MBO, MBI)",,,19.3,True,,0,0,https://mergr.com/company/28092,2026-09-07T00:00:00Z
4325,"Magnate Capital Partners, LLC",Illinois,169017,Imperative Logistics Group,Transportation,"Portland, Oregon, United States",2015-01-05,"Buyout (LBO, MBO, MBI)",2022-01-03,Trade Sale - Public Company,6.9,False,,7,1,https://mergr.com/company/169017,2026-09-07T00:00:00Z
4325,"Magnate Capital Partners, LLC",Illinois,176467,Paradigm Insurance Group LLC,Insurance,"Oak Brook, Illinois, United States",2014-08-08,"Buyout (LBO, MBO, MBI)",2016-04-27,Sold to Management,1.7,False,,1,0,https://mergr.com/company/176467,2026-09-07T00:00:00Z
4325,"Magnate Capital Partners, LLC",Illinois,176461,ADKOS LLC,Business Services,"Indianapolis, Indiana, United States",2013-07-29,"Buyout (LBO, MBO, MBI)",2014-08-20,Sold to Management,1,False,,0,0,https://mergr.com/company/176461,2026-09-07T00:00:00Z
5747,MPG Equity Partners,Illinois,263089,MedService Repair,Medical Products,"Vernon Hills, Illinois, United States",2018-08-01,"Buyout (LBO, MBO, MBI)",,,8.1,True,,0,0,https://mergr.com/company/263089,2026-09-07T00:00:00Z
5747,MPG Equity Partners,Illinois,316110,MouseHouseApp,Software,"Chicago, Illinois, United States",2014-11-06,Growth Capital,,,11.8,True,,0,0,https://mergr.com/company/316110,2026-09-07T00:00:00Z
5747,MPG Equity Partners,Illinois,316111,ClearContract,Software,"Park Ridge, Illinois, United States",2013-09-01,Stake Purchase,,,13,True,,0,0,https://mergr.com/company/316111,2026-09-07T00:00:00Z
6090,Lowe Capital Management,Illinois,278447,Incorp,Construction,"Evansville, Indiana, United States",2020-11-19,"Buyout (LBO, MBO, MBI)",,,5.8,True,,1,0,https://mergr.com/company/278447,2026-09-07T00:00:00Z
6060,Longshore Capital Partners,Illinois,352024,Prochant,Internet Software and Services,"Charlotte, North Carolina, United States",2026-07-23,Add-on Acquisition,,,0.1,True,,0,0,https://mergr.com/company/352024,2026-09-07T00:00:00Z
6060,Longshore Capital Partners,Illinois,345447,Enavate,Information Technology,"Tampa, Florida, United States",2025-12-11,Growth Capital,,,0.7,True,,0,0,https://mergr.com/company/345447,2026-09-07T00:00:00Z
6060,Longshore Capital Partners,Illinois,85909,DemandTec,Software,"Boston, Massachusetts, United States",2025-09-01,Divestiture,,,1,True,,0,0,https://mergr.com/company/85909,2026-09-07T00:00:00Z
6060,Longshore Capital Partners,Illinois,305591,Centaris,Information Technology,"Sterling Heights, Michigan, United States",2025-06-01,Secondary Buyout,,,1.3,True,,0,0,https://mergr.com/company/305591,2026-09-07T00:00:00Z
6060,Longshore Capital Partners,Illinois,270458,Annuity Health,Business Services,"Westmont, Illinois, United States",2024-07-09,"Buyout (LBO, MBO, MBI)",,,2.1,True,,0,0,https://mergr.com/company/270458,2026-09-07T00:00:00Z
6060,Longshore Capital Partners,Illinois,313580,Blue Wheel,Marketing,"Birmingham, Michigan, United States",2022-11-01,"Buyout (LBO, MBO, MBI)",,,3.8,True,,1,0,https://mergr.com/company/313580,2026-09-07T00:00:00Z
6060,Longshore Capital Partners,Illinois,306260,Team One,Insurance,"Irving, Texas, United States",2022-10-01,"Buyout (LBO, MBO, MBI)",,,3.9,True,,1,0,https://mergr.com/company/306260,2026-09-07T00:00:00Z
6060,Longshore Capital Partners,Illinois,306518,Stuzo,Internet Software and Services,"Philadelphia, Pennsylvania, United States",2021-05-25,Growth Capital,2024-03-11,Divestiture,2.8,False,,0,0,https://mergr.com/company/306518,2026-09-07T00:00:00Z
6060,Longshore Capital Partners,Illinois,34089,Eclipse Advantage,Business Services,"Melbourne, Florida, United States",2020-08-31,Secondary Buyout,2021-10-12,Trade Sale - Public Company,1.1,False,,0,0,https://mergr.com/company/34089,2026-09-07T00:00:00Z
6060,Longshore Capital Partners,Illinois,247329,Gen3 Marketing,Marketing,"Blue Bell, Pennsylvania, United States",2020-08-31,Secondary Buyout,2021-09-21,Trade Sale - Public Company,1,False,,1,0,https://mergr.com/company/247329,2026-09-07T00:00:00Z
6060,Longshore Capital Partners,Illinois,10174,Metasource,Business Services,"Draper, Utah, United States",2020-08-31,Secondary Buyout,2022-06-01,Trade Sale - Public Company,1.8,False,,1,0,https://mergr.com/company/10174,2026-09-07T00:00:00Z
6060,Longshore Capital Partners,Illinois,273597,Oakpoint,Healthcare Services,"Raleigh, North Carolina, United States",2019-09-01,"Buyout (LBO, MBO, MBI)",,,7,True,,1,0,https://mergr.com/company/273597,2026-09-07T00:00:00Z
6060,Longshore Capital Partners,Illinois,282928,Revco Solutions,Business Services,"Columbus, Ohio, United States",2019-08-01,"Buyout (LBO, MBO, MBI)",,,7.1,True,,2,0,https://mergr.com/company/282928,2026-09-07T00:00:00Z
4883,Lincoln Park Capital,Illinois,265978,rMark Bio,Information Technology,"Chicago, Illinois, United States",2019-02-07,Venture,2021-04-04,Trade Sale,2.1,False,,0,0,https://mergr.com/company/265978,2026-09-07T00:00:00Z
6266,Lightspring Capital Partners,Illinois,24447,Anchor Bay Powder Coat,Business Services,"New Baltimore, Michigan, United States",2025-05-01,"Buyout (LBO, MBO, MBI)",,,1.3,True,,0,0,https://mergr.com/company/24447,2026-09-07T00:00:00Z
6266,Lightspring Capital Partners,Illinois,333750,Dental Alliance Group,Medical Products,"Columbus, Ohio, United States",2024-11-01,Recapitalization,,,1.8,True,,0,0,https://mergr.com/company/333750,2026-09-07T00:00:00Z
6266,Lightspring Capital Partners,Illinois,333339,LookOurWay,Marketing,"Stockton, California, United States",2023-09-01,"Buyout (LBO, MBO, MBI)",,,3,True,,0,0,https://mergr.com/company/333339,2026-09-07T00:00:00Z
6266,Lightspring Capital Partners,Illinois,308614,Devansoy,Food,"Rock City, Illinois, United States",2022-12-23,Growth Capital,,,3.7,True,,0,0,https://mergr.com/company/308614,2026-09-07T00:00:00Z
6266,Lightspring Capital Partners,Illinois,309555,Great Lakes Potato Chips,Food,"Traverse, Michigan, United States",2022-12-22,"Buyout (LBO, MBO, MBI)",,,3.7,True,,0,0,https://mergr.com/company/309555,2026-09-07T00:00:00Z
6266,Lightspring Capital Partners,Illinois,312807,BedJet,Consumer Products,"Newport, Rhode Island, United States",2022-05-01,"Buyout (LBO, MBO, MBI)",,,4.3,True,,0,0,https://mergr.com/company/312807,2026-09-07T00:00:00Z
6266,Lightspring Capital Partners,Illinois,312796,Active Roofing,Construction,"Chicago, Illinois, United States",2022-04-14,"Buyout (LBO, MBO, MBI)",,,4.3,True,,0,0,https://mergr.com/company/312796,2026-09-07T00:00:00Z
6266,Lightspring Capital Partners,Illinois,116153,ICAT Logistics,Transportation,"Coppell, Texas, United States",2021-12-17,"Buyout (LBO, MBO, MBI)",,,4.7,True,,1,0,https://mergr.com/company/116153,2026-09-07T00:00:00Z
6266,Lightspring Capital Partners,Illinois,309092,Modern Insulation,Building Materials,"Spencer, Wisconsin, United States",2021-12-01,Growth Capital,,,4.8,True,,0,0,https://mergr.com/company/309092,2026-09-07T00:00:00Z
6266,Lightspring Capital Partners,Illinois,312793,Maxxsonics,Electronics,"Libertyville, Illinois, United States",2021-11-01,"Buyout (LBO, MBO, MBI)",,,4.8,True,,0,0,https://mergr.com/company/312793,2026-09-07T00:00:00Z
6266,Lightspring Capital Partners,Illinois,312794,BSM Wall Systems,Construction,"Lenexa, Kansas, United States",2021-11-01,"Buyout (LBO, MBO, MBI)",,,4.8,True,,0,0,https://mergr.com/company/312794,2026-09-07T00:00:00Z
6266,Lightspring Capital Partners,Illinois,289945,Joneca,Consumer Products,"Anaheim, California, United States",2021-09-02,"Buyout (LBO, MBO, MBI)",,,5,True,,0,0,https://mergr.com/company/289945,2026-09-07T00:00:00Z
5455,KCM Capital Partners,Illinois,338422,Carolina Filters,Business Services,"Sumter, South Carolina, United States",2025-06-20,"Buyout (LBO, MBO, MBI)",,,1.2,True,,0,0,https://mergr.com/company/338422,2026-09-07T00:00:00Z
5455,KCM Capital Partners,Illinois,201880,StartKleen,Business Services,"Gunter, Texas, United States",2025-03-14,Recapitalization,,,1.4,True,,0,0,https://mergr.com/company/201880,2026-09-07T00:00:00Z
5455,KCM Capital Partners,Illinois,320395,Royal Distributing,Retail,"Guelph, Ontario, Canada",2022-11-01,Recapitalization,,,3.8,True,,0,0,https://mergr.com/company/320395,2026-09-07T00:00:00Z
5455,KCM Capital Partners,Illinois,116153,ICAT Logistics,Transportation,"Coppell, Texas, United States",2021-12-17,"Buyout (LBO, MBO, MBI)",,,4.7,True,,1,0,https://mergr.com/company/116153,2026-09-07T00:00:00Z
5455,KCM Capital Partners,Illinois,325691,Tekleen Automatic Filters,Machinery,"Santa Fe Springs, California, United States",2021-12-01,"Buyout (LBO, MBO, MBI)",,,4.8,True,,0,0,https://mergr.com/company/325691,2026-09-07T00:00:00Z
5455,KCM Capital Partners,Illinois,299790,4 State Trucks,Distribution,"Joplin, Missouri, United States",2021-08-01,"Buyout (LBO, MBO, MBI)",,,5.1,True,,0,0,https://mergr.com/company/299790,2026-09-07T00:00:00Z
5455,KCM Capital Partners,Illinois,274061,Mason West,Manufacturing,"Placentia, California, United States",2020-07-09,"Buyout (LBO, MBO, MBI)",,,6.1,True,,0,0,https://mergr.com/company/274061,2026-09-07T00:00:00Z
5455,KCM Capital Partners,Illinois,264229,Industrial Valve,Machinery,"Eight Mile, Alabama, United States",2019-09-12,"Buyout (LBO, MBO, MBI)",2022-01-01,Unknown,2.3,False,,0,0,https://mergr.com/company/264229,2026-09-07T00:00:00Z
5455,KCM Capital Partners,Illinois,284686,ISG,Manufacturing,"Indianapolis, Indiana, United States",2019-01-01,"Buyout (LBO, MBO, MBI)",2022-12-07,Trade Sale - Public Company,3.9,False,,1,0,https://mergr.com/company/284686,2026-09-07T00:00:00Z
5455,KCM Capital Partners,Illinois,253451,Atlantic Beverage,Beverages,"Edison, New Jersey, United States",2018-08-15,Recapitalization,,,8,True,,0,0,https://mergr.com/company/253451,2026-09-07T00:00:00Z
5245,Lincoln Hill Holdings,Illinois,351956,Summit Title Services,Financial Services,"Bedford, New Hampshire, United States",2025-04-21,Growth Capital,,,1.3,True,,0,0,https://mergr.com/company/351956,2026-09-07T00:00:00Z
5245,Lincoln Hill Holdings,Illinois,280892,Sinkits Sink Clips,Manufacturing,"Nixa, Missouri, United States",2019-09-02,"Buyout (LBO, MBO, MBI)",,,7,True,,0,0,https://mergr.com/company/280892,2026-09-07T00:00:00Z
5245,Lincoln Hill Holdings,Illinois,241900,Fibre Tec Packaging,Packaging,"Chicago, Illinois, United States",2017-07-18,"Buyout (LBO, MBO, MBI)",,,9.1,True,,0,0,https://mergr.com/company/241900,2026-09-07T00:00:00Z
5833,Kinzie Capital Partners,Illinois,334041,Fraser Steel,Metals/Mining,"Albertville, Minnesota, United States",2025-02-18,"Buyout (LBO, MBO, MBI)",,,1.5,True,,0,0,https://mergr.com/company/334041,2026-09-07T00:00:00Z
5833,Kinzie Capital Partners,Illinois,254008,Arctic Industries,Manufacturing,"Azusa, California, United States",2024-02-20,Secondary Buyout,,,2.5,True,,0,0,https://mergr.com/company/254008,2026-09-07T00:00:00Z
5833,Kinzie Capital Partners,Illinois,246810,GT Golf Supplies,Consumer Products,"Vista, California, United States",2023-01-11,Secondary Buyout,,,3.6,True,,2,0,https://mergr.com/company/246810,2026-09-07T00:00:00Z
5833,Kinzie Capital Partners,Illinois,276057,Chelsea,Electrical Equipment,"New York City, New York, United States",2020-09-08,"Buyout (LBO, MBO, MBI)",,,5.9,True,,0,0,https://mergr.com/company/276057,2026-09-07T00:00:00Z
5833,Kinzie Capital Partners,Illinois,266468,Colony Display,Manufacturing,"Bartlett, Illinois, United States",2019-11-19,"Buyout (LBO, MBO, MBI)",,,6.8,True,,1,0,https://mergr.com/company/266468,2026-09-07T00:00:00Z
4483,Knox Capital,Illinois,313288,GOdeeds,Business Services,"Clarence, New York, United States",2023-05-10,"Buyout (LBO, MBO, MBI)",,,3.3,True,,0,0,https://mergr.com/company/313288,2026-09-07T00:00:00Z
4483,Knox Capital,Illinois,300104,Bundle,Business Services,"Clarence, New York, United States",2022-05-10,Acquisition Financing,,,4.3,True,,1,0,https://mergr.com/company/300104,2026-09-07T00:00:00Z
4483,Knox Capital,Illinois,279885,Collabtech,Information Technology,"Mesa, Arizona, United States",2020-04-02,Growth Capital,,,6.4,True,,1,0,https://mergr.com/company/279885,2026-09-07T00:00:00Z
4483,Knox Capital,Illinois,243969,a360inc,Business Services,"San Antonio, Texas, United States",2019-09-18,Growth Capital,,,6.9,True,,3,0,https://mergr.com/company/243969,2026-09-07T00:00:00Z
4483,Knox Capital,Illinois,191575,HaystackID,Software,"Chicago, Illinois, United States",2017-10-23,Recapitalization,2020-02-03,Merger,2.3,False,,3,0,https://mergr.com/company/191575,2026-09-07T00:00:00Z
4483,Knox Capital,Illinois,186343,TRS Global Services,Business Services,"Houston, Texas, United States",2015-01-09,Consolidation,2024-03-13,Trade Sale - Public Company,9.2,False,,2,1,https://mergr.com/company/186343,2026-09-07T00:00:00Z
4483,Knox Capital,Illinois,177866,"Stancor Pumps, Inc.",Electrical Equipment,"Monroe, Connecticut, United States",2014-10-14,Growth Capital,2019-02-14,Divestiture,4.3,False,,0,0,https://mergr.com/company/177866,2026-09-07T00:00:00Z
6716,Lake Street Capital Partners,Illinois,340312,HighPoint Exterior Home Services,Building Materials,"Kirkland, Washington, United States",2025-06-30,"Buyout (LBO, MBO, MBI)",,,1.2,True,,0,0,https://mergr.com/company/340312,2026-09-07T00:00:00Z
6716,Lake Street Capital Partners,Illinois,328299,Concrete Science,Business Services,"Corcoran, Minnesota, United States",2024-08-28,Recapitalization,,,2,True,,0,0,https://mergr.com/company/328299,2026-09-07T00:00:00Z
6355,Katalyst Capital LLC,Illinois,296643,Mainstay Engineering Group,Engineering,"Blue Bell, Pennsylvania, United States",2022-02-01,Growth Capital,,,4.6,True,,1,0,https://mergr.com/company/296643,2026-09-07T00:00:00Z
4017,Iron Range Capital Partners,Illinois,272596,Hasko Industries,Machinery,"Soddy-Daisy, Tennessee, United States",2018-10-02,"Buyout (LBO, MBO, MBI)",,,7.9,True,,0,0,https://mergr.com/company/272596,2026-09-07T00:00:00Z
4017,Iron Range Capital Partners,Illinois,250043,Productive Resources,Engineering,"Springfield, Illinois, United States",2017-06-01,"Buyout (LBO, MBO, MBI)",,,9.3,True,,0,0,https://mergr.com/company/250043,2026-09-07T00:00:00Z
4017,Iron Range Capital Partners,Illinois,249551,Switch Rail Safety Systems LLC,Building Materials,"Bensenville, Illinois, United States",2016-12-01,"Buyout (LBO, MBO, MBI)",,,9.8,True,,0,0,https://mergr.com/company/249551,2026-09-07T00:00:00Z
4017,Iron Range Capital Partners,Illinois,138529,Aircraft Propeller Service,Aerospace,"Lake Zurich, Illinois, United States",2013-07-01,"Buyout (LBO, MBO, MBI)",,,13.2,True,,0,0,https://mergr.com/company/138529,2026-09-07T00:00:00Z
5109,Kenex Holdings,Illinois,233934,Bubbies Ice Cream,Food,"Phoenix, Arizona, United States",2017-01-04,"Buyout (LBO, MBO, MBI)",2025-06-30,Divestiture,8.4,False,,0,0,https://mergr.com/company/233934,2026-09-07T00:00:00Z
5109,Kenex Holdings,Illinois,233970,Imperial Frozen Foods,Food,"Wake Forest, North Carolina, United States",2014-12-01,"Buyout (LBO, MBO, MBI)",2019-11-22,Bankruptcy,4.9,False,,1,0,https://mergr.com/company/233970,2026-09-07T00:00:00Z
5109,Kenex Holdings,Illinois,233973,SnapSuits,Apparel/Textiles,"Winston-Salem, North Carolina, United States",2014-12-01,Growth Capital,,,11.8,True,,0,0,https://mergr.com/company/233973,2026-09-07T00:00:00Z
5109,Kenex Holdings,Illinois,233967,Allied Track Services,Construction,"Grimsby, Ontario, Canada",2014-03-01,"Buyout (LBO, MBO, MBI)",,,12.5,True,,0,0,https://mergr.com/company/233967,2026-09-07T00:00:00Z
5156,Invision Capital,Illinois,70925,ShoreMaster,Manufacturing,"Fergus Falls, Minnesota, United States",2017-06-09,Secondary Buyout,,,9.2,True,,0,0,https://mergr.com/company/70925,2026-09-07T00:00:00Z
5156,Invision Capital,Illinois,236877,Skyline,Media,"St. Paul, Minnesota, United States",2016-11-01,"Buyout (LBO, MBO, MBI)",2020-01-15,Trade Sale - Public Company,3.2,False,,0,0,https://mergr.com/company/236877,2026-09-07T00:00:00Z
5156,Invision Capital,Illinois,213863,CCS Facility Services,Business Services,"Denver, Colorado, United States",2013-11-12,Growth Capital,2016-01-12,Trade Sale - Public Company,2.2,False,,0,0,https://mergr.com/company/213863,2026-09-07T00:00:00Z
6853,Maxwell Street Capital Partners,Illinois,238991,Masterpiece International Ltd.,Transportation,"New York, New York, United States",2026-06-25,Divestiture,,,0.2,True,,0,0,https://mergr.com/company/238991,2026-09-07T00:00:00Z
6853,Maxwell Street Capital Partners,Illinois,306261,Port Jersey Logistics,Transportation,"Cranbury, New Jersey, United States",2025-04-02,Growth Capital,,,1.4,True,,0,0,https://mergr.com/company/306261,2026-09-07T00:00:00Z
6853,Maxwell Street Capital Partners,Illinois,338401,Integration Group,Transportation,"Marshalltown, Iowa, United States",2024-01-18,Growth Capital,,,2.6,True,,3,0,https://mergr.com/company/338401,2026-09-07T00:00:00Z
7072,Cleargate Capital Partners,Illinois,254089,Fellow Health Partners,Business Services,"Great River, New York, United States",2026-06-16,Growth Capital,,,0.2,True,,0,0,https://mergr.com/company/254089,2026-09-07T00:00:00Z
4329,Periscope Equity,Illinois,349586,Amusement Connect,Software,"Kansas City, Missouri, United States",2026-05-27,Growth Capital,,,0.3,True,,0,0,https://mergr.com/company/349586,2026-09-07T00:00:00Z
4329,Periscope Equity,Illinois,53470,Reptrak,Information Services,"Boston, Massachusetts, United States",2024-11-19,Secondary Buyout,,,1.8,True,,0,0,https://mergr.com/company/53470,2026-09-07T00:00:00Z
4329,Periscope Equity,Illinois,330736,Reservoir Communications Group,Business Services,"Washington, District of Columbia, United States",2024-11-13,Growth Capital,,,1.8,True,,1,0,https://mergr.com/company/330736,2026-09-07T00:00:00Z
4329,Periscope Equity,Illinois,323690,eHouse Studio,Digital Media,"Charleston, South Carolina, United States",2024-04-10,Growth Capital,,,2.3,True,,2,0,https://mergr.com/company/323690,2026-09-07T00:00:00Z
4329,Periscope Equity,Illinois,269541,Praecipio,Information Technology,"Austin, Texas, United States",2021-10-26,Growth Capital,,,4.8,True,,4,0,https://mergr.com/company/269541,2026-09-07T00:00:00Z
4329,Periscope Equity,Illinois,289377,CyberMaxx,Information Technology,"Linthicum Heights, Maryland, United States",2021-08-17,Recapitalization,,,5,True,,2,0,https://mergr.com/company/289377,2026-09-07T00:00:00Z
4329,Periscope Equity,Illinois,286315,MAS Medical Staffing,Staffing,"Manchester, New Hampshire, United States",2021-06-08,Recapitalization,2026-07-24,Divestiture,5.1,False,,0,0,https://mergr.com/company/286315,2026-09-07T00:00:00Z
4329,Periscope Equity,Illinois,284898,brightfin,Internet Software and Services,"Englewood, Colorado, United States",2021-05-04,Consolidation,2026-01-07,Divestiture,4.7,False,,3,0,https://mergr.com/company/284898,2026-09-07T00:00:00Z
4329,Periscope Equity,Illinois,280447,WPAS,Financial Services,"Mercer Island, Washington, United States",2021-01-14,"Buyout (LBO, MBO, MBI)",2024-12-19,Trade Sale - Public Company,3.9,False,,0,0,https://mergr.com/company/280447,2026-09-07T00:00:00Z
4329,Periscope Equity,Illinois,278058,MobiChord,Software,"Salt Lake City, Utah, United States",2020-11-10,Growth Capital,2021-05-04,Spin Off,0.4,False,,0,0,https://mergr.com/company/278058,2026-09-07T00:00:00Z
4329,Periscope Equity,Illinois,251501,Mobile Solutions,Internet Software and Services,"Centennial, Colorado, United States",2019-10-21,Secondary Buyout,2021-05-04,Spin Off,1.5,False,,0,0,https://mergr.com/company/251501,2026-09-07T00:00:00Z
4329,Periscope Equity,Illinois,257986,Power Digital,Marketing,"San Diego, California, United States",2019-01-31,Growth Capital,2022-03-16,Trade Sale - Public Company,3.1,False,,4,0,https://mergr.com/company/257986,2026-09-07T00:00:00Z
4329,Periscope Equity,Illinois,250754,Uprise Health,Healthcare Services,"Irvine, California, United States",2018-05-08,Growth Capital,,,8.3,True,,4,0,https://mergr.com/company/250754,2026-09-07T00:00:00Z
4329,Periscope Equity,Illinois,226575,Convergent Integrated Systems Corp. (Ciscor),Information Technology,"Norman, Oklahoma, United States",2016-09-26,Recapitalization,,,9.9,True,,0,0,https://mergr.com/company/226575,2026-09-07T00:00:00Z
4329,Periscope Equity,Illinois,259807,Sentrics,Information Technology,"Ormond Beach, Florida, United States",2016-08-31,Growth Capital,,,10,True,,3,0,https://mergr.com/company/259807,2026-09-07T00:00:00Z
4329,Periscope Equity,Illinois,169557,Strategic Pharma Solutions,Marketing,"Raleigh, North Carolina, United States",2015-01-06,Growth Capital,2016-01-01,Divestiture,0.9,False,,0,0,https://mergr.com/company/169557,2026-09-07T00:00:00Z
4329,Periscope Equity,Illinois,169049,"Inflexxion, Inc.",Information Services,"Newton, Massachusetts, United States",2015-01-05,"Buyout (LBO, MBO, MBI)",2018-07-10,Divestiture,3.5,False,,0,0,https://mergr.com/company/169049,2026-09-07T00:00:00Z
6429,Burlington Capital Partners,Illinois,347005,Precision Garage Door Service,Building Materials,"Atlanta, Georgia, United States",2026-03-12,Stake Purchase,,,0.4,True,,0,0,https://mergr.com/company/347005,2026-09-07T00:00:00Z
6429,Burlington Capital Partners,Illinois,310701,Martin Pallet,Distribution,"Massillon, Ohio, United States",2023-03-02,"Buyout (LBO, MBO, MBI)",,,3.5,True,,0,0,https://mergr.com/company/310701,2026-09-07T00:00:00Z
6429,Burlington Capital Partners,Illinois,304249,Sokol Custom Food Ingredients,Food,"Countryside, Illinois, United States",2022-09-01,"Buyout (LBO, MBO, MBI)",2025-02-06,Divestiture,2.4,False,,0,0,https://mergr.com/company/304249,2026-09-07T00:00:00Z
6934,Transition Equity Partners,Illinois,351840,ReElement Technologies,Chemicals,"Fishers, Indiana, United States",2026-01-05,Growth Capital,,,0.7,True,,0,0,https://mergr.com/company/351840,2026-09-07T00:00:00Z
6934,Transition Equity Partners,Illinois,343724,Nexus Data Centers,Information Technology,"The Woodlands, Texas, United States",2025-12-09,Growth Capital,,,0.7,True,,0,0,https://mergr.com/company/343724,2026-09-07T00:00:00Z
6934,Transition Equity Partners,Illinois,351849,Western LNG,Energy Services and Equipment,"Houston, Texas, United States",2024-12-30,Growth Capital,,,1.7,True,,0,0,https://mergr.com/company/351849,2026-09-07T00:00:00Z
6934,Transition Equity Partners,Illinois,344348,Heliene,Renewable Energy,"Sault Ste. Marie, Ontario, Canada",2024-10-07,Growth Capital,,,1.9,True,,0,0,https://mergr.com/company/344348,2026-09-07T00:00:00Z
6934,Transition Equity Partners,Illinois,351843,AirJoule Technologies,Energy Services and Equipment,"Wilmington, Delaware, United States",2024-03-11,Growth Capital,,,2.4,True,,0,0,https://mergr.com/company/351843,2026-09-07T00:00:00Z
6934,Transition Equity Partners,Illinois,344349,Trinity Gas Storage,Oil/Gas Exploration,"Flower Mound, Texas, United States",2023-01-04,Growth Capital,,,3.7,True,,0,0,https://mergr.com/company/344349,2026-09-07T00:00:00Z
6934,Transition Equity Partners,Illinois,269196,NextDecade,Energy Services and Equipment,"Houston, Texas, United States",2019-10-24,Stake Purchase,,,6.8,True,,0,1,https://mergr.com/company/269196,2026-09-07T00:00:00Z
6323,Xyresic Capital,Illinois,343905,Rowan Energy,Oil/Gas Exploration,"Houston, Texas, United States",2025-12-12,"Buyout (LBO, MBO, MBI)",,,0.7,True,,0,0,https://mergr.com/company/343905,2026-09-07T00:00:00Z
6323,Xyresic Capital,Illinois,225504,Smart Chemical Solutions,Chemicals,"Midland, Texas, United States",2025-05-19,Secondary Buyout,,,1.3,True,,0,0,https://mergr.com/company/225504,2026-09-07T00:00:00Z
6323,Xyresic Capital,Illinois,317112,E3,Energy Services and Equipment,"Kilgore, Texas, United States",2023-09-13,"Buyout (LBO, MBO, MBI)",,,2.9,True,,0,0,https://mergr.com/company/317112,2026-09-07T00:00:00Z
6323,Xyresic Capital,Illinois,314348,Home Concepts,Publishing,"Santa Barbara, California, United States",2023-05-22,"Buyout (LBO, MBO, MBI)",,,3.3,True,,0,0,https://mergr.com/company/314348,2026-09-07T00:00:00Z
6323,Xyresic Capital,Illinois,294117,Tele-Town Hall,Communications,"Arlington, Virginia, United States",2021-12-22,"Buyout (LBO, MBO, MBI)",,,4.7,True,,0,0,https://mergr.com/company/294117,2026-09-07T00:00:00Z
6323,Xyresic Capital,Illinois,314347,World of DVC,Leisure,"Indianapolis, Indiana, United States",2020-06-11,Recapitalization,,,6.2,True,,0,0,https://mergr.com/company/314347,2026-09-07T00:00:00Z
4758,Red Arts Capital,Illinois,341625,Forestwood Farm,Distribution,"Birmingham, Alabama, United States",2025-10-14,"Buyout (LBO, MBO, MBI)",,,0.8,True,,0,0,https://mergr.com/company/341625,2026-09-07T00:00:00Z
4758,Red Arts Capital,Illinois,220575,Freshway Foods,Food,"Sidney, Ohio, United States",2025-03-13,Divestiture,,,1.4,True,,0,0,https://mergr.com/company/220575,2026-09-07T00:00:00Z
4758,Red Arts Capital,Illinois,21263,KKSP Precision Machining,Manufacturing,"Glendale Heights, Illinois, United States",2024-12-19,Recapitalization,,,1.7,True,,0,0,https://mergr.com/company/21263,2026-09-07T00:00:00Z
4758,Red Arts Capital,Illinois,303834,FLEX Logistics,Transportation,"Eastvale, California, United States",2022-08-18,"Buyout (LBO, MBO, MBI)",,,4,True,,2,0,https://mergr.com/company/303834,2026-09-07T00:00:00Z
4758,Red Arts Capital,Illinois,301612,Coregistics,Transportation,"Acworth, Georgia, United States",2022-06-23,"Buyout (LBO, MBO, MBI)",,,4.2,True,,1,0,https://mergr.com/company/301612,2026-09-07T00:00:00Z
4758,Red Arts Capital,Illinois,274479,Midwest Motor Express,Transportation,"Bismarck, North Dakota, United States",2020-01-09,"Buyout (LBO, MBO, MBI)",2021-12-06,Divestiture,1.8,False,,0,0,https://mergr.com/company/274479,2026-09-07T00:00:00Z
4758,Red Arts Capital,Illinois,265635,Sunset Pacific Transportation,Transportation,"Chino, California, United States",2019-10-24,"Buyout (LBO, MBO, MBI)",,,6.8,True,,1,0,https://mergr.com/company/265635,2026-09-07T00:00:00Z
4758,Red Arts Capital,Illinois,248895,Brown Transfer,Transportation,"Kearney, Nebraska, United States",2016-08-08,Recapitalization,,,10,True,,1,0,https://mergr.com/company/248895,2026-09-07T00:00:00Z
4792,ParkerGale Capital,Illinois,340440,RedZone Technologies,Information Technology,"Annapolis, Maryland, United States",2025-09-16,Growth Capital,,,0.9,True,,0,0,https://mergr.com/company/340440,2026-09-07T00:00:00Z
4792,ParkerGale Capital,Illinois,340198,e-PlanSoft,Software,"Irvine, California, United States",2025-09-10,Growth Capital,,,0.9,True,,0,0,https://mergr.com/company/340198,2026-09-07T00:00:00Z
4792,ParkerGale Capital,Illinois,326906,OpenBrand,Information Services,"San Diego, California, United States",2023-11-07,Consolidation,,,2.8,True,,3,0,https://mergr.com/company/326906,2026-09-07T00:00:00Z
4792,ParkerGale Capital,Illinois,238952,Profisee,Software,"Alpharetta, Georgia, United States",2021-09-02,Secondary Buyout,2021-09-02,Trade Sale - Public Company,0,False,,0,0,https://mergr.com/company/238952,2026-09-07T00:00:00Z
4792,ParkerGale Capital,Illinois,213626,Source Intelligence,Internet Software and Services,"San Diego, California, United States",2021-07-07,Secondary Buyout,,,5.2,True,,2,0,https://mergr.com/company/213626,2026-09-07T00:00:00Z
4792,ParkerGale Capital,Illinois,276201,Continuous,Software,"Houston, Texas, United States",2020-09-10,Growth Capital,,,5.9,True,,3,0,https://mergr.com/company/276201,2026-09-07T00:00:00Z
4792,ParkerGale Capital,Illinois,263364,Perceptyx,Software,"Temecula, California, United States",2019-08-12,Growth Capital,,,7,True,,5,0,https://mergr.com/company/263364,2026-09-07T00:00:00Z
4792,ParkerGale Capital,Illinois,261012,EditShare,Information Technology,"Watertown, Massachusetts, United States",2019-05-20,"Buyout (LBO, MBO, MBI)",,,7.3,True,,1,0,https://mergr.com/company/261012,2026-09-07T00:00:00Z
4792,ParkerGale Capital,Illinois,259255,DealerBuilt,Software,"Clawson, Michigan, United States",2019-03-18,Stake Purchase,,,7.4,True,,2,0,https://mergr.com/company/259255,2026-09-07T00:00:00Z
4792,ParkerGale Capital,Illinois,250574,SurePoint Technologies,Software,"Cincinnati, Texas, United States",2018-05-02,"Buyout (LBO, MBO, MBI)",2021-06-02,Trade Sale - Public Company,3.1,False,,0,0,https://mergr.com/company/250574,2026-09-07T00:00:00Z
4792,ParkerGale Capital,Illinois,252062,CultureIQ,Internet Software and Services,"Schaumburg, Illinois, United States",2018-04-10,Acquisition Financing,2021-07-14,Divestiture,3.3,False,,1,0,https://mergr.com/company/252062,2026-09-07T00:00:00Z
4792,ParkerGale Capital,Illinois,242364,Ipro,Software,"Scottsdale, Arizona, United States",2017-04-25,Growth Capital,2023-08-29,Divestiture,6.3,False,,2,0,https://mergr.com/company/242364,2026-09-07T00:00:00Z
4792,ParkerGale Capital,Illinois,238952,Profisee,Software,"Alpharetta, Georgia, United States",2017-04-24,Growth Capital,2021-09-02,Trade Sale - Public Company,4.3,False,,0,0,https://mergr.com/company/238952,2026-09-07T00:00:00Z
4792,ParkerGale Capital,Illinois,211647,Contelligent,Software,"Chicago, Illinois, United States",2015-12-02,"Buyout (LBO, MBO, MBI)",2021-08-10,Divestiture,5.7,False,,1,0,https://mergr.com/company/211647,2026-09-07T00:00:00Z
4792,ParkerGale Capital,Illinois,210553,Veryon,Software,"San Francisco, California, United States",2015-11-17,"Buyout (LBO, MBO, MBI)",,,10.8,True,,5,0,https://mergr.com/company/210553,2026-09-07T00:00:00Z
6838,Whitebridge Capital Partners,Illinois,296022,RB Industrial,Manufacturing,"Racine, Wisconsin, United States",2025-06-11,Secondary Buyout,,,1.2,True,,0,0,https://mergr.com/company/296022,2026-09-07T00:00:00Z
5804,Entrepreneurial Equity Partners (E2P),Illinois,323941,Shock-Gard,Packaging,"Lancaster, Texas, United States",2024-04-17,"Buyout (LBO, MBO, MBI)",,,2.3,True,,0,0,https://mergr.com/company/323941,2026-09-07T00:00:00Z
5804,Entrepreneurial Equity Partners (E2P),Illinois,323939,Ty-Gard,Packaging,"Mclean, Virginia, United States",2024-04-17,"Buyout (LBO, MBO, MBI)",,,2.3,True,,0,0,https://mergr.com/company/323939,2026-09-07T00:00:00Z
5804,Entrepreneurial Equity Partners (E2P),Illinois,266354,Murry's,Food,"Lebanon, Pennsylvania, United States",2023-07-13,Secondary Buyout,,,3.1,True,,2,0,https://mergr.com/company/266354,2026-09-07T00:00:00Z
5804,Entrepreneurial Equity Partners (E2P),Illinois,313471,Furlani Foods,Food,"Mississauga, Ontario, Canada",2023-05-16,Growth Capital,2026-02-09,Trade Sale - Public Company,2.7,False,,1,0,https://mergr.com/company/313471,2026-09-07T00:00:00Z
5804,Entrepreneurial Equity Partners (E2P),Illinois,314566,Thrive Freeze Dry,Food,"American Fork, Utah, United States",2022-01-13,Growth Capital,,,4.6,True,,4,0,https://mergr.com/company/314566,2026-09-07T00:00:00Z
5804,Entrepreneurial Equity Partners (E2P),Illinois,116257,Organic Milling,Food,"San Dimas, California, United States",2021-12-20,Growth Capital,,,4.7,True,,1,0,https://mergr.com/company/116257,2026-09-07T00:00:00Z
5804,Entrepreneurial Equity Partners (E2P),Illinois,282366,Ya YA Foods,Food,"Toronto, Ontario, Canada",2021-03-02,Growth Capital,,,5.5,True,,0,0,https://mergr.com/company/282366,2026-09-07T00:00:00Z
5804,Entrepreneurial Equity Partners (E2P),Illinois,278767,Salm Partners,Food,"Denmark, Wisconsin, United States",2020-12-01,Growth Capital,2024-01-03,Divestiture,3.1,False,,0,0,https://mergr.com/company/278767,2026-09-07T00:00:00Z
5804,Entrepreneurial Equity Partners (E2P),Illinois,3553,Kronos Foods,Food,"Glendale Heights, Illinois, United States",2020-02-12,Secondary Buyout,,,6.5,True,,1,0,https://mergr.com/company/3553,2026-09-07T00:00:00Z
5804,Entrepreneurial Equity Partners (E2P),Illinois,264417,Daniele,Food,"Pascoag, Rhode Island, United States",2019-09-17,"Buyout (LBO, MBO, MBI)",,,6.9,True,,1,0,https://mergr.com/company/264417,2026-09-07T00:00:00Z
5804,Entrepreneurial Equity Partners (E2P),Illinois,263094,Sara Lee Frozen Bakery,Food,"Oakbrook Terrace, Illinois, United States",2018-06-01,Divestiture,,,8.3,True,,2,0,https://mergr.com/company/263094,2026-09-07T00:00:00Z
6660,Factor89,Illinois,323657,Master Magnetics,Manufacturing,"Castle Rock, Colorado, United States",2024-04-09,"Buyout (LBO, MBO, MBI)",,,2.3,True,,0,0,https://mergr.com/company/323657,2026-09-07T00:00:00Z
5791,Hughes & Company,Illinois,317537,HDI,Information Technology,"Beachwood, Ohio, United States",2023-10-02,Stake Purchase,,,2.9,True,,0,0,https://mergr.com/company/317537,2026-09-07T00:00:00Z
5791,Hughes & Company,Illinois,312542,Voluware,Information Technology,"Huntington Beach, California, United States",2023-04-17,Growth Capital,,,3.3,True,,0,0,https://mergr.com/company/312542,2026-09-07T00:00:00Z
5791,Hughes & Company,Illinois,294707,Encoda,Information Technology,"Tampa, Florida, United States",2022-01-06,Growth Capital,,,4.7,True,,0,0,https://mergr.com/company/294707,2026-09-07T00:00:00Z
5791,Hughes & Company,Illinois,279848,Azara Healthcare,Information Technology,"Burlington, Massachusetts, United States",2020-04-16,Growth Capital,,,6.3,True,,1,0,https://mergr.com/company/279848,2026-09-07T00:00:00Z
5791,Hughes & Company,Illinois,268901,LifeLoop,Software,"Greenwood Village, Colorado, United States",2015-01-01,"Buyout (LBO, MBO, MBI)",,,11.7,True,,2,0,https://mergr.com/company/268901,2026-09-07T00:00:00Z
5791,Hughes & Company,Illinois,260080,Aperture Credentialing,Healthcare Services,"Louisville, Kentucky, United States",2014-08-01,Divestiture,2021-06-28,Divestiture,6.8,False,,0,0,https://mergr.com/company/260080,2026-09-07T00:00:00Z
6309,Thurston Group,Illinois,320810,Modis Dental Partners,Healthcare Services,"Orlando, Florida, United States",2023-09-25,Consolidation,,,2.9,True,,1,0,https://mergr.com/company/320810,2026-09-07T00:00:00Z
6309,Thurston Group,Illinois,293309,Options Medical Weight Loss,Consumer Services,"St. Petersburg, Florida, United States",2021-11-30,Stake Purchase,,,4.8,True,,0,0,https://mergr.com/company/293309,2026-09-07T00:00:00Z
6309,Thurston Group,Illinois,303750,ARC Health,Healthcare Services,"Beachwood, Ohio, United States",2021-08-09,"Buyout (LBO, MBO, MBI)",,,5,True,,14,0,https://mergr.com/company/303750,2026-09-07T00:00:00Z
6309,Thurston Group,Illinois,293308,Gen4 Dental Partners,Healthcare Services,"Tempe, Arizona, United States",2021-08-02,Growth Capital,,,5.1,True,,3,0,https://mergr.com/company/293308,2026-09-07T00:00:00Z
6309,Thurston Group,Illinois,288111,U.S. Orthopedic Partners,Healthcare Services,"Alpharetta, Georgia, United States",2020-09-21,Growth Capital,,,5.9,True,,2,0,https://mergr.com/company/288111,2026-09-07T00:00:00Z
6309,Thurston Group,Illinois,274181,USOSM,Business Services,"Irving, Texas, United States",2017-11-01,"Buyout (LBO, MBO, MBI)",2021-11-08,Trade Sale - Public Company,4,False,,0,0,https://mergr.com/company/274181,2026-09-07T00:00:00Z
6309,Thurston Group,Illinois,199239,Smiles Dental,Healthcare Services,"Longview, Washington, United States",2013-10-01,Growth Capital,,,12.9,True,,0,0,https://mergr.com/company/199239,2026-09-07T00:00:00Z
5862,Rural American Fund,Illinois,305247,Firehouse Strategies,Marketing,"Washington, District of Columbia, United States",2022-09-28,Growth Capital,2026-03-04,Divestiture,3.4,False,,0,0,https://mergr.com/company/305247,2026-09-07T00:00:00Z
5862,Rural American Fund,Illinois,305246,Fisher Nut,Food,"Modesto, California, United States",2022-09-28,Growth Capital,,,3.9,True,,0,0,https://mergr.com/company/305246,2026-09-07T00:00:00Z
5862,Rural American Fund,Illinois,201869,Aquatrols,Chemicals,"Paulsboro, New Jersey, United States",2015-05-01,Growth Capital,2023-01-19,Divestiture,7.7,False,,0,0,https://mergr.com/company/201869,2026-09-07T00:00:00Z
5326,Isleworth Capital Partners,Illinois,309839,Prince Industries,Machinery,"Carol Stream, Illinois, United States",2022-08-02,Growth Capital,,,4.1,True,,4,0,https://mergr.com/company/309839,2026-09-07T00:00:00Z
5326,Isleworth Capital Partners,Illinois,293381,Boston Valley,Building Materials,"Orchard Park, New York, United States",2021-12-06,Growth Capital,2026-02-12,Trade Sale - Public Company,4.2,False,,0,0,https://mergr.com/company/293381,2026-09-07T00:00:00Z
5326,Isleworth Capital Partners,Illinois,247423,Agility Retail Group,Retail,"Mansfield, Massachusetts, United States",2017-09-20,"Buyout (LBO, MBO, MBI)",2022-11-16,Trade Sale - Public Company,5.1,False,,1,0,https://mergr.com/company/247423,2026-09-07T00:00:00Z
5326,Isleworth Capital Partners,Illinois,247424,Progressive Dynamics,Electrical Equipment,"Marshall, Michigan, United States",2017-09-14,"Buyout (LBO, MBO, MBI)",,,8.9,True,,0,0,https://mergr.com/company/247424,2026-09-07T00:00:00Z
5326,Isleworth Capital Partners,Illinois,65050,SI Jacobson Manufacturing,Manufacturing,"Green Oaks, Illinois, United States",2013-01-24,"Buyout (LBO, MBO, MBI)",,,13.6,True,,0,0,https://mergr.com/company/65050,2026-09-07T00:00:00Z
6000,AHR Growth Partners,Illinois,309866,Hickory,Construction,"Granite Falls, North Carolina, United States",2022-04-25,Recapitalization,,,4.3,True,,0,0,https://mergr.com/company/309866,2026-09-07T00:00:00Z
6000,AHR Growth Partners,Illinois,299626,Radiance Holdings,Consumer Services,"Lakewood, Colorado, United States",2020-07-06,Consolidation,2022-12-19,Trade Sale - Public Company,2.4,False,,2,0,https://mergr.com/company/299626,2026-09-07T00:00:00Z
6000,AHR Growth Partners,Illinois,173037,Sola Salon Studios,Consumer Services,"Lakewood, Colorado, United States",2018-10-10,Secondary Buyout,2020-07-06,Divestiture,1.7,False,,0,0,https://mergr.com/company/173037,2026-09-07T00:00:00Z
6000,AHR Growth Partners,Illinois,273636,Surratt Beauty,Consumer Products,"New York City, New York, United States",2018-03-15,Growth Capital,,,8.4,True,,0,0,https://mergr.com/company/273636,2026-09-07T00:00:00Z
6000,AHR Growth Partners,Illinois,249298,Unleashed Brands,Franchising,"Bedford, Texas, United States",2018-03-09,Consolidation,2023-02-07,Trade Sale - Public Company,4.8,False,,5,0,https://mergr.com/company/249298,2026-09-07T00:00:00Z
6000,AHR Growth Partners,Illinois,299248,Man Crates,E-Commerce,"Redwood City, California, United States",2016-01-01,Venture,,,10.7,True,,0,0,https://mergr.com/company/299248,2026-09-07T00:00:00Z
5480,Aspire Capital Partners,Illinois,8882,Scynexis,Life Science,"Jersey City, New Jersey, United States",2020-04-13,Stake Purchase,,,6.3,True,21,1,0,https://mergr.com/company/8882,2026-09-07T00:00:00Z
5480,Aspire Capital Partners,Illinois,254525,Akari Therapeutics,Life Science,"London, United Kingdom",2018-09-27,Stake Purchase,,,7.9,True,,1,0,https://mergr.com/company/254525,2026-09-07T00:00:00Z
5982,Modjule,Illinois,2634,Hickory Farms,Retail,"Joliet, Illinois, United States",2015-11-18,Secondary Buyout,,,10.8,True,,1,0,https://mergr.com/company/2634,2026-09-07T00:00:00Z
4613,Brennan Investment Group,Illinois,2141,Arbor Metals,Metals/Mining,"Dallas, Texas, United States",2015-06-08,Secondary Buyout,2017-07-21,Divestiture,2.1,False,,0,0,https://mergr.com/company/2141,2026-09-07T00:00:00Z
4880,Echelon Capital,Illinois,20303,Republic Storage Products,Manufacturing,"Montgomery, Illinois, United States",2015-04-14,Secondary Buyout,,,11.3,True,,0,0,https://mergr.com/company/20303,2026-09-07T00:00:00Z
4880,Echelon Capital,Illinois,246585,Lyon,Manufacturing,"Montgomery, Illinois, United States",2013-04-18,"Buyout (LBO, MBO, MBI)",,,13.3,True,,0,0,https://mergr.com/company/246585,2026-09-07T00:00:00Z
3997,Tamroc Partners,Illinois,137585,Naveos,Information Technology,"Sterling, Virginia, United States",2014-06-10,Recapitalization,,,12.2,True,,0,0,https://mergr.com/company/137585,2026-09-07T00:00:00Z
159,Dyson Management Group,Illinois,260225,Glendo,Machinery,"Emporia, Kansas, United States",2014-01-01,"Buyout (LBO, MBO, MBI)",,,12.7,True,,0,0,https://mergr.com/company/260225,2026-09-07T00:00:00Z
159,Dyson Management Group,Illinois,1254,McGard,Automotive,"Orchard Park, New York, United States",2005-03-15,"Buyout (LBO, MBO, MBI)",,,21.4,True,,0,0,https://mergr.com/company/1254,2026-09-07T00:00:00Z
823,Dunrath Capital,Illinois,1539,Initiate Systems,Software,"Chicago, Illinois, United States",2008-06-26,Venture,2010-02-03,Divestiture,1.6,False,,1,0,https://mergr.com/company/1539,2026-09-07T00:00:00Z
823,Dunrath Capital,Illinois,20713,"SeQual Technologies, Inc.",Medical Products,"Ball Ground, Georgia, United States",2008-01-20,Venture,2010-12-02,Divestiture,2.8,False,,0,0,https://mergr.com/company/20713,2026-09-07T00:00:00Z
823,Dunrath Capital,Illinois,6663,"Gichner Shelter Systems, Inc.",Building Materials,"Dallastown, Pennsylvania, United States",2007-08-22,"Buyout (LBO, MBO, MBI)",2010-05-10,Divestiture,2.7,False,,0,0,https://mergr.com/company/6663,2026-09-07T00:00:00Z
823,Dunrath Capital,Illinois,12820,"Exadigm, Inc.",Business Services,"Santa Ana, California, United States",2007-07-09,Venture,2016-04-19,Divestiture,8.8,False,,0,0,https://mergr.com/company/12820,2026-09-07T00:00:00Z
823,Dunrath Capital,Illinois,32226,"Quantum Secure, Inc.",Safety/Security,"San Jose, California, United States",2007-04-02,Venture,2015-03-26,Divestiture,7.9,False,,0,0,https://mergr.com/company/32226,2026-09-07T00:00:00Z
823,Dunrath Capital,Illinois,13319,CST,Healthcare Services,"Novi, Michigan, United States",2006-08-16,"Buyout (LBO, MBO, MBI)",2019-05-24,Divestiture,12.8,False,,0,0,https://mergr.com/company/13319,2026-09-07T00:00:00Z
823,Dunrath Capital,Illinois,32225,"Metatomix, Inc.",Software,"Waltham, Massachusetts, United States",2006-05-18,Venture,2010-09-07,Divestiture,4.3,False,,0,0,https://mergr.com/company/32225,2026-09-07T00:00:00Z
823,Dunrath Capital,Illinois,32228,"RedSky Technologies, Inc.",Software,"Chicago, Illinois, United States",2005-08-01,Venture,,,21.1,True,,0,0,https://mergr.com/company/32228,2026-09-07T00:00:00Z
823,Dunrath Capital,Illinois,20220,Arxan,Software,"Bethesda, Maryland, United States",2002-08-14,Venture,2013-09-18,Trade Sale - Public Company,11.1,False,,0,1,https://mergr.com/company/20220,2026-09-07T00:00:00Z
4053,"Akoya Capital Partners, LLC",Illinois,329977,Peerless Fence Group,Construction,"Saint Charles, Illinois, United States",2023-01-01,"Buyout (LBO, MBO, MBI)",,,3.7,True,,0,0,https://mergr.com/company/329977,2026-09-07T00:00:00Z
4053,"Akoya Capital Partners, LLC",Illinois,308614,Devansoy,Food,"Rock City, Illinois, United States",2022-12-23,Growth Capital,,,3.7,True,,0,0,https://mergr.com/company/308614,2026-09-07T00:00:00Z
4053,"Akoya Capital Partners, LLC",Illinois,129353,Alinabal,Manufacturing,"Milford, Connecticut, United States",2022-08-02,"Buyout (LBO, MBO, MBI)",,,4.1,True,,1,0,https://mergr.com/company/129353,2026-09-07T00:00:00Z
4053,"Akoya Capital Partners, LLC",Illinois,301858,WePackItAll,Packaging,"Duarte, California, United States",2022-06-27,"Buyout (LBO, MBO, MBI)",,,4.2,True,,0,0,https://mergr.com/company/301858,2026-09-07T00:00:00Z
4053,"Akoya Capital Partners, LLC",Illinois,294239,Star Plastics,Plastics,"Ravenswood, West Virginia, United States",2021-08-20,Growth Capital,,,5,True,,0,0,https://mergr.com/company/294239,2026-09-07T00:00:00Z
4053,"Akoya Capital Partners, LLC",Illinois,280943,Beacon Manufacturing Group,Manufacturing,"Alexandria, Minnesota, United States",2020-09-16,"Buyout (LBO, MBO, MBI)",,,5.9,True,,2,0,https://mergr.com/company/280943,2026-09-07T00:00:00Z
4053,"Akoya Capital Partners, LLC",Illinois,269032,Adherex Group,Distribution,"Cleveland, Ohio, United States",2019-07-30,"Buyout (LBO, MBO, MBI)",,,7.1,True,,0,0,https://mergr.com/company/269032,2026-09-07T00:00:00Z
4053,"Akoya Capital Partners, LLC",Illinois,259922,Trinity Technology Group,Chemicals,"Higginsville, Missouri, United States",2019-04-03,"Buyout (LBO, MBO, MBI)",,,7.4,True,,0,0,https://mergr.com/company/259922,2026-09-07T00:00:00Z
4053,"Akoya Capital Partners, LLC",Illinois,255959,Converged Security Solutions,Information Technology,"Reston, Virginia, United States",2018-10-02,Growth Capital,,,7.9,True,,3,0,https://mergr.com/company/255959,2026-09-07T00:00:00Z
4053,"Akoya Capital Partners, LLC",Illinois,269046,NutriScience,Consumer Products,"Milford, Connecticut, United States",2017-12-05,"Buyout (LBO, MBO, MBI)",2021-05-04,Trade Sale - Public Company,3.3,False,,0,0,https://mergr.com/company/269046,2026-09-07T00:00:00Z
4053,"Akoya Capital Partners, LLC",Illinois,246756,Momentum Manufacturing Group,Manufacturing,"Georgetown, Massachusetts, United States",2017-11-01,Growth Capital,2021-10-29,Trade Sale - Public Company,3.9,False,,3,0,https://mergr.com/company/246756,2026-09-07T00:00:00Z
4053,"Akoya Capital Partners, LLC",Illinois,235249,DiSTI,Software,"Orlando, Florida, United States",2017-01-31,Growth Capital,,,9.6,True,,0,0,https://mergr.com/company/235249,2026-09-07T00:00:00Z
4053,"Akoya Capital Partners, LLC",Illinois,234037,Indigo Signs,Manufacturing,"Fargo, North Dakota, United States",2016-09-19,"Buyout (LBO, MBO, MBI)",,,9.9,True,,1,0,https://mergr.com/company/234037,2026-09-07T00:00:00Z
4053,"Akoya Capital Partners, LLC",Illinois,169049,"Inflexxion, Inc.",Information Services,"Newton, Massachusetts, United States",2015-01-05,"Buyout (LBO, MBO, MBI)",2018-07-10,Divestiture,3.5,False,,0,0,https://mergr.com/company/169049,2026-09-07T00:00:00Z
4053,"Akoya Capital Partners, LLC",Illinois,176492,Food Evolution,Food,"Schiller Park, Illinois, United States",2014-09-29,Consolidation,,,11.9,True,,1,0,https://mergr.com/company/176492,2026-09-07T00:00:00Z
4053,"Akoya Capital Partners, LLC",Illinois,23060,Edge Adhesives,Chemicals,"Forth Worth, Texas, United States",2014-03-05,Recapitalization,2021-05-17,Divestiture,7.2,False,,1,0,https://mergr.com/company/23060,2026-09-07T00:00:00Z
4053,"Akoya Capital Partners, LLC",Illinois,176484,"BlueWater Mfg., Inc.",Manufacturing,"Chaska, Minnesota, United States",2014-01-15,"Buyout (LBO, MBO, MBI)",2014-02-03,Divestiture,0,False,,0,0,https://mergr.com/company/176484,2026-09-07T00:00:00Z
4053,"Akoya Capital Partners, LLC",Illinois,176496,Panhandle,Oil/Gas Exploration,"Oklahoma City, Oklahoma, United States",2013-06-20,Recapitalization,,,13.2,True,,0,0,https://mergr.com/company/176496,2026-09-07T00:00:00Z
4053,"Akoya Capital Partners, LLC",Illinois,57646,LawLogix,Software,"Phoenix, Arizona, United States",2013-01-08,"Buyout (LBO, MBO, MBI)",2015-10-13,Divestiture,2.8,False,,0,0,https://mergr.com/company/57646,2026-09-07T00:00:00Z
4053,"Akoya Capital Partners, LLC",Illinois,52450,"FabEnCo, Inc.",Manufacturing,"Houston, Texas, United States",2012-10-01,Recapitalization,,,13.9,True,,0,0,https://mergr.com/company/52450,2026-09-07T00:00:00Z
4053,"Akoya Capital Partners, LLC",Illinois,59758,"Cass Polymers, Inc.",Chemicals,"Oklahoma City, Oklahoma, United States",2012-07-17,Recapitalization,2013-08-15,Divestiture,1,False,,1,0,https://mergr.com/company/59758,2026-09-07T00:00:00Z
4053,"Akoya Capital Partners, LLC",Illinois,30106,"ICM Products, Inc.",Chemicals,"Cassopolis, Michigan, United States",2012-01-31,"Buyout (LBO, MBO, MBI)",2017-08-28,Divestiture,5.5,False,,1,0,https://mergr.com/company/30106,2026-09-07T00:00:00Z
4053,"Akoya Capital Partners, LLC",Illinois,36437,EDDY Foods,Food,"Yoakum, Texas, United States",2012-01-04,"Buyout (LBO, MBO, MBI)",2019-02-11,Trade Sale - Public Company,7.1,False,,0,0,https://mergr.com/company/36437,2026-09-07T00:00:00Z
4053,"Akoya Capital Partners, LLC",Illinois,26066,Databank IMX LLC,Information Technology,"Beltsville, Maryland, United States",2011-01-06,"Buyout (LBO, MBO, MBI)",2017-08-02,Divestiture,6.5,False,,5,0,https://mergr.com/company/26066,2026-09-07T00:00:00Z
4053,"Akoya Capital Partners, LLC",Illinois,3393,"Mycroft, Inc.",Information Technology,"St. Louis, Missouri, United States",2007-08-07,Stake Purchase,2015-07-20,Divestiture,7.9,False,,0,0,https://mergr.com/company/3393,2026-09-07T00:00:00Z
30,Benford Capital Partners,Illinois,350200,CGRS,Test/Measurement Equipment,"Fort Collins, Colorado, United States",2026-06-08,Recapitalization,,,0.2,True,,0,0,https://mergr.com/company/350200,2026-09-07T00:00:00Z
30,Benford Capital Partners,Illinois,351265,Heritage Pasta Group,Food,"Roseville, Michigan, United States",2025-07-30,"Buyout (LBO, MBO, MBI)",,,1.1,True,,1,0,https://mergr.com/company/351265,2026-09-07T00:00:00Z
30,Benford Capital Partners,Illinois,338422,Carolina Filters,Business Services,"Sumter, South Carolina, United States",2025-06-20,"Buyout (LBO, MBO, MBI)",,,1.2,True,,0,0,https://mergr.com/company/338422,2026-09-07T00:00:00Z
30,Benford Capital Partners,Illinois,327822,Turri's,Food,"Roseville, Michigan, United States",2024-08-05,"Buyout (LBO, MBO, MBI)",,,2.1,True,,1,0,https://mergr.com/company/327822,2026-09-07T00:00:00Z
30,Benford Capital Partners,Illinois,323492,R.M. Young,Test/Measurement Equipment,"Traverse City, Michigan, United States",2024-04-03,"Buyout (LBO, MBO, MBI)",,,2.4,True,,1,0,https://mergr.com/company/323492,2026-09-07T00:00:00Z
30,Benford Capital Partners,Illinois,319987,RP Foods,Food,"Dallas, Texas, United States",2023-10-16,Recapitalization,,,2.8,True,,0,0,https://mergr.com/company/319987,2026-09-07T00:00:00Z
30,Benford Capital Partners,Illinois,327983,BSC Industries,Distribution,"Canton, Massachusetts, United States",2023-08-01,Recapitalization,,,3.1,True,,2,0,https://mergr.com/company/327983,2026-09-07T00:00:00Z
30,Benford Capital Partners,Illinois,312120,Legacy,Food,"Waukesha, Wisconsin, United States",2023-04-10,"Buyout (LBO, MBO, MBI)",,,3.3,True,,2,0,https://mergr.com/company/312120,2026-09-07T00:00:00Z
30,Benford Capital Partners,Illinois,306115,Animix,Chemicals,"Juneau, Wisconsin, United States",2022-10-18,"Buyout (LBO, MBO, MBI)",,,3.8,True,,0,0,https://mergr.com/company/306115,2026-09-07T00:00:00Z
30,Benford Capital Partners,Illinois,306381,GPI,Food,"Newmarket, Ontario, Canada",2022-08-16,Recapitalization,,,4,True,,1,0,https://mergr.com/company/306381,2026-09-07T00:00:00Z
30,Benford Capital Partners,Illinois,324171,Pasture Brands,Business Services,"Kalona, Iowa, United States",2021-12-15,Consolidation,2025-01-29,Divestiture,3.1,False,,2,1,https://mergr.com/company/324171,2026-09-07T00:00:00Z
30,Benford Capital Partners,Illinois,292212,Argus Monitoring Solutions,Technology Hardware,"Birmingham, Alabama, United States",2021-11-02,Consolidation,,,4.8,True,,5,1,https://mergr.com/company/292212,2026-09-07T00:00:00Z
30,Benford Capital Partners,Illinois,287287,NucFil,Manufacturing,"Golden, Colorado, United States",2021-06-25,"Buyout (LBO, MBO, MBI)",2023-04-03,Spin Off,1.8,False,,0,0,https://mergr.com/company/287287,2026-09-07T00:00:00Z
30,Benford Capital Partners,Illinois,306384,Nutrition Service,Consumer Products,"Pulaski, Wisconsin, United States",2021-06-22,Recapitalization,,,5.2,True,,1,0,https://mergr.com/company/306384,2026-09-07T00:00:00Z
30,Benford Capital Partners,Illinois,306458,Brothers International,Food,"Rochester, New York, United States",2020-12-31,Recapitalization,2026-04-22,Trade Sale - Public Company,5.3,False,,0,0,https://mergr.com/company/306458,2026-09-07T00:00:00Z
30,Benford Capital Partners,Illinois,268298,LiteSentry,Information Technology,"Burnsville, Minnesota, United States",2020-01-16,Growth Capital,,,6.6,True,,0,0,https://mergr.com/company/268298,2026-09-07T00:00:00Z
30,Benford Capital Partners,Illinois,306459,Warehouse-Lighting.com,Distribution,"New Berlin, Wisconsin, United States",2019-10-30,"Buyout (LBO, MBO, MBI)",,,6.8,True,,0,0,https://mergr.com/company/306459,2026-09-07T00:00:00Z
30,Benford Capital Partners,Illinois,250114,HoofStrong,Business Services,"Fresno, California, United States",2018-04-02,"Buyout (LBO, MBO, MBI)",2022-10-07,Trade Sale - Public Company,4.5,False,,2,0,https://mergr.com/company/250114,2026-09-07T00:00:00Z
30,Benford Capital Partners,Illinois,232949,Saco Foods,Food,"Middleton, Wisconsin, United States",2016-12-20,Recapitalization,2024-01-22,Trade Sale - Public Company,7.1,False,,2,0,https://mergr.com/company/232949,2026-09-07T00:00:00Z
30,Benford Capital Partners,Illinois,232747,Droplet Measurement Technologies,Test/Measurement Equipment,"Longmont, Colorado, United States",2016-12-15,"Buyout (LBO, MBO, MBI)",2024-11-08,Divestiture,7.8,False,,0,0,https://mergr.com/company/232747,2026-09-07T00:00:00Z
30,Benford Capital Partners,Illinois,214568,Double L Group,Building Materials,"Dyersville, Iowa, United States",2015-11-11,Growth Capital,,,10.8,True,,0,0,https://mergr.com/company/214568,2026-09-07T00:00:00Z
30,Benford Capital Partners,Illinois,213497,Atlas RFID Solutions,Technology Hardware,"Birmingham, Alabama, United States",2015-01-08,Growth Capital,2021-09-29,Divestiture,6.7,False,,0,0,https://mergr.com/company/213497,2026-09-07T00:00:00Z
30,Benford Capital Partners,Illinois,214569,ENMET,Test/Measurement Equipment,"Ann Arbor, Michigan, United States",2014-07-10,"Buyout (LBO, MBO, MBI)",2020-11-23,Trade Sale - Public Company,6.3,False,,1,0,https://mergr.com/company/214569,2026-09-07T00:00:00Z
30,Benford Capital Partners,Illinois,19316,U.S. Underwater,Business Services,"Mansfield, Texas, United States",2012-02-14,Divestiture,2020-08-03,Divestiture,8.4,False,,0,0,https://mergr.com/company/19316,2026-09-07T00:00:00Z
30,Benford Capital Partners,Illinois,239108,K&H Pet Products,Consumer Products,"Colorado Springs, Colorado, United States",2007-05-29,Recapitalization,2017-04-30,Divestiture,9.9,False,,0,0,https://mergr.com/company/239108,2026-09-07T00:00:00Z
30,Benford Capital Partners,Illinois,32671,Ray Allen Manufacturing,Manufacturing,"Colorado Springs, Colorado, United States",2007-05-29,Recapitalization,2024-05-24,Trade Sale - Public Company,16.9,False,,1,0,https://mergr.com/company/32671,2026-09-07T00:00:00Z
30,Benford Capital Partners,Illinois,102,Badger Land Car Wash Equipment & Supplies,Distribution,"Oak Creek, Wisconsin, United States",2005-09-01,"Buyout (LBO, MBO, MBI)",,,21,True,,0,0,https://mergr.com/company/102,2026-09-07T00:00:00Z
4632,Bridge Investments,Illinois,310724,Automotus,Software,"Los Angeles, California, United States",2022-12-22,Venture,,,3.7,True,,0,0,https://mergr.com/company/310724,2026-09-07T00:00:00Z
4632,Bridge Investments,Illinois,310731,Prado,Internet Software and Services,"Austin, Texas, United States",2022-11-21,Venture,,,3.8,True,,0,0,https://mergr.com/company/310731,2026-09-07T00:00:00Z
4632,Bridge Investments,Illinois,310734,Trajektory,Information Technology,"Chicago, Illinois, United States",2022-11-07,Venture,,,3.8,True,,0,0,https://mergr.com/company/310734,2026-09-07T00:00:00Z
4632,Bridge Investments,Illinois,311597,Abstract,Software,"Sacramento, California, United States",2022-07-27,Venture,,,4.1,True,,0,0,https://mergr.com/company/311597,2026-09-07T00:00:00Z
4632,Bridge Investments,Illinois,311572,Quiltt,Software,"Dallas, Texas, United States",2022-07-12,Venture,,,4.1,True,,0,0,https://mergr.com/company/311572,2026-09-07T00:00:00Z
4632,Bridge Investments,Illinois,311579,Alder Apparel,Apparel/Textiles,"Toronto, Ontario, Canada",2022-06-15,Venture,,,4.2,True,,0,0,https://mergr.com/company/311579,2026-09-07T00:00:00Z
4632,Bridge Investments,Illinois,311581,TermScout,Information Technology,"Denver, Colorado, United States",2022-05-05,Venture,,,4.3,True,,0,0,https://mergr.com/company/311581,2026-09-07T00:00:00Z
4632,Bridge Investments,Illinois,310205,Bodily,E-Commerce,"New York, New York, United States",2022-01-01,Venture,,,4.7,True,,0,0,https://mergr.com/company/310205,2026-09-07T00:00:00Z
4632,Bridge Investments,Illinois,311582,Lawmatics,Software,"San Diego, California, United States",2021-12-15,Venture,,,4.7,True,,0,0,https://mergr.com/company/311582,2026-09-07T00:00:00Z
4632,Bridge Investments,Illinois,311576,Retail Aware,Retail,"Omaha, Nebraska, United States",2021-12-07,Venture,,,4.8,True,,0,0,https://mergr.com/company/311576,2026-09-07T00:00:00Z
4632,Bridge Investments,Illinois,311569,EarlyBird,Internet Software and Services,"Chicago, Illinois, United States",2020-11-30,Venture,,,5.8,True,,0,0,https://mergr.com/company/311569,2026-09-07T00:00:00Z
4632,Bridge Investments,Illinois,310736,Caraway,E-Commerce,"New York, New York, United States",2020-05-28,Venture,,,6.3,True,,0,0,https://mergr.com/company/310736,2026-09-07T00:00:00Z
4632,Bridge Investments,Illinois,311586,ConverseNow,Information Technology,"Austin, Texas, United States",2020-05-13,Venture,,,6.3,True,,1,0,https://mergr.com/company/311586,2026-09-07T00:00:00Z
4632,Bridge Investments,Illinois,311639,Outlaw,Consumer Products,"Sparks, Nevada, United States",2020-03-01,Venture,,,6.5,True,,0,0,https://mergr.com/company/311639,2026-09-07T00:00:00Z
4632,Bridge Investments,Illinois,311650,LegalMation,Information Technology,"Los Angeles, California, United States",2019-10-22,Venture,,,6.8,True,,0,0,https://mergr.com/company/311650,2026-09-07T00:00:00Z
4632,Bridge Investments,Illinois,283219,Simple Mills,Food,"Chicago, Illinois, United States",2019-10-07,Growth Capital,2025-01-08,Divestiture,5.3,False,,0,0,https://mergr.com/company/283219,2026-09-07T00:00:00Z
4632,Bridge Investments,Illinois,311613,PartySlate,Information Technology,"Chicago, Illinois, United States",2019-01-22,Venture,,,7.6,True,,0,0,https://mergr.com/company/311613,2026-09-07T00:00:00Z
4632,Bridge Investments,Illinois,311668,Heureka Software,Software,"Cleveland, Ohio, United States",2017-07-25,Venture,,,9.1,True,,0,0,https://mergr.com/company/311668,2026-09-07T00:00:00Z
4632,Bridge Investments,Illinois,311663,RealVision,Information Technology,"Toronto, Ontario, Canada",2017-03-14,Venture,,,9.4,True,,0,0,https://mergr.com/company/311663,2026-09-07T00:00:00Z
4632,Bridge Investments,Illinois,311667,Luxury Garage Sale,E-Commerce,"Chicago, Illinois, United States",2016-06-01,Venture,,,10.3,True,,0,0,https://mergr.com/company/311667,2026-09-07T00:00:00Z
4632,Bridge Investments,Illinois,311646,Classkick,Internet Software and Services,"Chicago, Illinois, United States",2016-02-25,Venture,,,10.5,True,,0,0,https://mergr.com/company/311646,2026-09-07T00:00:00Z
4632,Bridge Investments,Illinois,193854,QDiscovery LLC,Information Technology,"New London, Connecticut, United States",2015-06-29,Growth Capital,2019-07-02,Divestiture,4,False,,0,0,https://mergr.com/company/193854,2026-09-07T00:00:00Z
4632,Bridge Investments,Illinois,193889,Mack Weldon,Apparel/Textiles,"New York City, New York, United States",2015-02-24,Venture,2019-07-01,Trade Sale - Public Company,4.3,False,,0,0,https://mergr.com/company/193889,2026-09-07T00:00:00Z
4632,Bridge Investments,Illinois,193886,BucketFeet,Apparel/Textiles,"Chicago, Illinois, United States",2014-06-17,"Buyout (LBO, MBO, MBI)",2017-10-23,Divestiture,3.3,False,,0,0,https://mergr.com/company/193886,2026-09-07T00:00:00Z
4632,Bridge Investments,Illinois,28337,FreightWatch International Ltd.,Safety/Security,"Austin, Texas, United States",2010-06-01,Growth Capital,2012-06-18,Divestiture,2,False,,0,0,https://mergr.com/company/28337,2026-09-07T00:00:00Z
4632,Bridge Investments,Illinois,193995,"AdOn Network, Inc.",Internet Software and Services,"Tempe, Arizona, United States",2007-12-01,"Buyout (LBO, MBO, MBI)",2008-01-22,Spin Off,0.1,False,,0,0,https://mergr.com/company/193995,2026-09-07T00:00:00Z
785,Concentric Equity Partners,Illinois,319747,Infusion,Marketing,"Memphis, Tennessee, United States",2023-11-30,Growth Capital,,,2.8,True,,0,0,https://mergr.com/company/319747,2026-09-07T00:00:00Z
785,Concentric Equity Partners,Illinois,319566,Boat House,Retail,"Elkhorn, Wisconsin, United States",2023-06-29,"Buyout (LBO, MBO, MBI)",,,3.2,True,,0,0,https://mergr.com/company/319566,2026-09-07T00:00:00Z
785,Concentric Equity Partners,Illinois,239224,Frontier Waste Solutions,Environmental,"Dallas, Texas, United States",2022-11-29,Secondary Buyout,2026-04-01,Divestiture,3.3,False,,2,0,https://mergr.com/company/239224,2026-09-07T00:00:00Z
785,Concentric Equity Partners,Illinois,318326,Aruza,Business Services,"Charlotte, North Carolina, United States",2022-11-07,Recapitalization,,,3.8,True,,2,0,https://mergr.com/company/318326,2026-09-07T00:00:00Z
785,Concentric Equity Partners,Illinois,319736,Nirvana Solutions,Internet Software and Services,"New York, New York, United States",2022-07-15,Stake Purchase,,,4.1,True,,0,0,https://mergr.com/company/319736,2026-09-07T00:00:00Z
785,Concentric Equity Partners,Illinois,297815,Leap Partners,Business Services,"Nashville, Tennessee, United States",2022-03-24,Consolidation,,,4.4,True,,16,0,https://mergr.com/company/297815,2026-09-07T00:00:00Z
785,Concentric Equity Partners,Illinois,305226,RapidFire Safety & Security,Safety/Security,"St Louis, Missouri, United States",2022-01-01,Growth Capital,,,4.7,True,,2,0,https://mergr.com/company/305226,2026-09-07T00:00:00Z
785,Concentric Equity Partners,Illinois,98241,Weatherhaven,Construction,"Burnaby, British Columbia, Canada",2021-09-15,Secondary Buyout,,,4.9,True,,0,0,https://mergr.com/company/98241,2026-09-07T00:00:00Z
785,Concentric Equity Partners,Illinois,319592,Sunbelt Waterproofing & Restoration,Business Services,"Dallas, Texas, United States",2021-04-30,Growth Capital,,,5.3,True,,0,0,https://mergr.com/company/319592,2026-09-07T00:00:00Z
785,Concentric Equity Partners,Illinois,293095,Riverbend Sandler,Construction,"Plano, Texas, United States",2021-04-28,Recapitalization,,,5.3,True,,3,0,https://mergr.com/company/293095,2026-09-07T00:00:00Z
785,Concentric Equity Partners,Illinois,303754,ENTECH Global Solutions,Consumer Services,"Singapore, Singapore",2021-03-12,Growth Capital,,,5.4,True,,1,0,https://mergr.com/company/303754,2026-09-07T00:00:00Z
785,Concentric Equity Partners,Illinois,304967,NewCo Plastics,Plastics,"Miami, Florida, United States",2020-03-01,"Buyout (LBO, MBO, MBI)",,,6.5,True,,3,0,https://mergr.com/company/304967,2026-09-07T00:00:00Z
785,Concentric Equity Partners,Illinois,319562,Arabella Advisors,Business Services,"Washington, District of Columbia, United States",2020-01-01,"Buyout (LBO, MBO, MBI)",,,6.7,True,,0,0,https://mergr.com/company/319562,2026-09-07T00:00:00Z
785,Concentric Equity Partners,Illinois,291147,Airway Services,Business Services,"San Angelo, Texas, United States",2019-09-01,"Buyout (LBO, MBO, MBI)",2021-10-05,Divestiture,2.1,False,,0,0,https://mergr.com/company/291147,2026-09-07T00:00:00Z
785,Concentric Equity Partners,Illinois,265218,Southpaw Live,Business Services,"Irving, Texas, United States",2019-01-01,"Buyout (LBO, MBO, MBI)",,,7.7,True,,0,0,https://mergr.com/company/265218,2026-09-07T00:00:00Z
785,Concentric Equity Partners,Illinois,265201,Market Express,Transportation,"Portland, Oregon, United States",2019-01-01,"Buyout (LBO, MBO, MBI)",,,7.7,True,,0,0,https://mergr.com/company/265201,2026-09-07T00:00:00Z
785,Concentric Equity Partners,Illinois,265175,Colonial Claims,Business Services,"Dunedin, Florida, United States",2019-01-01,Divestiture,,,7.7,True,,1,0,https://mergr.com/company/265175,2026-09-07T00:00:00Z
785,Concentric Equity Partners,Illinois,260088,Coastal Waste & Recycling,Environmental,"Boca Raton, Florida, United States",2018-10-24,Growth Capital,2023-06-20,Merger,4.6,False,,0,0,https://mergr.com/company/260088,2026-09-07T00:00:00Z
785,Concentric Equity Partners,Illinois,248516,Supplies Wholesalers,Distribution,"Reno, Nevada, United States",2018-02-12,Growth Capital,2022-06-13,Divestiture,4.3,False,,0,0,https://mergr.com/company/248516,2026-09-07T00:00:00Z
785,Concentric Equity Partners,Illinois,260142,Stay Alfred,Internet Software and Services,"Spokane Valley, Washington, United States",2018-01-01,"Buyout (LBO, MBO, MBI)",2020-05-21,Shut Down,2.3,False,,0,0,https://mergr.com/company/260142,2026-09-07T00:00:00Z
785,Concentric Equity Partners,Illinois,238954,Ellison Bakery,Food,"Fort Wayne, Indiana, United States",2017-04-24,Growth Capital,2020-08-14,Trade Sale - Public Company,3.3,False,,0,0,https://mergr.com/company/238954,2026-09-07T00:00:00Z
785,Concentric Equity Partners,Illinois,260133,Puttman Infrastructure,Utilities,"Portland, Oregon, United States",2017-01-01,"Buyout (LBO, MBO, MBI)",,,9.7,True,,0,0,https://mergr.com/company/260133,2026-09-07T00:00:00Z
785,Concentric Equity Partners,Illinois,260099,Lario Oil & Gas,Oil/Gas Exploration,"Denver, Colorado, United States",2017-01-01,Divestiture,,,9.7,True,,1,1,https://mergr.com/company/260099,2026-09-07T00:00:00Z
785,Concentric Equity Partners,Illinois,230621,NSC Technologies,Staffing,"Atlanta, Georgia, United States",2016-11-11,Recapitalization,,,9.8,True,,6,0,https://mergr.com/company/230621,2026-09-07T00:00:00Z
785,Concentric Equity Partners,Illinois,222133,Consulting Solutions International,Information Technology,"Jacksonville, Florida, United States",2016-06-16,Recapitalization,,,10.2,True,,8,0,https://mergr.com/company/222133,2026-09-07T00:00:00Z
785,Concentric Equity Partners,Illinois,202561,Centerline Solutions LLC,Infrastructure,"Golden, Colorado, United States",2016-03-17,Recapitalization,2019-07-12,Bankruptcy,3.3,False,,1,0,https://mergr.com/company/202561,2026-09-07T00:00:00Z
785,Concentric Equity Partners,Illinois,221986,Liberty,Energy Services and Equipment,"Denver, Colorado, United States",2016-01-01,"Buyout (LBO, MBO, MBI)",2017-05-02,IPO,1.3,False,4006,1,0,https://mergr.com/company/221986,2026-09-07T00:00:00Z
785,Concentric Equity Partners,Illinois,260135,WRC Energy,Energy Services and Equipment,"Denver, Colorado, United States",2016-01-01,"Buyout (LBO, MBO, MBI)",,,10.7,True,,0,0,https://mergr.com/company/260135,2026-09-07T00:00:00Z
785,Concentric Equity Partners,Illinois,251060,Pure's Food Specialties,Food,"Broadview, Illinois, United States",2016-01-01,Growth Capital,,,10.7,True,,0,0,https://mergr.com/company/251060,2026-09-07T00:00:00Z
785,Concentric Equity Partners,Illinois,260111,Mountain Waste & Recycling Inc.,Environmental,"Carbondale, Colorado, United States",2015-06-02,"Buyout (LBO, MBO, MBI)",2019-04-26,Divestiture,3.8,False,,0,0,https://mergr.com/company/260111,2026-09-07T00:00:00Z
785,Concentric Equity Partners,Illinois,172981,"UCI Construction Services, Inc.",Infrastructure,"Tampa, Florida, United States",2015-01-14,"Buyout (LBO, MBO, MBI)",2016-03-17,Divestiture,1.2,False,,0,0,https://mergr.com/company/172981,2026-09-07T00:00:00Z
785,Concentric Equity Partners,Illinois,204892,Catastrophe Solutions International,Business Services,"Maryland Heights, Missouri, United States",2015-01-01,"Buyout (LBO, MBO, MBI)",2020-03-23,Spin Off,5.2,False,,0,0,https://mergr.com/company/204892,2026-09-07T00:00:00Z
785,Concentric Equity Partners,Illinois,260080,Aperture Credentialing,Healthcare Services,"Louisville, Kentucky, United States",2014-08-01,Divestiture,2021-06-28,Divestiture,6.8,False,,0,0,https://mergr.com/company/260080,2026-09-07T00:00:00Z
785,Concentric Equity Partners,Illinois,204893,Energy Distribution Partners,Oil/Gas Exploration,"Chicago, Illinois, United States",2013-01-01,"Buyout (LBO, MBO, MBI)",2020-10-06,Merger,7.8,False,,0,0,https://mergr.com/company/204893,2026-09-07T00:00:00Z
785,Concentric Equity Partners,Illinois,35649,Microsystems,Software,"Downers Grove, Illinois, United States",2012-10-08,"Buyout (LBO, MBO, MBI)",2017-08-01,Spin Off,4.8,False,,0,0,https://mergr.com/company/35649,2026-09-07T00:00:00Z
785,Concentric Equity Partners,Illinois,260097,Environmental Pest Service,Business Services,"Tampa, Florida, United States",2010-01-01,"Buyout (LBO, MBO, MBI)",,,16.7,True,,0,0,https://mergr.com/company/260097,2026-09-07T00:00:00Z
785,Concentric Equity Partners,Illinois,27365,"Cole Taylor Bank, Inc.",Financial Services,"Chicago, Illinois, United States",2008-10-01,Recapitalization,2014-10-30,Spin Off,6,False,,0,0,https://mergr.com/company/27365,2026-09-07T00:00:00Z
785,Concentric Equity Partners,Illinois,13321,Intra-Op Monitoring Services LLC,Healthcare Services,"Covington, Louisiana, United States",2008-09-18,"Buyout (LBO, MBO, MBI)",2016-11-11,Bankruptcy,8.1,False,,1,0,https://mergr.com/company/13321,2026-09-07T00:00:00Z
785,Concentric Equity Partners,Illinois,133537,Valley Bank,Financial Services,"Morristown, New Jersey, United States",2007-01-01,Stake Purchase,,,19.7,True,2026,11,0,https://mergr.com/company/133537,2026-09-07T00:00:00Z
785,Concentric Equity Partners,Illinois,13319,CST,Healthcare Services,"Novi, Michigan, United States",2006-08-16,"Buyout (LBO, MBO, MBI)",2019-05-24,Divestiture,12.8,False,,0,0,https://mergr.com/company/13319,2026-09-07T00:00:00Z
785,Concentric Equity Partners,Illinois,6024,ProVest,Business Services,"Tampa, Florida, United States",2006-03-20,Growth Capital,2019-01-02,Trade Sale - Public Company,12.8,False,,0,0,https://mergr.com/company/6024,2026-09-07T00:00:00Z
785,Concentric Equity Partners,Illinois,13323,Mortgage Contracting Services,Financial Services,"Lewisville, Texas, United States",2005-01-01,"Buyout (LBO, MBO, MBI)",2017-05-01,Trade Sale - Public Company,12.3,False,,2,0,https://mergr.com/company/13323,2026-09-07T00:00:00Z
5780,First Trust Capital Partners,Illinois,311262,Motivity,Software,"Seattle, Washington, United States",2025-03-12,Growth Capital,,,1.4,True,,1,0,https://mergr.com/company/311262,2026-09-07T00:00:00Z
5780,First Trust Capital Partners,Illinois,311290,Sonara,Healthcare Services,"Dallas, Texas, United States",2022-10-04,Venture,,,3.9,True,,0,0,https://mergr.com/company/311290,2026-09-07T00:00:00Z
5780,First Trust Capital Partners,Illinois,311288,Sift,Information Technology,"Milwaukee, Wisconsin, United States",2022-07-15,Venture,,,4.1,True,,0,0,https://mergr.com/company/311288,2026-09-07T00:00:00Z
5780,First Trust Capital Partners,Illinois,302141,First Trust Direct Indexing,Financial Services,"Boston, Massachusetts, United States",2022-07-06,"Buyout (LBO, MBO, MBI)",,,4.2,True,,0,0,https://mergr.com/company/302141,2026-09-07T00:00:00Z
5780,First Trust Capital Partners,Illinois,309401,CareAcademy,Education,"Boston, Massachusetts, United States",2022-06-08,Venture,2025-11-12,Divestiture,3.4,False,,1,0,https://mergr.com/company/309401,2026-09-07T00:00:00Z
5780,First Trust Capital Partners,Illinois,311250,ID Connect,Internet Software and Services,"Cranberry Township, Pennsylvania, United States",2022-06-01,Growth Capital,,,4.3,True,,0,0,https://mergr.com/company/311250,2026-09-07T00:00:00Z
5780,First Trust Capital Partners,Illinois,311272,ProofPilot,Internet Software and Services,"New York City, New York, United States",2022-04-04,Venture,,,4.4,True,,1,0,https://mergr.com/company/311272,2026-09-07T00:00:00Z
5780,First Trust Capital Partners,Illinois,311222,Circuit Clinical,Life Science,"Buffalo, New York, United States",2022-03-10,Venture,,,4.4,True,,0,0,https://mergr.com/company/311222,2026-09-07T00:00:00Z
5780,First Trust Capital Partners,Illinois,311297,Standard Metrics,Financial Services,"Los Altos, California, United States",2022-02-24,Venture,,,4.5,True,,0,0,https://mergr.com/company/311297,2026-09-07T00:00:00Z
5780,First Trust Capital Partners,Illinois,311225,Copient Health,Software,"Atlanta, Georgia, United States",2022-01-11,Venture,,,4.6,True,,0,0,https://mergr.com/company/311225,2026-09-07T00:00:00Z
5780,First Trust Capital Partners,Illinois,311311,ThreeFlow,Software,"Chicago, Illinois, United States",2021-11-30,Venture,,,4.8,True,,0,0,https://mergr.com/company/311311,2026-09-07T00:00:00Z
5780,First Trust Capital Partners,Illinois,311319,Valid8,Software,"Seattle, Washington, United States",2021-09-28,Venture,,,4.9,True,,0,0,https://mergr.com/company/311319,2026-09-07T00:00:00Z
5780,First Trust Capital Partners,Illinois,311199,Aumni,Software,"Cottonwood Heights, Utah, United States",2021-08-26,Venture,2023-03-22,Divestiture,1.5,False,,0,0,https://mergr.com/company/311199,2026-09-07T00:00:00Z
5780,First Trust Capital Partners,Illinois,311265,Predict Health,Healthcare Services,"Arlington, Virginia, United States",2021-07-01,Growth Capital,,,5.2,True,,0,0,https://mergr.com/company/311265,2026-09-07T00:00:00Z
5780,First Trust Capital Partners,Illinois,311236,Dina,Information Technology,"Chicago, Illinois, United States",2021-01-11,Venture,2026-05-20,Divestiture,5.3,False,,0,0,https://mergr.com/company/311236,2026-09-07T00:00:00Z
5780,First Trust Capital Partners,Illinois,278282,Upfront Healthcare,Information Technology,"Chicago, Illinois, United States",2020-11-17,Growth Capital,2025-01-13,Divestiture,4.1,False,,1,0,https://mergr.com/company/278282,2026-09-07T00:00:00Z
5780,First Trust Capital Partners,Illinois,311264,Owl Health,Internet Software and Services,"Portland, Oregon, United States",2020-09-23,Venture,2024-06-11,Divestiture,3.7,False,,0,0,https://mergr.com/company/311264,2026-09-07T00:00:00Z
5780,First Trust Capital Partners,Illinois,301504,SteadyMD,Healthcare Services,"St. Louis, Missouri, United States",2020-04-02,Venture,2025-10-20,Divestiture,5.5,False,,1,0,https://mergr.com/company/301504,2026-09-07T00:00:00Z
5780,First Trust Capital Partners,Illinois,311313,TinkRworks,Education,"Elmhurst, Illinois, United States",2020-03-01,Growth Capital,,,6.5,True,,0,0,https://mergr.com/company/311313,2026-09-07T00:00:00Z
5780,First Trust Capital Partners,Illinois,311230,Avia,Business Services,"Chicago, Illinois, United States",2019-10-23,Venture,,,6.8,True,,1,0,https://mergr.com/company/311230,2026-09-07T00:00:00Z
5780,First Trust Capital Partners,Illinois,264984,PeopleStrategy,Staffing,"Edison, New Jersey, United States",2019-10-01,Growth Capital,,,6.9,True,,0,0,https://mergr.com/company/264984,2026-09-07T00:00:00Z
5780,First Trust Capital Partners,Illinois,286122,Vynca,Healthcare Services,"Palo Alto, California, United States",2019-06-19,Venture,,,7.2,True,,1,0,https://mergr.com/company/286122,2026-09-07T00:00:00Z
5780,First Trust Capital Partners,Illinois,52286,symplr,Internet Software and Services,"Houston, Texas, United States",2018-10-23,Secondary Buyout,,,7.8,True,,13,0,https://mergr.com/company/52286,2026-09-07T00:00:00Z
5780,First Trust Capital Partners,Illinois,207720,RxAnte,Healthcare Services,"Portland, Maine, United States",2016-10-05,Divestiture,,,9.9,True,,0,0,https://mergr.com/company/207720,2026-09-07T00:00:00Z
5780,First Trust Capital Partners,Illinois,280748,Lincor Solutions,Software,"Brentwood, Tennessee, United States",2013-03-11,Venture,,,13.4,True,,0,0,https://mergr.com/company/280748,2026-09-07T00:00:00Z
4871,Vistria Group,Illinois,346332,Lumen Select,Insurance,"Dallas, Texas, United States",2026-02-23,Growth Capital,,,0.5,True,,0,0,https://mergr.com/company/346332,2026-09-07T00:00:00Z
4871,Vistria Group,Illinois,319626,Mosai,Information Services,"Nashville, Tennessee, United States",2025-03-19,Secondary Buyout,2025-03-19,Trade Sale - Public Company,0,False,,1,0,https://mergr.com/company/319626,2026-09-07T00:00:00Z
4871,Vistria Group,Illinois,207243,Soliant Health,Staffing,"Peachtree Corners, Georgia, United States",2024-07-29,Secondary Buyout,,,2.1,True,,0,0,https://mergr.com/company/207243,2026-09-07T00:00:00Z
4871,Vistria Group,Illinois,12113,U.S. Retirement & Benefits Partners,Consumer Services,"Iselin, New Jersey, United States",2023-06-21,Secondary Buyout,,,3.2,True,,0,0,https://mergr.com/company/12113,2026-09-07T00:00:00Z
4871,Vistria Group,Illinois,288893,MGT,Business Services,"Tampa, Florida, United States",2023-06-15,Secondary Buyout,,,3.2,True,,1,0,https://mergr.com/company/288893,2026-09-07T00:00:00Z
4871,Vistria Group,Illinois,251315,Alcami,Life Science,"Wilmington, North Carolina, United States",2022-11-08,Secondary Buyout,,,3.8,True,,2,0,https://mergr.com/company/251315,2026-09-07T00:00:00Z
4871,Vistria Group,Illinois,319596,Sandstone Care,Healthcare Services,"Denver, Colorado, United States",2022-06-28,Growth Capital,,,4.2,True,,0,0,https://mergr.com/company/319596,2026-09-07T00:00:00Z
4871,Vistria Group,Illinois,279321,Pantherx,Life Science,"Pittsburgh, Pennsylvania, United States",2022-05-05,Divestiture,2026-07-13,Trade Sale - Public Company,4.2,False,,0,0,https://mergr.com/company/279321,2026-09-07T00:00:00Z
4871,Vistria Group,Illinois,258520,TMG,Business Services,"Chicago, Illinois, United States",2022-04-06,Recapitalization,,,4.4,True,,7,0,https://mergr.com/company/258520,2026-09-07T00:00:00Z
4871,Vistria Group,Illinois,271677,tango,Healthcare Services,"Phoenix, Arizona, United States",2022-03-30,Secondary Buyout,,,4.4,True,,0,0,https://mergr.com/company/271677,2026-09-07T00:00:00Z
4871,Vistria Group,Illinois,220771,Beacon Specialized Living,Healthcare Services,"Kalamazoo, Michigan, United States",2022-03-28,Secondary Buyout,,,4.4,True,,1,0,https://mergr.com/company/220771,2026-09-07T00:00:00Z
4871,Vistria Group,Illinois,262387,ESS,Staffing,"Knoxville, Tennessee, United States",2022-01-28,Secondary Buyout,,,4.6,True,,0,0,https://mergr.com/company/262387,2026-09-07T00:00:00Z
4871,Vistria Group,Illinois,292299,BioCare,Distribution,"Tempe, Arizona, United States",2021-11-08,"Buyout (LBO, MBO, MBI)",,,4.8,True,,0,0,https://mergr.com/company/292299,2026-09-07T00:00:00Z
4871,Vistria Group,Illinois,319626,Mosai,Information Services,"Nashville, Tennessee, United States",2021-06-10,Recapitalization,2025-03-19,Trade Sale - Public Company,3.8,False,,1,0,https://mergr.com/company/319626,2026-09-07T00:00:00Z
4871,Vistria Group,Illinois,254673,CareMetx,Medical Products,"Bethesda, Maryland, United States",2021-04-06,Recapitalization,2021-04-06,Merger,0,False,,0,0,https://mergr.com/company/254673,2026-09-07T00:00:00Z
4871,Vistria Group,Illinois,244021,SCA Pharma,Life Science,"Little Rock, Arkansas, United States",2021-01-21,Secondary Buyout,,,5.6,True,,0,0,https://mergr.com/company/244021,2026-09-07T00:00:00Z
4871,Vistria Group,Illinois,319593,HomeFree Pharmacy Services,Life Science,"Louisville, Kentucky, United States",2021-01-01,"Buyout (LBO, MBO, MBI)",,,5.7,True,,0,0,https://mergr.com/company/319593,2026-09-07T00:00:00Z
4871,Vistria Group,Illinois,260271,Mission Healthcare,Healthcare Services,"San Diego, California, United States",2020-12-16,Secondary Buyout,,,5.7,True,,6,0,https://mergr.com/company/260271,2026-09-07T00:00:00Z
4871,Vistria Group,Illinois,24960,Edmentum,Information Technology,"Bloomington, Minnesota, United States",2020-12-01,Growth Capital,,,5.8,True,,2,0,https://mergr.com/company/24960,2026-09-07T00:00:00Z
4871,Vistria Group,Illinois,213226,Help at Home,Healthcare Services,"Chicago, Illinois, United States",2020-10-30,Secondary Buyout,2021-10-27,Divestiture,0.9,False,,4,0,https://mergr.com/company/213226,2026-09-07T00:00:00Z
4871,Vistria Group,Illinois,280981,Really Great Reading,Education,"Cabin John, Maryland, United States",2020-07-10,Growth Capital,,,6.1,True,,1,0,https://mergr.com/company/280981,2026-09-07T00:00:00Z
4871,Vistria Group,Illinois,289575,Risepoint,Education,"Dallas, Texas, United States",2019-01-01,"Buyout (LBO, MBO, MBI)",,,7.7,True,,3,0,https://mergr.com/company/289575,2026-09-07T00:00:00Z
4871,Vistria Group,Illinois,8016,BHG,Healthcare Services,"Dallas, Texas, United States",2018-12-19,Secondary Buyout,,,7.7,True,,2,0,https://mergr.com/company/8016,2026-09-07T00:00:00Z
4871,Vistria Group,Illinois,11893,Catapult Learning,Education,"Philadelphia, Pennsylvania, United States",2018-11-14,Secondary Buyout,,,7.8,True,,0,0,https://mergr.com/company/11893,2026-09-07T00:00:00Z
4871,Vistria Group,Illinois,254673,CareMetx,Medical Products,"Bethesda, Maryland, United States",2018-01-01,"Buyout (LBO, MBO, MBI)",2021-04-06,Merger,3.3,False,,2,0,https://mergr.com/company/254673,2026-09-07T00:00:00Z
4871,Vistria Group,Illinois,123049,St. Croix Hospice,Healthcare Services,"Oakdale, Minnesota, United States",2017-10-04,Secondary Buyout,2020-10-19,Trade Sale - Public Company,3,False,,1,0,https://mergr.com/company/123049,2026-09-07T00:00:00Z
4871,Vistria Group,Illinois,6193,Supplemental Health Care,Staffing,"Cottonwood Heights, Utah, United States",2016-02-11,"Buyout (LBO, MBO, MBI)",,,10.5,True,,0,0,https://mergr.com/company/6193,2026-09-07T00:00:00Z
4871,Vistria Group,Illinois,21371,University of Phoenix,Education,"Phoenix, Arizona, United States",2016-02-08,Going Private,,,10.5,True,2566,0,3,https://mergr.com/company/21371,2026-09-07T00:00:00Z
4871,Vistria Group,Illinois,214372,Flores & Associates,Business Services,"Charlotte, North Carolina, United States",2015-01-01,Growth Capital,,,11.7,True,,0,0,https://mergr.com/company/214372,2026-09-07T00:00:00Z
4871,Vistria Group,Illinois,4416,Penn Foster Group,Education,"Scranton, Pennsylvania, United States",2014-12-18,Recapitalization,2018-05-01,Trade Sale - Public Company,3.3,False,,1,0,https://mergr.com/company/4416,2026-09-07T00:00:00Z
4871,Vistria Group,Illinois,269518,AIS Healthcare,Life Science,"Dallas, Texas, United States",2013-04-01,"Buyout (LBO, MBO, MBI)",,,13.4,True,,2,0,https://mergr.com/company/269518,2026-09-07T00:00:00Z
448,Prism Capital,Illinois,6646,Banner Industries,Metals/Mining,"Carol Stream, Illinois, United States",2012-11-16,Recapitalization,2012-11-16,Merger,0,False,,0,0,https://mergr.com/company/6646,2026-09-07T00:00:00Z
448,Prism Capital,Illinois,3521,"Fieldglass, Inc.",Software,"Chicago, Illinois, United States",2010-01-01,Venture,,,16.7,True,,0,0,https://mergr.com/company/3521,2026-09-07T00:00:00Z
448,Prism Capital,Illinois,13408,Eze Trucking,Transportation,"Rialto, California, United States",2009-03-27,"Buyout (LBO, MBO, MBI)",2016-09-20,Spin Off,7.4,False,,2,0,https://mergr.com/company/13408,2026-09-07T00:00:00Z
448,Prism Capital,Illinois,11534,TCI LLC,Electrical Equipment,"Milwaukee, Wisconsin, United States",2008-09-08,"Buyout (LBO, MBO, MBI)",2018-12-06,Divestiture,10.2,False,,0,0,https://mergr.com/company/11534,2026-09-07T00:00:00Z
448,Prism Capital,Illinois,23464,GCM Holding,Machinery,"Union, California, United States",2008-04-28,Growth Capital,2012-07-23,Trade Sale - Public Company,4.2,False,,0,0,https://mergr.com/company/23464,2026-09-07T00:00:00Z
448,Prism Capital,Illinois,7832,"3D Medical Manufacturing, Inc.",Medical Products,"Riviera Beach, Florida, United States",2007-06-01,"Buyout (LBO, MBO, MBI)",2014-08-22,Divestiture,7.2,False,,0,0,https://mergr.com/company/7832,2026-09-07T00:00:00Z
448,Prism Capital,Illinois,13409,"Fleetgistics, Inc.",Transportation,"Orlando, Florida, United States",2007-05-05,"Buyout (LBO, MBO, MBI)",2010-03-23,Trade Sale - Public Company,2.8,False,,2,0,https://mergr.com/company/13409,2026-09-07T00:00:00Z
448,Prism Capital,Illinois,7835,Craftsmen Industries,Manufacturing,"St. Charles, Missouri, United States",2007-02-01,"Buyout (LBO, MBO, MBI)",,,19.6,True,,0,0,https://mergr.com/company/7835,2026-09-07T00:00:00Z
448,Prism Capital,Illinois,27969,McCoy Sales Corp.,Distribution,"Littleton, Colorado, United States",2006-09-01,"Buyout (LBO, MBO, MBI)",2011-08-01,Divestiture,4.9,False,,0,0,https://mergr.com/company/27969,2026-09-07T00:00:00Z
448,Prism Capital,Illinois,2739,OttLite,Electrical Equipment,"Tampa, Florida, United States",2006-03-28,Secondary Buyout,,,20.4,True,,0,0,https://mergr.com/company/2739,2026-09-07T00:00:00Z
448,Prism Capital,Illinois,3530,"Midland Packaging & Display, Inc.",Packaging,"Franksville, Wisconsin, United States",2006-03-01,Divestiture,2008-06-30,Divestiture,2.3,False,,0,0,https://mergr.com/company/3530,2026-09-07T00:00:00Z
448,Prism Capital,Illinois,8986,Destination Cinema,Leisure,"Ogden, Utah, United States",2006-02-06,"Buyout (LBO, MBO, MBI)",,,20.6,True,,0,0,https://mergr.com/company/8986,2026-09-07T00:00:00Z
448,Prism Capital,Illinois,21999,Via seating,Furniture,"Sparks, Nevada, United States",2005-09-26,Secondary Buyout,2018-12-10,Divestiture,13.2,False,,0,0,https://mergr.com/company/21999,2026-09-07T00:00:00Z
448,Prism Capital,Illinois,22202,"Metal Spinners, Inc.",Metals/Mining,"Angola, Indiana, United States",2005-09-02,Secondary Buyout,2008-01-23,Trade Sale - Public Company,2.3,False,,1,0,https://mergr.com/company/22202,2026-09-07T00:00:00Z
448,Prism Capital,Illinois,239,CDA,Manufacturing,"Charlotte, North Carolina, United States",2005-09-01,Recapitalization,,,21,True,,0,0,https://mergr.com/company/239,2026-09-07T00:00:00Z
448,Prism Capital,Illinois,936,Hill & Valley,Food,"Rock Island, Illinois, United States",2005-08-15,"Buyout (LBO, MBO, MBI)",2017-01-03,Divestiture,11.3,False,,0,0,https://mergr.com/company/936,2026-09-07T00:00:00Z
448,Prism Capital,Illinois,16886,"Bell Automotive Products, Inc.",Automotive,"Scottsdale, Arizona, United States",2004-12-09,Secondary Buyout,2015-05-14,Divestiture,10.4,False,,1,0,https://mergr.com/company/16886,2026-09-07T00:00:00Z
448,Prism Capital,Illinois,72609,Violet Packing Co.,Food,"Williamstown, New Jersey, United States",2004-10-01,Growth Capital,2010-11-19,Divestiture,6.1,False,,0,0,https://mergr.com/company/72609,2026-09-07T00:00:00Z
448,Prism Capital,Illinois,1495,Trustwave,Software,"Chicago, Illinois, United States",2004-05-19,"Buyout (LBO, MBO, MBI)",2011-04-21,IPO,6.9,False,,5,0,https://mergr.com/company/1495,2026-09-07T00:00:00Z
448,Prism Capital,Illinois,24710,"SterilMed, Inc.",Medical Products,"Maple Grove, Minnesota, United States",2003-01-26,Venture,2010-07-15,Trade Sale - Public Company,7.4,False,,0,0,https://mergr.com/company/24710,2026-09-07T00:00:00Z
448,Prism Capital,Illinois,27970,"Morton Industrial Group, Inc.",Manufacturing,"Morton, Illinois, United States",2003-01-01,"Buyout (LBO, MBO, MBI)",2006-08-25,Trade Sale - Public Company,3.6,False,,0,0,https://mergr.com/company/27970,2026-09-07T00:00:00Z
448,Prism Capital,Illinois,12758,Angi,Internet Software and Services,"Denver, Colorado, United States",2001-08-01,Growth Capital,2011-11-17,IPO,10.3,False,1031,0,0,https://mergr.com/company/12758,2026-09-07T00:00:00Z
448,Prism Capital,Illinois,14183,CultureWorx,Information Technology,"Minneapolis, Minnesota, United States",2001-04-17,Venture,2002-01-25,Trade Sale,0.8,False,,0,0,https://mergr.com/company/14183,2026-09-07T00:00:00Z
448,Prism Capital,Illinois,15517,Tecnocap LLC,Manufacturing,"Glen Dale, West Virginia, United States",2000-01-01,Divestiture,2006-03-27,Divestiture,6.2,False,,0,0,https://mergr.com/company/15517,2026-09-07T00:00:00Z
1315,Hadley Capital,Illinois,319646,4AllPromos,E-Commerce,"Essex, Connecticut, United States",2023-12-07,"Buyout (LBO, MBO, MBI)",,,2.8,True,,0,0,https://mergr.com/company/319646,2026-09-07T00:00:00Z
1315,Hadley Capital,Illinois,335691,Advanced Glass Industries,Manufacturing,"Rochester, New York, United States",2023-01-01,"Buyout (LBO, MBO, MBI)",,,3.7,True,,0,0,https://mergr.com/company/335691,2026-09-07T00:00:00Z
1315,Hadley Capital,Illinois,268140,Equustock,Consumer Products,"Loves Park, Illinois, United States",2020-01-15,"Buyout (LBO, MBO, MBI)",,,6.6,True,,0,0,https://mergr.com/company/268140,2026-09-07T00:00:00Z
1315,Hadley Capital,Illinois,335694,J&R Manufacturing,Manufacturing,"Mesquite, Texas, United States",2020-01-01,"Buyout (LBO, MBO, MBI)",,,6.7,True,,0,0,https://mergr.com/company/335694,2026-09-07T00:00:00Z
1315,Hadley Capital,Illinois,267110,New Age Cryo,Business Services,"Ringwood, Illinois, United States",2018-03-19,"Buyout (LBO, MBO, MBI)",2023-05-22,Unknown,5.2,False,,0,0,https://mergr.com/company/267110,2026-09-07T00:00:00Z
1315,Hadley Capital,Illinois,246809,Gillinder Glass,Manufacturing,"Port Jervis, New York, United States",2017-06-02,Recapitalization,,,9.3,True,,0,0,https://mergr.com/company/246809,2026-09-07T00:00:00Z
1315,Hadley Capital,Illinois,267128,Filter Holdings,Manufacturing,"Union, New Jersey, United States",2017-05-16,"Buyout (LBO, MBO, MBI)",,,9.3,True,,1,0,https://mergr.com/company/267128,2026-09-07T00:00:00Z
1315,Hadley Capital,Illinois,267112,Pneu-Con,Manufacturing,"Ontario, California, United States",2017-02-28,"Buyout (LBO, MBO, MBI)",,,9.5,True,,0,0,https://mergr.com/company/267112,2026-09-07T00:00:00Z
1315,Hadley Capital,Illinois,267119,Qdx Pathology Services,Life Science,"Edison, New Jersey, United States",2017-01-01,"Buyout (LBO, MBO, MBI)",2023-09-05,Divestiture,6.7,False,,0,0,https://mergr.com/company/267119,2026-09-07T00:00:00Z
1315,Hadley Capital,Illinois,246810,GT Golf Supplies,Consumer Products,"Vista, California, United States",2016-05-05,"Buyout (LBO, MBO, MBI)",2023-01-11,Trade Sale - Public Company,6.7,False,,0,0,https://mergr.com/company/246810,2026-09-07T00:00:00Z
1315,Hadley Capital,Illinois,246804,"Brushy Mountain Bee Farm, Inc.",Manufacturing,"Moravian Falls, North Carolina, United States",2014-10-02,"Buyout (LBO, MBO, MBI)",2018-12-04,Shut Down,4.2,False,,0,0,https://mergr.com/company/246804,2026-09-07T00:00:00Z
1315,Hadley Capital,Illinois,246806,Centare,Internet Software and Services,"Brookfield, Wisconsin, United States",2013-10-03,"Buyout (LBO, MBO, MBI)",2021-08-12,Divestiture,7.8,False,,0,0,https://mergr.com/company/246806,2026-09-07T00:00:00Z
1315,Hadley Capital,Illinois,41877,"Bluff Manufacturing, Inc.",Manufacturing,"Fort Worth, Texas, United States",2012-12-01,"Buyout (LBO, MBO, MBI)",2016-05-23,Divestiture,3.4,False,,0,0,https://mergr.com/company/41877,2026-09-07T00:00:00Z
1315,Hadley Capital,Illinois,41873,W.C. Rouse & Son,Manufacturing,"Greensboro, North Carolina, United States",2012-10-19,"Buyout (LBO, MBO, MBI)",,,13.8,True,,0,0,https://mergr.com/company/41873,2026-09-07T00:00:00Z
1315,Hadley Capital,Illinois,41869,Storeflex,Manufacturing,"Corning, New York, United States",2012-07-24,"Buyout (LBO, MBO, MBI)",,,14.1,True,,0,0,https://mergr.com/company/41869,2026-09-07T00:00:00Z
1315,Hadley Capital,Illinois,29382,Sungarden Sprouts,Agriculture,"Cookeville, Tennessee, United States",2011-07-07,"Buyout (LBO, MBO, MBI)",,,15.2,True,,0,0,https://mergr.com/company/29382,2026-09-07T00:00:00Z
1315,Hadley Capital,Illinois,29380,Open Sky Media,Publishing,"Austin, Texas, United States",2011-01-01,"Buyout (LBO, MBO, MBI)",,,15.7,True,,1,0,https://mergr.com/company/29380,2026-09-07T00:00:00Z
1315,Hadley Capital,Illinois,14670,I-Deal Optics,Consumer Products,"Troy, Michigan, United States",2008-12-01,Recapitalization,2015-08-27,Trade Sale - Public Company,6.7,False,,1,0,https://mergr.com/company/14670,2026-09-07T00:00:00Z
1315,Hadley Capital,Illinois,21652,"Las Olas International Fashion, Inc.",Apparel/Textiles,"Opa-locka, Florida, United States",2008-04-01,Growth Capital,,,18.4,True,,0,0,https://mergr.com/company/21652,2026-09-07T00:00:00Z
1315,Hadley Capital,Illinois,11916,Packaging Specialists,Packaging,"Phoenix, Arizona, United States",2008-04-01,"Buyout (LBO, MBO, MBI)",2017-07-17,Divestiture,9.3,False,,0,0,https://mergr.com/company/11916,2026-09-07T00:00:00Z
1315,Hadley Capital,Illinois,274598,InProduction,Business Services,"Warrenville, Illinois, United States",2006-06-01,Recapitalization,2015-10-01,Merger,9.3,False,,0,0,https://mergr.com/company/274598,2026-09-07T00:00:00Z
1315,Hadley Capital,Illinois,29377,Badger Express LLC,Transportation,"Fall River, Wisconsin, United States",2006-03-01,"Buyout (LBO, MBO, MBI)",,,20.5,True,,0,0,https://mergr.com/company/29377,2026-09-07T00:00:00Z
1315,Hadley Capital,Illinois,25063,Jenfab Cleaning Solutions,Machinery,"Springfield, Missouri, United States",2004-08-01,Recapitalization,2015-04-01,Trade Sale - Public Company,10.7,False,,0,0,https://mergr.com/company/25063,2026-09-07T00:00:00Z
1315,Hadley Capital,Illinois,10643,Novum Structures LLC,Construction,"Menomonee Falls, Wisconsin, United States",2004-06-01,"Buyout (LBO, MBO, MBI)",,,22.3,True,,0,0,https://mergr.com/company/10643,2026-09-07T00:00:00Z
1315,Hadley Capital,Illinois,10646,Custom Label,Packaging,"Hayward, California, United States",2002-10-01,"Buyout (LBO, MBO, MBI)",,,23.9,True,,0,0,https://mergr.com/company/10646,2026-09-07T00:00:00Z
1315,Hadley Capital,Illinois,116,Cambridge Major Laboratories,Life Science,"Germantown, Wisconsin, United States",1999-08-01,Growth Capital,2007-02-05,Trade Sale - Public Company,7.5,False,,0,0,https://mergr.com/company/116,2026-09-07T00:00:00Z
1315,Hadley Capital,Illinois,1541,Kelatron,Food,"Ogden, Utah, United States",1999-01-01,"Buyout (LBO, MBO, MBI)",2011-11-02,Divestiture,12.8,False,,0,0,https://mergr.com/company/1541,2026-09-07T00:00:00Z
1315,Hadley Capital,Illinois,267125,Schmidt,Manufacturing,"Niles, Illinois, United States",1998-01-01,"Buyout (LBO, MBO, MBI)",,,28.7,True,,0,0,https://mergr.com/company/267125,2026-09-07T00:00:00Z
1315,Hadley Capital,Illinois,10642,Harris Seeds,Agriculture,"Rochester, New York, United States",1998-01-01,"Buyout (LBO, MBO, MBI)",,,28.7,True,,1,0,https://mergr.com/company/10642,2026-09-07T00:00:00Z
278,High Street Capital,Illinois,353232,All About Concrete,Construction,"Tomball, Texas, United States",2026-08-24,Growth Capital,,,0,True,,0,0,https://mergr.com/company/353232,2026-09-07T00:00:00Z
278,High Street Capital,Illinois,340529,AHI Supply,Building Materials,"Alvin, Texas, United States",2024-12-01,Growth Capital,,,1.8,True,,0,0,https://mergr.com/company/340529,2026-09-07T00:00:00Z
278,High Street Capital,Illinois,319396,Adams Magnetic Products,Manufacturing,"Elmhurst, Illinois, United States",2023-11-01,"Buyout (LBO, MBO, MBI)",,,2.8,True,,0,0,https://mergr.com/company/319396,2026-09-07T00:00:00Z
278,High Street Capital,Illinois,319409,Pinnacle Contracting Services,Construction,"Kernersville, North Carolina, United States",2023-03-01,Growth Capital,,,3.5,True,,1,0,https://mergr.com/company/319409,2026-09-07T00:00:00Z
278,High Street Capital,Illinois,293561,Knight Material Technologies,Manufacturing,"East Canton, Ohio, United States",2021-12-09,Divestiture,,,4.7,True,,1,0,https://mergr.com/company/293561,2026-09-07T00:00:00Z
278,High Street Capital,Illinois,290106,NeoSystems,Information Technology,"Reston, Virginia, United States",2021-09-08,Growth Capital,2026-05-01,Divestiture,4.6,False,,0,0,https://mergr.com/company/290106,2026-09-07T00:00:00Z
278,High Street Capital,Illinois,201603,Tramec,Manufacturing,"Shawnee, Kansas, United States",2021-09-01,Recapitalization,,,5,True,,1,0,https://mergr.com/company/201603,2026-09-07T00:00:00Z
278,High Street Capital,Illinois,287016,BCD International,Information Technology,"Vernon Hills, Illinois, United States",2021-06-24,Growth Capital,,,5.2,True,,0,0,https://mergr.com/company/287016,2026-09-07T00:00:00Z
278,High Street Capital,Illinois,285296,Southern Design Companies,Construction,"Cumming, Georgia, United States",2021-05-12,Growth Capital,,,5.3,True,,0,0,https://mergr.com/company/285296,2026-09-07T00:00:00Z
278,High Street Capital,Illinois,264514,Suburban Drywall,Business Services,"Waukesha, Wisconsin, United States",2019-05-01,"Buyout (LBO, MBO, MBI)",2024-07-08,Trade Sale - Public Company,5.2,False,,1,0,https://mergr.com/company/264514,2026-09-07T00:00:00Z
278,High Street Capital,Illinois,263299,Commodity Blenders,Transportation,"West Salem, Ohio, United States",2019-03-01,Growth Capital,,,7.5,True,,0,0,https://mergr.com/company/263299,2026-09-07T00:00:00Z
278,High Street Capital,Illinois,246632,Open Range Beef,Food,"Gordon, Nebraska, United States",2017-10-01,"Buyout (LBO, MBO, MBI)",2025-09-16,Divestiture,7.9,False,,0,0,https://mergr.com/company/246632,2026-09-07T00:00:00Z
278,High Street Capital,Illinois,243099,Avomeen LLC,Test/Measurement Equipment,"Ann Arbor, Michigan, United States",2016-11-01,"Buyout (LBO, MBO, MBI)",2021-02-03,Divestiture,4.3,False,,0,0,https://mergr.com/company/243099,2026-09-07T00:00:00Z
278,High Street Capital,Illinois,264518,CRFS,Insurance,"Albion, New York, United States",2015-01-01,"Buyout (LBO, MBO, MBI)",,,11.7,True,,0,0,https://mergr.com/company/264518,2026-09-07T00:00:00Z
278,High Street Capital,Illinois,13270,Can-Do National Tape,Distribution,"Nashville, Tennessee, United States",2014-10-27,Secondary Buyout,2023-01-16,Divestiture,8.2,False,,0,0,https://mergr.com/company/13270,2026-09-07T00:00:00Z
278,High Street Capital,Illinois,178371,"Applied Process, Inc.",Metals/Mining,"Livonia, Michigan, United States",2014-08-01,"Buyout (LBO, MBO, MBI)",2019-09-12,Divestiture,5.1,False,,0,0,https://mergr.com/company/178371,2026-09-07T00:00:00Z
278,High Street Capital,Illinois,70925,ShoreMaster,Manufacturing,"Fergus Falls, Minnesota, United States",2013-02-08,Divestiture,2017-06-09,Trade Sale - Public Company,4.3,False,,0,0,https://mergr.com/company/70925,2026-09-07T00:00:00Z
278,High Street Capital,Illinois,6646,Banner Industries,Metals/Mining,"Carol Stream, Illinois, United States",2012-11-16,Recapitalization,2019-01-09,Secondary Sale,6.1,False,,0,0,https://mergr.com/company/6646,2026-09-07T00:00:00Z
278,High Street Capital,Illinois,7650,TLC Companies,Staffing,"Brooklyn Center, Minnesota, United States",2012-04-01,Secondary Buyout,2019-03-05,Trade Sale - Public Company,6.9,False,,0,0,https://mergr.com/company/7650,2026-09-07T00:00:00Z
278,High Street Capital,Illinois,13816,Koontz-Wagner,Business Services,"South Bend, Indiana, United States",2008-08-01,"Buyout (LBO, MBO, MBI)",2012-07-01,Divestiture,3.9,False,34,0,1,https://mergr.com/company/13816,2026-09-07T00:00:00Z
278,High Street Capital,Illinois,13817,"Massey-Fair Industrial, Inc.",Distribution,"Atlanta, Georgia, United States",2007-08-01,"Buyout (LBO, MBO, MBI)",2012-01-09,Divestiture,4.4,False,,0,0,https://mergr.com/company/13817,2026-09-07T00:00:00Z
278,High Street Capital,Illinois,1916,"DataSource, Inc.",Business Services,"Kansas City, Missouri, United States",2007-03-01,"Buyout (LBO, MBO, MBI)",2012-07-13,Trade Sale - Public Company,5.3,False,,0,0,https://mergr.com/company/1916,2026-09-07T00:00:00Z
278,High Street Capital,Illinois,2368,BlueRidge Fiber Solutions,Manufacturing,"Reedsville, West Virginia, United States",2006-08-01,"Buyout (LBO, MBO, MBI)",,,20.1,True,,0,0,https://mergr.com/company/2368,2026-09-07T00:00:00Z
278,High Street Capital,Illinois,2367,BeneSys,Insurance,"Troy, Michigan, United States",2005-09-01,"Buyout (LBO, MBO, MBI)",2014-04-01,Trade Sale - Public Company,8.6,False,,0,0,https://mergr.com/company/2367,2026-09-07T00:00:00Z
278,High Street Capital,Illinois,3302,DiversiTech,Manufacturing,"Duluth, Georgia, United States",2005-08-01,"Buyout (LBO, MBO, MBI)",2011-07-01,Unknown,5.9,False,,1,0,https://mergr.com/company/3302,2026-09-07T00:00:00Z
278,High Street Capital,Illinois,14236,Bock & Clark Corp.,Business Services,"Akron, Ohio, United States",2005-02-01,Secondary Buyout,2014-08-15,Trade Sale - Public Company,9.5,False,,0,0,https://mergr.com/company/14236,2026-09-07T00:00:00Z
278,High Street Capital,Illinois,2369,"Countryside Hospice Care, Inc.",Healthcare Services,"Anniston, Alabama, United States",2005-01-01,"Buyout (LBO, MBO, MBI)",2010-12-29,Divestiture,5.9,False,,0,0,https://mergr.com/company/2369,2026-09-07T00:00:00Z
278,High Street Capital,Illinois,13814,"DocuForce, Inc.",Business Services,"Atlanta, Georgia, United States",2004-02-01,"Buyout (LBO, MBO, MBI)",,,22.6,True,,0,0,https://mergr.com/company/13814,2026-09-07T00:00:00Z
