owner_firm_id,owner_firm_name,owner_firm_state,company_id,company_name,sector,location,acquired_date,acquisition_type,exit_date,exit_type,hold_years,is_current,revenue_millions_usd,acquisitions_during_hold,divestitures_during_hold,mergr_url,_fetched_at
830,Advent International,Massachusetts,353275,New Zealand Clinical Research,Life Science,"Auckland, New Zealand",2026-08-20,"Buyout (LBO, MBO, MBI)",,,0,True,,0,0,https://mergr.com/company/353275,2026-09-04T01:03:59Z
830,Advent International,Massachusetts,352430,FNZ Bank,Financial Services,"Munich, Germany",2026-08-04,Divestiture,,,0.1,True,,0,0,https://mergr.com/company/352430,2026-09-04T01:03:59Z
830,Advent International,Massachusetts,350848,Japan Wellbeing,Consumer Services,Japan,2026-06-25,Divestiture,,,0.2,True,,0,0,https://mergr.com/company/350848,2026-09-04T01:03:59Z
830,Advent International,Massachusetts,110857,Atwell,Engineering,"Southfield, Michigan, United States",2026-03-27,Growth Capital,,,0.4,True,,0,0,https://mergr.com/company/110857,2026-09-04T01:03:59Z
830,Advent International,Massachusetts,347352,Salt & Stone,Consumer Products,"Los Angeles, California, United States",2026-03-24,"Buyout (LBO, MBO, MBI)",,,0.4,True,,0,0,https://mergr.com/company/347352,2026-09-04T01:03:59Z
830,Advent International,Massachusetts,347573,Tinexta,Internet Software and Services,"Rome, Italy",2025-12-30,Stake Purchase,,,0.7,True,,0,0,https://mergr.com/company/347573,2026-09-04T01:03:59Z
830,Advent International,Massachusetts,123361,Heidrick & Struggles International,Staffing,"Chicago, Illinois, United States",2025-10-06,Going Private,,,0.8,True,1116,0,0,https://mergr.com/company/123361,2026-09-04T01:03:59Z
830,Advent International,Massachusetts,300454,Automic,Internet Software and Services,"Sydney, Australia",2025-09-03,Secondary Buyout,,,1,True,,0,0,https://mergr.com/company/300454,2026-09-04T01:03:59Z
830,Advent International,Massachusetts,213088,PatientPoint,Information Technology,"Cincinnati, Ohio, United States",2025-08-25,Secondary Buyout,,,1,True,,0,0,https://mergr.com/company/213088,2026-09-04T01:03:59Z
830,Advent International,Massachusetts,180784,Sapiens,Software,"Holon, Israel",2025-08-13,Going Private,,,1,True,542,0,0,https://mergr.com/company/180784,2026-09-04T01:03:59Z
830,Advent International,Massachusetts,339181,Coherent - Aerospace and Defense business,Aerospace,"Saxonburg, Pennsylvania, United States",2025-08-13,Divestiture,,,1,True,,0,0,https://mergr.com/company/339181,2026-09-04T01:03:59Z
830,Advent International,Massachusetts,337974,LayerZero,Utilities,"Aurora, Ohio, United States",2025-06-30,"Buyout (LBO, MBO, MBI)",,,1.2,True,,0,0,https://mergr.com/company/337974,2026-09-04T01:03:59Z
830,Advent International,Massachusetts,337139,Felix,Life Science,"Dublin, Ireland",2025-06-09,Stake Purchase,,,1.2,True,,0,0,https://mergr.com/company/337139,2026-09-04T01:03:59Z
830,Advent International,Massachusetts,10633,Kereis,Insurance,"Paris, France",2025-05-28,Secondary Buyout,,,1.3,True,1916,0,0,https://mergr.com/company/10633,2026-09-04T01:03:59Z
830,Advent International,Massachusetts,338154,Apollo 24|7,Retail,India,2025-04-26,Stake Purchase,,,1.3,True,,0,0,https://mergr.com/company/338154,2026-09-04T01:03:59Z
830,Advent International,Massachusetts,335848,tbi bank,Financial Services,"Sofia, Bulgaria",2025-04-22,"Buyout (LBO, MBO, MBI)",,,1.3,True,,0,0,https://mergr.com/company/335848,2026-09-04T01:03:59Z
830,Advent International,Massachusetts,338150,Fisher Investments,Financial Services,"Plano, Texas, United States",2025-01-07,Stake Purchase,,,1.6,True,,0,0,https://mergr.com/company/338150,2026-09-04T01:03:59Z
830,Advent International,Massachusetts,261913,Sauer Brands,Food,"Richmond, Virginia, United States",2025-01-06,Secondary Buyout,,,1.6,True,,0,0,https://mergr.com/company/261913,2026-09-04T01:03:59Z
830,Advent International,Massachusetts,331323,Siesa,Software,"Cali, Colombia",2024-12-02,"Buyout (LBO, MBO, MBI)",,,1.8,True,,0,0,https://mergr.com/company/331323,2026-09-04T01:03:59Z
830,Advent International,Massachusetts,338001,Volue,Information Technology,"Oslo, Norway",2024-10-28,Going Private,,,1.8,True,,1,1,https://mergr.com/company/338001,2026-09-04T01:03:59Z
830,Advent International,Massachusetts,331316,SYSPRO,Software,"Tustin, California, United States",2024-08-13,"Buyout (LBO, MBO, MBI)",,,2,True,,4,0,https://mergr.com/company/331316,2026-09-04T01:03:59Z
830,Advent International,Massachusetts,328016,Seek Pet Food,Consumer Products,"Linyi City, China",2024-08-12,Growth Capital,,,2,True,,0,0,https://mergr.com/company/328016,2026-09-04T01:03:59Z
830,Advent International,Massachusetts,278802,Nuvei,Financial Services,"Montreal, Quebec, Canada",2024-04-01,Going Private,,,2.4,True,1190,1,0,https://mergr.com/company/278802,2026-09-04T01:03:59Z
830,Advent International,Massachusetts,330232,Svatantra,Financial Services,"Mumbai, India",2024-03-04,Growth Capital,,,2.5,True,,0,0,https://mergr.com/company/330232,2026-09-04T01:03:59Z
830,Advent International,Massachusetts,322284,Skala Cosmeticos,Consumer Products,"Uberaba, Brazil",2024-02-28,Growth Capital,,,2.5,True,,0,0,https://mergr.com/company/322284,2026-09-04T01:03:59Z
830,Advent International,Massachusetts,321449,Globus Events,Media,"Shanghai, China",2024-02-02,Growth Capital,,,2.6,True,,0,0,https://mergr.com/company/321449,2026-09-04T01:03:59Z
830,Advent International,Massachusetts,319068,myPOS,Information Technology,"London, United Kingdom",2023-11-16,"Buyout (LBO, MBO, MBI)",,,2.8,True,,0,0,https://mergr.com/company/319068,2026-09-04T01:03:59Z
830,Advent International,Massachusetts,216514,Zimmermann,Apparel/Textiles,"Rosebery, Australia",2023-08-08,Secondary Buyout,,,3,True,,0,0,https://mergr.com/company/216514,2026-09-04T01:03:59Z
830,Advent International,Massachusetts,275258,Aareal Bank,Financial Services,"Wiesbaden, Germany",2023-07-07,Going Private,,,3.1,True,1466,0,0,https://mergr.com/company/275258,2026-09-04T01:03:59Z
830,Advent International,Massachusetts,314489,Parfums De Marly,Consumer Products,"Paris, France",2023-06-22,"Buyout (LBO, MBO, MBI)",,,3.2,True,,0,0,https://mergr.com/company/314489,2026-09-04T01:03:59Z
830,Advent International,Massachusetts,314495,Initio Parfums Prives,Consumer Products,"Paris, France",2023-06-22,"Buyout (LBO, MBO, MBI)",,,3.2,True,,0,0,https://mergr.com/company/314495,2026-09-04T01:03:59Z
830,Advent International,Massachusetts,316383,Simtra BioPharma Solutions,Life Science,"Deerfield, Illinois, United States",2023-05-08,Divestiture,,,3.3,True,,0,0,https://mergr.com/company/316383,2026-09-04T01:03:59Z
830,Advent International,Massachusetts,327884,Envalior,Chemicals,"Dusseldorf, Germany",2023-04-04,Joint Venture,,,3.4,True,,0,0,https://mergr.com/company/327884,2026-09-04T01:03:59Z
830,Advent International,Massachusetts,310396,LBS Group,Business Services,"Hong Kong, China",2023-02-23,Growth Capital,,,3.5,True,,0,0,https://mergr.com/company/310396,2026-09-04T01:03:59Z
830,Advent International,Massachusetts,308859,Suven Pharma,Life Science,"Hyderabad, India",2022-12-26,Going Private,,,3.7,True,194,0,0,https://mergr.com/company/308859,2026-09-04T01:03:59Z
830,Advent International,Massachusetts,23474,Vantor,Information Services,"Westminster, Colorado, United States",2022-12-16,Going Private,,,3.7,True,1770,0,2,https://mergr.com/company/23474,2026-09-04T01:03:59Z
830,Advent International,Massachusetts,290686,Wagas,Restaurants,"Shanghai, China",2022-09-20,"Buyout (LBO, MBO, MBI)",,,3.9,True,,0,0,https://mergr.com/company/290686,2026-09-04T01:03:59Z
830,Advent International,Massachusetts,204674,Neoris,Information Technology,"Miami, Florida, United States",2022-07-26,"Buyout (LBO, MBO, MBI)",2024-09-04,Divestiture,2.1,False,,0,0,https://mergr.com/company/204674,2026-09-04T01:03:59Z
830,Advent International,Massachusetts,300498,DSM Engineering Materials,Manufacturing,"Heerlen, Netherlands",2022-05-31,Divestiture,,,4.3,True,,0,0,https://mergr.com/company/300498,2026-09-04T01:03:59Z
830,Advent International,Massachusetts,299403,GHL Hotels,Leisure,"Bogota, Colombia",2022-05-03,Growth Capital,,,4.3,True,,0,0,https://mergr.com/company/299403,2026-09-04T01:03:59Z
830,Advent International,Massachusetts,9069,Imperial Dade,Distribution,"Jersey City, New Jersey, United States",2022-05-02,Secondary Buyout,,,4.3,True,,43,0,https://mergr.com/company/9069,2026-09-04T01:03:59Z
830,Advent International,Massachusetts,196468,Irca,Food,"Gallarate, Italy",2022-04-11,Secondary Buyout,2026-06-29,Trade Sale - Public Company,4.2,False,282,0,0,https://mergr.com/company/196468,2026-09-04T01:03:59Z
830,Advent International,Massachusetts,298304,Mangopay,Internet Software and Services,"Luxembourg, Luxembourg",2022-04-06,Growth Capital,,,4.3,True,,0,0,https://mergr.com/company/298304,2026-09-04T01:03:59Z
830,Advent International,Massachusetts,175565,Leetchi,Internet Software and Services,"Paris, France",2022-04-06,Divestiture,2024-12-12,Trade Sale - Public Company,2.7,False,,0,0,https://mergr.com/company/175565,2026-09-04T01:03:59Z
830,Advent International,Massachusetts,242345,Medius,Internet Software and Services,"Linkoping, Sweden",2022-03-16,Secondary Buyout,,,4.4,True,,2,0,https://mergr.com/company/242345,2026-09-04T01:03:59Z
830,Advent International,Massachusetts,296542,Grupo Tigre,Construction,"Joinville, Brazil",2022-02-18,Stake Purchase,,,4.5,True,,0,0,https://mergr.com/company/296542,2026-09-04T01:03:59Z
830,Advent International,Massachusetts,263413,Encora,Information Technology,"Santa Clara, California, United States",2021-12-21,Secondary Buyout,2025-12-26,Bankruptcy,4,False,,3,0,https://mergr.com/company/263413,2026-09-04T01:03:59Z
830,Advent International,Massachusetts,338288,Orveon,Consumer Products,"New York, United States",2021-12-07,"Buyout (LBO, MBO, MBI)",,,4.7,True,,3,0,https://mergr.com/company/338288,2026-09-04T01:03:59Z
830,Advent International,Massachusetts,113529,Caldic,Chemicals,"Rotterdam, Netherlands",2021-11-22,Divestiture,,,4.8,True,,1,1,https://mergr.com/company/113529,2026-09-04T01:03:59Z
830,Advent International,Massachusetts,15060,McAfee,Information Technology,"San Jose, California, United States",2021-11-08,Going Private,,,4.8,True,2906,0,1,https://mergr.com/company/15060,2026-09-04T01:03:59Z
830,Advent International,Massachusetts,290565,Eureka Forbes,Consumer Products,"Mumbai, India",2021-09-19,Stake Purchase,,,4.9,True,,0,0,https://mergr.com/company/290565,2026-09-04T01:03:59Z
830,Advent International,Massachusetts,289001,GS Capsule,Medical Products,"Jinzhong, China",2021-08-09,"Buyout (LBO, MBO, MBI)",,,5,True,,0,0,https://mergr.com/company/289001,2026-09-04T01:03:59Z
830,Advent International,Massachusetts,30128,Hoist Group,Information Technology,"Stockholm, Sweden",2021-06-02,Secondary Buyout,2022-03-06,Divestiture,0.8,False,46,0,0,https://mergr.com/company/30128,2026-09-04T01:03:59Z
830,Advent International,Massachusetts,285481,Perrigo Latin American Pharmaceutical Business,Life Science,Mexico,2021-05-18,Divestiture,,,5.3,True,,0,0,https://mergr.com/company/285481,2026-09-04T01:03:59Z
830,Advent International,Massachusetts,284746,BigID,Software,"New York City, New York, United States",2021-04-21,Venture,,,5.3,True,,0,0,https://mergr.com/company/284746,2026-09-04T01:03:59Z
830,Advent International,Massachusetts,284745,HYPR,Software,"New York, New York, United States",2021-04-20,Venture,,,5.3,True,,0,0,https://mergr.com/company/284745,2026-09-04T01:03:59Z
830,Advent International,Massachusetts,284748,Wiz,Internet Software and Services,"New York, New York, United States",2021-04-07,Venture,,,5.3,True,,2,0,https://mergr.com/company/284748,2026-09-04T01:03:59Z
830,Advent International,Massachusetts,284751,Cyware,Information Technology,"Jersey City, New York, United States",2021-03-16,Venture,,,5.4,True,,0,0,https://mergr.com/company/284751,2026-09-04T01:03:59Z
830,Advent International,Massachusetts,285344,Xplor Technologies,Software,"Atlanta, Georgia, United States",2021-02-25,Consolidation,,,5.5,True,,7,0,https://mergr.com/company/285344,2026-09-04T01:03:59Z
830,Advent International,Massachusetts,281520,ZCL Chemicals,Life Science,"Mumbai, India",2021-02-08,Secondary Buyout,,,5.5,True,,0,0,https://mergr.com/company/281520,2026-09-04T01:03:59Z
830,Advent International,Massachusetts,281251,Creditas,Financial Services,"Sao Paulo, Brazil",2020-12-18,Venture,,,5.7,True,,1,0,https://mergr.com/company/281251,2026-09-04T01:03:59Z
830,Advent International,Massachusetts,284752,Zenoti,Software,"Bellevue, Washington, United States",2020-12-15,Growth Capital,,,5.7,True,,1,0,https://mergr.com/company/284752,2026-09-04T01:03:59Z
830,Advent International,Massachusetts,278491,Sophos Solutions,Information Technology,"Bogotá, Colombia",2020-11-21,Divestiture,2024-01-25,Divestiture,3.2,False,,0,0,https://mergr.com/company/278491,2026-09-04T01:03:59Z
830,Advent International,Massachusetts,277808,NielsenIQ,Information Technology,"Chicago, Illinois, United States",2020-11-01,Divestiture,,,5.8,True,,8,0,https://mergr.com/company/277808,2026-09-04T01:03:59Z
830,Advent International,Massachusetts,284753,Tekion,Software,"Pleasanton, California, United States",2020-10-21,Venture,,,5.8,True,,1,0,https://mergr.com/company/284753,2026-09-04T01:03:59Z
830,Advent International,Massachusetts,285287,Grupo CRM,Consumer Products,"São Paulo, Brazil",2020-10-01,"Buyout (LBO, MBO, MBI)",2023-09-07,Divestiture,2.9,False,,0,0,https://mergr.com/company/285287,2026-09-04T01:03:59Z
830,Advent International,Massachusetts,275256,Aareon,Software,"Mainz, Germany",2020-08-14,Stake Purchase,2024-06-24,Trade Sale - Public Company,3.8,False,284,0,0,https://mergr.com/company/275256,2026-09-04T01:03:59Z
830,Advent International,Massachusetts,275042,Evri,Transportation,"Leeds, United Kingdom",2020-08-10,Divestiture,2024-07-25,Trade Sale - Public Company,3.9,False,,0,0,https://mergr.com/company/275042,2026-09-04T01:03:59Z
830,Advent International,Massachusetts,275043,Hermes,Transportation,"Hamburg, Germany",2020-08-10,Stake Purchase,,,6,True,,0,0,https://mergr.com/company/275043,2026-09-04T01:03:59Z
830,Advent International,Massachusetts,274659,Cohance Lifesciences,Life Science,"Hyderabad, India",2020-07-30,Divestiture,,,6.1,True,,0,0,https://mergr.com/company/274659,2026-09-04T01:03:59Z
830,Advent International,Massachusetts,284845,Thrasio,Consumer Products,"Boston, Massachusetts, United States",2020-07-15,Venture,2024-02-28,Bankruptcy,3.6,False,,4,0,https://mergr.com/company/284845,2026-09-04T01:03:59Z
830,Advent International,Massachusetts,272306,Pacvue,Software,"Irvine, California, United States",2020-05-19,Growth Capital,,,6.3,True,,3,1,https://mergr.com/company/272306,2026-09-04T01:03:59Z
830,Advent International,Massachusetts,151277,TK Elevator,Machinery,"Düsseldorf, Germany",2020-02-27,Divestiture,2026-04-29,Divestiture,6.2,False,,6,0,https://mergr.com/company/151277,2026-09-04T01:03:59Z
830,Advent International,Massachusetts,220456,ForeScout,Information Technology,"San Jose, California, United States",2020-02-06,Going Private,,,6.5,True,298,2,0,https://mergr.com/company/220456,2026-09-04T01:03:59Z
830,Advent International,Massachusetts,86125,Cobham,Defense,"Dorset, United Kingdom",2020-01-22,Going Private,,,6.6,True,2868,1,5,https://mergr.com/company/86125,2026-09-04T01:03:59Z
830,Advent International,Massachusetts,284842,Olaplex,Consumer Products,"New York, New York, United States",2019-11-19,"Buyout (LBO, MBO, MBI)",2021-09-30,IPO,1.8,False,423,0,0,https://mergr.com/company/284842,2026-09-04T01:03:59Z
830,Advent International,Massachusetts,27540,BSV,Life Science,"Thane, India",2019-11-18,Secondary Buyout,,,6.8,True,,0,0,https://mergr.com/company/27540,2026-09-04T01:03:59Z
830,Advent International,Massachusetts,264773,Enamor,Apparel/Textiles,"Bangalore, India",2019-10-04,"Buyout (LBO, MBO, MBI)",2021-12-01,Spin Off,2.1,False,,0,0,https://mergr.com/company/264773,2026-09-04T01:03:59Z
830,Advent International,Massachusetts,264792,ICE Group,Life Science,"Reggio Emilia, Italy",2019-09-30,"Buyout (LBO, MBO, MBI)",,,6.9,True,,1,0,https://mergr.com/company/264792,2026-09-04T01:03:59Z
830,Advent International,Massachusetts,264089,DFM Foods,Food,"New Delhi, India",2019-09-09,Going Private,,,6.9,True,,0,0,https://mergr.com/company/264089,2026-09-04T01:03:59Z
830,Advent International,Massachusetts,284844,Aditya Birla Capital,Financial Services,"Mumbai, India",2019-09-05,Growth Capital,,,6.9,True,,0,0,https://mergr.com/company/284844,2026-09-04T01:03:59Z
830,Advent International,Massachusetts,327954,ICE Pharma,Life Science,"Reggio Emilia, Italy",2019-09-01,"Buyout (LBO, MBO, MBI)",,,7,True,,0,0,https://mergr.com/company/327954,2026-09-04T01:03:59Z
830,Advent International,Massachusetts,242438,CI&T,Information Technology,"Campinas, Brazil",2019-07-29,Growth Capital,2021-11-01,IPO,2.3,False,439,1,0,https://mergr.com/company/242438,2026-09-04T01:03:59Z
830,Advent International,Massachusetts,23881,Transaction Services Group,Software,"Auckland, New Zealand",2019-06-27,Secondary Buyout,2021-02-25,Spin Off,1.6,False,,7,0,https://mergr.com/company/23881,2026-09-04T01:03:59Z
830,Advent International,Massachusetts,152069,Vitaldent,Healthcare Services,"Madrid, Spain",2019-06-07,Divestiture,,,7.2,True,,0,0,https://mergr.com/company/152069,2026-09-04T01:03:59Z
830,Advent International,Massachusetts,177956,Definitive Healthcare,Information Services,"Framingham, Massachusetts, United States",2019-06-05,Recapitalization,2021-09-15,IPO,2.3,False,242,1,0,https://mergr.com/company/177956,2026-09-04T01:03:59Z
830,Advent International,Massachusetts,60902,Prometheus Group,Software,"Raleigh, North Carolina, United States",2019-05-30,Secondary Buyout,,,7.3,True,,15,0,https://mergr.com/company/60902,2026-09-04T01:03:59Z
830,Advent International,Massachusetts,25368,AccentCare,Healthcare Services,"Dallas, Texas, United States",2019-05-16,Secondary Buyout,,,7.3,True,,2,0,https://mergr.com/company/25368,2026-09-04T01:03:59Z
830,Advent International,Massachusetts,258805,Roehm,Chemicals,"Darmstadt, Germany",2019-03-04,Divestiture,,,7.5,True,2254,0,0,https://mergr.com/company/258805,2026-09-04T01:03:59Z
830,Advent International,Massachusetts,209612,BioDuro-Sundia,Life Science,"Irvine, California, United States",2019-01-28,Divestiture,,,7.6,True,,1,0,https://mergr.com/company/209612,2026-09-04T01:03:59Z
830,Advent International,Massachusetts,257750,Prisma Medios de Pago,Information Technology,"Buenos Aires, Argentina",2019-01-22,"Buyout (LBO, MBO, MBI)",2026-02-16,Divestiture,7,False,,0,0,https://mergr.com/company/257750,2026-09-04T01:03:59Z
830,Advent International,Massachusetts,196214,Aimbridge Hospitality,Business Services,"Plano, Texas, United States",2019-01-07,Secondary Buyout,,,7.6,True,,2,0,https://mergr.com/company/196214,2026-09-04T01:03:59Z
830,Advent International,Massachusetts,228943,Manjushree India,Packaging,"Bangalore, India",2018-10-11,Secondary Buyout,2025-01-13,Trade Sale - Public Company,6.3,False,,0,0,https://mergr.com/company/228943,2026-09-04T01:03:59Z
830,Advent International,Massachusetts,251937,INNIO,Energy Services and Equipment,"Jenbach, Austria",2018-06-25,Divestiture,,,8.2,True,1317,1,0,https://mergr.com/company/251937,2026-09-04T01:03:59Z
830,Advent International,Massachusetts,154085,Deutsche Fachpflege,Healthcare Services,"Herford, Germany",2018-06-13,Secondary Buyout,,,8.2,True,,0,0,https://mergr.com/company/154085,2026-09-04T01:03:59Z
830,Advent International,Massachusetts,251339,Grupo BIG,Retail,"Barueri, Brazil",2018-06-04,Divestiture,2021-03-24,Divestiture,2.8,False,5996,0,0,https://mergr.com/company/251339,2026-09-04T01:03:59Z
830,Advent International,Massachusetts,20211,Zentiva,Life Science,"Prague, Czech Republic",2018-04-17,Divestiture,2025-09-11,Trade Sale - Public Company,7.3,False,,2,0,https://mergr.com/company/20211,2026-09-04T01:03:59Z
830,Advent International,Massachusetts,185372,Clearent,Information Technology,"Creve Coeur, Missouri, United States",2018-03-30,Secondary Buyout,2021-02-25,Spin Off,2.8,False,,3,0,https://mergr.com/company/185372,2026-09-04T01:03:59Z
830,Advent International,Massachusetts,84801,TTS,Manufacturing,"Rosenheim, Germany",2018-03-01,Going Private,2021-07-23,Trade Sale - Public Company,3.3,False,970,0,2,https://mergr.com/company/84801,2026-09-04T01:03:59Z
830,Advent International,Massachusetts,276436,EBANX,Financial Services,"Curitiba, Brazil",2018-01-31,Growth Capital,,,8.6,True,,0,0,https://mergr.com/company/276436,2026-09-04T01:03:59Z
596,THL,Massachusetts,270558,Queue-it,Software,"Copenhagen, Denmark",2026-08-18,Secondary Buyout,,,0,True,,0,0,https://mergr.com/company/270558,2026-09-04T01:03:59Z
596,THL,Massachusetts,347463,PaveMasters,Construction,"Poway, California, United States",2026-08-03,Secondary Buyout,,,0.1,True,,0,0,https://mergr.com/company/347463,2026-09-04T01:03:59Z
596,THL,Massachusetts,142717,Celerion,Life Science,"Lincoln, Nebraska, United States",2026-04-22,Secondary Buyout,,,0.3,True,,0,0,https://mergr.com/company/142717,2026-09-04T01:03:59Z
596,THL,Massachusetts,273990,Headlands Research,Life Science,"Lake Worth, Florida, United States",2025-08-14,Secondary Buyout,,,1,True,,1,0,https://mergr.com/company/273990,2026-09-04T01:03:59Z
596,THL,Massachusetts,248715,Red Nucleus,Education,"Yardley, Pennsylvania, United States",2024-10-17,Secondary Buyout,,,1.8,True,,2,0,https://mergr.com/company/248715,2026-09-04T01:03:59Z
596,THL,Massachusetts,259685,AMI,Technology Hardware,"Duluth, Georgia, United States",2024-09-09,Secondary Buyout,2026-05-04,Divestiture,1.6,False,,0,0,https://mergr.com/company/259685,2026-09-04T01:03:59Z
596,THL,Massachusetts,288599,Young & Associates,Business Services,"St. Louis, Missouri, United States",2024-08-22,Secondary Buyout,,,2,True,,3,0,https://mergr.com/company/288599,2026-09-04T01:03:59Z
596,THL,Massachusetts,14919,Agiliti,Medical Products,"Eden Prairie, Minnesota, United States",2024-05-07,Going Private,,,2.3,True,1175,0,0,https://mergr.com/company/14919,2026-09-04T01:03:59Z
596,THL,Massachusetts,266575,Standish Management,Business Services,"Walnut Creek, California, United States",2023-09-15,"Buyout (LBO, MBO, MBI)",,,2.9,True,,0,0,https://mergr.com/company/266575,2026-09-04T01:03:59Z
596,THL,Massachusetts,248727,Bynder,Digital Media,"Amsterdam, Netherlands",2022-12-20,"Buyout (LBO, MBO, MBI)",,,3.7,True,,0,0,https://mergr.com/company/248727,2026-09-04T01:03:59Z
596,THL,Massachusetts,188506,Inriver,Software,"Malmo, Sweden",2022-05-19,Secondary Buyout,,,4.3,True,,0,0,https://mergr.com/company/188506,2026-09-04T01:03:59Z
596,THL,Massachusetts,240098,Carpe Data,Information Technology,"Santa Barbara, California, United States",2022-04-11,Secondary Buyout,,,4.3,True,,0,0,https://mergr.com/company/240098,2026-09-04T01:03:59Z
596,THL,Massachusetts,228169,IMO Health,Software,"Rosemont, Illinois, United States",2022-03-31,Secondary Buyout,,,4.4,True,,1,0,https://mergr.com/company/228169,2026-09-04T01:03:59Z
596,THL,Massachusetts,347135,Qventus,Software,"Mountain View, California, United States",2022-02-28,Growth Capital,,,4.5,True,,0,0,https://mergr.com/company/347135,2026-09-04T01:03:59Z
596,THL,Massachusetts,210957,Smile Doctors,Healthcare Services,"Dallas, Texas, United States",2022-01-05,Recapitalization,,,4.6,True,,2,0,https://mergr.com/company/210957,2026-09-04T01:03:59Z
596,THL,Massachusetts,290532,Brooks Automation - Semiconductor Solutions Group,Semiconductors,"Chelmsford, Massachusetts, United States",2021-09-20,Divestiture,,,4.9,True,,0,0,https://mergr.com/company/290532,2026-09-04T01:03:59Z
596,THL,Massachusetts,325814,Odessa,Software,"Philadelphia, Pennsylvania, United States",2021-09-15,Growth Capital,,,4.9,True,,0,0,https://mergr.com/company/325814,2026-09-04T01:03:59Z
596,THL,Massachusetts,290252,House of Design,Machinery,"Nampa, Idaho, United States",2021-09-13,"Buyout (LBO, MBO, MBI)",2024-03-19,Trade Sale - Public Company,2.5,False,,0,0,https://mergr.com/company/290252,2026-09-04T01:03:59Z
596,THL,Massachusetts,32676,Bazaarvoice,Software,"Austin, Texas, United States",2021-03-26,Secondary Buyout,,,5.4,True,191,2,0,https://mergr.com/company/32676,2026-09-04T01:03:59Z
596,THL,Massachusetts,241116,CARET,Internet Software and Services,"Del Mar, California, United States",2021-03-10,Secondary Buyout,,,5.4,True,,0,1,https://mergr.com/company/241116,2026-09-04T01:03:59Z
596,THL,Massachusetts,281530,Ashling Partners,Information Technology,"Chicago, Illinois, United States",2021-02-08,Growth Capital,,,5.5,True,,1,0,https://mergr.com/company/281530,2026-09-04T01:03:59Z
596,THL,Massachusetts,293108,Ingenovis Health,Staffing,"Greenwood Village, Colorado, United States",2021-02-08,Consolidation,,,5.5,True,,8,0,https://mergr.com/company/293108,2026-09-04T01:03:59Z
596,THL,Massachusetts,259247,Care Hospice,Healthcare Services,"Charlottesville, Virginia, United States",2020-10-21,Secondary Buyout,,,5.8,True,,0,0,https://mergr.com/company/259247,2026-09-04T01:03:59Z
596,THL,Massachusetts,325903,Phytech,Internet Software and Services,"Tulare, California, United States",2020-09-22,Growth Capital,,,5.9,True,,0,0,https://mergr.com/company/325903,2026-09-04T01:03:59Z
596,THL,Massachusetts,177095,Adare Pharma Solutions,Life Science,"Philadelphia, Pennsylvania, United States",2020-09-22,Secondary Buyout,,,5.9,True,,1,1,https://mergr.com/company/177095,2026-09-04T01:03:59Z
596,THL,Massachusetts,27320,Hexure,Software,"Colorado Springs, Colorado, United States",2020-09-14,Secondary Buyout,2026-03-17,Divestiture,5.5,False,,3,1,https://mergr.com/company/27320,2026-09-04T01:03:59Z
596,THL,Massachusetts,232563,Careforth,Healthcare Services,"Boston, Massachusetts, United States",2020-07-16,Secondary Buyout,,,6.1,True,,0,0,https://mergr.com/company/232563,2026-09-04T01:03:59Z
596,THL,Massachusetts,12345,Amerilife,Insurance,"Clearwater, Florida, United States",2020-01-07,Recapitalization,,,6.6,True,,13,1,https://mergr.com/company/12345,2026-09-04T01:03:59Z
596,THL,Massachusetts,347121,Senior Home Care Holdings,Healthcare Services,United States,2020-01-01,"Buyout (LBO, MBO, MBI)",,,6.7,True,,0,0,https://mergr.com/company/347121,2026-09-04T01:03:59Z
596,THL,Massachusetts,264443,Centria Healthcare,Healthcare Services,"Farmington Hills, Michigan, United States",2019-12-09,Recapitalization,,,6.7,True,,0,0,https://mergr.com/company/264443,2026-09-04T01:03:59Z
596,THL,Massachusetts,68882,Nextech,Software,"Tampa, Florida, United States",2019-06-26,Secondary Buyout,2023-07-19,Trade Sale - Public Company,4,False,,0,0,https://mergr.com/company/68882,2026-09-04T01:03:59Z
596,THL,Massachusetts,231712,AutoStore,Information Technology,"Nedre Vats, Norway",2019-06-19,Secondary Buyout,2021-10-20,IPO,2.3,False,73,0,0,https://mergr.com/company/231712,2026-09-04T01:03:59Z
596,THL,Massachusetts,268445,Fortna,Software,"Atlanta, Georgia, United States",2019-03-27,Growth Capital,,,7.4,True,,3,0,https://mergr.com/company/268445,2026-09-04T01:03:59Z
596,THL,Massachusetts,325880,Autism Home Care Holdings,Healthcare Services,United States,2019-01-01,"Buyout (LBO, MBO, MBI)",,,7.7,True,,0,0,https://mergr.com/company/325880,2026-09-04T01:03:59Z
596,THL,Massachusetts,54970,Dun & Bradstreet,Information Services,"Jacksonville, Florida, United States",2018-08-08,Going Private,2020-06-24,IPO,1.8,False,2382,2,0,https://mergr.com/company/54970,2026-09-04T01:03:59Z
596,THL,Massachusetts,274564,Juvare,Software,"Atlanta, Georgia, United States",2018-05-02,Divestiture,2020-07-28,Trade Sale - Public Company,2.2,False,,2,0,https://mergr.com/company/274564,2026-09-04T01:03:59Z
596,THL,Massachusetts,217068,"Alfresco Software, Inc.",Software,"Wellesley, Massachusetts, United States",2018-02-08,Secondary Buyout,2020-09-09,Divestiture,2.6,False,,2,0,https://mergr.com/company/217068,2026-09-04T01:03:59Z
596,THL,Massachusetts,246340,Rate,Financial Services,"Chicago, Illinois, United States",2017-12-14,Growth Capital,,,8.7,True,,2,0,https://mergr.com/company/246340,2026-09-04T01:03:59Z
596,THL,Massachusetts,244701,Hightower,Business Services,"Chicago, Illinois, United States",2017-10-25,Recapitalization,,,8.8,True,,8,0,https://mergr.com/company/244701,2026-09-04T01:03:59Z
596,THL,Massachusetts,242371,"Ten-X, Inc.",Internet Software and Services,"Irvine, California, United States",2017-08-02,Secondary Buyout,2020-05-13,Divestiture,2.8,False,,0,0,https://mergr.com/company/242371,2026-09-04T01:03:59Z
596,THL,Massachusetts,238784,MHS,Machinery,"Mount Washington, Kentucky, United States",2017-04-14,Recapitalization,2022-04-18,Divestiture,5,False,,5,0,https://mergr.com/company/238784,2026-09-04T01:03:59Z
596,THL,Massachusetts,216740,Art Van Furniture,Retail,"Ann Arbor, Michigan, United States",2017-01-25,"Buyout (LBO, MBO, MBI)",2020-03-09,Bankruptcy,3.1,False,,2,0,https://mergr.com/company/216740,2026-09-04T01:03:59Z
596,THL,Massachusetts,12309,Auction.com,Internet Software and Services,"Irvine, California, United States",2017-01-02,Secondary Buyout,,,9.7,True,,0,0,https://mergr.com/company/12309,2026-09-04T01:03:59Z
596,THL,Massachusetts,32288,Professional Physical Therapy,Healthcare Services,"Melville, New York, United States",2016-12-19,Secondary Buyout,,,9.7,True,,3,1,https://mergr.com/company/32288,2026-09-04T01:03:59Z
596,THL,Massachusetts,258582,CSafe Global,Life Science,"Monroe, Ohio, United States",2016-11-04,Recapitalization,2020-12-24,Merger,4.1,False,,0,0,https://mergr.com/company/258582,2026-09-04T01:03:59Z
596,THL,Massachusetts,14309,System One,Staffing,"Pittsburgh, Pennsylvania, United States",2016-09-19,Secondary Buyout,2020-12-08,Trade Sale - Public Company,4.2,False,,4,0,https://mergr.com/company/14309,2026-09-04T01:03:59Z
596,THL,Massachusetts,9453,Give and Go Prepared Foods Corp.,Food,"Toronto, Ontario, Canada",2016-04-29,Secondary Buyout,,,10.3,True,,2,0,https://mergr.com/company/9453,2026-09-04T01:03:59Z
596,THL,Massachusetts,211710,Bargain Hunt,Retail,"Antioch, Tennessee, United States",2015-12-03,Growth Capital,2020-02-11,Merger,4.2,False,,0,0,https://mergr.com/company/211710,2026-09-04T01:03:59Z
596,THL,Massachusetts,3092,"GCA Services Group, Inc.",Business Services,"Cleveland, Ohio, United States",2015-11-16,Secondary Buyout,2017-07-12,Divestiture,1.6,False,,0,0,https://mergr.com/company/3092,2026-09-04T01:03:59Z
596,THL,Massachusetts,202804,Healthcare Staffing Services,Staffing,"Greenwood Village, Colorado, United States",2015-09-23,Recapitalization,2021-01-01,Trade Sale - Public Company,5.3,False,,0,0,https://mergr.com/company/202804,2026-09-04T01:03:59Z
596,THL,Massachusetts,190729,Prime Risk Partners,Insurance,"Alpharetta, Georgia, United States",2014-05-28,Growth Capital,2019-10-15,Divestiture,5.3,False,,6,0,https://mergr.com/company/190729,2026-09-04T01:03:59Z
596,THL,Massachusetts,11902,1-800 Contacts,E-Commerce,"Draper, Utah, United States",2014-02-03,Divestiture,2015-12-16,Trade Sale - Public Company,1.8,False,,0,0,https://mergr.com/company/11902,2026-09-04T01:03:59Z
596,THL,Massachusetts,86173,Black Knight,Information Technology,"Jacksonville, Florida, United States",2014-01-03,Joint Venture,2015-05-20,IPO,1.3,False,1475,0,0,https://mergr.com/company/86173,2026-09-04T01:03:59Z
596,THL,Massachusetts,86177,ServiceLink,Financial Services,"Coraopolis, Pennsylvania, United States",2014-01-01,"Buyout (LBO, MBO, MBI)",,,12.7,True,,0,0,https://mergr.com/company/86177,2026-09-04T01:03:59Z
596,THL,Massachusetts,86141,Phillips Pet Food & Supplies,Distribution,"Easton, Pennsylvania, United States",2013-12-04,Secondary Buyout,,,12.8,True,,1,0,https://mergr.com/company/86141,2026-09-04T01:03:59Z
596,THL,Massachusetts,22792,CTI Foods,Food,"Wilder, Idaho, United States",2013-05-09,Secondary Buyout,,,13.3,True,,1,0,https://mergr.com/company/22792,2026-09-04T01:03:59Z
596,THL,Massachusetts,31547,CompuCom,Information Technology,"Fort Mill, South Carolina, United States",2013-04-08,Secondary Buyout,2017-10-03,Divestiture,4.4,False,1500,1,0,https://mergr.com/company/31547,2026-09-04T01:03:59Z
596,THL,Massachusetts,331,Party City,Consumer Products,"Woodcliff Lake, New Jersey, United States",2012-06-05,Recapitalization,2015-04-16,IPO,2.8,False,2171,1,0,https://mergr.com/company/331,2026-09-04T01:03:59Z
596,THL,Massachusetts,11149,Fogo de Chao,Restaurants,"Dallas, Texas, United States",2012-05-29,Secondary Buyout,2015-04-21,IPO,2.8,False,,0,0,https://mergr.com/company/11149,2026-09-04T01:03:59Z
596,THL,Massachusetts,31172,First Bank,Financial Services,"San Juan, Puerto Rico",2011-05-31,PIPE,,,15.3,True,905,9,1,https://mergr.com/company/31172,2026-09-04T01:03:59Z
596,THL,Massachusetts,31171,Agencyport Software Ltd.,Software,"Boston, Massachusetts, United States",2011-05-27,Divestiture,2014-07-04,Divestiture,3.1,False,,0,0,https://mergr.com/company/31171,2026-09-04T01:03:59Z
596,THL,Massachusetts,17690,Acosta,Marketing,"Jacksonville, Florida, United States",2011-01-05,Secondary Buyout,2014-07-28,Trade Sale - Public Company,3.5,False,,4,0,https://mergr.com/company/17690,2026-09-04T01:03:59Z
596,THL,Massachusetts,6863,Systems Maintenance Services,Information Technology,"Charlotte, North Carolina, United States",2010-10-30,Secondary Buyout,2016-08-05,Trade Sale - Public Company,5.8,False,,2,0,https://mergr.com/company/6863,2026-09-04T01:03:59Z
596,THL,Massachusetts,27282,Sterling Financial Corp.,Financial Services,"Lancaster, Pennsylvania, United States",2010-08-26,Recapitalization,2014-04-18,Divestiture,3.6,False,,0,0,https://mergr.com/company/27282,2026-09-04T01:03:59Z
596,THL,Massachusetts,25655,"inVentiv Health, Inc.",Life Science,"Burlington, Massachusetts, United States",2010-08-04,Secondary Buyout,2017-05-10,Spin Off,6.8,False,,8,2,https://mergr.com/company/25655,2026-09-04T01:03:59Z
596,THL,Massachusetts,12543,Intermedix,Information Technology,"Fort Lauderdale, Florida, United States",2010-07-30,Secondary Buyout,2018-05-08,Divestiture,7.8,False,,9,1,https://mergr.com/company/12543,2026-09-04T01:03:59Z
596,THL,Massachusetts,30390,Curo Health Services,Healthcare Services,"Mooresville, North Carolina, United States",2010-05-01,Stake Purchase,2018-04-23,Trade Sale - Public Company,7.9,False,,2,0,https://mergr.com/company/30390,2026-09-04T01:03:59Z
596,THL,Massachusetts,18499,MoneyGram International,Financial Services,"Dallas, Texas, United States",2008-03-25,PIPE,,,18.4,True,1217,5,1,https://mergr.com/company/18499,2026-09-04T01:03:59Z
596,THL,Massachusetts,18507,Dayforce,Software,"Minneapolis, Minnesota, United States",2007-11-14,Going Private,2018-04-23,IPO,10.4,False,1760,2,1,https://mergr.com/company/18507,2026-09-04T01:03:59Z
596,THL,Massachusetts,28511,Univision,Media,"New York, New York, United States",2007-03-27,Going Private,2020-02-25,Trade Sale - Public Company,12.8,False,,3,1,https://mergr.com/company/28511,2026-09-04T01:03:59Z
596,THL,Massachusetts,18508,Aramark,Business Services,"Philadelphia, Pennsylvania, United States",2007-01-26,Going Private,2013-12-12,IPO,6.8,False,18506,3,2,https://mergr.com/company/18508,2026-09-04T01:03:59Z
596,THL,Massachusetts,18506,iHeartMedia,Media,"San Antonio, Texas, United States",2006-11-16,"Buyout (LBO, MBO, MBI)",2018-03-14,Bankruptcy,11.3,False,3865,0,1,https://mergr.com/company/18506,2026-09-04T01:03:59Z
596,THL,Massachusetts,3642,Intrado,Internet Software and Services,"Longmont, Colorado, United States",2006-05-31,Recapitalization,2013-03-21,IPO,6.8,False,2280,3,0,https://mergr.com/company/3642,2026-09-04T01:03:59Z
596,THL,Massachusetts,6105,Nielsen,Information Services,"New York, New York, United States",2006-05-21,"Buyout (LBO, MBO, MBI)",2011-01-25,IPO,4.7,False,3500,8,0,https://mergr.com/company/6105,2026-09-04T01:03:59Z
596,THL,Massachusetts,29546,Cumulus Media Partners LLC,Communications,"Atlanta, Georgia, United States",2006-05-05,"Buyout (LBO, MBO, MBI)",2011-08-01,Divestiture,5.2,False,,0,0,https://mergr.com/company/29546,2026-09-04T01:03:59Z
596,THL,Massachusetts,5716,"Dunkin' Brands Group, Inc.",Restaurants,"Canton, Massachusetts, United States",2006-02-28,Divestiture,2011-07-11,IPO,5.3,False,1370,0,1,https://mergr.com/company/5716,2026-09-04T01:03:59Z
596,THL,Massachusetts,18501,Hawkeye Energy Holdings LLC,Renewable Energy,"Ames, Iowa, United States",2006-01-01,"Buyout (LBO, MBO, MBI)",2009-12-21,Bankruptcy,3.9,False,,0,0,https://mergr.com/company/18501,2026-09-04T01:03:59Z
596,THL,Massachusetts,16930,Sedgwick,Insurance,"Memphis, Tennessee, United States",2005-12-27,Secondary Buyout,2010-05-29,Trade Sale - Public Company,4.4,False,,0,0,https://mergr.com/company/16930,2026-09-04T01:03:59Z
596,THL,Massachusetts,6089,Ariel Re,Insurance,"Hamilton, Bermuda",2005-12-18,"Buyout (LBO, MBO, MBI)",2012-04-05,Divestiture,6.3,False,,0,0,https://mergr.com/company/6089,2026-09-04T01:03:59Z
596,THL,Massachusetts,29736,Grupo Corporativo ONO S.A.,Communications,"Madrid, Spain",2005-11-04,"Buyout (LBO, MBO, MBI)",2014-03-17,Divestiture,8.3,False,,1,0,https://mergr.com/company/29736,2026-09-04T01:03:59Z
596,THL,Massachusetts,18503,FIS Global,Financial Services,"Jacksonville, Florida, United States",2005-03-09,Recapitalization,,,21.4,True,10677,25,6,https://mergr.com/company/18503,2026-09-04T01:03:59Z
596,THL,Massachusetts,8367,Warner Chilcott PLC,Life Science,"Ardee, Ireland",2005-01-19,"Buyout (LBO, MBO, MBI)",2013-05-20,Divestiture,8.3,False,635,1,0,https://mergr.com/company/8367,2026-09-04T01:03:59Z
596,THL,Massachusetts,10716,Progressive Moulded Products Ltd.,Automotive,"Vaughan, Ontario, Canada",2004-07-07,Secondary Buyout,2008-06-20,Bankruptcy,3.9,False,,0,0,https://mergr.com/company/10716,2026-09-04T01:03:59Z
596,THL,Massachusetts,23132,Simmons,Consumer Products,"Atlanta, Georgia, United States",2003-11-17,Secondary Buyout,2009-09-25,Shut Down,5.8,False,,0,0,https://mergr.com/company/23132,2026-09-04T01:03:59Z
596,THL,Massachusetts,4653,"Michael Foods, Inc.",Food,"Minnetonka, Minnesota, United States",2003-11-01,Secondary Buyout,2010-05-21,Trade Sale - Public Company,6.5,False,1500,0,0,https://mergr.com/company/4653,2026-09-04T01:03:59Z
596,THL,Massachusetts,18494,Warner Music Group,Media,"New York, New York, United States",2003-11-01,Divestiture,2011-05-06,Divestiture,7.5,False,6707,0,0,https://mergr.com/company/18494,2026-09-04T01:03:59Z
596,THL,Massachusetts,29744,ProSiebenSat.1 Media,Media,"Unterfohring, Germany",2003-08-11,Stake Purchase,2006-12-14,Trade Sale - Public Company,3.3,False,4342,0,0,https://mergr.com/company/29744,2026-09-04T01:03:59Z
596,THL,Massachusetts,31308,a360media,Publishing,"New York, New York, United States",2003-01-01,Stake Purchase,2010-11-01,Bankruptcy,7.8,False,,0,0,https://mergr.com/company/31308,2026-09-04T01:03:59Z
596,THL,Massachusetts,22053,HMH,Education,"Boston, Massachusetts, United States",2002-12-31,"Buyout (LBO, MBO, MBI)",2006-11-30,Trade Sale - Public Company,3.8,False,1031,1,1,https://mergr.com/company/22053,2026-09-04T01:03:59Z
596,THL,Massachusetts,1857,Sompo International,Insurance,"Pembroke, Bermuda",2002-01-03,Venture,2003-02-28,IPO,1.1,False,,1,0,https://mergr.com/company/1857,2026-09-04T01:03:59Z
596,THL,Massachusetts,6072,Axis Capital,Insurance,"Pembroke, Bermuda",2001-11-20,Venture,2003-07-02,IPO,1.6,False,6426,0,0,https://mergr.com/company/6072,2026-09-04T01:03:59Z
596,THL,Massachusetts,21248,"Encoda Systems, Inc.",Software,"Denver, Colorado, United States",2001-06-28,Stake Purchase,2004-11-03,Divestiture,3.3,False,,0,0,https://mergr.com/company/21248,2026-09-04T01:03:59Z
596,THL,Massachusetts,13848,US LEC Corp.,Communications,"Charlotte, North Carolina, United States",2000-04-12,Growth Capital,2006-08-14,Spin Off,6.3,False,,1,0,https://mergr.com/company/13848,2026-09-04T01:03:59Z
596,THL,Massachusetts,123649,United Industries Corp.,Consumer Products,"Earth City, Missouri, United States",1999-01-04,"Buyout (LBO, MBO, MBI)",2005-01-04,Divestiture,6,False,,0,0,https://mergr.com/company/123649,2026-09-04T01:03:59Z
596,THL,Massachusetts,18838,TransWestern Publishing Co. LLC,Publishing,"San Diego, California, United States",1997-10-01,Secondary Buyout,2005-07-21,Divestiture,7.8,False,,0,0,https://mergr.com/company/18838,2026-09-04T01:03:59Z
596,THL,Massachusetts,31842,DecisionOne,Information Technology,"Wayne, Pennsylvania, United States",1997-06-05,"Buyout (LBO, MBO, MBI)",2000-02-01,Bankruptcy,2.6,False,,0,0,https://mergr.com/company/31842,2026-09-04T01:03:59Z
596,THL,Massachusetts,73961,Spectrum Brands,Consumer Products,"Middleton, Wisconsin, United States",1996-08-27,"Buyout (LBO, MBO, MBI)",1997-11-20,IPO,1.2,False,2809,0,0,https://mergr.com/company/73961,2026-09-04T01:03:59Z
596,THL,Massachusetts,23816,LaSalle Re Ltd.,Insurance,"Hamilton, Bermuda",1993-11-01,Stake Purchase,2002-05-17,Divestiture,8.5,False,,0,0,https://mergr.com/company/23816,2026-09-04T01:03:59Z
596,THL,Massachusetts,21324,Panache Broadcasting LP,Media,"Bala Cynwyd, Pennsylvania, United States",1987-01-01,"Buyout (LBO, MBO, MBI)",,,39.7,True,,0,0,https://mergr.com/company/21324,2026-09-04T01:03:59Z
1412,Battery Ventures,Massachusetts,352790,Vetspire,Internet Software and Services,"Austin, Texas, United States",2026-08-13,Growth Capital,,,0,True,,0,0,https://mergr.com/company/352790,2026-09-04T01:03:59Z
1412,Battery Ventures,Massachusetts,310665,Signal AI,Information Technology,"London, United Kingdom",2025-09-24,Growth Capital,,,0.9,True,,1,0,https://mergr.com/company/310665,2026-09-04T01:03:59Z
1412,Battery Ventures,Massachusetts,185293,Enzo,Life Science,"Farmingdale, New York, United States",2025-09-03,Going Private,,,1,True,32,0,0,https://mergr.com/company/185293,2026-09-04T01:03:59Z
1412,Battery Ventures,Massachusetts,206608,RetailNext,Information Technology,"Campbell, California, United States",2025-01-06,Growth Capital,,,1.6,True,,0,0,https://mergr.com/company/206608,2026-09-04T01:03:59Z
1412,Battery Ventures,Massachusetts,252633,QSR Automations,Information Technology,"Louisville, Kentucky, United States",2024-11-01,"Buyout (LBO, MBO, MBI)",2025-06-10,Spin Off,0.6,False,,0,0,https://mergr.com/company/252633,2026-09-04T01:03:59Z
1412,Battery Ventures,Massachusetts,325168,steute,Manufacturing,"Lohne, Germany",2024-05-20,"Buyout (LBO, MBO, MBI)",,,2.3,True,,3,0,https://mergr.com/company/325168,2026-09-04T01:03:59Z
1412,Battery Ventures,Massachusetts,281858,AdaCore,Software,"Paris, France",2024-03-28,Growth Capital,,,2.4,True,,0,0,https://mergr.com/company/281858,2026-09-04T01:03:59Z
1412,Battery Ventures,Massachusetts,322805,TrueContext,Information Technology,"Kanata, Ontario, Canada",2024-03-13,Going Private,,,2.4,True,21,0,0,https://mergr.com/company/322805,2026-09-04T01:03:59Z
1412,Battery Ventures,Massachusetts,326159,ORTEC,Software,"Zoetermeer, Netherlands",2024-01-16,"Buyout (LBO, MBO, MBI)",,,2.6,True,,2,0,https://mergr.com/company/326159,2026-09-04T01:03:59Z
1412,Battery Ventures,Massachusetts,345487,Reliability Won,Machinery,"Edmonton, Alberta, Canada",2024-01-01,Growth Capital,,,2.7,True,,1,0,https://mergr.com/company/345487,2026-09-04T01:03:59Z
1412,Battery Ventures,Massachusetts,348401,B&L Information Systems,Internet Software and Services,"Bridgman, Michigan, United States",2024-01-01,"Buyout (LBO, MBO, MBI)",,,2.7,True,,0,0,https://mergr.com/company/348401,2026-09-04T01:03:59Z
1412,Battery Ventures,Massachusetts,348414,Miter,Software,"San Francisco, California, United States",2024-01-01,Growth Capital,,,2.7,True,,0,0,https://mergr.com/company/348414,2026-09-04T01:03:59Z
1412,Battery Ventures,Massachusetts,317575,Skalar Analytical,Machinery,"Breda, Netherlands",2023-09-28,"Buyout (LBO, MBO, MBI)",,,2.9,True,,0,0,https://mergr.com/company/317575,2026-09-04T01:03:59Z
1412,Battery Ventures,Massachusetts,317220,CodeSecure,Software,"Bethesda, Maryland, United States",2023-09-05,Divestiture,,,2.9,True,,0,0,https://mergr.com/company/317220,2026-09-04T01:03:59Z
1412,Battery Ventures,Massachusetts,326208,Weaviate,Internet Software and Services,"Amsterdam, Netherlands",2023-04-21,Growth Capital,,,3.3,True,,0,0,https://mergr.com/company/326208,2026-09-04T01:03:59Z
1412,Battery Ventures,Massachusetts,344576,Velaris,Test/Measurement Equipment,"Breda, Netherlands",2023-03-08,"Buyout (LBO, MBO, MBI)",,,3.4,True,,3,0,https://mergr.com/company/344576,2026-09-04T01:03:59Z
1412,Battery Ventures,Massachusetts,326103,AscendantFX,Information Technology,"Toronto, Ontario, Canada",2023-01-19,Growth Capital,,,3.6,True,,1,0,https://mergr.com/company/326103,2026-09-04T01:03:59Z
1412,Battery Ventures,Massachusetts,326175,Shiftmove,Software,"Berlin, Germany",2023-01-01,"Buyout (LBO, MBO, MBI)",,,3.7,True,,1,0,https://mergr.com/company/326175,2026-09-04T01:03:59Z
1412,Battery Ventures,Massachusetts,324003,Proemion,Information Technology,"Fulda, Germany",2022-10-24,Growth Capital,,,3.8,True,,1,0,https://mergr.com/company/324003,2026-09-04T01:03:59Z
1412,Battery Ventures,Massachusetts,326189,Cenevo,Software,"London, United Kingdom",2022-06-22,"Buyout (LBO, MBO, MBI)",,,4.2,True,,1,0,https://mergr.com/company/326189,2026-09-04T01:03:59Z
1412,Battery Ventures,Massachusetts,298641,ResourceWise,Information Services,"Charlotte, North Carolina, United States",2022-04-04,"Buyout (LBO, MBO, MBI)",,,4.4,True,,4,0,https://mergr.com/company/298641,2026-09-04T01:03:59Z
1412,Battery Ventures,Massachusetts,188616,MadCap Software,Software,"Denver, Colorado, United States",2022-01-11,Growth Capital,,,4.6,True,,2,0,https://mergr.com/company/188616,2026-09-04T01:03:59Z
1412,Battery Ventures,Massachusetts,348361,Vercore,Information Technology,"Fulda, Germany",2022-01-01,"Buyout (LBO, MBO, MBI)",,,4.7,True,,0,0,https://mergr.com/company/348361,2026-09-04T01:03:59Z
1412,Battery Ventures,Massachusetts,293520,LI-COR,Test/Measurement Equipment,"Lincoln, Nebraska, United States",2021-12-08,"Buyout (LBO, MBO, MBI)",2022-12-20,Divestiture,1,False,,0,0,https://mergr.com/company/293520,2026-09-04T01:03:59Z
1412,Battery Ventures,Massachusetts,337959,LICORbio,Life Science,"Lincoln, Nebraska, United States",2021-12-08,"Buyout (LBO, MBO, MBI)",,,4.7,True,,1,0,https://mergr.com/company/337959,2026-09-04T01:03:59Z
1412,Battery Ventures,Massachusetts,326107,Craftview,Software,"Frankfurt, Germany",2021-12-07,Consolidation,,,4.7,True,,1,0,https://mergr.com/company/326107,2026-09-04T01:03:59Z
1412,Battery Ventures,Massachusetts,187205,Goodfellow,Distribution,"Huntingdon, United Kingdom",2021-09-14,"Buyout (LBO, MBO, MBI)",,,4.9,True,,0,0,https://mergr.com/company/187205,2026-09-04T01:03:59Z
1412,Battery Ventures,Massachusetts,348391,ifp-labs,Test/Measurement Equipment,"Berlin, Germany",2021-09-13,"Buyout (LBO, MBO, MBI)",,,4.9,True,,0,0,https://mergr.com/company/348391,2026-09-04T01:03:59Z
1412,Battery Ventures,Massachusetts,290112,Institute for Product Quality,Test/Measurement Equipment,"Berlin, Germany",2021-09-08,"Buyout (LBO, MBO, MBI)",,,4.9,True,,0,0,https://mergr.com/company/290112,2026-09-04T01:03:59Z
1412,Battery Ventures,Massachusetts,310607,Hyperexponential,Software,"London, United Kingdom",2021-06-30,Venture,,,5.2,True,,0,0,https://mergr.com/company/310607,2026-09-04T01:03:59Z
1412,Battery Ventures,Massachusetts,348404,Axiometrix Solutions,Test/Measurement Equipment,"Beaverton, Oregon, United States",2021-06-16,Consolidation,,,5.2,True,,3,0,https://mergr.com/company/348404,2026-09-04T01:03:59Z
1412,Battery Ventures,Massachusetts,269938,Chargify,Information Technology,"San Antonio, Texas, United States",2021-04-21,Growth Capital,2022-04-13,Spin Off,0.9,False,,0,0,https://mergr.com/company/269938,2026-09-04T01:03:59Z
1412,Battery Ventures,Massachusetts,284397,Maxio,Internet Software and Services,"Peachtree Corners, Georgia, United States",2021-04-21,Secondary Buyout,,,5.3,True,,1,0,https://mergr.com/company/284397,2026-09-04T01:03:59Z
1412,Battery Ventures,Massachusetts,326176,Shippeo,Information Technology,"Paris, France",2021-01-14,Growth Capital,,,5.6,True,,0,0,https://mergr.com/company/326176,2026-09-04T01:03:59Z
1412,Battery Ventures,Massachusetts,326099,AnalytiChem,Chemicals,"Eschborn, Germany",2021-01-01,"Buyout (LBO, MBO, MBI)",,,5.7,True,,0,0,https://mergr.com/company/326099,2026-09-04T01:03:59Z
1412,Battery Ventures,Massachusetts,295028,ContinuumCloud,Internet Software and Services,"Tampa, Florida, United States",2021-01-01,"Buyout (LBO, MBO, MBI)",,,5.7,True,,0,0,https://mergr.com/company/295028,2026-09-04T01:03:59Z
1412,Battery Ventures,Massachusetts,326113,DomainTools,Information Technology,"Seattle, Washington, United States",2020-12-03,Growth Capital,,,5.8,True,,0,0,https://mergr.com/company/326113,2026-09-04T01:03:59Z
1412,Battery Ventures,Massachusetts,278028,StoneEagle F&I,Software,"Richardson, Texas, United States",2020-11-09,Growth Capital,,,5.8,True,,0,1,https://mergr.com/company/278028,2026-09-04T01:03:59Z
1412,Battery Ventures,Massachusetts,287265,Cambrio,Software,"Cincinnati, Ohio, United States",2020-11-03,Consolidation,2021-07-01,Divestiture,0.6,False,,1,0,https://mergr.com/company/287265,2026-09-04T01:03:59Z
1412,Battery Ventures,Massachusetts,277086,Next Insurance,Insurance,"Palo Alto, California, United States",2020-09-23,Venture,,,5.9,True,,1,0,https://mergr.com/company/277086,2026-09-04T01:03:59Z
1412,Battery Ventures,Massachusetts,269959,WinWorker,Software,"Goch, Germany",2020-03-06,"Buyout (LBO, MBO, MBI)",2021-12-07,Divestiture,1.8,False,,0,0,https://mergr.com/company/269959,2026-09-04T01:03:59Z
1412,Battery Ventures,Massachusetts,278563,Tech Soft 3D,Software,"Bend, Oregon, United States",2020-02-20,Growth Capital,,,6.5,True,,3,0,https://mergr.com/company/278563,2026-09-04T01:03:59Z
1412,Battery Ventures,Massachusetts,263417,Forest2Market,Information Technology,"Charlotte, North Carolina, United States",2019-08-13,"Buyout (LBO, MBO, MBI)",2022-04-04,Divestiture,2.6,False,,0,0,https://mergr.com/company/263417,2026-09-04T01:03:59Z
1412,Battery Ventures,Massachusetts,263418,Fisher International,Information Technology,"South Norwalk, Connecticut, United States",2019-08-13,"Buyout (LBO, MBO, MBI)",2022-04-04,Divestiture,2.6,False,,0,0,https://mergr.com/company/263418,2026-09-04T01:03:59Z
1412,Battery Ventures,Massachusetts,262476,1worldsync,Internet Software and Services,"Chicago, Illinois, United States",2019-07-10,"Buyout (LBO, MBO, MBI)",2025-09-03,Divestiture,6.1,False,,6,0,https://mergr.com/company/262476,2026-09-04T01:03:59Z
1412,Battery Ventures,Massachusetts,262427,VertiGIS,Software,"London, United Kingdom",2019-05-01,Consolidation,,,7.3,True,,5,0,https://mergr.com/company/262427,2026-09-04T01:03:59Z
1412,Battery Ventures,Massachusetts,257994,Guardsquare,Software,"Leuven, Belgium",2019-01-30,Growth Capital,2025-07-03,Trade Sale - Public Company,6.4,False,,1,0,https://mergr.com/company/257994,2026-09-04T01:03:59Z
1412,Battery Ventures,Massachusetts,348413,Robotiq,Software,"Levis, Quebec, Canada",2018-12-11,Growth Capital,,,7.7,True,,0,0,https://mergr.com/company/348413,2026-09-04T01:03:59Z
1412,Battery Ventures,Massachusetts,2135,Audio Precision,Test/Measurement Equipment,"Beaverton, Oregon, United States",2018-11-05,Secondary Buyout,2021-06-16,Spin Off,2.6,False,,0,0,https://mergr.com/company/2135,2026-09-04T01:03:59Z
1412,Battery Ventures,Massachusetts,255297,SigmaTEK Systems,Software,"Cincinnati, Ohio, United States",2018-10-23,"Buyout (LBO, MBO, MBI)",2020-11-03,Divestiture,2,False,,1,0,https://mergr.com/company/255297,2026-09-04T01:03:59Z
1412,Battery Ventures,Massachusetts,254520,SPT Labtech,Test/Measurement Equipment,"Melbourn, United Kingdom",2018-09-27,Divestiture,2022-06-22,Trade Sale - Public Company,3.7,False,,3,0,https://mergr.com/company/254520,2026-09-04T01:03:59Z
1412,Battery Ventures,Massachusetts,251231,Learnosity,Internet Software and Services,"Dublin, Ireland",2018-05-30,Growth Capital,2025-01-16,Trade Sale - Public Company,6.6,False,,1,0,https://mergr.com/company/251231,2026-09-04T01:03:59Z
1412,Battery Ventures,Massachusetts,249256,Plixer,Information Technology,"Kennebunk, Michigan, United States",2018-03-08,"Buyout (LBO, MBO, MBI)",,,8.4,True,,1,0,https://mergr.com/company/249256,2026-09-04T01:03:59Z
1412,Battery Ventures,Massachusetts,248541,Curve Dental,Internet Software and Services,"Alpharetta, Georgia, United States",2018-02-08,Growth Capital,,,8.5,True,,0,0,https://mergr.com/company/248541,2026-09-04T01:03:59Z
1412,Battery Ventures,Massachusetts,49189,PageUp,Internet Software and Services,"Melbourne, Australia",2018-01-03,Secondary Buyout,2024-10-31,Trade Sale - Public Company,6.8,False,,1,0,https://mergr.com/company/49189,2026-09-04T01:03:59Z
1412,Battery Ventures,Massachusetts,260897,LightBox,Information Technology,"New York, New York, United States",2018-01-01,Consolidation,,,8.7,True,,7,0,https://mergr.com/company/260897,2026-09-04T01:03:59Z
1412,Battery Ventures,Massachusetts,348409,GRAS Sound & Vibration,Electronics,"Holte, Denmark",2018-01-01,"Buyout (LBO, MBO, MBI)",2021-06-16,Spin Off,3.4,False,,0,0,https://mergr.com/company/348409,2026-09-04T01:03:59Z
1412,Battery Ventures,Massachusetts,242618,Braze,Internet Software and Services,"New York, New York, United States",2017-08-09,Venture,2021-11-17,IPO,4.3,False,593,0,0,https://mergr.com/company/242618,2026-09-04T01:03:59Z
1412,Battery Ventures,Massachusetts,141913,Newforma,Software,"Manchester, New Hampshire, United States",2017-08-01,"Buyout (LBO, MBO, MBI)",2023-04-03,Trade Sale - Public Company,5.7,False,,2,0,https://mergr.com/company/141913,2026-09-04T01:03:59Z
1412,Battery Ventures,Massachusetts,242009,AED-SICAD Aktiengesellschaft,Software,"Bonn, Germany",2017-07-25,"Buyout (LBO, MBO, MBI)",2019-05-01,Spin Off,1.8,False,,2,0,https://mergr.com/company/242009,2026-09-04T01:03:59Z
1412,Battery Ventures,Massachusetts,240117,StreamSets,Software,"San Francisco, California, United States",2017-05-31,Venture,2022-02-28,Divestiture,4.7,False,,0,0,https://mergr.com/company/240117,2026-09-04T01:03:59Z
1412,Battery Ventures,Massachusetts,239487,Concurrent Real-Time,Software,"Pompano Beach, Florida, United States",2017-05-15,Divestiture,2021-04-01,Divestiture,3.8,False,33,0,0,https://mergr.com/company/239487,2026-09-04T01:03:59Z
1412,Battery Ventures,Massachusetts,241547,PST,Test/Measurement Equipment,"Ely, United Kingdom",2017-01-01,"Buyout (LBO, MBO, MBI)",2024-11-21,Divestiture,7.8,False,,7,0,https://mergr.com/company/241547,2026-09-04T01:03:59Z
1412,Battery Ventures,Massachusetts,286980,Cross River Bank,Internet Software and Services,"Fort Lee, New Jersey, United States",2016-11-01,Growth Capital,,,9.8,True,,2,0,https://mergr.com/company/286980,2026-09-04T01:03:59Z
1412,Battery Ventures,Massachusetts,243799,Clubessential,Information Technology,"Cincinnati, Ohio, United States",2016-07-21,Growth Capital,2025-09-16,Spin Off,9.1,False,,9,0,https://mergr.com/company/243799,2026-09-04T01:03:59Z
1412,Battery Ventures,Massachusetts,82477,Alogent,Internet Software and Services,"Peachtree Corners, Georgia, United States",2016-04-19,Divestiture,,,10.3,True,,3,0,https://mergr.com/company/82477,2026-09-04T01:03:59Z
1412,Battery Ventures,Massachusetts,278561,CrunchTime,Software,"Boston, Massachusetts, United States",2015-10-01,Growth Capital,,,10.9,True,,2,0,https://mergr.com/company/278561,2026-09-04T01:03:59Z
1412,Battery Ventures,Massachusetts,256942,Qognify,Information Technology,"London, United Kingdom",2015-08-03,Divestiture,2022-12-19,Divestiture,7.3,False,,1,0,https://mergr.com/company/256942,2026-09-04T01:03:59Z
1412,Battery Ventures,Massachusetts,183436,PrimeRevenue,Financial Services,"Atlanta, Georgia, United States",2015-04-14,Growth Capital,,,11.3,True,,0,0,https://mergr.com/company/183436,2026-09-04T01:03:59Z
1412,Battery Ventures,Massachusetts,176396,"Enviance, Inc.",Internet Software and Services,"Carlsbad, California, United States",2015-02-06,"Buyout (LBO, MBO, MBI)",2020-01-22,Divestiture,4.9,False,,2,0,https://mergr.com/company/176396,2026-09-04T01:03:59Z
1412,Battery Ventures,Massachusetts,278560,NVT Group,Test/Measurement Equipment,"Burlington, Washington, United States",2015-01-01,Consolidation,,,11.7,True,,1,0,https://mergr.com/company/278560,2026-09-04T01:03:59Z
1412,Battery Ventures,Massachusetts,124061,Quinyx,Internet Software and Services,"Stockholm, Sweden",2014-08-15,Growth Capital,,,12,True,,2,0,https://mergr.com/company/124061,2026-09-04T01:03:59Z
1412,Battery Ventures,Massachusetts,15754,Avalara,Internet Software and Services,"Durham, North Carolina, United States",2014-02-12,Growth Capital,2018-06-15,IPO,4.3,False,699,3,0,https://mergr.com/company/15754,2026-09-04T01:03:59Z
1412,Battery Ventures,Massachusetts,80441,Data Physics Corp.,Test/Measurement Equipment,"San Jose, California, United States",2014-02-10,"Buyout (LBO, MBO, MBI)",2015-01-01,Spin Off,0.8,False,,0,0,https://mergr.com/company/80441,2026-09-04T01:03:59Z
1412,Battery Ventures,Massachusetts,28895,WebPT,Information Technology,"Phoenix, Arizona, United States",2014-01-01,Growth Capital,2019-08-27,Trade Sale - Public Company,5.6,False,,2,0,https://mergr.com/company/28895,2026-09-04T01:03:59Z
1412,Battery Ventures,Massachusetts,254318,PPT Holdings,Test/Measurement Equipment,"Halifax, United Kingdom",2014-01-01,Consolidation,2025-03-06,Trade Sale - Public Company,11.2,False,,2,0,https://mergr.com/company/254318,2026-09-04T01:03:59Z
1412,Battery Ventures,Massachusetts,68142,"Practice Fusion, Inc.",Internet Software and Services,"San Francisco, California, United States",2013-09-24,Venture,2018-01-08,Divestiture,4.3,False,,0,0,https://mergr.com/company/68142,2026-09-04T01:03:59Z
1412,Battery Ventures,Massachusetts,80405,Blue Jeans Network,Information Technology,"Mountain View, California, United States",2013-09-18,Growth Capital,2020-04-16,Divestiture,6.5,False,,0,0,https://mergr.com/company/80405,2026-09-04T01:03:59Z
1412,Battery Ventures,Massachusetts,68150,Scodix,Technology Hardware,"Rosh Haayin, Israel",2013-07-28,Growth Capital,2021-07-22,IPO,7.9,False,32,0,0,https://mergr.com/company/68150,2026-09-04T01:03:59Z
1412,Battery Ventures,Massachusetts,80453,Trust International Hotel Reservation Services GmbH,Information Technology,"Frankfurt, Germany",2013-07-17,Secondary Buyout,2015-11-24,Divestiture,2.3,False,,1,0,https://mergr.com/company/80453,2026-09-04T01:03:59Z
1412,Battery Ventures,Massachusetts,96009,Gainsight,Software,"San Francisco, California, United States",2013-04-17,Venture,2020-11-30,Trade Sale - Public Company,7.6,False,,0,0,https://mergr.com/company/96009,2026-09-04T01:03:59Z
1412,Battery Ventures,Massachusetts,218361,Smartling,Information Technology,"New York City, New York, United States",2012-12-02,Growth Capital,,,13.8,True,,2,0,https://mergr.com/company/218361,2026-09-04T01:03:59Z
1412,Battery Ventures,Massachusetts,32575,Delphix,Software,"Redwood City, California, United States",2012-06-06,Venture,2024-02-14,Divestiture,11.7,False,,1,0,https://mergr.com/company/32575,2026-09-04T01:03:59Z
1412,Battery Ventures,Massachusetts,32723,Jeeves Information Systems AB,Software,"Stockholm, Sweden",2012-06-04,Going Private,,,14.3,True,,1,0,https://mergr.com/company/32723,2026-09-04T01:03:59Z
1412,Battery Ventures,Massachusetts,80509,Mass Relevance,Internet Software and Services,"Austin, Texas, United States",2012-05-16,Venture,2014-04-02,Divestiture,1.8,False,,0,0,https://mergr.com/company/80509,2026-09-04T01:03:59Z
1412,Battery Ventures,Massachusetts,32725,SingleHop LLC,Information Technology,"Chicago, Illinois, United States",2012-04-25,Growth Capital,2018-01-29,Divestiture,5.8,False,,2,0,https://mergr.com/company/32725,2026-09-04T01:03:59Z
1412,Battery Ventures,Massachusetts,186448,Collibra,Internet Software and Services,"Brussels, United States",2012-04-17,Venture,,,14.3,True,,3,0,https://mergr.com/company/186448,2026-09-04T01:03:59Z
1412,Battery Ventures,Massachusetts,80449,Enverus,Information Services,"Austin, Texas, United States",2012-03-05,Secondary Buyout,2018-06-19,Trade Sale - Public Company,6.3,False,,7,0,https://mergr.com/company/80449,2026-09-04T01:03:59Z
1412,Battery Ventures,Massachusetts,80457,IDI Direct Insurance,Insurance,"Tikva, Israel",2012-02-19,Stake Purchase,,,14.5,True,,0,0,https://mergr.com/company/80457,2026-09-04T01:03:59Z
1412,Battery Ventures,Massachusetts,32724,"Neolane, Inc.",Software,"Newton, Massachusetts, United States",2012-01-09,Growth Capital,2013-07-23,Divestiture,1.5,False,,0,0,https://mergr.com/company/32724,2026-09-04T01:03:59Z
1412,Battery Ventures,Massachusetts,240473,Forterro,Software,"London, United Kingdom",2012-01-01,"Buyout (LBO, MBO, MBI)",2022-03-01,Trade Sale - Public Company,10.2,False,,5,0,https://mergr.com/company/240473,2026-09-04T01:03:59Z
1412,Battery Ventures,Massachusetts,80505,"Marketo, Inc.",Internet Software and Services,"San Mateo, California, United States",2011-11-16,Growth Capital,2013-05-17,IPO,1.5,False,209,1,0,https://mergr.com/company/80505,2026-09-04T01:03:59Z
1412,Battery Ventures,Massachusetts,28076,Serena & Lily,Furniture,"Sausalito, California, United States",2011-11-11,Secondary Buyout,,,14.8,True,,0,0,https://mergr.com/company/28076,2026-09-04T01:03:59Z
1412,Battery Ventures,Massachusetts,80501,"Kontagent, Inc.",Internet Software and Services,"San Francisco, California, United States",2011-11-10,Venture,2013-12-13,Divestiture,2.1,False,,0,0,https://mergr.com/company/80501,2026-09-04T01:03:59Z
1412,Battery Ventures,Massachusetts,32722,Gas Measurement Instruments Ltd.,Test/Measurement Equipment,"Renfrew, United Kingdom",2011-08-03,"Buyout (LBO, MBO, MBI)",,,15.1,True,,0,0,https://mergr.com/company/32722,2026-09-04T01:03:59Z
1412,Battery Ventures,Massachusetts,32196,Wayfair,E-Commerce,"Boston, Massachusetts, United States",2011-06-22,Growth Capital,2014-10-01,IPO,3.3,False,12457,2,0,https://mergr.com/company/32196,2026-09-04T01:03:59Z
1412,Battery Ventures,Massachusetts,26339,Champions Oncology,Life Science,"Hackensack, New Jersey, United States",2011-04-04,PIPE,,,15.4,True,57,0,0,https://mergr.com/company/26339,2026-09-04T01:03:59Z
1412,Battery Ventures,Massachusetts,164921,Industrial Safety Technologies LLC,Safety/Security,"Woodlands, Texas, United States",2011-01-01,Consolidation,2014-12-10,Divestiture,3.9,False,,3,0,https://mergr.com/company/164921,2026-09-04T01:03:59Z
1412,Battery Ventures,Massachusetts,26340,Data Innovations LLC,Software,"South Burlington, Vermont, United States",2010-10-12,"Buyout (LBO, MBO, MBI)",2015-02-05,Divestiture,4.3,False,,0,0,https://mergr.com/company/26340,2026-09-04T01:03:59Z
1412,Battery Ventures,Massachusetts,26344,Vero Software,Software,"Cheltenham, United Kingdom",2010-07-01,Going Private,2014-07-21,Divestiture,4,False,,0,0,https://mergr.com/company/26344,2026-09-04T01:03:59Z
706,Bain Capital Private Equity,Massachusetts,263755,Gong Cha,Beverages,"Kaohsiung City, Taiwan",2026-08-05,Secondary Buyout,,,0,True,,0,0,https://mergr.com/company/263755,2026-09-04T01:03:59Z
706,Bain Capital Private Equity,Massachusetts,352304,Eaton Fiber,Communications,"New York, New York, United States",2026-07-29,Growth Capital,,,0.1,True,,1,0,https://mergr.com/company/352304,2026-09-04T01:03:59Z
706,Bain Capital Private Equity,Massachusetts,352004,Vitabiotics,Consumer Products,"London, United Kingdom",2026-07-24,"Buyout (LBO, MBO, MBI)",,,0.1,True,,0,0,https://mergr.com/company/352004,2026-09-04T01:03:59Z
706,Bain Capital Private Equity,Massachusetts,351763,SupplyOn,Information Technology,"Hallbergmoos, Germany",2026-07-20,"Buyout (LBO, MBO, MBI)",,,0.1,True,,0,0,https://mergr.com/company/351763,2026-09-04T01:03:59Z
706,Bain Capital Private Equity,Massachusetts,350812,Everllence,Business Services,"Augsburg, United States",2026-06-25,Divestiture,,,0.2,True,,0,0,https://mergr.com/company/350812,2026-09-04T01:03:59Z
706,Bain Capital Private Equity,Massachusetts,175949,FDH Aero,Aerospace,"Commerce, California, United States",2026-06-08,Secondary Buyout,,,0.2,True,,1,0,https://mergr.com/company/175949,2026-09-04T01:03:59Z
706,Bain Capital Private Equity,Massachusetts,347933,Positec Tool,Manufacturing,"Charlotte, North Carolina, United States",2026-04-10,Growth Capital,,,0.3,True,,0,0,https://mergr.com/company/347933,2026-09-04T01:03:59Z
706,Bain Capital Private Equity,Massachusetts,347245,Madison Fire & Rescue,Safety/Security,"Oak Brook, Illinois, United States",2026-03-19,Secondary Buyout,,,0.4,True,,0,0,https://mergr.com/company/347245,2026-09-04T01:03:59Z
706,Bain Capital Private Equity,Massachusetts,349618,Perpetual Wealth Management,Financial Services,Australia,2026-03-16,"Buyout (LBO, MBO, MBI)",,,0.4,True,,0,0,https://mergr.com/company/349618,2026-09-04T01:03:59Z
706,Bain Capital Private Equity,Massachusetts,346614,Tingstad,Distribution,"Göteborg, Sweden",2026-03-02,"Buyout (LBO, MBO, MBI)",,,0.5,True,,0,0,https://mergr.com/company/346614,2026-09-04T01:03:59Z
706,Bain Capital Private Equity,Massachusetts,281318,FineToday,Consumer Products,"Tokyo, Japan",2026-02-02,Secondary Buyout,,,0.6,True,,0,0,https://mergr.com/company/281318,2026-09-04T01:03:59Z
706,Bain Capital Private Equity,Massachusetts,294898,APP Jet Center,Aerospace,"Ft. Pierce, Florida, United States",2026-01-27,Secondary Buyout,,,0.6,True,,0,0,https://mergr.com/company/294898,2026-09-04T01:03:59Z
706,Bain Capital Private Equity,Massachusetts,349198,Eco Marketing,Marketing,"Seoul, South Korea",2026-01-01,Going Private,,,0.7,True,381,0,0,https://mergr.com/company/349198,2026-09-04T01:03:59Z
706,Bain Capital Private Equity,Massachusetts,18646,Service Logic,Business Services,"Charlotte, North Carolina, United States",2025-12-16,Secondary Buyout,,,0.7,True,,2,0,https://mergr.com/company/18646,2026-09-04T01:03:59Z
706,Bain Capital Private Equity,Massachusetts,301431,Concert Golf Partners,Leisure,"Lake Mary, Florida, United States",2025-11-17,Stake Purchase,,,0.8,True,,0,0,https://mergr.com/company/301431,2026-09-04T01:03:59Z
706,Bain Capital Private Equity,Massachusetts,340011,Jamco,Aerospace,"Tokyo, Japan",2025-10-01,Stake Purchase,,,0.9,True,,0,0,https://mergr.com/company/340011,2026-09-04T01:03:59Z
706,Bain Capital Private Equity,Massachusetts,250871,Jensten Group,Insurance,"Huntingdon, United Kingdom",2025-09-01,Secondary Buyout,,,1,True,,0,0,https://mergr.com/company/250871,2026-09-04T01:03:59Z
706,Bain Capital Private Equity,Massachusetts,280796,HSO,Information Technology,"Amsterdam, Netherlands",2025-08-13,Secondary Buyout,,,1,True,,0,0,https://mergr.com/company/280796,2026-09-04T01:03:59Z
706,Bain Capital Private Equity,Massachusetts,7988,Sizzling Platter,Restaurants,"Murray, Utah, United States",2025-07-02,Secondary Buyout,,,1.2,True,,0,0,https://mergr.com/company/7988,2026-09-04T01:03:59Z
706,Bain Capital Private Equity,Massachusetts,270030,HealthEdge,Information Technology,"Burlington, Massachusetts, United States",2025-04-08,Secondary Buyout,,,1.3,True,,0,0,https://mergr.com/company/270030,2026-09-04T01:03:59Z
706,Bain Capital Private Equity,Massachusetts,335163,Foretagsparken,Real Estate,"Stockholm, Sweden",2025-03-27,Growth Capital,,,1.4,True,,0,0,https://mergr.com/company/335163,2026-09-04T01:03:59Z
706,Bain Capital Private Equity,Massachusetts,215599,Namirial,Software,"Senigallia, Italy",2025-03-26,Secondary Buyout,,,1.4,True,,1,0,https://mergr.com/company/215599,2026-09-04T01:03:59Z
706,Bain Capital Private Equity,Massachusetts,349149,York Holdings,Retail,"Tokyo , Japan",2025-03-06,Divestiture,,,1.4,True,,0,0,https://mergr.com/company/349149,2026-09-04T01:03:59Z
706,Bain Capital Private Equity,Massachusetts,30426,SelectQuote,Insurance,"Overland Park, Kansas, United States",2025-03-03,PIPE,,,1.5,True,1527,0,0,https://mergr.com/company/30426,2026-09-04T01:03:59Z
706,Bain Capital Private Equity,Massachusetts,278952,Apleona,Real Estate,"Neu-Isenburg, Germany",2025-02-14,Secondary Buyout,,,1.5,True,,0,0,https://mergr.com/company/278952,2026-09-04T01:03:59Z
706,Bain Capital Private Equity,Massachusetts,160285,Tanabe Pharma,Life Science,"Osaka, Japan",2025-02-07,Divestiture,,,1.5,True,3516,0,1,https://mergr.com/company/160285,2026-09-04T01:03:59Z
706,Bain Capital Private Equity,Massachusetts,90169,Milacron,Plastics,"Batavia, Ohio, United States",2025-02-05,Divestiture,,,1.5,True,1258,0,0,https://mergr.com/company/90169,2026-09-04T01:03:59Z
706,Bain Capital Private Equity,Massachusetts,275745,Frontline Road Safety Group,Construction,"Denver, Colorado, United States",2025-01-30,Secondary Buyout,,,1.6,True,,5,0,https://mergr.com/company/275745,2026-09-04T01:03:59Z
706,Bain Capital Private Equity,Massachusetts,332938,Dhoot Transmission Group,Electrical Equipment,"Aurangabad, India",2025-01-16,Growth Capital,,,1.6,True,,0,0,https://mergr.com/company/332938,2026-09-04T01:03:59Z
706,Bain Capital Private Equity,Massachusetts,349194,RSB Global,Automotive,"Pune, India",2024-09-17,Growth Capital,,,1.9,True,,0,0,https://mergr.com/company/349194,2026-09-04T01:03:59Z
706,Bain Capital Private Equity,Massachusetts,195479,Somacis,Semiconductors,"Milan, Italy",2024-08-07,Secondary Buyout,,,2,True,,0,0,https://mergr.com/company/195479,2026-09-04T01:03:59Z
706,Bain Capital Private Equity,Massachusetts,248220,Bugaboo,Consumer Products,"Amsterdam, Netherlands",2024-07-22,Secondary Buyout,2024-07-22,Trade Sale - Public Company,0,False,,0,0,https://mergr.com/company/248220,2026-09-04T01:03:59Z
706,Bain Capital Private Equity,Massachusetts,40569,Envestnet,Software,"Berwyn, Pennsylvania, United States",2024-07-11,Going Private,,,2.1,True,1246,0,1,https://mergr.com/company/40569,2026-09-04T01:03:59Z
706,Bain Capital Private Equity,Massachusetts,326873,Archwest Capital,Financial Services,"Irvine, California, United States",2024-07-08,Growth Capital,,,2.1,True,,0,0,https://mergr.com/company/326873,2026-09-04T01:03:59Z
706,Bain Capital Private Equity,Massachusetts,105205,PowerSchool,Internet Software and Services,"Folsom, California, United States",2024-06-07,Going Private,,,2.2,True,698,0,0,https://mergr.com/company/105205,2026-09-04T01:03:59Z
706,Bain Capital Private Equity,Massachusetts,227668,Sikich,Business Services,"Chicago, Illinois, United States",2024-05-09,Growth Capital,,,2.3,True,,2,0,https://mergr.com/company/227668,2026-09-04T01:03:59Z
706,Bain Capital Private Equity,Massachusetts,323209,Emerald Bay Risk Solutions,Insurance,"Morristown, New Jersey, United States",2024-03-28,Growth Capital,,,2.4,True,,1,0,https://mergr.com/company/323209,2026-09-04T01:03:59Z
706,Bain Capital Private Equity,Massachusetts,290395,Ryze Claim Solutions,Insurance,"Tampa, Florida, United States",2024-02-12,Recapitalization,,,2.5,True,,1,0,https://mergr.com/company/290395,2026-09-04T01:03:59Z
706,Bain Capital Private Equity,Massachusetts,320115,GuideOne,Insurance,"West Des Moines, Iowa, United States",2023-12-20,Growth Capital,,,2.7,True,,0,0,https://mergr.com/company/320115,2026-09-04T01:03:59Z
706,Bain Capital Private Equity,Massachusetts,272105,Eleda,Engineering,"Stockholm, Sweden",2023-12-13,Secondary Buyout,,,2.7,True,1065,0,0,https://mergr.com/company/272105,2026-09-04T01:03:59Z
706,Bain Capital Private Equity,Massachusetts,186733,BREXA,Business Services,"Tokyo, Japan",2023-12-08,Going Private,,,2.7,True,4712,0,0,https://mergr.com/company/186733,2026-09-04T01:03:59Z
706,Bain Capital Private Equity,Massachusetts,248567,Guidehouse,Business Services,"McLean, Virginia, United States",2023-11-06,Secondary Buyout,,,2.8,True,,0,0,https://mergr.com/company/248567,2026-09-04T01:03:59Z
706,Bain Capital Private Equity,Massachusetts,269819,Harrington,Distribution,"Chino, California, United States",2023-09-07,Secondary Buyout,,,2.9,True,,2,0,https://mergr.com/company/269819,2026-09-04T01:03:59Z
706,Bain Capital Private Equity,Massachusetts,11149,Fogo de Chao,Restaurants,"Dallas, Texas, United States",2023-08-15,Secondary Buyout,,,3,True,,0,0,https://mergr.com/company/11149,2026-09-04T01:03:59Z
706,Bain Capital Private Equity,Massachusetts,277197,Chindata Group Holdings,Information Technology,"Beijing, China",2023-08-11,Going Private,,,3,True,714,0,0,https://mergr.com/company/277197,2026-09-04T01:03:59Z
706,Bain Capital Private Equity,Massachusetts,204182,Estia Health,Healthcare Services,"Sydney, Australia",2023-08-06,Going Private,2026-05-27,Trade Sale - Public Company,2.8,False,453,0,0,https://mergr.com/company/204182,2026-09-04T01:03:59Z
706,Bain Capital Private Equity,Massachusetts,349288,Fabbrica Italiana Sintetici,Life Science,"Vicenza, Italy",2023-07-07,"Buyout (LBO, MBO, MBI)",,,3.1,True,,0,0,https://mergr.com/company/349288,2026-09-04T01:03:59Z
706,Bain Capital Private Equity,Massachusetts,314184,Novopor,Chemicals,"Hyderabad, India",2023-06-08,"Buyout (LBO, MBO, MBI)",,,3.2,True,,0,0,https://mergr.com/company/314184,2026-09-04T01:03:59Z
706,Bain Capital Private Equity,Massachusetts,296788,EcoCeres,Environmental,"Hong Kong, China",2023-01-12,Secondary Buyout,,,3.6,True,,0,0,https://mergr.com/company/296788,2026-09-04T01:03:59Z
706,Bain Capital Private Equity,Massachusetts,241529,Pronovias,Apparel/Textiles,"Barcelona, Spain",2022-12-20,Secondary Buyout,,,3.7,True,,0,0,https://mergr.com/company/241529,2026-09-04T01:03:59Z
706,Bain Capital Private Equity,Massachusetts,308670,Mash Group,Consumer Products,"Tokyo, Japan",2022-11-15,"Buyout (LBO, MBO, MBI)",,,3.8,True,,0,0,https://mergr.com/company/308670,2026-09-04T01:03:59Z
706,Bain Capital Private Equity,Massachusetts,336371,Power Home Remodeling,Construction,"Chester, Pennsylvania, United States",2022-09-09,"Buyout (LBO, MBO, MBI)",,,3.9,True,,0,0,https://mergr.com/company/336371,2026-09-04T01:03:59Z
706,Bain Capital Private Equity,Massachusetts,304168,Evident,Medical Products,"Tokyo, Japan",2022-08-29,Divestiture,,,4,True,,1,1,https://mergr.com/company/304168,2026-09-04T01:03:59Z
706,Bain Capital Private Equity,Massachusetts,313140,XTEL Group,Software,"Casalecchio di Reno, Italy",2022-08-03,"Buyout (LBO, MBO, MBI)",2026-05-26,Trade Sale - Public Company,3.8,False,,1,0,https://mergr.com/company/313140,2026-09-04T01:03:59Z
706,Bain Capital Private Equity,Massachusetts,302771,Merchants Fleet,Business Services,"Hooksett, New Hampshire, United States",2022-07-21,"Buyout (LBO, MBO, MBI)",,,4.1,True,,0,0,https://mergr.com/company/302771,2026-09-04T01:03:59Z
706,Bain Capital Private Equity,Massachusetts,118853,Deltatre,Media,"Torino, Italy",2022-06-23,Secondary Buyout,,,4.2,True,,1,0,https://mergr.com/company/118853,2026-09-04T01:03:59Z
706,Bain Capital Private Equity,Massachusetts,300810,Cuisine Solutions,Food,"Sterling, Virginia, United States",2022-06-06,Growth Capital,,,4.2,True,,0,0,https://mergr.com/company/300810,2026-09-04T01:03:59Z
706,Bain Capital Private Equity,Massachusetts,300827,LeanTaaS,Information Technology,"Santa Clara, California, United States",2022-06-06,"Buyout (LBO, MBO, MBI)",,,4.2,True,,2,0,https://mergr.com/company/300827,2026-09-04T01:03:59Z
706,Bain Capital Private Equity,Massachusetts,264126,House of HR,Staffing,"Kortrijk, Belgium",2022-05-28,Secondary Buyout,,,4.3,True,1916,1,0,https://mergr.com/company/264126,2026-09-04T01:03:59Z
706,Bain Capital Private Equity,Massachusetts,67810,VXI Global Solutions,Business Services,"Los Angeles, California, United States",2022-05-25,Secondary Buyout,,,4.3,True,,0,0,https://mergr.com/company/67810,2026-09-04T01:03:59Z
706,Bain Capital Private Equity,Massachusetts,349313,Tenacia,Life Science,"Shanghai, China",2022-01-01,"Buyout (LBO, MBO, MBI)",,,4.7,True,,0,0,https://mergr.com/company/349313,2026-09-04T01:03:59Z
706,Bain Capital Private Equity,Massachusetts,349281,Classys,Medical Products,"Seoul, South Korea",2022-01-01,Stake Purchase,,,4.7,True,286,0,0,https://mergr.com/company/349281,2026-09-04T01:03:59Z
706,Bain Capital Private Equity,Massachusetts,319590,Inetum,Business Services,"Saint-Ouen, France",2022-01-01,"Buyout (LBO, MBO, MBI)",,,4.7,True,,1,1,https://mergr.com/company/319590,2026-09-04T01:03:59Z
706,Bain Capital Private Equity,Massachusetts,208404,360 One Wam,Financial Services,"Mumbai, India",2022-01-01,Stake Purchase,,,4.7,True,397,0,0,https://mergr.com/company/208404,2026-09-04T01:03:59Z
706,Bain Capital Private Equity,Massachusetts,328938,OverIT,Software,"Fiume Veneto, Italy",2022-01-01,"Buyout (LBO, MBO, MBI)",,,4.7,True,,0,0,https://mergr.com/company/328938,2026-09-04T01:03:59Z
706,Bain Capital Private Equity,Massachusetts,349276,Avistone Pharmaceuticals,Life Science,"Beijing, China",2021-12-08,Growth Capital,,,4.7,True,,0,0,https://mergr.com/company/349276,2026-09-04T01:03:59Z
706,Bain Capital Private Equity,Massachusetts,72829,athenahealth,Internet Software and Services,"Boston, Massachusetts, United States",2021-11-22,Secondary Buyout,,,4.8,True,1220,1,0,https://mergr.com/company/72829,2026-09-04T01:03:59Z
706,Bain Capital Private Equity,Massachusetts,271615,InnovaCare Health,Healthcare Services,"Orlando, Florida, United States",2021-11-19,Secondary Buyout,,,4.8,True,,0,0,https://mergr.com/company/271615,2026-09-04T01:03:59Z
706,Bain Capital Private Equity,Massachusetts,291844,Gluware,Software,"Sacramento, California, United States",2021-10-27,Growth Capital,2025-01-08,Trade Sale - Public Company,3.2,False,,0,0,https://mergr.com/company/291844,2026-09-04T01:03:59Z
706,Bain Capital Private Equity,Massachusetts,290998,1440 Foods,Consumer Products,"New York, New York, United States",2021-10-04,Secondary Buyout,,,4.9,True,,2,0,https://mergr.com/company/290998,2026-09-04T01:03:59Z
706,Bain Capital Private Equity,Massachusetts,290774,ITP Aero,Aerospace,"Zamudio, Spain",2021-09-27,Divestiture,,,4.9,True,,0,1,https://mergr.com/company/290774,2026-09-04T01:03:59Z
706,Bain Capital Private Equity,Massachusetts,191772,Berlin Brands Group,E-Commerce,"Berlin, Germany",2021-09-01,Secondary Buyout,,,5,True,,0,0,https://mergr.com/company/191772,2026-09-04T01:03:59Z
706,Bain Capital Private Equity,Massachusetts,12150,PartsSource,Software,"Aurora, Ohio, United States",2021-07-20,Secondary Buyout,,,5.1,True,,1,0,https://mergr.com/company/12150,2026-09-04T01:03:59Z
706,Bain Capital Private Equity,Massachusetts,115201,Carson Group,Information Technology,"Omaha, Nebraska, United States",2021-07-14,Secondary Buyout,,,5.1,True,50,5,0,https://mergr.com/company/115201,2026-09-04T01:03:59Z
706,Bain Capital Private Equity,Massachusetts,301051,Kbank,Financial Services,"Seoul, South Korea",2021-06-29,Stake Purchase,2026-03-05,IPO,4.7,False,6,0,0,https://mergr.com/company/301051,2026-09-04T01:03:59Z
706,Bain Capital Private Equity,Massachusetts,288489,Icelandair Group,Airlines,"Reykjavik, Iceland",2021-06-23,Stake Purchase,,,5.2,True,1731,0,0,https://mergr.com/company/288489,2026-09-04T01:03:59Z
706,Bain Capital Private Equity,Massachusetts,13089,CN Innovations,Manufacturing,"Hong Kong, China",2021-06-17,Secondary Buyout,,,5.2,True,,0,0,https://mergr.com/company/13089,2026-09-04T01:03:59Z
706,Bain Capital Private Equity,Massachusetts,286259,ExtraHop,Information Technology,"Seattle, Washington, United States",2021-06-08,"Buyout (LBO, MBO, MBI)",,,5.2,True,,0,0,https://mergr.com/company/286259,2026-09-04T01:03:59Z
706,Bain Capital Private Equity,Massachusetts,124925,Valeo Foods,Food,"Dublin, Ireland",2021-05-10,Secondary Buyout,,,5.3,True,,4,0,https://mergr.com/company/124925,2026-09-04T01:03:59Z
706,Bain Capital Private Equity,Massachusetts,114057,Proterial,Metals/Mining,"Tokyo, Japan",2021-04-28,Going Private,,,5.3,True,7803,0,2,https://mergr.com/company/114057,2026-09-04T01:03:59Z
706,Bain Capital Private Equity,Massachusetts,247227,Dessert Holdings,Food,"St. Paul, Minnesota, United States",2021-04-26,Secondary Buyout,,,5.3,True,,4,0,https://mergr.com/company/247227,2026-09-04T01:03:59Z
706,Bain Capital Private Equity,Massachusetts,286056,Newlink,Internet Software and Services,"Beijing, China",2021-03-22,Stake Purchase,,,5.4,True,,0,0,https://mergr.com/company/286056,2026-09-04T01:03:59Z
706,Bain Capital Private Equity,Massachusetts,70825,ARCOS,Software,"Columbus, Ohio, United States",2021-03-17,Secondary Buyout,,,5.4,True,,2,0,https://mergr.com/company/70825,2026-09-04T01:03:59Z
706,Bain Capital Private Equity,Massachusetts,281486,Arxada,Chemicals,"Basel, Switzerland",2021-02-08,Divestiture,,,5.5,True,,2,0,https://mergr.com/company/281486,2026-09-04T01:03:59Z
706,Bain Capital Private Equity,Massachusetts,349284,Enito Group,Software,"Tokyo, Japan",2021-01-01,"Buyout (LBO, MBO, MBI)",,,5.7,True,,0,0,https://mergr.com/company/349284,2026-09-04T01:03:59Z
706,Bain Capital Private Equity,Massachusetts,19660,US LBM,Distribution,"Atlanta, Georgia, United States",2020-11-13,Secondary Buyout,,,5.8,True,,40,4,https://mergr.com/company/19660,2026-09-04T01:03:59Z
706,Bain Capital Private Equity,Massachusetts,214329,Ahlstrom,Manufacturing,"Espoo, Finland",2020-09-24,Going Private,,,5.9,True,3023,2,0,https://mergr.com/company/214329,2026-09-04T01:03:59Z
706,Bain Capital Private Equity,Massachusetts,78789,Virgin Australia Airlines,Airlines,"South Brisbane, Australia",2020-09-04,Going Private,,,6,True,3855,0,0,https://mergr.com/company/78789,2026-09-04T01:03:59Z
706,Bain Capital Private Equity,Massachusetts,187446,Nutanix,Internet Software and Services,"San Jose, California, United States",2020-08-27,Stake Purchase,,,6,True,2538,0,0,https://mergr.com/company/187446,2026-09-04T01:03:59Z
706,Bain Capital Private Equity,Massachusetts,110933,PCI Pharma Services,Life Science,"Philadelphia, Pennsylvania, United States",2020-08-24,Secondary Buyout,,,6,True,,2,1,https://mergr.com/company/110933,2026-09-04T01:03:59Z
706,Bain Capital Private Equity,Massachusetts,272139,Showa Aircraft Industries,Aerospace,"Tokyo, Japan",2020-05-11,"Buyout (LBO, MBO, MBI)",,,6.3,True,,0,0,https://mergr.com/company/272139,2026-09-04T01:03:59Z
706,Bain Capital Private Equity,Massachusetts,87381,Engineering Ingegneria Informatica,Information Technology,"Roma, Italy",2020-02-05,Secondary Buyout,,,6.5,True,,0,2,https://mergr.com/company/87381,2026-09-04T01:03:59Z
706,Bain Capital Private Equity,Massachusetts,286075,J.M.Baxi,Transportation,"Mumbai, India",2020-02-04,Stake Purchase,2023-01-25,Sold to Management,2.9,False,,0,0,https://mergr.com/company/286075,2026-09-04T01:03:59Z
706,Bain Capital Private Equity,Massachusetts,201911,Softway Medical Group,Internet Software and Services,"Meyreuil, France",2019-12-01,Secondary Buyout,,,6.8,True,25,0,0,https://mergr.com/company/201911,2026-09-04T01:03:59Z
706,Bain Capital Private Equity,Massachusetts,309744,Cardurion,Life Science,"Burlington, Massachusetts, United States",2019-11-20,Growth Capital,,,6.8,True,,0,0,https://mergr.com/company/309744,2026-09-04T01:03:59Z
706,Bain Capital Private Equity,Massachusetts,178449,Kantar,Information Services,"London, United Kingdom",2019-07-12,Divestiture,,,7.1,True,,2,8,https://mergr.com/company/178449,2026-09-04T01:03:59Z
706,Bain Capital Private Equity,Massachusetts,97393,CitiusTech,Information Technology,"Mumbai, India",2019-07-12,Secondary Buyout,,,7.1,True,175,3,0,https://mergr.com/company/97393,2026-09-04T01:03:59Z
706,Bain Capital Private Equity,Massachusetts,4622,EnterpriseDB,Internet Software and Services,"Bedford, Massachusetts, United States",2019-06-26,Secondary Buyout,,,7.2,True,,2,0,https://mergr.com/company/4622,2026-09-04T01:03:59Z
706,Bain Capital Private Equity,Massachusetts,344155,Works Human Intelligence,Software,"Tokyo, Japan",2019-06-21,"Buyout (LBO, MBO, MBI)",,,7.2,True,,0,0,https://mergr.com/company/344155,2026-09-04T01:03:59Z
706,Bain Capital Private Equity,Massachusetts,277197,Chindata Group Holdings,Information Technology,"Beijing, China",2019-05-01,Divestiture,2020-09-30,IPO,1.3,False,714,0,0,https://mergr.com/company/277197,2026-09-04T01:03:59Z
264,HarbourVest Partners,Massachusetts,352430,FNZ Bank,Financial Services,"Munich, Germany",2026-08-04,Divestiture,,,0.1,True,,0,0,https://mergr.com/company/352430,2026-09-04T01:03:59Z
264,HarbourVest Partners,Massachusetts,219841,IMA,Insurance,"Denver, Colorado, United States",2026-05-19,Recapitalization,,,0.3,True,,0,0,https://mergr.com/company/219841,2026-09-04T01:03:59Z
264,HarbourVest Partners,Massachusetts,212438,Ministry Brands,Internet Software and Services,"Lenoir City, Tennessee, United States",2021-11-05,Divestiture,,,4.8,True,,1,0,https://mergr.com/company/212438,2026-09-04T01:03:59Z
264,HarbourVest Partners,Massachusetts,4437,Sirius,Information Technology,"San Antonio, Texas, United States",2021-10-18,Add-on Acquisition,,,4.8,True,2040,0,0,https://mergr.com/company/4437,2026-09-04T01:03:59Z
264,HarbourVest Partners,Massachusetts,31160,itel,Insurance,"Jacksonville, Florida, United States",2021-08-26,Secondary Buyout,2025-05-20,Divestiture,3.7,False,,0,0,https://mergr.com/company/31160,2026-09-04T01:03:59Z
264,HarbourVest Partners,Massachusetts,27925,Neighborly,Franchising,"Waco, Texas, United States",2021-07-08,Secondary Buyout,,,5.1,True,,3,3,https://mergr.com/company/27925,2026-09-04T01:03:59Z
264,HarbourVest Partners,Massachusetts,242198,Third Bridge,Information Services,"London, United Kingdom",2021-01-13,Stake Purchase,,,5.6,True,,0,0,https://mergr.com/company/242198,2026-09-04T01:03:59Z
264,HarbourVest Partners,Massachusetts,25170,Signature Foods Belgium,Food,"Turnhout, Belgium",2020-12-21,Secondary Buyout,,,5.7,True,198,0,0,https://mergr.com/company/25170,2026-09-04T01:03:59Z
264,HarbourVest Partners,Massachusetts,13807,Planview,Software,"Austin, Texas, United States",2020-11-10,Secondary Buyout,,,5.8,True,,6,0,https://mergr.com/company/13807,2026-09-04T01:03:59Z
264,HarbourVest Partners,Massachusetts,127101,Advanced Instruments,Test/Measurement Equipment,"Norwood, Massachusetts, United States",2020-09-28,Secondary Buyout,,,5.9,True,,3,0,https://mergr.com/company/127101,2026-09-04T01:03:59Z
264,HarbourVest Partners,Massachusetts,239110,Colisee,Consumer Services,"Paris, France",2020-08-31,Secondary Buyout,,,6,True,,0,0,https://mergr.com/company/239110,2026-09-04T01:03:59Z
264,HarbourVest Partners,Massachusetts,34697,NSI Industries,Electrical Equipment,"Huntersville, North Carolina, United States",2020-03-02,Secondary Buyout,2024-11-18,Trade Sale - Public Company,4.7,False,,2,0,https://mergr.com/company/34697,2026-09-04T01:03:59Z
264,HarbourVest Partners,Massachusetts,7094,Lytx,Information Technology,"San Diego, California, United States",2020-01-08,Stake Purchase,,,6.6,True,,0,0,https://mergr.com/company/7094,2026-09-04T01:03:59Z
264,HarbourVest Partners,Massachusetts,300834,Vehlo,Software,"Knoxville, Tennessee, United States",2020-01-01,Growth Capital,,,6.7,True,,5,0,https://mergr.com/company/300834,2026-09-04T01:03:59Z
264,HarbourVest Partners,Massachusetts,175348,Sykes Holiday Cottages,Leisure,"Cheshire, United Kingdom",2019-10-28,Secondary Buyout,,,6.8,True,,1,0,https://mergr.com/company/175348,2026-09-04T01:03:59Z
264,HarbourVest Partners,Massachusetts,287010,monday.com,Internet Software and Services,"Tel Aviv, Israel",2019-07-30,Growth Capital,2021-06-10,IPO,1.8,False,972,0,0,https://mergr.com/company/287010,2026-09-04T01:03:59Z
264,HarbourVest Partners,Massachusetts,260986,Galderma,Healthcare Services,"Zug, Switzerland",2019-05-16,Divestiture,2024-03-22,IPO,4.8,False,2909,0,2,https://mergr.com/company/260986,2026-09-04T01:03:59Z
264,HarbourVest Partners,Massachusetts,280820,Custom Ink,E-Commerce,"Fairfax, Virginia, United States",2019-04-04,Recapitalization,,,7.4,True,,1,0,https://mergr.com/company/280820,2026-09-04T01:03:59Z
264,HarbourVest Partners,Massachusetts,243740,Kyriba,Internet Software and Services,"San Diego, California, United States",2019-03-28,Secondary Buyout,,,7.4,True,,0,0,https://mergr.com/company/243740,2026-09-04T01:03:59Z
264,HarbourVest Partners,Massachusetts,36925,CPS,Healthcare Services,"Dublin, Ohio, United States",2019-03-27,Secondary Buyout,,,7.4,True,,0,0,https://mergr.com/company/36925,2026-09-04T01:03:59Z
264,HarbourVest Partners,Massachusetts,30392,AssuredPartners,Insurance,"Orlando, Florida, United States",2019-02-21,Secondary Buyout,2024-12-09,Divestiture,5.8,False,2900,106,0,https://mergr.com/company/30392,2026-09-04T01:03:59Z
264,HarbourVest Partners,Massachusetts,251363,Hermetic Solutions Group,Packaging,"Trevose, Pennsylvania, United States",2019-02-01,Secondary Buyout,2022-11-03,Divestiture,3.8,False,,1,0,https://mergr.com/company/251363,2026-09-04T01:03:59Z
264,HarbourVest Partners,Massachusetts,4930,Cast & Crew,Software,"Burbank, California, United States",2018-12-10,Secondary Buyout,,,7.7,True,,5,1,https://mergr.com/company/4930,2026-09-04T01:03:59Z
264,HarbourVest Partners,Massachusetts,255927,SRS Acquiom,Information Technology,"Denver, Colorado, United States",2018-11-13,Growth Capital,,,7.8,True,,0,0,https://mergr.com/company/255927,2026-09-04T01:03:59Z
264,HarbourVest Partners,Massachusetts,205219,KDC/ONE,Consumer Products,"Longueuil, Quebec, Canada",2018-11-07,Secondary Buyout,,,7.8,True,,11,0,https://mergr.com/company/205219,2026-09-04T01:03:59Z
264,HarbourVest Partners,Massachusetts,30808,McLarens,Insurance,"Peachtree Corners, Georgia, United States",2018-10-31,Secondary Buyout,,,7.8,True,,5,0,https://mergr.com/company/30808,2026-09-04T01:03:59Z
264,HarbourVest Partners,Massachusetts,294997,SK shipping,Transportation," Seoul, South Korea",2018-10-10,"Buyout (LBO, MBO, MBI)",,,7.8,True,,0,0,https://mergr.com/company/294997,2026-09-04T01:03:59Z
264,HarbourVest Partners,Massachusetts,222092,Link Mobility,Communications,"Oslo, Norway",2018-10-10,Going Private,,,7.8,True,44,0,0,https://mergr.com/company/222092,2026-09-04T01:03:59Z
264,HarbourVest Partners,Massachusetts,196154,Newport,Financial Services,"Walnut Creek, California, United States",2018-09-13,"Buyout (LBO, MBO, MBI)",2021-11-03,Spin Off,3.1,False,,0,0,https://mergr.com/company/196154,2026-09-04T01:03:59Z
264,HarbourVest Partners,Massachusetts,206651,Q4,Internet Software and Services,"Toronto, Ontario, Canada",2018-09-12,Venture,2021-10-25,IPO,3.1,False,,0,0,https://mergr.com/company/206651,2026-09-04T01:03:59Z
264,HarbourVest Partners,Massachusetts,24721,Paycor,Software,"Cincinnati, Ohio, United States",2018-09-11,Growth Capital,2021-07-20,IPO,2.8,False,655,2,0,https://mergr.com/company/24721,2026-09-04T01:03:59Z
264,HarbourVest Partners,Massachusetts,294931,ACG Schools,Education,"Auckland, New Zealand",2018-09-01,"Buyout (LBO, MBO, MBI)",,,8,True,,0,0,https://mergr.com/company/294931,2026-09-04T01:03:59Z
264,HarbourVest Partners,Massachusetts,21429,Aspen,Insurance,"Hamilton, Bermuda",2018-08-27,Going Private,2025-05-08,IPO,6.7,False,3197,0,1,https://mergr.com/company/21429,2026-09-04T01:03:59Z
264,HarbourVest Partners,Massachusetts,295002,Sonder,Internet Software and Services,"San Francisco, California, United States",2018-08-23,Venture,2022-01-19,SPAC,3.3,False,602,0,0,https://mergr.com/company/295002,2026-09-04T01:03:59Z
264,HarbourVest Partners,Massachusetts,26110,esure,Insurance,"Reigate, United Kingdom",2018-08-14,Going Private,2025-04-14,Divestiture,6.7,False,879,0,0,https://mergr.com/company/26110,2026-09-04T01:03:59Z
264,HarbourVest Partners,Massachusetts,226593,Meadow Foods,Food,"Chester, United Kingdom",2018-08-03,Secondary Buyout,2023-08-22,Divestiture,5,False,,2,0,https://mergr.com/company/226593,2026-09-04T01:03:59Z
264,HarbourVest Partners,Massachusetts,219444,Personify Corp.,Software,"Austin, Texas, United States",2018-07-26,Secondary Buyout,2026-01-06,Divestiture,7.4,False,,2,0,https://mergr.com/company/219444,2026-09-04T01:03:59Z
264,HarbourVest Partners,Massachusetts,252839,Ensora Health,Software,"Birmingham, Alabama, United States",2018-07-24,Growth Capital,2021-04-07,Trade Sale - Public Company,2.7,False,,0,0,https://mergr.com/company/252839,2026-09-04T01:03:59Z
264,HarbourVest Partners,Massachusetts,278557,PureStar,Consumer Services,"Las Vegas, Nevada, United States",2018-06-01,"Buyout (LBO, MBO, MBI)",,,8.3,True,,1,0,https://mergr.com/company/278557,2026-09-04T01:03:59Z
264,HarbourVest Partners,Massachusetts,251302,SI Group,Chemicals,"The Woodlands, Texas, United States",2018-06-01,"Buyout (LBO, MBO, MBI)",,,8.3,True,,1,1,https://mergr.com/company/251302,2026-09-04T01:03:59Z
264,HarbourVest Partners,Massachusetts,50518,MEDIFOX DAN,Software,"Hildesheim, Germany",2018-05-10,Secondary Buyout,2022-06-14,Divestiture,4.1,False,83,0,0,https://mergr.com/company/50518,2026-09-04T01:03:59Z
264,HarbourVest Partners,Massachusetts,8602,Edelman Financial Engines,Financial Services,"Boston, Massachusetts, United States",2018-05-01,Going Private,,,8.3,True,311,9,1,https://mergr.com/company/8602,2026-09-04T01:03:59Z
264,HarbourVest Partners,Massachusetts,264230,Elara Caring,Consumer Services,"Dallas, Texas, United States",2018-04-10,"Buyout (LBO, MBO, MBI)",,,8.3,True,,5,0,https://mergr.com/company/264230,2026-09-04T01:03:59Z
264,HarbourVest Partners,Massachusetts,249712,Nouryon,Chemicals,"Amsterdam, Netherlands",2018-03-27,Divestiture,,,8.4,True,,0,1,https://mergr.com/company/249712,2026-09-04T01:03:59Z
264,HarbourVest Partners,Massachusetts,250976,CRS Solutions,Information Technology,"Houston, Texas, United States",2018-03-21,Recapitalization,2020-01-01,Divestiture,1.8,False,,0,0,https://mergr.com/company/250976,2026-09-04T01:03:59Z
264,HarbourVest Partners,Massachusetts,214633,Elatec,Technology Hardware,"Puchheim, Germany",2018-02-14,Recapitalization,2023-05-30,Trade Sale - Public Company,5.3,False,25,0,0,https://mergr.com/company/214633,2026-09-04T01:03:59Z
264,HarbourVest Partners,Massachusetts,247981,Horizon,Communications,"Columbus, Ohio, United States",2018-01-25,"Buyout (LBO, MBO, MBI)",2023-10-24,Divestiture,5.7,False,,2,0,https://mergr.com/company/247981,2026-09-04T01:03:59Z
264,HarbourVest Partners,Massachusetts,237004,Smart City,Communications,"Las Vegas, Nevada, United States",2018-01-01,"Buyout (LBO, MBO, MBI)",,,8.7,True,,0,0,https://mergr.com/company/237004,2026-09-04T01:03:59Z
264,HarbourVest Partners,Massachusetts,246180,Perimeter Solutions,Chemicals,"Clayton, Missouri, United States",2017-12-08,Divestiture,2021-06-16,Divestiture,3.5,False,653,5,0,https://mergr.com/company/246180,2026-09-04T01:03:59Z
264,HarbourVest Partners,Massachusetts,299346,Sun King,Renewable Energy,"Nairobi, Kenya",2017-12-05,Growth Capital,2023-01-09,Stake Sale,5.1,False,,0,0,https://mergr.com/company/299346,2026-09-04T01:03:59Z
264,HarbourVest Partners,Massachusetts,16640,Nonni's,Food,"Tulsa, Oklahoma, United States",2017-11-14,Secondary Buyout,2024-07-24,Divestiture,6.7,False,,0,0,https://mergr.com/company/16640,2026-09-04T01:03:59Z
264,HarbourVest Partners,Massachusetts,189189,smartTrade Technologies,Software,"Aix-en-Provence, France",2017-11-01,Stake Purchase,2025-04-03,Trade Sale - Public Company,7.4,False,,0,0,https://mergr.com/company/189189,2026-09-04T01:03:59Z
264,HarbourVest Partners,Massachusetts,246799,Tortoise Capital,Financial Services,"Overland Park, Kansas, United States",2017-10-18,"Buyout (LBO, MBO, MBI)",,,8.8,True,,0,0,https://mergr.com/company/246799,2026-09-04T01:03:59Z
264,HarbourVest Partners,Massachusetts,112889,Nets,Financial Services,"Ballerup, Denmark",2017-09-25,Going Private,2021-06-16,Spin Off,3.7,False,,2,1,https://mergr.com/company/112889,2026-09-04T01:03:59Z
264,HarbourVest Partners,Massachusetts,32683,CPA Global,Information Services,"Jersey, Channel Islands",2017-08-29,Secondary Buyout,2020-07-29,Spin Off,2.9,False,,4,0,https://mergr.com/company/32683,2026-09-04T01:03:59Z
264,HarbourVest Partners,Massachusetts,242636,Peloton,Software,"Calgary, Alberta, Canada",2017-08-15,Growth Capital,2026-02-24,Merger,8.5,False,,2,0,https://mergr.com/company/242636,2026-09-04T01:03:59Z
264,HarbourVest Partners,Massachusetts,32677,Klarna,Information Technology,"Stockholm, Sweden",2017-07-21,Stake Purchase,2025-09-10,IPO,8.1,False,2667,5,1,https://mergr.com/company/32677,2026-09-04T01:03:59Z
264,HarbourVest Partners,Massachusetts,71097,Staples,Retail,"Framingham, Massachusetts, United States",2017-06-28,Going Private,,,9.2,True,18247,3,3,https://mergr.com/company/71097,2026-09-04T01:03:59Z
264,HarbourVest Partners,Massachusetts,206867,Investment Metrics,Information Technology,"Norwalk, Connecticut, United States",2017-06-20,Growth Capital,2021-11-03,Divestiture,4.3,False,,2,0,https://mergr.com/company/206867,2026-09-04T01:03:59Z
264,HarbourVest Partners,Massachusetts,109833,Curia,Life Science,"Albany, New York, United States",2017-06-06,Going Private,,,9.2,True,402,3,1,https://mergr.com/company/109833,2026-09-04T01:03:59Z
264,HarbourVest Partners,Massachusetts,239642,Sign-Zone,Marketing,"Brooklyn Center, Minnesota, United States",2017-05-16,"Buyout (LBO, MBO, MBI)",,,9.3,True,,3,0,https://mergr.com/company/239642,2026-09-04T01:03:59Z
264,HarbourVest Partners,Massachusetts,238570,Lucid,Software,"New Orleans, Louisiana, United States",2017-04-10,Venture,2022-12-29,Divestiture,5.7,False,,0,0,https://mergr.com/company/238570,2026-09-04T01:03:59Z
264,HarbourVest Partners,Massachusetts,262290,Allfunds,Financial Services,"Madrid, Spain",2017-03-07,Secondary Buyout,2021-04-23,IPO,4.1,False,627,1,0,https://mergr.com/company/262290,2026-09-04T01:03:59Z
264,HarbourVest Partners,Massachusetts,234060,Partners Surgical,Healthcare Services,"Houston, Texas, United States",2017-01-06,"Buyout (LBO, MBO, MBI)",2025-01-01,Divestiture,7.9,False,,0,0,https://mergr.com/company/234060,2026-09-04T01:03:59Z
264,HarbourVest Partners,Massachusetts,295011,D4C Dental Brands,Healthcare Services,"Atlanta, Georgia, United States",2016-12-01,"Buyout (LBO, MBO, MBI)",,,9.8,True,,0,0,https://mergr.com/company/295011,2026-09-04T01:03:59Z
264,HarbourVest Partners,Massachusetts,24162,Profi,Retail,"Timisoara, Romania",2016-11-23,Secondary Buyout,2023-10-30,Divestiture,6.9,False,112,1,0,https://mergr.com/company/24162,2026-09-04T01:03:59Z
264,HarbourVest Partners,Massachusetts,228485,Allegro,E-Commerce,"Poznan, Poland",2016-10-14,Divestiture,2020-10-12,IPO,3.9,False,2878,0,0,https://mergr.com/company/228485,2026-09-04T01:03:59Z
264,HarbourVest Partners,Massachusetts,227612,Gotha Cosmetics,Consumer Products,"Bergamo, Italy",2016-09-26,Growth Capital,,,9.9,True,,0,0,https://mergr.com/company/227612,2026-09-04T01:03:59Z
264,HarbourVest Partners,Massachusetts,32024,Finalsite,Internet Software and Services,"Glastonbury, Connecticut, United States",2016-09-08,Secondary Buyout,2021-12-01,Trade Sale - Public Company,5.2,False,,3,0,https://mergr.com/company/32024,2026-09-04T01:03:59Z
264,HarbourVest Partners,Massachusetts,277401,OTG Management,Restaurants,"New York City, New York, United States",2016-09-07,Growth Capital,,,9.9,True,,0,0,https://mergr.com/company/277401,2026-09-04T01:03:59Z
264,HarbourVest Partners,Massachusetts,66790,Cruise,Internet Software and Services,"Redditch, United Kingdom",2016-08-05,Secondary Buyout,2025-07-30,Divestiture,8.9,False,99,0,0,https://mergr.com/company/66790,2026-09-04T01:03:59Z
264,HarbourVest Partners,Massachusetts,2511,Polyconcept,Distribution,"Roelofarendsveen, Netherlands",2016-07-18,Secondary Buyout,,,10.1,True,,1,0,https://mergr.com/company/2511,2026-09-04T01:03:59Z
264,HarbourVest Partners,Massachusetts,223510,Moeller Aerospace,Aerospace,"Wixom, Michigan, United States",2016-07-08,"Buyout (LBO, MBO, MBI)",,,10.1,True,,0,0,https://mergr.com/company/223510,2026-09-04T01:03:59Z
264,HarbourVest Partners,Massachusetts,202896,Envision Pharma,Information Technology,"Horsham, United Kingdom",2016-07-06,Secondary Buyout,,,10.1,True,,3,0,https://mergr.com/company/202896,2026-09-04T01:03:59Z
264,HarbourVest Partners,Massachusetts,22693,Claritev,Information Technology,"McLean, Virginia, United States",2016-05-05,Secondary Buyout,2020-10-08,SPAC,4.4,False,965,0,0,https://mergr.com/company/22693,2026-09-04T01:03:59Z
264,HarbourVest Partners,Massachusetts,201356,SambaSafety,Internet Software and Services,"Greenwood Village, Colorado, United States",2016-04-06,Recapitalization,2021-09-01,Trade Sale - Public Company,5.3,False,,2,0,https://mergr.com/company/201356,2026-09-04T01:03:59Z
264,HarbourVest Partners,Massachusetts,27069,Solace Systems,Information Technology,"Ottawa, Ontario, Canada",2016-04-06,Secondary Buyout,,,10.3,True,,0,0,https://mergr.com/company/27069,2026-09-04T01:03:59Z
264,HarbourVest Partners,Massachusetts,216343,Clix Capital,Financial Services,"Gurgaon, India",2016-03-03,Divestiture,,,10.5,True,,0,0,https://mergr.com/company/216343,2026-09-04T01:03:59Z
264,HarbourVest Partners,Massachusetts,291583,CrownRock Minerals,Metals/Mining,"Midland, Texas, United States",2016-03-01,Growth Capital,,,10.5,True,,0,0,https://mergr.com/company/291583,2026-09-04T01:03:59Z
264,HarbourVest Partners,Massachusetts,6070,Vestcom,Marketing,"Little Rock, Arkansas, United States",2016-01-01,Secondary Buyout,2021-07-28,Divestiture,5.5,False,,1,0,https://mergr.com/company/6070,2026-09-04T01:03:59Z
264,HarbourVest Partners,Massachusetts,58070,Risk Strategies,Insurance,"Boston, Massachusetts, United States",2015-10-20,Secondary Buyout,2025-06-10,Divestiture,9.6,False,,108,0,https://mergr.com/company/58070,2026-09-04T01:03:59Z
264,HarbourVest Partners,Massachusetts,203553,Mineral,Internet Software and Services,"Portland, Oregon, United States",2015-09-15,Growth Capital,2024-01-09,Divestiture,8.3,False,,0,0,https://mergr.com/company/203553,2026-09-04T01:03:59Z
264,HarbourVest Partners,Massachusetts,200288,Intelex Technologies Inc.,Software,"Toronto, Ontario, Canada",2015-08-13,Growth Capital,2019-06-06,Trade Sale,3.8,False,,1,0,https://mergr.com/company/200288,2026-09-04T01:03:59Z
264,HarbourVest Partners,Massachusetts,325010,Ello Group,Business Services,"Huddersfield, United Kingdom",2015-08-03,"Buyout (LBO, MBO, MBI)",2026-02-11,Divestiture,10.5,False,,2,0,https://mergr.com/company/325010,2026-09-04T01:03:59Z
264,HarbourVest Partners,Massachusetts,904,Mankind Pharma,Life Science,"New Delhi City, India",2015-05-28,Stake Purchase,2023-05-09,IPO,7.9,False,1838,0,0,https://mergr.com/company/904,2026-09-04T01:03:59Z
264,HarbourVest Partners,Massachusetts,7078,MedOptions,Healthcare Services,"Old Saybrook, Connecticut, United States",2015-04-29,Secondary Buyout,,,11.3,True,,1,0,https://mergr.com/company/7078,2026-09-04T01:03:59Z
264,HarbourVest Partners,Massachusetts,20762,Riverbed,Software,"Redwood, California, United States",2015-04-24,Going Private,2021-11-16,Bankruptcy,6.5,False,1041,3,0,https://mergr.com/company/20762,2026-09-04T01:03:59Z
264,HarbourVest Partners,Massachusetts,183941,Preston Hollow Capital,Financial Services,"Dallas, Texas, United States",2015-04-22,Growth Capital,,,11.3,True,,0,0,https://mergr.com/company/183941,2026-09-04T01:03:59Z
264,HarbourVest Partners,Massachusetts,175647,Advance Health,Healthcare Services,"Chantilly, Virginia, United States",2015-01-27,Growth Capital,2017-12-07,Spin Off,2.8,False,,0,0,https://mergr.com/company/175647,2026-09-04T01:03:59Z
264,HarbourVest Partners,Massachusetts,294893,Lufax,Financial Services,"Shanghai, China",2015-01-01,Growth Capital,2020-10-30,IPO,5.8,False,4412,0,0,https://mergr.com/company/294893,2026-09-04T01:03:59Z
264,HarbourVest Partners,Massachusetts,211750,ChinaPnR,Financial Services,"Shanghai, China",2015-01-01,Growth Capital,,,11.7,True,,0,0,https://mergr.com/company/211750,2026-09-04T01:03:59Z
264,HarbourVest Partners,Massachusetts,39429,Kinaxis,Software,"Ottawa, Ontario, Canada",2014-11-25,PIPE,,,11.8,True,548,3,0,https://mergr.com/company/39429,2026-09-04T01:03:59Z
264,HarbourVest Partners,Massachusetts,13493,Datavant Group,Information Technology,"Phoenix, Arizona, United States",2014-10-31,Secondary Buyout,,,11.8,True,,10,1,https://mergr.com/company/13493,2026-09-04T01:03:59Z
264,HarbourVest Partners,Massachusetts,204907,Flinn Scientific,Distribution,"Batavia, Illinois, United States",2014-10-01,"Buyout (LBO, MBO, MBI)",,,11.9,True,,2,0,https://mergr.com/company/204907,2026-09-04T01:03:59Z
264,HarbourVest Partners,Massachusetts,179322,Orange Valley Nursing Homes,Healthcare Services,"Singapore, Singapore",2014-05-05,"Buyout (LBO, MBO, MBI)",2017-04-25,Divestiture,2.9,False,,0,0,https://mergr.com/company/179322,2026-09-04T01:03:59Z
264,HarbourVest Partners,Massachusetts,84981,"ABILITY Network, Inc.",Information Technology,"Minneapolis, Minnesota, United States",2014-04-07,Recapitalization,2018-03-07,Divestiture,3.9,False,,7,0,https://mergr.com/company/84981,2026-09-04T01:03:59Z
264,HarbourVest Partners,Massachusetts,623,Towne Park,Business Services,"Plymouth Meeting, Pennsylvania, United States",2014-01-07,Secondary Buyout,2014-01-07,Trade Sale - Public Company,0,False,,0,0,https://mergr.com/company/623,2026-09-04T01:03:59Z
264,HarbourVest Partners,Massachusetts,109013,Outbrain,Internet Software and Services,"New York, New York, United States",2013-10-23,Venture,2021-07-23,IPO,7.8,False,1300,4,0,https://mergr.com/company/109013,2026-09-04T01:03:59Z
264,HarbourVest Partners,Massachusetts,67126,Bulldog Hardware,Manufacturing,"Waukesha, Wisconsin, United States",2013-09-11,Divestiture,2018-10-08,Spin Off,5,False,255,0,0,https://mergr.com/company/67126,2026-09-04T01:03:59Z
264,HarbourVest Partners,Massachusetts,66578,Roland Foods,Food,"New York City, New York, United States",2013-08-26,"Buyout (LBO, MBO, MBI)",,,13,True,,2,0,https://mergr.com/company/66578,2026-09-04T01:03:59Z
737,BV Investment Partners,Massachusetts,352615,Thomas & Company,Business Services,"Nashville, Tennessee, United States",2026-08-04,Growth Capital,,,0.1,True,,0,0,https://mergr.com/company/352615,2026-09-04T01:03:59Z
737,BV Investment Partners,Massachusetts,346933,Moxe Health,Internet Software and Services,"Madison, Wisconsin, United States",2026-03-10,"Buyout (LBO, MBO, MBI)",,,0.4,True,,0,0,https://mergr.com/company/346933,2026-09-04T01:03:59Z
737,BV Investment Partners,Massachusetts,345060,Altimeter Solutions Group,Business Services,"Fishers, Indiana, United States",2026-01-20,Divestiture,,,0.6,True,,0,0,https://mergr.com/company/345060,2026-09-04T01:03:59Z
737,BV Investment Partners,Massachusetts,339162,The Millennium Alliance,Internet Software and Services,"New York, New York, United States",2025-08-06,"Buyout (LBO, MBO, MBI)",,,1,True,,0,0,https://mergr.com/company/339162,2026-09-04T01:03:59Z
737,BV Investment Partners,Massachusetts,343991,Sentact,Software,"Nashville, Tennessee, United States",2025-05-08,"Buyout (LBO, MBO, MBI)",,,1.3,True,,3,0,https://mergr.com/company/343991,2026-09-04T01:03:59Z
737,BV Investment Partners,Massachusetts,328184,Kami,Software,"West Hollywood, California, United States",2024-08-20,Growth Capital,,,2,True,,0,0,https://mergr.com/company/328184,2026-09-04T01:03:59Z
737,BV Investment Partners,Massachusetts,319208,CyberSheath,Information Technology,"Reston, Virginia, United States",2024-05-22,Secondary Buyout,,,2.3,True,,0,0,https://mergr.com/company/319208,2026-09-04T01:03:59Z
737,BV Investment Partners,Massachusetts,344689,Balance Partners,Insurance,"Huntington, New York, United States",2024-04-08,Growth Capital,,,2.3,True,,0,0,https://mergr.com/company/344689,2026-09-04T01:03:59Z
737,BV Investment Partners,Massachusetts,52258,CallTower,Communications,"South Jordan, Utah, United States",2023-11-16,Growth Capital,2026-04-02,Trade Sale - Public Company,2.3,False,,0,0,https://mergr.com/company/52258,2026-09-04T01:03:59Z
737,BV Investment Partners,Massachusetts,337697,Domaine,Software,"New York, New York, United States",2023-09-27,"Buyout (LBO, MBO, MBI)",,,2.9,True,,3,0,https://mergr.com/company/337697,2026-09-04T01:03:59Z
737,BV Investment Partners,Massachusetts,267431,Hardenbergh Group,Staffing,"Livonia, Michigan, United States",2023-08-15,Secondary Buyout,2025-05-08,Spin Off,1.7,False,413,0,0,https://mergr.com/company/267431,2026-09-04T01:03:59Z
737,BV Investment Partners,Massachusetts,270216,Imagenet,Business Services,"Tampa, Florida, United States",2022-12-07,Secondary Buyout,,,3.7,True,,2,0,https://mergr.com/company/270216,2026-09-04T01:03:59Z
737,BV Investment Partners,Massachusetts,344696,ArchLynk,Information Technology,"San Jose, California, United States",2022-11-07,"Buyout (LBO, MBO, MBI)",,,3.8,True,,1,0,https://mergr.com/company/344696,2026-09-04T01:03:59Z
737,BV Investment Partners,Massachusetts,321439,Level Data,Software,"Boston, Massachusetts, United States",2022-08-01,"Buyout (LBO, MBO, MBI)",,,4.1,True,,3,0,https://mergr.com/company/321439,2026-09-04T01:03:59Z
737,BV Investment Partners,Massachusetts,270481,Source Advisors,Business Services,"Arlington, Texas, United States",2022-04-07,Secondary Buyout,,,4.3,True,,3,0,https://mergr.com/company/270481,2026-09-04T01:03:59Z
737,BV Investment Partners,Massachusetts,294594,Marlabs,Information Technology,"Piscataway, New Jersey, United States",2022-01-06,Growth Capital,,,4.6,True,,2,0,https://mergr.com/company/294594,2026-09-04T01:03:59Z
737,BV Investment Partners,Massachusetts,308256,gWorks,Internet Software and Services,"Omaha, Nebraska, United States",2022-01-01,"Buyout (LBO, MBO, MBI)",,,4.7,True,,5,0,https://mergr.com/company/308256,2026-09-04T01:03:59Z
737,BV Investment Partners,Massachusetts,293870,Intentsify,Internet Software and Services,"Westwood, Massachusetts, United States",2021-12-16,Growth Capital,,,4.7,True,,1,0,https://mergr.com/company/293870,2026-09-04T01:03:59Z
737,BV Investment Partners,Massachusetts,291785,Ubiquity,Business Services,"New York, New York, United States",2021-10-26,Growth Capital,,,4.8,True,,3,0,https://mergr.com/company/291785,2026-09-04T01:03:59Z
737,BV Investment Partners,Massachusetts,285240,Resource Innovations,Business Services,"Half Moon Bay, California, United States",2021-05-12,Growth Capital,2024-04-02,Trade Sale - Public Company,2.8,False,,0,0,https://mergr.com/company/285240,2026-09-04T01:03:59Z
737,BV Investment Partners,Massachusetts,281513,SupportNinja,Business Services,"Dallas, Texas, United States",2021-02-08,"Buyout (LBO, MBO, MBI)",,,5.5,True,,1,0,https://mergr.com/company/281513,2026-09-04T01:03:59Z
737,BV Investment Partners,Massachusetts,280635,RafterOne,Marketing,"Portsmouth, New Hampshire, United States",2021-01-19,Growth Capital,2022-10-03,Divestiture,1.7,False,,0,0,https://mergr.com/company/280635,2026-09-04T01:03:59Z
737,BV Investment Partners,Massachusetts,254265,Career.io,Internet Software and Services,"New York, New York, United States",2021-01-14,"Buyout (LBO, MBO, MBI)",,,5.6,True,,2,0,https://mergr.com/company/254265,2026-09-04T01:03:59Z
737,BV Investment Partners,Massachusetts,276256,Pharicode,Information Technology,"Huntsville, Alabama, United States",2020-09-14,Growth Capital,2021-11-01,Spin Off,1.1,False,,0,0,https://mergr.com/company/276256,2026-09-04T01:03:59Z
737,BV Investment Partners,Massachusetts,276257,GlideFast Consulting,Information Technology,"Woburn, Massachusetts, United States",2020-09-14,Growth Capital,2022-06-01,Divestiture,1.7,False,,2,0,https://mergr.com/company/276257,2026-09-04T01:03:59Z
737,BV Investment Partners,Massachusetts,274131,Becklar,Information Technology,"Ogden, Utah, United States",2020-07-13,Growth Capital,2024-12-06,Trade Sale - Public Company,4.3,False,,1,0,https://mergr.com/company/274131,2026-09-04T01:03:59Z
737,BV Investment Partners,Massachusetts,271838,StraighterLine,Information Technology,"Baltimore, Maryland, United States",2020-05-05,Growth Capital,,,6.3,True,,1,0,https://mergr.com/company/271838,2026-09-04T01:03:59Z
737,BV Investment Partners,Massachusetts,269556,Topbloc,Information Technology,"Chicago, Illinois, United States",2020-02-26,Growth Capital,2025-01-25,Divestiture,4.8,False,,0,0,https://mergr.com/company/269556,2026-09-04T01:03:59Z
737,BV Investment Partners,Massachusetts,265997,Solarity,Internet Software and Services,"St. Louis, Missouri, United States",2019-11-05,"Buyout (LBO, MBO, MBI)",,,6.8,True,,0,0,https://mergr.com/company/265997,2026-09-04T01:03:59Z
737,BV Investment Partners,Massachusetts,234488,CivicPlus,Information Technology,"Manhattan, Kansas, United States",2019-05-13,Growth Capital,2021-05-13,Trade Sale - Public Company,2,False,,0,0,https://mergr.com/company/234488,2026-09-04T01:03:59Z
737,BV Investment Partners,Massachusetts,260335,Franco Signor LLC,Insurance,"Bradenton, Florida, United States",2019-04-25,Growth Capital,2020-09-11,Divestiture,1.3,False,,1,0,https://mergr.com/company/260335,2026-09-04T01:03:59Z
737,BV Investment Partners,Massachusetts,215103,Frontline Managed Services,Business Services,"Atlanta, Georgia, United States",2019-02-01,Recapitalization,2024-12-11,Trade Sale - Public Company,5.8,False,,4,0,https://mergr.com/company/215103,2026-09-04T01:03:59Z
737,BV Investment Partners,Massachusetts,257945,RKD Group,Marketing,"Richardson, Texas, United States",2019-01-30,Growth Capital,2022-08-23,Trade Sale - Public Company,3.5,False,,2,0,https://mergr.com/company/257945,2026-09-04T01:03:59Z
737,BV Investment Partners,Massachusetts,279016,Veracross,Software,"Wakefield, Massachusetts, United States",2019-01-01,Recapitalization,,,7.7,True,,1,0,https://mergr.com/company/279016,2026-09-04T01:03:59Z
737,BV Investment Partners,Massachusetts,172433,Consero,Internet Software and Services,"Austin, Texas, United States",2018-08-28,Secondary Buyout,,,8,True,,4,0,https://mergr.com/company/172433,2026-09-04T01:03:59Z
737,BV Investment Partners,Massachusetts,175206,Risk International,Business Services,"Fairlawn, Ohio, United States",2018-06-28,Recapitalization,2024-10-02,Divestiture,6.3,False,,0,0,https://mergr.com/company/175206,2026-09-04T01:03:59Z
737,BV Investment Partners,Massachusetts,246009,Precision Nutrition,Software,"Toronto, Ontario, Canada",2017-12-04,Growth Capital,,,8.8,True,,0,0,https://mergr.com/company/246009,2026-09-04T01:03:59Z
737,BV Investment Partners,Massachusetts,245921,Apps Associates,Information Technology,"Acton, Massachusetts, United States",2017-11-30,Growth Capital,2021-07-14,Trade Sale - Public Company,3.6,False,,2,0,https://mergr.com/company/245921,2026-09-04T01:03:59Z
737,BV Investment Partners,Massachusetts,240732,SchoolMint,Internet Software and Services,"Lafayette, Louisiana, United States",2017-06-19,Growth Capital,,,9.2,True,,1,0,https://mergr.com/company/240732,2026-09-04T01:03:59Z
737,BV Investment Partners,Massachusetts,279032,C-4 Analytics,Marketing,"Wakefield, Massachusetts, United States",2017-01-18,Growth Capital,2024-05-01,Trade Sale - Public Company,7.3,False,,0,0,https://mergr.com/company/279032,2026-09-04T01:03:59Z
737,BV Investment Partners,Massachusetts,227298,Rightworks,Internet Software and Services,"Nashua, New Hampshire, United States",2016-09-26,Recapitalization,,,9.9,True,,6,0,https://mergr.com/company/227298,2026-09-04T01:03:59Z
737,BV Investment Partners,Massachusetts,222489,C.F. Stinson,Apparel/Textiles,"Rochester Hills, Michigan, United States",2016-06-22,Growth Capital,,,10.2,True,,1,0,https://mergr.com/company/222489,2026-09-04T01:03:59Z
737,BV Investment Partners,Massachusetts,220398,"REAN Solutions, Inc.",Information Technology,"Herndon, Virginia, United States",2016-05-17,Growth Capital,,,10.3,True,,2,0,https://mergr.com/company/220398,2026-09-04T01:03:59Z
737,BV Investment Partners,Massachusetts,207666,geoLOGIC,Software,"Calgary, Alberta, Canada",2015-10-19,Growth Capital,,,10.8,True,,3,0,https://mergr.com/company/207666,2026-09-04T01:03:59Z
737,BV Investment Partners,Massachusetts,123889,Plasco ID,E-Commerce,"Miami, Florida, United States",2014-12-18,Stake Purchase,2019-08-15,Divestiture,4.6,False,,0,0,https://mergr.com/company/123889,2026-09-04T01:03:59Z
737,BV Investment Partners,Massachusetts,202703,TriCore Solutions LLC,Information Technology,"Norwell, Massachusetts, United States",2014-11-12,Growth Capital,2017-05-25,Divestiture,2.5,False,,3,0,https://mergr.com/company/202703,2026-09-04T01:03:59Z
737,BV Investment Partners,Massachusetts,60518,ECRM,Software,"Solon, United States",2013-07-09,Recapitalization,2016-06-23,Trade Sale - Public Company,2.9,False,,1,0,https://mergr.com/company/60518,2026-09-04T01:03:59Z
737,BV Investment Partners,Massachusetts,35169,"INetU, Inc.",Information Technology,"Allentown, Pennsylvania, United States",2013-01-08,Recapitalization,2015-11-16,Divestiture,2.8,False,,0,0,https://mergr.com/company/35169,2026-09-04T01:03:59Z
737,BV Investment Partners,Massachusetts,193104,Health Information Designs LLC,Information Technology,"Auburn, Alabama, United States",2012-05-01,Recapitalization,2018-07-31,Divestiture,6.2,False,,1,0,https://mergr.com/company/193104,2026-09-04T01:03:59Z
737,BV Investment Partners,Massachusetts,19484,DTiQ,Information Technology,"Framingham, Massachusetts, United States",2012-03-15,Recapitalization,2021-12-09,Trade Sale - Public Company,9.7,False,,1,0,https://mergr.com/company/19484,2026-09-04T01:03:59Z
737,BV Investment Partners,Massachusetts,21436,Butterfield Fulcrum Group Ltd.,Business Services,"Hamilton, Bermuda",2011-02-09,Secondary Buyout,2013-09-24,Divestiture,2.6,False,,0,0,https://mergr.com/company/21436,2026-09-04T01:03:59Z
737,BV Investment Partners,Massachusetts,26336,PetroSkills,Education,"Tulsa, Oklahoma, United States",2010-09-28,Recapitalization,2025-02-15,Divestiture,14.3,False,,1,0,https://mergr.com/company/26336,2026-09-04T01:03:59Z
737,BV Investment Partners,Massachusetts,20293,"Oakstone Publishing, LLC",Publishing,"Birmingham, Alabama, United States",2008-06-01,"Buyout (LBO, MBO, MBI)",2014-12-02,Divestiture,6.5,False,,0,0,https://mergr.com/company/20293,2026-09-04T01:03:59Z
737,BV Investment Partners,Massachusetts,20295,Petty Holdings,Leisure,"Charlotte, North Carolina, United States",2008-06-01,"Buyout (LBO, MBO, MBI)",,,18.3,True,,0,0,https://mergr.com/company/20295,2026-09-04T01:03:59Z
737,BV Investment Partners,Massachusetts,5559,"ITM TwentyFirst, LLC",Insurance,"Minneapolis, Minnesota, United States",2007-06-28,"Buyout (LBO, MBO, MBI)",,,19.2,True,,0,0,https://mergr.com/company/5559,2026-09-04T01:03:59Z
737,BV Investment Partners,Massachusetts,8711,EMS Management & Consultants,Business Services,"Lewisville, North Carolina, United States",2007-03-01,"Buyout (LBO, MBO, MBI)",,,19.5,True,,1,0,https://mergr.com/company/8711,2026-09-04T01:03:59Z
737,BV Investment Partners,Massachusetts,5562,HomePages LLC,Publishing,"Dekalb, Illinois, United States",2007-01-01,Venture,,,19.7,True,,0,0,https://mergr.com/company/5562,2026-09-04T01:03:59Z
737,BV Investment Partners,Massachusetts,20296,Vision Communications LLC,Communications,"Larose, Louisiana, United States",2007-01-01,"Buyout (LBO, MBO, MBI)",2011-09-20,Divestiture,4.7,False,,0,0,https://mergr.com/company/20296,2026-09-04T01:03:59Z
737,BV Investment Partners,Massachusetts,5567,"EnTouch Holdings, LLC",Communications,"Houston, Texas, United States",2006-11-01,"Buyout (LBO, MBO, MBI)",,,19.8,True,,0,0,https://mergr.com/company/5567,2026-09-04T01:03:59Z
737,BV Investment Partners,Massachusetts,5564,New Track Media LLC,Publishing,"Cincinnati, Ohio, United States",2006-01-01,"Buyout (LBO, MBO, MBI)",2014-01-17,Divestiture,8,False,,0,0,https://mergr.com/company/5564,2026-09-04T01:03:59Z
737,BV Investment Partners,Massachusetts,5563,Medley Global Advisors LLC,Business Services,"New York, New York, United States",2005-12-14,"Buyout (LBO, MBO, MBI)",2010-02-03,Divestiture,4.1,False,,0,0,https://mergr.com/company/5563,2026-09-04T01:03:59Z
737,BV Investment Partners,Massachusetts,5569,"Harron Communications, LP",Communications,"Frazer, Pennsylvania, United States",2005-09-01,"Buyout (LBO, MBO, MBI)",,,21,True,,0,2,https://mergr.com/company/5569,2026-09-04T01:03:59Z
737,BV Investment Partners,Massachusetts,5561,"Smith Media, LLC",Media,"Los Angeles, California, United States",2004-11-01,"Buyout (LBO, MBO, MBI)",,,21.8,True,,0,0,https://mergr.com/company/5561,2026-09-04T01:03:59Z
737,BV Investment Partners,Massachusetts,7627,Decision Resources LLC,Healthcare Services,"Burlington, Massachusetts, United States",2004-01-05,"Buyout (LBO, MBO, MBI)",2007-05-21,Trade Sale - Public Company,3.3,False,,0,0,https://mergr.com/company/7627,2026-09-04T01:03:59Z
737,BV Investment Partners,Massachusetts,31308,a360media,Publishing,"New York, New York, United States",2003-01-01,Stake Purchase,2010-11-01,Bankruptcy,7.8,False,,0,0,https://mergr.com/company/31308,2026-09-04T01:03:59Z
737,BV Investment Partners,Massachusetts,3220,Backyard Broadcasting Holdings LLC,Media,"Jacksonville, Florida, United States",2001-04-01,"Buyout (LBO, MBO, MBI)",,,25.4,True,,0,0,https://mergr.com/company/3220,2026-09-04T01:03:59Z
737,BV Investment Partners,Massachusetts,221537,Northstar Travel Group,Information Services,"Rutherford, New Jersey, United States",2001-01-01,Divestiture,2012-07-09,Trade Sale - Public Company,11.5,False,,0,0,https://mergr.com/company/221537,2026-09-04T01:03:59Z
737,BV Investment Partners,Massachusetts,26337,"Rave Reviews Cinemas, LLC",Consumer Services,"Dallas, Texas, United States",1999-11-01,"Buyout (LBO, MBO, MBI)",,,26.8,True,,0,1,https://mergr.com/company/26337,2026-09-04T01:03:59Z
737,BV Investment Partners,Massachusetts,5566,PartMiner,Distribution,"Centennial, Colorado, United States",1999-01-01,"Buyout (LBO, MBO, MBI)",,,27.7,True,,0,0,https://mergr.com/company/5566,2026-09-04T01:03:59Z
737,BV Investment Partners,Massachusetts,23820,Six Flags (old),Leisure,"Arlington, Texas, United States",1991-12-01,"Buyout (LBO, MBO, MBI)",,,34.8,True,1426,0,1,https://mergr.com/company/23820,2026-09-04T01:03:59Z
555,TA Associates,Massachusetts,352158,Oxane Partners,Financial Services,"Watford, United States",2026-07-29,Growth Capital,,,0.1,True,,0,0,https://mergr.com/company/352158,2026-09-04T01:03:59Z
555,TA Associates,Massachusetts,350482,AIRS Medical,Software,"Seoul, South Korea",2026-06-16,Growth Capital,,,0.2,True,,0,0,https://mergr.com/company/350482,2026-09-04T01:03:59Z
555,TA Associates,Massachusetts,349061,Govineer Solutions,Software,"Provo, Utah, United States",2026-05-12,Growth Capital,,,0.3,True,,0,0,https://mergr.com/company/349061,2026-09-04T01:03:59Z
555,TA Associates,Massachusetts,347538,iBase-t,Software,"Foothill Ranch, California, United States",2026-03-31,Growth Capital,,,0.4,True,,0,0,https://mergr.com/company/347538,2026-09-04T01:03:59Z
555,TA Associates,Massachusetts,347112,Too Lost,Media,"New York, New York, United States",2026-03-16,Growth Capital,,,0.4,True,,0,0,https://mergr.com/company/347112,2026-09-04T01:03:59Z
555,TA Associates,Massachusetts,235038,PureSpectrum,Internet Software and Services,"Westlake Village, California, United States",2026-01-07,Growth Capital,,,0.6,True,,0,0,https://mergr.com/company/235038,2026-09-04T01:03:59Z
555,TA Associates,Massachusetts,39493,OneSource Virtual,Internet Software and Services,"Dallas, Texas, United States",2026-01-07,Divestiture,,,0.6,True,,0,0,https://mergr.com/company/39493,2026-09-04T01:03:59Z
555,TA Associates,Massachusetts,288090,PairSoft,Software,"Miami, Florida, United States",2025-12-17,Secondary Buyout,,,0.7,True,,1,0,https://mergr.com/company/288090,2026-09-04T01:03:59Z
555,TA Associates,Massachusetts,345623,Lanas,Software,"Dublin, Ireland",2025-11-12,"Buyout (LBO, MBO, MBI)",,,0.8,True,,0,0,https://mergr.com/company/345623,2026-09-04T01:03:59Z
555,TA Associates,Massachusetts,299401,FinQuery,Software,"Atlanta, Georgia, United States",2025-10-02,"Buyout (LBO, MBO, MBI)",,,0.9,True,,0,0,https://mergr.com/company/299401,2026-09-04T01:03:59Z
555,TA Associates,Massachusetts,338616,KX,Information Technology,"New York, New York, United States",2025-07-23,"Buyout (LBO, MBO, MBI)",,,1.1,True,,0,0,https://mergr.com/company/338616,2026-09-04T01:03:59Z
555,TA Associates,Massachusetts,337916,Viridian Financial Group,Financial Services,"Melbourne, Australia",2025-06-29,Growth Capital,,,1.2,True,,0,0,https://mergr.com/company/337916,2026-09-04T01:03:59Z
555,TA Associates,Massachusetts,261107,Solabia Group,Manufacturing,"Paris, France",2025-05-07,Secondary Buyout,2025-05-07,Trade Sale - Public Company,0,False,,0,0,https://mergr.com/company/261107,2026-09-04T01:03:59Z
555,TA Associates,Massachusetts,189189,smartTrade Technologies,Software,"Aix-en-Provence, France",2025-04-03,Secondary Buyout,,,1.4,True,,1,0,https://mergr.com/company/189189,2026-09-04T01:03:59Z
555,TA Associates,Massachusetts,234871,QIMA,Internet Software and Services,"Hong Kong, China",2025-03-20,Secondary Buyout,,,1.4,True,,0,1,https://mergr.com/company/234871,2026-09-04T01:03:59Z
555,TA Associates,Massachusetts,345651,PTMA Financial Solutions,Financial Services,"Denver, Colorado, United States",2025-03-19,Consolidation,,,1.4,True,,2,0,https://mergr.com/company/345651,2026-09-04T01:03:59Z
555,TA Associates,Massachusetts,345614,Nous Infosystems,Information Technology,"Edison, New Jersey, United States",2025-03-17,Growth Capital,,,1.4,True,,0,0,https://mergr.com/company/345614,2026-09-04T01:03:59Z
555,TA Associates,Massachusetts,334369,Egnyte,Internet Software and Services,"Mountain View, California, United States",2025-02-25,Growth Capital,,,1.5,True,,0,0,https://mergr.com/company/334369,2026-09-04T01:03:59Z
555,TA Associates,Massachusetts,333419,Brycer,Information Technology,"Warrenville, Illinois, United States",2025-01-30,Growth Capital,,,1.6,True,,0,0,https://mergr.com/company/333419,2026-09-04T01:03:59Z
555,TA Associates,Massachusetts,207698,Nexus,Information Technology,"Donaueschingen, Germany",2025-01-13,Going Private,,,1.6,True,294,1,0,https://mergr.com/company/207698,2026-09-04T01:03:59Z
555,TA Associates,Massachusetts,345591,FGE NexantECA,Information Services,"London, United Kingdom",2025-01-01,"Buyout (LBO, MBO, MBI)",,,1.7,True,,1,0,https://mergr.com/company/345591,2026-09-04T01:03:59Z
555,TA Associates,Massachusetts,345565,Craigs,Financial Services,"Tauranga, New Zealand",2024-12-19,Growth Capital,,,1.7,True,,0,0,https://mergr.com/company/345565,2026-09-04T01:03:59Z
555,TA Associates,Massachusetts,340977,Vee Healthtek,Information Technology,"Plano, Texas, United States",2024-11-18,Growth Capital,,,1.8,True,,1,0,https://mergr.com/company/340977,2026-09-04T01:03:59Z
555,TA Associates,Massachusetts,338001,Volue,Information Technology,"Oslo, Norway",2024-10-28,Going Private,,,1.8,True,,1,1,https://mergr.com/company/338001,2026-09-04T01:03:59Z
555,TA Associates,Massachusetts,4144,Solifi,Internet Software and Services,"Minneapolis, Minnesota, United States",2024-10-09,Secondary Buyout,,,1.8,True,,1,0,https://mergr.com/company/4144,2026-09-04T01:03:59Z
555,TA Associates,Massachusetts,328389,AlephYa,Education,"Dubai, United Arab Emirates",2024-09-01,Secondary Buyout,,,2,True,,0,0,https://mergr.com/company/328389,2026-09-04T01:03:59Z
555,TA Associates,Massachusetts,345613,Harvest,Software,"Paris, France",2024-08-27,"Buyout (LBO, MBO, MBI)",,,2,True,,1,0,https://mergr.com/company/345613,2026-09-04T01:03:59Z
555,TA Associates,Massachusetts,24687,Bluegrass Ingredients,Food,"Bowling Green, Kentucky, United States",2024-06-12,Secondary Buyout,,,2.2,True,,0,0,https://mergr.com/company/24687,2026-09-04T01:03:59Z
555,TA Associates,Massachusetts,257941,Doxis,Software,"Bonn, Germany",2024-03-21,Secondary Buyout,,,2.4,True,,1,0,https://mergr.com/company/257941,2026-09-04T01:03:59Z
555,TA Associates,Massachusetts,322729,PowerGEM,Software,"Clifton Park, New York, United States",2024-03-13,Growth Capital,,,2.4,True,,3,0,https://mergr.com/company/322729,2026-09-04T01:03:59Z
555,TA Associates,Massachusetts,291156,AGA Benefit Solutions,Insurance,"Westmount , Quebec, Canada",2024-03-05,Secondary Buyout,,,2.4,True,,0,0,https://mergr.com/company/291156,2026-09-04T01:03:59Z
555,TA Associates,Massachusetts,266600,Agilio Software,Software,"Sheffield, United Kingdom",2024-02-19,Secondary Buyout,,,2.5,True,,0,0,https://mergr.com/company/266600,2026-09-04T01:03:59Z
555,TA Associates,Massachusetts,270498,PMA Financial Network,Financial Services,"Naperville, Illinois, United States",2024-02-09,Secondary Buyout,2025-03-19,Spin Off,1.1,False,,0,0,https://mergr.com/company/270498,2026-09-04T01:03:59Z
555,TA Associates,Massachusetts,320752,Public Trust Advisors,Financial Services,"Denver, Colorado, United States",2024-01-16,Growth Capital,2025-03-19,Spin Off,1.2,False,,0,0,https://mergr.com/company/320752,2026-09-04T01:03:59Z
555,TA Associates,Massachusetts,291119,Rocscience,Software,"Toronto, Ontario, Canada",2024-01-08,Growth Capital,,,2.6,True,,4,0,https://mergr.com/company/291119,2026-09-04T01:03:59Z
555,TA Associates,Massachusetts,318637,KatRisk,Software,"Berkeley, California, United States",2023-11-03,Growth Capital,2024-11-18,Divestiture,1,False,,0,0,https://mergr.com/company/318637,2026-09-04T01:03:59Z
555,TA Associates,Massachusetts,300887,Valoria Capital,Financial Services,"Paris, France",2023-09-01,Stake Purchase,,,3,True,,0,0,https://mergr.com/company/300887,2026-09-04T01:03:59Z
555,TA Associates,Massachusetts,264581,epassi,Information Technology,"Helsinki, Finland",2023-08-09,Secondary Buyout,,,3,True,,3,0,https://mergr.com/company/264581,2026-09-04T01:03:59Z
555,TA Associates,Massachusetts,88313,Certinia,Internet Software and Services,"Austin, Texas, United States",2023-07-26,Secondary Buyout,,,3.1,True,,1,0,https://mergr.com/company/88313,2026-09-04T01:03:59Z
555,TA Associates,Massachusetts,317948,Kinective,Software,"Gilbert, Arizona, United States",2023-06-06,"Buyout (LBO, MBO, MBI)",,,3.2,True,,8,0,https://mergr.com/company/317948,2026-09-04T01:03:59Z
555,TA Associates,Massachusetts,295877,Diatech Pharmacogenetics,Life Science,"Jesi, Italy",2023-04-26,Stake Purchase,,,3.3,True,,0,0,https://mergr.com/company/295877,2026-09-04T01:03:59Z
555,TA Associates,Massachusetts,309140,Synokem Pharmaceuticals,Life Science,"Delhi, India",2023-01-18,Growth Capital,,,3.6,True,,0,0,https://mergr.com/company/309140,2026-09-04T01:03:59Z
555,TA Associates,Massachusetts,318562,Cliffwater,Financial Services,"Marina del Rey, California, United States",2023-01-01,Stake Purchase,,,3.7,True,,0,0,https://mergr.com/company/318562,2026-09-04T01:03:59Z
555,TA Associates,Massachusetts,305955,Lumivero,Software,"Denver, Colorado, United States",2022-10-04,Consolidation,,,3.9,True,,7,1,https://mergr.com/company/305955,2026-09-04T01:03:59Z
555,TA Associates,Massachusetts,125797,CSI,Internet Software and Services,"Paducah, Kentucky, United States",2022-08-22,Going Private,,,4,True,54,3,0,https://mergr.com/company/125797,2026-09-04T01:03:59Z
555,TA Associates,Massachusetts,303648,Technosylva,Information Technology,"San Diego, California, United States",2022-08-15,Growth Capital,,,4,True,,1,0,https://mergr.com/company/303648,2026-09-04T01:03:59Z
555,TA Associates,Massachusetts,107041,Green Street,Information Services,"Newport Beach, California, United States",2022-07-19,Secondary Buyout,,,4.1,True,,0,0,https://mergr.com/company/107041,2026-09-04T01:03:59Z
555,TA Associates,Massachusetts,305067,Advantive,Software,"Tampa, Florida, United States",2022-06-28,Consolidation,,,4.2,True,,9,0,https://mergr.com/company/305067,2026-09-04T01:03:59Z
555,TA Associates,Massachusetts,301763,Faria,Education,"London, United Kingdom",2022-06-27,Growth Capital,,,4.2,True,,1,0,https://mergr.com/company/301763,2026-09-04T01:03:59Z
555,TA Associates,Massachusetts,299206,LeadsOnline,Information Services,"Plano, Texas, United States",2022-05-17,Growth Capital,,,4.3,True,,2,0,https://mergr.com/company/299206,2026-09-04T01:03:59Z
555,TA Associates,Massachusetts,299594,Zifo,Information Technology,"Chennai, India",2022-05-09,Growth Capital,,,4.3,True,,0,0,https://mergr.com/company/299594,2026-09-04T01:03:59Z
555,TA Associates,Massachusetts,318563,esPublico,Software,"Zaragoza, Spain",2022-05-09,"Buyout (LBO, MBO, MBI)",,,4.3,True,,0,0,https://mergr.com/company/318563,2026-09-04T01:03:59Z
555,TA Associates,Massachusetts,24854,Tungsten Automation,Information Technology,"Irvine, California, United States",2022-04-26,Secondary Buyout,,,4.3,True,290,2,0,https://mergr.com/company/24854,2026-09-04T01:03:59Z
555,TA Associates,Massachusetts,280861,Advantice Health,Consumer Products,"Bridgewater, New Jersey, United States",2022-04-01,Secondary Buyout,,,4.4,True,,0,0,https://mergr.com/company/280861,2026-09-04T01:03:59Z
555,TA Associates,Massachusetts,24952,TouchTunes,Digital Media,"New York, New York, United States",2022-03-30,Secondary Buyout,,,4.4,True,,1,0,https://mergr.com/company/24952,2026-09-04T01:03:59Z
555,TA Associates,Massachusetts,237243,Veracode,Software,"Burlington, Massachusetts, United States",2022-03-15,Secondary Buyout,,,4.4,True,,3,0,https://mergr.com/company/237243,2026-09-04T01:03:59Z
555,TA Associates,Massachusetts,6805,Stonewall Kitchen,Food,"York, Maine, United States",2022-03-14,Secondary Buyout,,,4.4,True,,0,0,https://mergr.com/company/6805,2026-09-04T01:03:59Z
555,TA Associates,Massachusetts,305064,PrimeRx,Software,"Syosset, New York, United States",2022-02-24,Growth Capital,,,4.5,True,,0,0,https://mergr.com/company/305064,2026-09-04T01:03:59Z
555,TA Associates,Massachusetts,243048,Chaos,Software,"Karlsruhe, Germany",2022-01-11,"Buyout (LBO, MBO, MBI)",,,4.6,True,,1,0,https://mergr.com/company/243048,2026-09-04T01:03:59Z
555,TA Associates,Massachusetts,293614,Adcubum,Software,"St. Gallen, Switzerland",2021-12-10,Growth Capital,2025-07-14,Divestiture,3.6,False,,1,0,https://mergr.com/company/293614,2026-09-04T01:03:59Z
555,TA Associates,Massachusetts,256137,Nactarome,Food,"Milan, Italy",2021-11-24,Secondary Buyout,,,4.8,True,,0,0,https://mergr.com/company/256137,2026-09-04T01:03:59Z
555,TA Associates,Massachusetts,305062,Death Wish Coffee,Beverages,"Saratoga Springs, New York, United States",2021-11-21,Stake Purchase,,,4.8,True,,0,0,https://mergr.com/company/305062,2026-09-04T01:03:59Z
555,TA Associates,Massachusetts,292714,VitalEdge Technologies,Software,"Cary, North Carolina, United States",2021-11-17,Growth Capital,,,4.8,True,,2,0,https://mergr.com/company/292714,2026-09-04T01:03:59Z
555,TA Associates,Massachusetts,290827,Caprock,Financial Services,"Boise, Idaho, United States",2021-09-28,Growth Capital,,,4.9,True,,0,0,https://mergr.com/company/290827,2026-09-04T01:03:59Z
555,TA Associates,Massachusetts,120969,Mediaocean,Software,"New York, New York, United States",2021-08-31,Stake Purchase,,,5,True,,3,1,https://mergr.com/company/120969,2026-09-04T01:03:59Z
555,TA Associates,Massachusetts,289594,PDQ.com,Software,"Salt Lake City, Utah, United States",2021-08-24,Growth Capital,,,5,True,,3,0,https://mergr.com/company/289594,2026-09-04T01:03:59Z
555,TA Associates,Massachusetts,181762,Elos Medtech,Medical Products,"Gothenburg, Sweden",2021-07-27,Stake Purchase,,,5.1,True,82,1,0,https://mergr.com/company/181762,2026-09-04T01:03:59Z
555,TA Associates,Massachusetts,288406,Revalize,Software,"Jacksonville, Florida, United States",2021-06-29,"Buyout (LBO, MBO, MBI)",,,5.2,True,,10,0,https://mergr.com/company/288406,2026-09-04T01:03:59Z
555,TA Associates,Massachusetts,285140,Radiant Logic,Software,"Novato, California, United States",2021-05-10,Growth Capital,,,5.3,True,,1,0,https://mergr.com/company/285140,2026-09-04T01:03:59Z
555,TA Associates,Massachusetts,285064,InCorp,Business Services,"Singapore, Singapore",2021-05-07,Secondary Buyout,,,5.3,True,,0,0,https://mergr.com/company/285064,2026-09-04T01:03:59Z
555,TA Associates,Massachusetts,71525,Unit4,Internet Software and Services,"Sliedrecht, Netherlands",2021-03-22,Secondary Buyout,,,5.4,True,,2,0,https://mergr.com/company/71525,2026-09-04T01:03:59Z
555,TA Associates,Massachusetts,13322,WorkWave,Internet Software and Services,"Holmdel, New Jersey, United States",2021-03-18,Divestiture,,,5.4,True,,4,0,https://mergr.com/company/13322,2026-09-04T01:03:59Z
555,TA Associates,Massachusetts,282575,BetaShares,Financial Services,"Sydney, Australia",2021-03-07,Growth Capital,,,5.4,True,,0,0,https://mergr.com/company/282575,2026-09-04T01:03:59Z
555,TA Associates,Massachusetts,15358,Precisely,Software,"Burlington, Massachusetts, United States",2021-03-03,Secondary Buyout,,,5.5,True,,7,0,https://mergr.com/company/15358,2026-09-04T01:03:59Z
555,TA Associates,Massachusetts,196582,Fairstone Group,Financial Services,"Sunderland, United Kingdom",2021-02-25,Secondary Buyout,,,5.5,True,,0,0,https://mergr.com/company/196582,2026-09-04T01:03:59Z
555,TA Associates,Massachusetts,150969,Backstage,Internet Software and Services,"Brooklyn, New York, United States",2021-02-22,Growth Capital,2022-02-01,Divestiture,0.9,False,,6,0,https://mergr.com/company/150969,2026-09-04T01:03:59Z
555,TA Associates,Massachusetts,281792,IGEL,Software,"Bremen, Germany",2021-02-15,Growth Capital,,,5.5,True,,1,0,https://mergr.com/company/281792,2026-09-04T01:03:59Z
555,TA Associates,Massachusetts,206948,Orisha,Software,"Paris, France",2021-02-02,Secondary Buyout,,,5.6,True,56,5,0,https://mergr.com/company/206948,2026-09-04T01:03:59Z
555,TA Associates,Massachusetts,305065,Navia Benefit Solutions,Healthcare Services,"Renton, Washington, United States",2021-02-01,Secondary Buyout,,,5.6,True,,0,0,https://mergr.com/company/305065,2026-09-04T01:03:59Z
555,TA Associates,Massachusetts,233475,OmniActive Health Technologies,Medical Products,"Mumbai, India",2021-01-11,Secondary Buyout,,,5.6,True,,1,0,https://mergr.com/company/233475,2026-09-04T01:03:59Z
555,TA Associates,Massachusetts,293403,MRH Trowe,Insurance,"Frankfurt, Germany",2021-01-06,Growth Capital,,,5.6,True,68,7,0,https://mergr.com/company/293403,2026-09-04T01:03:59Z
555,TA Associates,Massachusetts,250559,Mid America Pet Food,Consumer Products,"Mount Pleasant, Texas, United States",2020-12-16,Secondary Buyout,,,5.7,True,,1,0,https://mergr.com/company/250559,2026-09-04T01:03:59Z
555,TA Associates,Massachusetts,279309,Benecon,Insurance,"Lititz, Pennsylvania, United States",2020-12-15,Growth Capital,,,5.7,True,,0,0,https://mergr.com/company/279309,2026-09-04T01:03:59Z
555,TA Associates,Massachusetts,286284,Stackline,E-Commerce,"Seattle, Washington, United States",2020-11-19,Venture,,,5.8,True,,0,0,https://mergr.com/company/286284,2026-09-04T01:03:59Z
555,TA Associates,Massachusetts,13807,Planview,Software,"Austin, Texas, United States",2020-11-10,Secondary Buyout,,,5.8,True,,6,0,https://mergr.com/company/13807,2026-09-04T01:03:59Z
555,TA Associates,Massachusetts,77425,Priority,Software,"Rosh Haayin, Israel",2020-10-05,Stake Purchase,2024-05-16,Trade Sale - Public Company,3.6,False,,4,0,https://mergr.com/company/77425,2026-09-04T01:03:59Z
555,TA Associates,Massachusetts,231804,Surfaces Group,Manufacturing,"Cenate Sotto, Italy",2020-08-07,Secondary Buyout,,,6,True,,0,0,https://mergr.com/company/231804,2026-09-04T01:03:59Z
555,TA Associates,Massachusetts,274571,Edifecs,Software,"Bellevue, Washington, United States",2020-07-28,Growth Capital,2025-02-10,Divestiture,4.5,False,,2,0,https://mergr.com/company/274571,2026-09-04T01:03:59Z
555,TA Associates,Massachusetts,257448,Hornetsecurity,Internet Software and Services,"Hannover, Germany",2020-07-28,Growth Capital,2025-05-15,Divestiture,4.8,False,,4,0,https://mergr.com/company/257448,2026-09-04T01:03:59Z
555,TA Associates,Massachusetts,196753,Appfire,Software,"Burlington, Massachusetts, United States",2020-06-09,Growth Capital,,,6.2,True,,17,0,https://mergr.com/company/196753,2026-09-04T01:03:59Z
555,TA Associates,Massachusetts,272281,Honan Insurance Group,Insurance,"Docklands, Australia",2020-05-17,Growth Capital,2023-08-21,Divestiture,3.3,False,,1,0,https://mergr.com/company/272281,2026-09-04T01:03:59Z
555,TA Associates,Massachusetts,270524,Accion Labs,Information Technology,"Bridgeville, Pennsylvania, United States",2020-03-26,Growth Capital,,,6.4,True,,0,0,https://mergr.com/company/270524,2026-09-04T01:03:59Z
555,TA Associates,Massachusetts,206489,8am,Internet Software and Services,"Austin, Texas, United States",2020-02-25,Stake Purchase,,,6.5,True,,2,1,https://mergr.com/company/206489,2026-09-04T01:03:59Z
555,TA Associates,Massachusetts,57070,Auction Technology Group,E-Commerce,"London, United Kingdom",2020-02-14,Secondary Buyout,2021-03-02,IPO,1,False,200,2,0,https://mergr.com/company/57070,2026-09-04T01:03:59Z
555,TA Associates,Massachusetts,232015,Intelerad,Software,"Montreal, Quebec, Canada",2020-01-23,Secondary Buyout,2025-11-20,Divestiture,5.8,False,,6,0,https://mergr.com/company/232015,2026-09-04T01:03:59Z
555,TA Associates,Massachusetts,24160,Netrisk,Insurance,"Budapest, Hungary",2020-01-08,Stake Purchase,,,6.6,True,,1,0,https://mergr.com/company/24160,2026-09-04T01:03:59Z
555,TA Associates,Massachusetts,265997,Solarity,Internet Software and Services,"St. Louis, Missouri, United States",2019-11-05,"Buyout (LBO, MBO, MBI)",,,6.8,True,,0,0,https://mergr.com/company/265997,2026-09-04T01:03:59Z
555,TA Associates,Massachusetts,33829,DigiCert,Information Technology,"Lehi, Utah, United States",2019-10-16,Secondary Buyout,,,6.8,True,,4,0,https://mergr.com/company/33829,2026-09-04T01:03:59Z
555,TA Associates,Massachusetts,264100,MISA,Software,"Hanoi City, Vietnam",2019-09-08,Stake Purchase,,,6.9,True,,0,0,https://mergr.com/company/264100,2026-09-04T01:03:59Z
555,TA Associates,Massachusetts,263755,Gong Cha,Beverages,"Kaohsiung City, Taiwan",2019-08-26,Growth Capital,2026-08-05,Trade Sale - Public Company,6.9,False,,0,0,https://mergr.com/company/263755,2026-09-04T01:03:59Z
6078,PSG,Massachusetts,351386,BrightAnalytics,Software,"Hooglede, Belgium",2026-07-09,Growth Capital,,,0.1,True,,0,0,https://mergr.com/company/351386,2026-09-04T01:03:59Z
6078,PSG,Massachusetts,234834,Dockwa,Internet Software and Services,"Newport, Rhode Island, United States",2026-06-03,Growth Capital,,,0.3,True,,0,0,https://mergr.com/company/234834,2026-09-04T01:03:59Z
6078,PSG,Massachusetts,350707,QualityHosting,Internet Software and Services,"Gelnhausen, Germany",2025-10-29,Growth Capital,,,0.8,True,,0,0,https://mergr.com/company/350707,2026-09-04T01:03:59Z
6078,PSG,Massachusetts,350654,Emotion Mobility,Internet Software and Services,"Oeiras, Portugal",2025-09-18,Growth Capital,,,0.9,True,,0,0,https://mergr.com/company/350654,2026-09-04T01:03:59Z
6078,PSG,Massachusetts,333569,HeroDevs,Software,"Sandy, Utah, United States",2025-07-24,Growth Capital,,,1.1,True,,0,0,https://mergr.com/company/333569,2026-09-04T01:03:59Z
6078,PSG,Massachusetts,337450,Button,Internet Software and Services,"New York, New York, United States",2025-06-16,Growth Capital,,,1.2,True,,0,0,https://mergr.com/company/337450,2026-09-04T01:03:59Z
6078,PSG,Massachusetts,288415,Uptick,Software,"Abbotsford, Australia",2025-06-05,Secondary Buyout,,,1.2,True,,0,0,https://mergr.com/company/288415,2026-09-04T01:03:59Z
6078,PSG,Massachusetts,350746,Glasswall,Information Technology,"London, United Kingdom",2025-04-24,Growth Capital,,,1.3,True,,0,0,https://mergr.com/company/350746,2026-09-04T01:03:59Z
6078,PSG,Massachusetts,193576,JAMS,Software,"Farmington, Connecticut, United States",2025-04-22,Divestiture,,,1.3,True,,0,0,https://mergr.com/company/193576,2026-09-04T01:03:59Z
6078,PSG,Massachusetts,307420,Protecht Group,Software,"Sydney, Australia",2025-03-25,Growth Capital,,,1.4,True,,1,0,https://mergr.com/company/307420,2026-09-04T01:03:59Z
6078,PSG,Massachusetts,334779,Lightkeeper,Information Technology,"Boston, Massachusetts, United States",2025-03-14,Growth Capital,,,1.4,True,,0,0,https://mergr.com/company/334779,2026-09-04T01:03:59Z
6078,PSG,Massachusetts,334249,Checkmk,Software,"Munich , Germany",2025-02-26,Growth Capital,,,1.5,True,,0,0,https://mergr.com/company/334249,2026-09-04T01:03:59Z
6078,PSG,Massachusetts,333911,Uscreen,Internet Software and Services,"Bethesda, Maryland, United States",2025-02-13,Growth Capital,,,1.5,True,,0,0,https://mergr.com/company/333911,2026-09-04T01:03:59Z
6078,PSG,Massachusetts,335813,Libraesva,Information Technology,"Lecco, Italy",2025-02-04,"Buyout (LBO, MBO, MBI)",,,1.6,True,,0,0,https://mergr.com/company/335813,2026-09-04T01:03:59Z
6078,PSG,Massachusetts,332846,Core Sound Imaging,Medical Products,"Raleigh, North Carolina, United States",2025-01-16,Growth Capital,,,1.6,True,,1,0,https://mergr.com/company/332846,2026-09-04T01:03:59Z
6078,PSG,Massachusetts,332522,Portico,Software,"Sunrise, Florida, United States",2025-01-07,Growth Capital,,,1.6,True,,0,0,https://mergr.com/company/332522,2026-09-04T01:03:59Z
6078,PSG,Massachusetts,318731,Element451,Internet Software and Services,"Raleigh, North Carolina, United States",2024-12-06,Growth Capital,,,1.7,True,,0,0,https://mergr.com/company/318731,2026-09-04T01:03:59Z
6078,PSG,Massachusetts,331112,PlentyONE,Internet Software and Services,"Kassel, Germany",2024-11-27,Growth Capital,,,1.8,True,,0,0,https://mergr.com/company/331112,2026-09-04T01:03:59Z
6078,PSG,Massachusetts,329306,Nym,Information Technology,"New York, New York, United States",2024-10-01,Growth Capital,,,1.9,True,,0,0,https://mergr.com/company/329306,2026-09-04T01:03:59Z
6078,PSG,Massachusetts,324355,Benchmark Analytics,Information Technology,"Chicago, Illinois, United States",2024-07-10,Growth Capital,,,2.1,True,,0,0,https://mergr.com/company/324355,2026-09-04T01:03:59Z
6078,PSG,Massachusetts,322986,Packback,Information Technology,"Chicago, Illinois, United States",2024-03-21,Growth Capital,,,2.4,True,,0,0,https://mergr.com/company/322986,2026-09-04T01:03:59Z
6078,PSG,Massachusetts,327056,XBE,Software,"Kansas City, Missouri, United States",2024-01-25,Growth Capital,,,2.6,True,,0,0,https://mergr.com/company/327056,2026-09-04T01:03:59Z
6078,PSG,Massachusetts,309433,Visit Group,Software,"Gothenburg, Sweden",2024-01-23,Secondary Buyout,,,2.6,True,,1,0,https://mergr.com/company/309433,2026-09-04T01:03:59Z
6078,PSG,Massachusetts,319298,One Click LCA,Software,"Helsinki, Finland",2023-11-28,Growth Capital,,,2.8,True,,0,0,https://mergr.com/company/319298,2026-09-04T01:03:59Z
6078,PSG,Massachusetts,278552,Diapason,Software,"Paris, France",2023-11-27,Secondary Buyout,,,2.8,True,14,0,0,https://mergr.com/company/278552,2026-09-04T01:03:59Z
6078,PSG,Massachusetts,318297,AirWorks,Software,"Boston, Massachusetts, United States",2023-10-24,Growth Capital,,,2.8,True,,0,0,https://mergr.com/company/318297,2026-09-04T01:03:59Z
6078,PSG,Massachusetts,345257,Coreforce,Information Technology,"Atlanta, Georgia, United States",2023-10-01,"Buyout (LBO, MBO, MBI)",,,2.9,True,,0,0,https://mergr.com/company/345257,2026-09-04T01:03:59Z
6078,PSG,Massachusetts,316913,Versatile Credit,Financial Services,"Mechanicsburg, Pennsylvania, United States",2023-09-13,Growth Capital,2025-10-01,Divestiture,2,False,,0,0,https://mergr.com/company/316913,2026-09-04T01:03:59Z
6078,PSG,Massachusetts,350706,MindBridge,Software,"Ottawa, Ontario, Canada",2023-07-25,Growth Capital,,,3.1,True,,0,0,https://mergr.com/company/350706,2026-09-04T01:03:59Z
6078,PSG,Massachusetts,314031,Loopback,Information Technology,"Dallas, Texas, United States",2023-06-08,Growth Capital,,,3.2,True,,0,0,https://mergr.com/company/314031,2026-09-04T01:03:59Z
6078,PSG,Massachusetts,335407,Hostaway,Software,"Helsinki, Finland",2023-05-31,Growth Capital,,,3.3,True,,0,0,https://mergr.com/company/335407,2026-09-04T01:03:59Z
6078,PSG,Massachusetts,334325,Xurrent,Information Technology,"Austin, California, United States",2023-05-25,Growth Capital,,,3.3,True,,1,0,https://mergr.com/company/334325,2026-09-04T01:03:59Z
6078,PSG,Massachusetts,315089,Buxton,Internet Software and Services,"Fort Worth, Texas, United States",2023-04-04,Growth Capital,,,3.4,True,,2,0,https://mergr.com/company/315089,2026-09-04T01:03:59Z
6078,PSG,Massachusetts,350642,Adeptia,Software,"Jupiter, Florida, United States",2023-03-22,Growth Capital,,,3.4,True,,0,0,https://mergr.com/company/350642,2026-09-04T01:03:59Z
6078,PSG,Massachusetts,257564,MentorcliQ,Software,"Columbus, Ohio, United States",2023-03-09,Growth Capital,,,3.4,True,,1,0,https://mergr.com/company/257564,2026-09-04T01:03:59Z
6078,PSG,Massachusetts,315162,N2F,Internet Software and Services,"Auvergne-Rhone-Alpes, France",2023-03-06,Growth Capital,,,3.4,True,,0,0,https://mergr.com/company/315162,2026-09-04T01:03:59Z
6078,PSG,Massachusetts,308780,Prodoscore,Software,"Irvine, California, United States",2023-01-05,Growth Capital,,,3.6,True,,0,0,https://mergr.com/company/308780,2026-09-04T01:03:59Z
6078,PSG,Massachusetts,350655,TrackerRMS,Internet Software and Services,"Knoxville, Tennessee, United States",2023-01-01,"Buyout (LBO, MBO, MBI)",,,3.7,True,,0,0,https://mergr.com/company/350655,2026-09-04T01:03:59Z
6078,PSG,Massachusetts,310762,Bilton,Internet Software and Services,"Tel Aviv, Israel",2022-11-17,Growth Capital,,,3.8,True,,0,0,https://mergr.com/company/310762,2026-09-04T01:03:59Z
6078,PSG,Massachusetts,310847,Revuze,Internet Software and Services," New York, New York, United States",2022-11-03,Growth Capital,,,3.8,True,,0,0,https://mergr.com/company/310847,2026-09-04T01:03:59Z
6078,PSG,Massachusetts,310841,PreVeil,Internet Software and Services,"Boston, Massachusetts, United States",2022-10-24,Venture,,,3.8,True,,0,0,https://mergr.com/company/310841,2026-09-04T01:03:59Z
6078,PSG,Massachusetts,274865,Athos Commerce,Information Technology,"San Antonio, Texas, United States",2022-09-27,Growth Capital,,,3.9,True,,2,0,https://mergr.com/company/274865,2026-09-04T01:03:59Z
6078,PSG,Massachusetts,310958,Zenchef,Internet Software and Services,"Paris, France",2022-09-19,Growth Capital,,,3.9,True,,0,0,https://mergr.com/company/310958,2026-09-04T01:03:59Z
6078,PSG,Massachusetts,310769,Bitwarden,Internet Software and Services,"Santa Barbara, California, United States",2022-09-06,Growth Capital,,,3.9,True,,0,0,https://mergr.com/company/310769,2026-09-04T01:03:59Z
6078,PSG,Massachusetts,310759,Addigy,Internet Software and Services,"Miami, Florida, United States",2022-08-16,Growth Capital,,,4,True,,0,0,https://mergr.com/company/310759,2026-09-04T01:03:59Z
6078,PSG,Massachusetts,310853,Rodeo Software,Internet Software and Services,"Amsterdam, Netherlands",2022-07-25,Growth Capital,2024-04-25,Bankruptcy,1.8,False,,0,0,https://mergr.com/company/310853,2026-09-04T01:03:59Z
6078,PSG,Massachusetts,242768,Sola,Financial Services,"Howell, New Jersey, United States",2022-07-19,Secondary Buyout,,,4.1,True,,0,0,https://mergr.com/company/242768,2026-09-04T01:03:59Z
6078,PSG,Massachusetts,310962,ZeroNorth,Internet Software and Services,"Copenhagen, Denmark",2022-06-02,Venture,,,4.3,True,,0,0,https://mergr.com/company/310962,2026-09-04T01:03:59Z
6078,PSG,Massachusetts,310836,Penny,Internet Software and Services,"Squamish, British Columbia, Canada",2022-06-01,Venture,,,4.3,True,,0,0,https://mergr.com/company/310836,2026-09-04T01:03:59Z
6078,PSG,Massachusetts,310843,Qmulos,Information Technology,"Chantilly, Virginia, United States",2022-05-19,Growth Capital,,,4.3,True,,0,0,https://mergr.com/company/310843,2026-09-04T01:03:59Z
6078,PSG,Massachusetts,310926,Whoz,Internet Software and Services,"Paris, United States",2022-05-12,Growth Capital,,,4.3,True,,0,0,https://mergr.com/company/310926,2026-09-04T01:03:59Z
6078,PSG,Massachusetts,310942,Yottaa,Software,"Waltham, Massachusetts, United States",2022-05-12,Growth Capital,,,4.3,True,,0,0,https://mergr.com/company/310942,2026-09-04T01:03:59Z
6078,PSG,Massachusetts,305353,Clearer.io,Internet Software and Services,"Boston, Massachusetts, United States",2022-04-21,Venture,,,4.3,True,,1,0,https://mergr.com/company/305353,2026-09-04T01:03:59Z
6078,PSG,Massachusetts,298558,Backlight,Internet Software and Services,"Lexington, Massachusetts, United States",2022-04-12,Growth Capital,,,4.3,True,,5,0,https://mergr.com/company/298558,2026-09-04T01:03:59Z
6078,PSG,Massachusetts,298578,vHive,Software,"Herzliya, Israel",2022-04-05,Venture,,,4.3,True,,0,0,https://mergr.com/company/298578,2026-09-04T01:03:59Z
6078,PSG,Massachusetts,298177,Powens,Information Technology,"Paris, France",2022-04-04,Growth Capital,,,4.4,True,,0,0,https://mergr.com/company/298177,2026-09-04T01:03:59Z
6078,PSG,Massachusetts,298585,Stylitics,Internet Software and Services,"New York, New York, United States",2022-03-29,Venture,,,4.4,True,,1,0,https://mergr.com/company/298585,2026-09-04T01:03:59Z
6078,PSG,Massachusetts,298582,MixMode,Information Technology,"Santa Barbara, California, United States",2022-03-23,Venture,,,4.4,True,,0,0,https://mergr.com/company/298582,2026-09-04T01:03:59Z
6078,PSG,Massachusetts,298586,Sesame,Software,"Valencia, Spain",2022-03-17,Venture,,,4.4,True,,0,0,https://mergr.com/company/298586,2026-09-04T01:03:59Z
6078,PSG,Massachusetts,295536,DoseSpot,Software,"Dedham, Massachusetts, United States",2022-01-26,Growth Capital,,,4.6,True,,2,0,https://mergr.com/company/295536,2026-09-04T01:03:59Z
6078,PSG,Massachusetts,297684,Sellsy,Internet Software and Services,"La Rochelle, France",2022-01-11,Growth Capital,2025-09-24,Divestiture,3.7,False,,1,0,https://mergr.com/company/297684,2026-09-04T01:03:59Z
6078,PSG,Massachusetts,280678,mPulse,Information Technology,"Los Angeles, California, United States",2022-01-10,Growth Capital,,,4.6,True,,5,0,https://mergr.com/company/280678,2026-09-04T01:03:59Z
6078,PSG,Massachusetts,281153,Recast Software,Software,"St. Louis Park, Minnesota, United States",2022-01-01,Growth Capital,,,4.7,True,,0,0,https://mergr.com/company/281153,2026-09-04T01:03:59Z
6078,PSG,Massachusetts,299972,Tiugo Technologies,Information Technology,"Boston, Massachusetts, United States",2022-01-01,"Buyout (LBO, MBO, MBI)",,,4.7,True,,3,0,https://mergr.com/company/299972,2026-09-04T01:03:59Z
6078,PSG,Massachusetts,336727,SavvyMoney,Financial Services,"Dublin, California, United States",2022-01-01,Growth Capital,,,4.7,True,,1,0,https://mergr.com/company/336727,2026-09-04T01:03:59Z
6078,PSG,Massachusetts,244675,Intellistack,Internet Software and Services,"Denver, Colorado, United States",2021-11-18,Growth Capital,,,4.8,True,,2,0,https://mergr.com/company/244675,2026-09-04T01:03:59Z
6078,PSG,Massachusetts,298591,Lusha,Software,"Boston, Massachusetts, United States",2021-11-10,Venture,,,4.8,True,,0,0,https://mergr.com/company/298591,2026-09-04T01:03:59Z
6078,PSG,Massachusetts,310781,Commbox,Internet Software and Services,"Glil-Yam, Israel",2021-10-28,Growth Capital,,,4.8,True,,0,0,https://mergr.com/company/310781,2026-09-04T01:03:59Z
6078,PSG,Massachusetts,306412,Sign In Solutions,Internet Software and Services,"St. Petersburg, Florida, United States",2021-09-14,Growth Capital,,,4.9,True,,3,0,https://mergr.com/company/306412,2026-09-04T01:03:59Z
6078,PSG,Massachusetts,298719,Code Climate,Software,"New York, New York, United States",2021-09-01,Venture,,,5,True,,0,0,https://mergr.com/company/298719,2026-09-04T01:03:59Z
6078,PSG,Massachusetts,289453,Vault Verify,Software,"New Smyrna Beach, Florida, United States",2021-08-19,Growth Capital,2025-11-24,Divestiture,4.3,False,,0,0,https://mergr.com/company/289453,2026-09-04T01:03:59Z
6078,PSG,Massachusetts,298718,Sport Alliance,Software,"Hamburg, Germany",2021-08-19,Growth Capital,,,5,True,,0,0,https://mergr.com/company/298718,2026-09-04T01:03:59Z
6078,PSG,Massachusetts,288869,OfColor,Internet Software and Services,"New York, New York, United States",2021-08-05,Growth Capital,2024-10-30,Divestiture,3.2,False,,0,0,https://mergr.com/company/288869,2026-09-04T01:03:59Z
6078,PSG,Massachusetts,298720,Catalis,Software,"Alpharetta, Georgia, United States",2021-08-05,Recapitalization,,,5,True,,1,0,https://mergr.com/company/298720,2026-09-04T01:03:59Z
6078,PSG,Massachusetts,298721,DigitalEd,Internet Software and Services,"Waterloo, Ontario, Canada",2021-08-03,Growth Capital,2026-02-19,Divestiture,4.5,False,,0,0,https://mergr.com/company/298721,2026-09-04T01:03:59Z
6078,PSG,Massachusetts,298722,LogicGate,Internet Software and Services,"Chicago, Illinois, United States",2021-07-28,Venture,,,5.1,True,,0,0,https://mergr.com/company/298722,2026-09-04T01:03:59Z
6078,PSG,Massachusetts,346623,WWEX Group,Transportation,"Dallas, Texas, United States",2021-07-27,"Buyout (LBO, MBO, MBI)",2026-03-03,Spin Off,4.6,False,,1,0,https://mergr.com/company/346623,2026-09-04T01:03:59Z
6078,PSG,Massachusetts,288033,Visualfabriq,Internet Software and Services,"Maarssen, Netherlands",2021-07-19,Growth Capital,,,5.1,True,,0,0,https://mergr.com/company/288033,2026-09-04T01:03:59Z
6078,PSG,Massachusetts,287773,SchoolStatus,Internet Software and Services,"Ridgeland, Mississippi, United States",2021-07-13,Growth Capital,,,5.1,True,,6,0,https://mergr.com/company/287773,2026-09-04T01:03:59Z
6078,PSG,Massachusetts,298759,Introhive,Software,"Fredericton, New Brunswick, Canada",2021-06-16,Venture,,,5.2,True,,0,0,https://mergr.com/company/298759,2026-09-04T01:03:59Z
6078,PSG,Massachusetts,298757,Artur’In,Marketing,"Paris, France",2021-06-02,Growth Capital,,,5.3,True,,0,0,https://mergr.com/company/298757,2026-09-04T01:03:59Z
6078,PSG,Massachusetts,285659,Frisbii,Internet Software and Services,"Frankfurt, Germany",2021-05-20,"Buyout (LBO, MBO, MBI)",,,5.3,True,,2,0,https://mergr.com/company/285659,2026-09-04T01:03:59Z
6078,PSG,Massachusetts,298756,Copysmith,Information Technology,"Birmingham, Alabama, United States",2021-04-21,Venture,,,5.3,True,,2,0,https://mergr.com/company/298756,2026-09-04T01:03:59Z
6078,PSG,Massachusetts,284323,Kenect,Software,"Pleasant Grove, Utah, United States",2021-04-20,Growth Capital,,,5.3,True,,1,0,https://mergr.com/company/284323,2026-09-04T01:03:59Z
6078,PSG,Massachusetts,283853,Nalanda Global,Internet Software and Services,"Madrid, Spain",2021-04-09,"Buyout (LBO, MBO, MBI)",2024-04-04,Divestiture,2.9,False,,0,0,https://mergr.com/company/283853,2026-09-04T01:03:59Z
6078,PSG,Massachusetts,252839,Ensora Health,Software,"Birmingham, Alabama, United States",2021-04-07,Secondary Buyout,,,5.3,True,,1,0,https://mergr.com/company/252839,2026-09-04T01:03:59Z
6078,PSG,Massachusetts,283632,Singlewire Software,Software,"Madison, Wisconsin, United States",2021-04-05,Growth Capital,,,5.3,True,,1,0,https://mergr.com/company/283632,2026-09-04T01:03:59Z
6078,PSG,Massachusetts,280946,Traliant,Education,"New York, New York, United States",2021-01-26,"Buyout (LBO, MBO, MBI)",,,5.6,True,,2,0,https://mergr.com/company/280946,2026-09-04T01:03:59Z
6078,PSG,Massachusetts,315179,Rapid Data,Internet Software and Services,"Berlin, Germany",2021-01-01,"Buyout (LBO, MBO, MBI)",,,5.7,True,,0,0,https://mergr.com/company/315179,2026-09-04T01:03:59Z
6078,PSG,Massachusetts,218819,Pathful,Information Technology,"Dallas, Texas, United States",2021-01-01,"Buyout (LBO, MBO, MBI)",,,5.7,True,,0,0,https://mergr.com/company/218819,2026-09-04T01:03:59Z
6078,PSG,Massachusetts,310844,Quilt Software,Software," New York, New York, United States",2021-01-01,"Buyout (LBO, MBO, MBI)",,,5.7,True,,0,0,https://mergr.com/company/310844,2026-09-04T01:03:59Z
6078,PSG,Massachusetts,310931,Xenia,Internet Software and Services,"Miami, Florida, United States",2021-01-01,Growth Capital,,,5.7,True,,0,0,https://mergr.com/company/310931,2026-09-04T01:03:59Z
6078,PSG,Massachusetts,350747,Inktavo,Internet Software and Services,"Tempe, Arizona, United States",2021-01-01,"Buyout (LBO, MBO, MBI)",,,5.7,True,,0,0,https://mergr.com/company/350747,2026-09-04T01:03:59Z
6078,PSG,Massachusetts,279120,Wyllo,Software,"New York, New York, United States",2020-12-08,Growth Capital,,,5.7,True,,1,0,https://mergr.com/company/279120,2026-09-04T01:03:59Z
6078,PSG,Massachusetts,293183,Stax,Internet Software and Services,"Orlando, Florida, United States",2020-12-01,Growth Capital,,,5.8,True,,3,0,https://mergr.com/company/293183,2026-09-04T01:03:59Z
6078,PSG,Massachusetts,277709,Signaturit,Internet Software and Services,"Barcelona, Spain",2020-10-28,Growth Capital,2025-07-01,Spin Off,4.7,False,,3,0,https://mergr.com/company/277709,2026-09-04T01:03:59Z
6078,PSG,Massachusetts,276101,Wagepoint,Internet Software and Services,"Calgary, Alberta, Canada",2020-09-09,Growth Capital,,,5.9,True,,2,0,https://mergr.com/company/276101,2026-09-04T01:03:59Z
6078,PSG,Massachusetts,275847,Semarchy,Information Technology,"Phoenix, Arizona, United States",2020-09-02,Growth Capital,,,6,True,,1,0,https://mergr.com/company/275847,2026-09-04T01:03:59Z
6078,PSG,Massachusetts,310948,Tellent,Internet Software and Services,"Amsterdam, Netherlands",2020-08-25,Consolidation,,,6,True,,4,0,https://mergr.com/company/310948,2026-09-04T01:03:59Z
6078,PSG,Massachusetts,257448,Hornetsecurity,Internet Software and Services,"Hannover, Germany",2020-07-28,Growth Capital,2025-05-15,Divestiture,4.8,False,,4,0,https://mergr.com/company/257448,2026-09-04T01:03:59Z
418,Parthenon Capital,Massachusetts,351047,Momentum Life Sciences,Life Science,"Indianapolis, Indiana, United States",2026-07-01,Growth Capital,,,0.2,True,,0,0,https://mergr.com/company/351047,2026-09-04T01:03:59Z
418,Parthenon Capital,Massachusetts,339930,Embark,Business Services,"Dallas, Texas, United States",2025-09-04,Growth Capital,,,1,True,,1,0,https://mergr.com/company/339930,2026-09-04T01:03:59Z
418,Parthenon Capital,Massachusetts,185,Elevate Patient Financial Solutions,Information Technology,"Spring, Texas, United States",2025-08-04,Secondary Buyout,,,1.1,True,,0,0,https://mergr.com/company/185,2026-09-04T01:03:59Z
418,Parthenon Capital,Massachusetts,264678,AArete,Business Services,"Chicago, Illinois, United States",2025-06-24,Growth Capital,,,1.2,True,,0,0,https://mergr.com/company/264678,2026-09-04T01:03:59Z
418,Parthenon Capital,Massachusetts,286575,Titan Wealth,Financial Services,"London, United Kingdom",2023-11-21,Secondary Buyout,,,2.8,True,,0,0,https://mergr.com/company/286575,2026-09-04T01:03:59Z
418,Parthenon Capital,Massachusetts,338553,Pavilion Payments,Gaming,"Las Vegas, Nevada, United States",2023-02-13,Divestiture,,,3.5,True,,2,0,https://mergr.com/company/338553,2026-09-04T01:03:59Z
418,Parthenon Capital,Massachusetts,205358,Cherry Bekaert,Business Services,"Raleigh, North Carolina, United States",2022-06-30,Growth Capital,,,4.2,True,,17,0,https://mergr.com/company/205358,2026-09-04T01:03:59Z
418,Parthenon Capital,Massachusetts,294643,Choreo,Business Services,"Chicago, Illinois, United States",2022-01-05,Divestiture,,,4.6,True,,4,0,https://mergr.com/company/294643,2026-09-04T01:03:59Z
418,Parthenon Capital,Massachusetts,293692,KBRA,Information Services,"New York, New York, United States",2021-12-13,"Buyout (LBO, MBO, MBI)",,,4.7,True,,2,0,https://mergr.com/company/293692,2026-09-04T01:03:59Z
418,Parthenon Capital,Massachusetts,305755,Smart Data Solutions,Information Technology,"Eagan, Massachusetts, United States",2021-10-04,Recapitalization,,,4.9,True,,1,0,https://mergr.com/company/305755,2026-09-04T01:03:59Z
418,Parthenon Capital,Massachusetts,308527,Kinetic Advantage,Financial Services,"Carmel, Indiana, United States",2021-01-18,Growth Capital,,,5.6,True,,0,0,https://mergr.com/company/308527,2026-09-04T01:03:59Z
418,Parthenon Capital,Massachusetts,274397,Nuvem,Information Technology,"Sharon Hill, Pennsylvania, United States",2020-07-22,Recapitalization,,,6.1,True,,1,0,https://mergr.com/company/274397,2026-09-04T01:03:59Z
418,Parthenon Capital,Massachusetts,272085,RxSense,Information Technology,"Boston, Massachusetts, United States",2020-05-12,Growth Capital,,,6.3,True,,0,0,https://mergr.com/company/272085,2026-09-04T01:03:59Z
418,Parthenon Capital,Massachusetts,17088,Venbrook,Insurance,"Woodland Hills, California, United States",2020-04-22,"Buyout (LBO, MBO, MBI)",,,6.3,True,,4,0,https://mergr.com/company/17088,2026-09-04T01:03:59Z
418,Parthenon Capital,Massachusetts,180119,MRO,Information Services,"Norristown, Pennsylvania, United States",2019-10-30,Secondary Buyout,,,6.8,True,,5,0,https://mergr.com/company/180119,2026-09-04T01:03:59Z
418,Parthenon Capital,Massachusetts,227392,DaySmart Software,Software,"Ann Arbor, Michigan, United States",2019-10-16,Secondary Buyout,,,6.8,True,,7,0,https://mergr.com/company/227392,2026-09-04T01:03:59Z
418,Parthenon Capital,Massachusetts,298192,EdgeCo Holdings,Financial Services,"Pittsburgh, Pennsylvania, United States",2018-06-01,"Buyout (LBO, MBO, MBI)",,,8.3,True,,1,1,https://mergr.com/company/298192,2026-09-04T01:03:59Z
418,Parthenon Capital,Massachusetts,249427,Trinity Life Sciences,Life Science,"Waltham, Massachusetts, United States",2018-03-16,Growth Capital,2021-11-30,Merger,3.7,False,,4,0,https://mergr.com/company/249427,2026-09-04T01:03:59Z
418,Parthenon Capital,Massachusetts,248950,RedCard,Information Technology,"St. Louis, Missouri, United States",2018-02-26,Growth Capital,2019-08-01,Spin Off,1.4,False,,0,0,https://mergr.com/company/248950,2026-09-04T01:03:59Z
418,Parthenon Capital,Massachusetts,231277,BirchStreet Systems,Internet Software and Services,"Las Vegas, Nevada, United States",2018-01-11,Growth Capital,,,8.6,True,,1,0,https://mergr.com/company/231277,2026-09-04T01:03:59Z
418,Parthenon Capital,Massachusetts,244168,ICD,Software,"San Francisco, California, United States",2017-10-10,Growth Capital,2024-04-08,Divestiture,6.4,False,,0,0,https://mergr.com/company/244168,2026-09-04T01:03:59Z
418,Parthenon Capital,Massachusetts,242762,CardWorks,Financial Services,"Woodbury, New York, United States",2017-08-01,"Buyout (LBO, MBO, MBI)",,,9.1,True,,3,0,https://mergr.com/company/242762,2026-09-04T01:03:59Z
418,Parthenon Capital,Massachusetts,242063,Allworth Financial,Financial Services,"Folsom, California, United States",2017-07-26,Growth Capital,2020-10-20,Trade Sale - Public Company,3.2,False,,2,0,https://mergr.com/company/242063,2026-09-04T01:03:59Z
418,Parthenon Capital,Massachusetts,241923,Etix,Internet Software and Services,"Morrisville, North Carolina, United States",2017-07-20,Recapitalization,,,9.1,True,,5,0,https://mergr.com/company/241923,2026-09-04T01:03:59Z
418,Parthenon Capital,Massachusetts,326874,Medical Review Institute of America,Business Services,"Salt Lake City, Utah, United States",2017-01-01,Growth Capital,,,9.7,True,,0,0,https://mergr.com/company/326874,2026-09-04T01:03:59Z
418,Parthenon Capital,Massachusetts,227775,BillingTree,Internet Software and Services,"Scottsdale, Arizona, United States",2016-10-04,Growth Capital,2021-05-10,Divestiture,4.6,False,,1,0,https://mergr.com/company/227775,2026-09-04T01:03:59Z
418,Parthenon Capital,Massachusetts,204568,Inspira Financial,Financial Services,"Oak Brook, Illinois, United States",2015-09-23,Growth Capital,2019-01-04,Trade Sale - Public Company,3.3,False,,1,0,https://mergr.com/company/204568,2026-09-04T01:03:59Z
418,Parthenon Capital,Massachusetts,236963,Zelis Healthcare,Information Technology,"Boston, Massachusetts, United States",2015-06-30,Recapitalization,,,11.2,True,,10,0,https://mergr.com/company/236963,2026-09-04T01:03:59Z
418,Parthenon Capital,Massachusetts,160637,Periscope Holdings,Business Services,"Austin, Texas, United States",2014-01-01,Recapitalization,2021-08-11,Divestiture,7.6,False,,1,0,https://mergr.com/company/160637,2026-09-04T01:03:59Z
418,Parthenon Capital,Massachusetts,23068,ScentAir,Business Services,"Charlotte, North Carolina, United States",2014-01-01,"Buyout (LBO, MBO, MBI)",2020-02-19,Trade Sale - Public Company,6.1,False,,3,0,https://mergr.com/company/23068,2026-09-04T01:03:59Z
418,Parthenon Capital,Massachusetts,65842,Bracket,Life Science,"Wayne, Pennsylvania, United States",2013-08-15,"Buyout (LBO, MBO, MBI)",2017-03-28,Trade Sale - Public Company,3.6,False,,2,0,https://mergr.com/company/65842,2026-09-04T01:03:59Z
418,Parthenon Capital,Massachusetts,4195,eSecLending,Financial Services,"Boston, Massachusetts, United States",2013-08-12,Secondary Buyout,,,13,True,,0,0,https://mergr.com/company/4195,2026-09-04T01:03:59Z
418,Parthenon Capital,Massachusetts,5841,"White River Capital, Inc.",Financial Services,"Rancho Santa Fe, California, United States",2013-02-14,Going Private,,,13.5,True,9,0,1,https://mergr.com/company/5841,2026-09-04T01:03:59Z
418,Parthenon Capital,Massachusetts,201874,Coastal Credit,Financial Services,"Indianapolis, Indiana, United States",2013-02-14,Divestiture,2020-03-30,Shut Down,7.1,False,,0,0,https://mergr.com/company/201874,2026-09-04T01:03:59Z
418,Parthenon Capital,Massachusetts,35985,Envysion,Software,"Superior, Colorado, United States",2013-01-31,Growth Capital,2021-11-02,Divestiture,8.8,False,,2,0,https://mergr.com/company/35985,2026-09-04T01:03:59Z
418,Parthenon Capital,Massachusetts,14306,Performant Healthcare,Business Services,"Plantation, Florida, United States",2012-08-10,PIPE,2012-08-10,Sold to Existing Investors,0,False,123,0,0,https://mergr.com/company/14306,2026-09-04T01:03:59Z
418,Parthenon Capital,Massachusetts,31808,Cayan,Financial Services,"Boston, Massachusetts, United States",2012-07-05,Growth Capital,2017-12-18,Divestiture,5.4,False,,3,0,https://mergr.com/company/31808,2026-09-04T01:03:59Z
418,Parthenon Capital,Massachusetts,31811,Injured Workers Pharmacy,Life Science,"Andover, Massachusetts, United States",2011-11-04,"Buyout (LBO, MBO, MBI)",2014-07-23,Trade Sale - Public Company,2.7,False,,0,0,https://mergr.com/company/31811,2026-09-04T01:03:59Z
418,Parthenon Capital,Massachusetts,31163,"H.D. Vest, Inc. (dba H.D. Vest Financial Services)",Financial Services,"Irving, Texas, United States",2011-10-04,Divestiture,2015-10-14,Divestiture,4,False,,0,0,https://mergr.com/company/31163,2026-09-04T01:03:59Z
418,Parthenon Capital,Massachusetts,32193,BlueSnap,Internet Software and Services,"Waltham, Massachusetts, United States",2011-08-08,Secondary Buyout,2025-07-31,Divestiture,13.9,False,,1,0,https://mergr.com/company/32193,2026-09-04T01:03:59Z
418,Parthenon Capital,Massachusetts,31813,Eliza,Information Technology,"Beverly, Massachusetts, United States",2011-06-28,Growth Capital,2017-03-13,Divestiture,5.7,False,,0,0,https://mergr.com/company/31813,2026-09-04T01:03:59Z
418,Parthenon Capital,Massachusetts,3299,"Altegra Health, Inc.",Information Technology,"Miami Lakes, Florida, United States",2010-08-11,Growth Capital,2015-08-13,Divestiture,5,False,,4,0,https://mergr.com/company/3299,2026-09-04T01:03:59Z
418,Parthenon Capital,Massachusetts,18372,loanDepot,Financial Services,"Irvine, California, United States",2010-05-01,"Buyout (LBO, MBO, MBI)",2021-02-11,IPO,10.8,False,940,3,0,https://mergr.com/company/18372,2026-09-04T01:03:59Z
418,Parthenon Capital,Massachusetts,18373,Seaside National Bank & Trust,Financial Services,"Orlando, Florida, United States",2009-11-30,Growth Capital,2020-07-01,Divestiture,10.6,False,,1,0,https://mergr.com/company/18373,2026-09-04T01:03:59Z
418,Parthenon Capital,Massachusetts,3284,"Bryant & Stratton College, Inc.",Education,"Buffalo, New York, United States",2008-02-05,Recapitalization,,,18.5,True,,0,0,https://mergr.com/company/3284,2026-09-04T01:03:59Z
418,Parthenon Capital,Massachusetts,18371,Relation Insurance,Insurance,"Chicago, Illinois, United States",2008-01-28,"Buyout (LBO, MBO, MBI)",2019-02-21,Trade Sale - Public Company,11,False,,9,0,https://mergr.com/company/18371,2026-09-04T01:03:59Z
418,Parthenon Capital,Massachusetts,3282,abeo Management Corp.,Business Services,"Dallas, Texas, United States",2007-12-31,Consolidation,2020-12-10,Unknown,12.9,False,,2,0,https://mergr.com/company/3282,2026-09-04T01:03:59Z
418,Parthenon Capital,Massachusetts,3283,Alarm Security Group,Safety/Security,"Beltsville, Maryland, United States",2007-10-29,Secondary Buyout,2015-07-01,Spin Off,7.7,False,,4,0,https://mergr.com/company/3283,2026-09-04T01:03:59Z
418,Parthenon Capital,Massachusetts,1662,FinThrive,Internet Software and Services,"Plano, Texas, United States",2007-10-27,PIPE,,,18.8,True,720,9,1,https://mergr.com/company/1662,2026-09-04T01:03:59Z
418,Parthenon Capital,Massachusetts,3300,"Wildlands, Inc.",Business Services,"Rocklin, California, United States",2007-03-20,"Buyout (LBO, MBO, MBI)",,,19.4,True,,0,0,https://mergr.com/company/3300,2026-09-04T01:03:59Z
418,Parthenon Capital,Massachusetts,3298,"Triad Isotopes, Inc.",Life Science,"Orlando, Florida, United States",2007-01-16,Consolidation,,,19.6,True,,7,1,https://mergr.com/company/3298,2026-09-04T01:03:59Z
418,Parthenon Capital,Massachusetts,12543,Intermedix,Information Technology,"Fort Lauderdale, Florida, United States",2006-12-21,"Buyout (LBO, MBO, MBI)",2010-07-30,Trade Sale - Public Company,3.6,False,,2,0,https://mergr.com/company/12543,2026-09-04T01:03:59Z
418,Parthenon Capital,Massachusetts,5970,"PRIMIS Marketing Group, Inc.",Information Technology,"Chicago, Illinois, United States",2006-08-31,Secondary Buyout,,,20,True,,0,0,https://mergr.com/company/5970,2026-09-04T01:03:59Z
418,Parthenon Capital,Massachusetts,6379,AmWINS,Insurance,"Charlotte, North Carolina, United States",2005-10-28,"Buyout (LBO, MBO, MBI)",2012-04-17,Recapitalization,6.4,False,,11,1,https://mergr.com/company/6379,2026-09-04T01:03:59Z
418,Parthenon Capital,Massachusetts,22866,IAA,Automotive,"Westchester, Illinois, United States",2005-05-26,Going Private,,,21.3,True,2099,5,1,https://mergr.com/company/22866,2026-09-04T01:03:59Z
418,Parthenon Capital,Massachusetts,7171,Openlane,Automotive,"Carmel, Indiana, United States",2005-04-01,Stake Purchase,2009-12-11,IPO,4.7,False,1934,3,0,https://mergr.com/company/7171,2026-09-04T01:03:59Z
418,Parthenon Capital,Massachusetts,18369,AccuMed Home Health Care(AccuMed),Healthcare Services,"Denton, Texas, United States",2004-09-10,Recapitalization,2005-09-30,Divestiture,1,False,,1,0,https://mergr.com/company/18369,2026-09-04T01:03:59Z
418,Parthenon Capital,Massachusetts,13915,"rePipe, Inc.",Business Services,"Houston, Texas, United States",2004-02-25,Recapitalization,2007-07-09,Divestiture,3.3,False,,0,0,https://mergr.com/company/13915,2026-09-04T01:03:59Z
418,Parthenon Capital,Massachusetts,3287,Canongate Golf Group LLC,Leisure,"Newnan, Georgia, United States",2003-11-01,Stake Purchase,2014-09-30,Divestiture,10.8,False,,0,0,https://mergr.com/company/3287,2026-09-04T01:03:59Z
418,Parthenon Capital,Massachusetts,3291,Med-Tel International Corp.,Healthcare Services,"New York, New York, United States",2003-03-17,Recapitalization,2008-09-01,Divestiture,5.4,False,,0,0,https://mergr.com/company/3291,2026-09-04T01:03:59Z
418,Parthenon Capital,Massachusetts,3296,"Rackable Systems, Inc.",Technology Hardware,"Fremont, California, United States",2003-02-08,Recapitalization,2005-06-10,IPO,2.3,False,,0,0,https://mergr.com/company/3296,2026-09-04T01:03:59Z
418,Parthenon Capital,Massachusetts,18370,Arrow Financial Services LLC,Financial Services,"Niles, Illinois, United States",2002-08-02,Recapitalization,2004-09-17,Divestiture,2.1,False,,0,0,https://mergr.com/company/18370,2026-09-04T01:03:59Z
418,Parthenon Capital,Massachusetts,6320,Restaurant Technologies,Business Services,"Mendota Heights, Minnesota, United States",2002-06-01,Growth Capital,2011-04-20,Trade Sale - Public Company,8.8,False,109,0,0,https://mergr.com/company/6320,2026-09-04T01:03:59Z
418,Parthenon Capital,Massachusetts,13644,"SSG Precision Optronics, Inc.",Technology Hardware,"Wilmington, Massachusetts, United States",2001-12-19,"Buyout (LBO, MBO, MBI)",2006-04-03,Divestiture,4.3,False,,0,0,https://mergr.com/company/13644,2026-09-04T01:03:59Z
418,Parthenon Capital,Massachusetts,18374,"Spheris, Inc.",Healthcare Services,"Franklin, Tennessee, United States",2001-07-03,Divestiture,2004-12-01,Merger,3.3,False,,0,0,https://mergr.com/company/18374,2026-09-04T01:03:59Z
418,Parthenon Capital,Massachusetts,19173,"Wilmar Industries, Inc.",Internet Software and Services,"Mount Laurel Township, New Jersey, United States",2000-05-15,Going Private,,,26.3,True,,0,0,https://mergr.com/company/19173,2026-09-04T01:03:59Z
666,ABRY Partners,Massachusetts,350194,KaufmanIT,Information Technology,"Irvine, California, United States",2026-06-09,Growth Capital,,,0.2,True,,0,0,https://mergr.com/company/350194,2026-09-04T01:03:59Z
666,ABRY Partners,Massachusetts,149617,KORE,Communications,"Atlanta, Georgia, United States",2026-02-27,Going Private,,,0.5,True,286,0,0,https://mergr.com/company/149617,2026-09-04T01:03:59Z
666,ABRY Partners,Massachusetts,222835,AA Insurance,Insurance,"Dublin, Ireland",2025-10-28,Secondary Buyout,,,0.8,True,,0,0,https://mergr.com/company/222835,2026-09-04T01:03:59Z
666,ABRY Partners,Massachusetts,338054,Oracle RMS,Insurance,"Concord, Ontario, Canada",2025-07-03,Growth Capital,,,1.2,True,,0,0,https://mergr.com/company/338054,2026-09-04T01:03:59Z
666,ABRY Partners,Massachusetts,337347,Burgess Hodgson,Business Services,"Canterbury, United Kingdom",2025-06-11,Growth Capital,,,1.2,True,,0,0,https://mergr.com/company/337347,2026-09-04T01:03:59Z
666,ABRY Partners,Massachusetts,337348,European Dynamics,Information Technology,"Athens, Greece",2025-04-10,Growth Capital,,,1.3,True,,0,0,https://mergr.com/company/337348,2026-09-04T01:03:59Z
666,ABRY Partners,Massachusetts,335004,AirHelp,Internet Software and Services,"Berlin, Germany",2025-03-14,Growth Capital,,,1.4,True,,0,0,https://mergr.com/company/335004,2026-09-04T01:03:59Z
666,ABRY Partners,Massachusetts,27235,Blue Mantis,Information Technology,"Portsmouth, New Hampshire, United States",2024-09-09,Secondary Buyout,2024-09-09,Trade Sale - Public Company,0,False,,0,0,https://mergr.com/company/27235,2026-09-04T01:03:59Z
666,ABRY Partners,Massachusetts,249654,Chambers and Partners,Publishing,"London, United Kingdom",2023-11-09,Secondary Buyout,,,2.8,True,,0,0,https://mergr.com/company/249654,2026-09-04T01:03:59Z
666,ABRY Partners,Massachusetts,308378,Prime Capital Financial,Financial Services,"Overland Park, Kansas, United States",2023-07-12,Stake Purchase,2026-08-06,Sold to Management,3,False,,1,0,https://mergr.com/company/308378,2026-09-04T01:03:59Z
666,ABRY Partners,Massachusetts,321960,Ascend Healthcare,Healthcare Services,"Chandler, Arizona, United States",2023-03-01,"Buyout (LBO, MBO, MBI)",,,3.5,True,,0,0,https://mergr.com/company/321960,2026-09-04T01:03:59Z
666,ABRY Partners,Massachusetts,310518,Precision,Business Services,"New York, New York, United States",2023-02-22,Growth Capital,,,3.5,True,,1,0,https://mergr.com/company/310518,2026-09-04T01:03:59Z
666,ABRY Partners,Massachusetts,310787,TeraSky,Information Technology,"Petach Tikva, Israel",2023-01-26,Growth Capital,,,3.6,True,,0,0,https://mergr.com/company/310787,2026-09-04T01:03:59Z
666,ABRY Partners,Massachusetts,295350,Propark Mobility,Business Services,"Hartford, Connecticut, United States",2023-01-01,"Buyout (LBO, MBO, MBI)",,,3.7,True,,8,0,https://mergr.com/company/295350,2026-09-04T01:03:59Z
666,ABRY Partners,Massachusetts,308349,Better Protection,Safety/Security,"Westmont, Illinois, United States",2022-12-20,Growth Capital,,,3.7,True,,1,0,https://mergr.com/company/308349,2026-09-04T01:03:59Z
666,ABRY Partners,Massachusetts,310171,Dynasty Financial Partners,Financial Services,"St. Petersburg, Florida, United States",2022-12-17,Growth Capital,,,3.7,True,,1,0,https://mergr.com/company/310171,2026-09-04T01:03:59Z
666,ABRY Partners,Massachusetts,346331,netnumber,Communications,"Marlborough, Massachusetts, United States",2022-07-06,"Buyout (LBO, MBO, MBI)",,,4.1,True,,0,0,https://mergr.com/company/346331,2026-09-04T01:03:59Z
666,ABRY Partners,Massachusetts,300311,CCS Fundraising,Business Services,"New York, New York, United States",2022-05-20,Growth Capital,,,4.3,True,,0,0,https://mergr.com/company/300311,2026-09-04T01:03:59Z
666,ABRY Partners,Massachusetts,322034,USEReady,Information Technology,"New York, New York, United States",2022-05-11,Growth Capital,,,4.3,True,,0,0,https://mergr.com/company/322034,2026-09-04T01:03:59Z
666,ABRY Partners,Massachusetts,322037,What If Media Group,Marketing,"Fort Lee, New Jersey, United States",2022-04-26,Growth Capital,,,4.3,True,,0,0,https://mergr.com/company/322037,2026-09-04T01:03:59Z
666,ABRY Partners,Massachusetts,298606,Inoapps,Information Technology,"Aberdeen, United Kingdom",2022-04-13,Secondary Buyout,,,4.3,True,,1,0,https://mergr.com/company/298606,2026-09-04T01:03:59Z
666,ABRY Partners,Massachusetts,302930,Better Car People,Business Services,"Monroe, North Carolina, United States",2022-03-02,Growth Capital,,,4.5,True,,3,0,https://mergr.com/company/302930,2026-09-04T01:03:59Z
666,ABRY Partners,Massachusetts,206012,Mako Networks,Information Technology,"Elgin, Illinois, United States",2022-01-01,Growth Capital,,,4.7,True,,1,0,https://mergr.com/company/206012,2026-09-04T01:03:59Z
666,ABRY Partners,Massachusetts,250769,Best Lawyers,Business Services,"Augusta, Georgia, United States",2021-12-01,Secondary Buyout,,,4.8,True,,1,0,https://mergr.com/company/250769,2026-09-04T01:03:59Z
666,ABRY Partners,Massachusetts,274322,Aker Systems,Information Technology,"Bicester, United Kingdom",2021-09-27,Secondary Buyout,,,4.9,True,,0,0,https://mergr.com/company/274322,2026-09-04T01:03:59Z
666,ABRY Partners,Massachusetts,290316,Innovisk,Business Services,"London , United Kingdom",2021-09-09,Divestiture,2024-10-30,Divestiture,3.1,False,58,0,0,https://mergr.com/company/290316,2026-09-04T01:03:59Z
666,ABRY Partners,Massachusetts,273554,Lighthouse Autism Centers,Consumer Services,"Mishawaka, Indiana, United States",2021-07-26,Stake Purchase,,,5.1,True,,0,0,https://mergr.com/company/273554,2026-09-04T01:03:59Z
666,ABRY Partners,Massachusetts,287289,Socius,Insurance,"San Francisco, California, United States",2021-07-01,Growth Capital,2023-05-23,Divestiture,1.8,False,40,1,0,https://mergr.com/company/287289,2026-09-04T01:03:59Z
666,ABRY Partners,Massachusetts,243540,SDI Presence,Information Technology,"Chicago, Illinois, United States",2021-05-25,Growth Capital,,,5.3,True,,1,0,https://mergr.com/company/243540,2026-09-04T01:03:59Z
666,ABRY Partners,Massachusetts,285417,illumifin,Business Services,"Greenville, South Carolina, United States",2021-05-17,Divestiture,,,5.3,True,,2,0,https://mergr.com/company/285417,2026-09-04T01:03:59Z
666,ABRY Partners,Massachusetts,26634,Reward Gateway,Internet Software and Services,"London, United Kingdom",2021-05-04,Secondary Buyout,2023-05-16,Divestiture,2,False,291,1,0,https://mergr.com/company/26634,2026-09-04T01:03:59Z
666,ABRY Partners,Massachusetts,258068,High Street Insurance Partners,Insurance,"Traverse City, Michigan, United States",2021-04-16,Secondary Buyout,,,5.3,True,,28,0,https://mergr.com/company/258068,2026-09-04T01:03:59Z
666,ABRY Partners,Massachusetts,284704,Pole Star Global,Internet Software and Services,"London, United Kingdom",2021-04-07,Growth Capital,,,5.3,True,,2,0,https://mergr.com/company/284704,2026-09-04T01:03:59Z
666,ABRY Partners,Massachusetts,282073,Kingland,Software,"Clear Lake, Iowa, United States",2021-02-23,Growth Capital,,,5.5,True,,0,0,https://mergr.com/company/282073,2026-09-04T01:03:59Z
666,ABRY Partners,Massachusetts,91593,CloudWave,Information Technology,"Marlborough, Massachusetts, United States",2021-02-01,Secondary Buyout,,,5.6,True,,1,0,https://mergr.com/company/91593,2026-09-04T01:03:59Z
666,ABRY Partners,Massachusetts,289896,Freestar,Marketing,"Scottsdale, Arizona, United States",2021-01-06,Growth Capital,,,5.6,True,,2,0,https://mergr.com/company/289896,2026-09-04T01:03:59Z
666,ABRY Partners,Massachusetts,1832,Alvaria,Software,"Atlanta, Georgia, United States",2021-01-01,Secondary Buyout,,,5.7,True,,1,0,https://mergr.com/company/1832,2026-09-04T01:03:59Z
666,ABRY Partners,Massachusetts,346342,Meadowlark,Business Services,"Boston, Massachusetts, United States",2021-01-01,"Buyout (LBO, MBO, MBI)",,,5.7,True,,0,0,https://mergr.com/company/346342,2026-09-04T01:03:59Z
666,ABRY Partners,Massachusetts,27235,Blue Mantis,Information Technology,"Portsmouth, New Hampshire, United States",2020-12-17,Recapitalization,2024-09-09,Trade Sale - Public Company,3.7,False,,1,0,https://mergr.com/company/27235,2026-09-04T01:03:59Z
666,ABRY Partners,Massachusetts,277692,Sleep Doctor,Digital Media,"Seattle, Washington, United States",2020-10-28,Growth Capital,,,5.8,True,,2,0,https://mergr.com/company/277692,2026-09-04T01:03:59Z
666,ABRY Partners,Massachusetts,277485,Intellivo,Business Services,"Memphis, Tennessee, United States",2020-10-21,Growth Capital,2022-08-03,Trade Sale - Public Company,1.8,False,,0,0,https://mergr.com/company/277485,2026-09-04T01:03:59Z
666,ABRY Partners,Massachusetts,340764,Clearspan,Information Technology,"Plano, Texas, United States",2020-10-21,"Buyout (LBO, MBO, MBI)",,,5.8,True,,1,0,https://mergr.com/company/340764,2026-09-04T01:03:59Z
666,ABRY Partners,Massachusetts,276584,Orb Group,Marketing,"Stockholm, Sweden",2020-09-23,Growth Capital,,,5.9,True,,1,0,https://mergr.com/company/276584,2026-09-04T01:03:59Z
666,ABRY Partners,Massachusetts,273953,HealthEZ,Insurance,"Minneapolis, Minnesota, United States",2020-07-07,"Buyout (LBO, MBO, MBI)",2025-01-01,Divestiture,4.4,False,,0,0,https://mergr.com/company/273953,2026-09-04T01:03:59Z
666,ABRY Partners,Massachusetts,277604,Beacon Pointe,Financial Services,"Newport Beach, California, United States",2020-03-09,Recapitalization,2021-11-15,Trade Sale - Public Company,1.7,False,,3,0,https://mergr.com/company/277604,2026-09-04T01:03:59Z
666,ABRY Partners,Massachusetts,269465,Asignet,Information Technology,"Parsippany, New Jersey, United States",2020-02-21,Growth Capital,,,6.5,True,,1,0,https://mergr.com/company/269465,2026-09-04T01:03:59Z
666,ABRY Partners,Massachusetts,220348,Centauri Health Solutions,Information Technology,"Tempe, Arizona, United States",2020-01-09,Secondary Buyout,,,6.6,True,,4,0,https://mergr.com/company/220348,2026-09-04T01:03:59Z
666,ABRY Partners,Massachusetts,190006,Options,Information Technology,"London, United Kingdom",2020-01-07,Secondary Buyout,2024-10-16,Trade Sale - Public Company,4.8,False,,2,0,https://mergr.com/company/190006,2026-09-04T01:03:59Z
666,ABRY Partners,Massachusetts,277696,Turnberry Solutions,Information Technology,"Minneapolis, Minnesota, United States",2020-01-01,Growth Capital,,,6.7,True,,2,0,https://mergr.com/company/277696,2026-09-04T01:03:59Z
666,ABRY Partners,Massachusetts,291972,Recovery Point Systems,Internet Software and Services,"Gaithersburg, Maryland, United States",2020-01-01,"Buyout (LBO, MBO, MBI)",,,6.7,True,,1,0,https://mergr.com/company/291972,2026-09-04T01:03:59Z
666,ABRY Partners,Massachusetts,273684,Heritage Family,Consumer Services,"Fredericksburg, Virginia, United States",2020-01-01,"Buyout (LBO, MBO, MBI)",,,6.7,True,,0,0,https://mergr.com/company/273684,2026-09-04T01:03:59Z
666,ABRY Partners,Massachusetts,277700,HHM Hotels,Leisure,"Philadelphia, Pennsylvania, United States",2020-01-01,Growth Capital,,,6.7,True,,0,0,https://mergr.com/company/277700,2026-09-04T01:03:59Z
666,ABRY Partners,Massachusetts,222820,Portfolio,Insurance,"Lake Forest, California, United States",2019-08-19,Secondary Buyout,2025-10-30,Divestiture,6.2,False,,0,0,https://mergr.com/company/222820,2026-09-04T01:03:59Z
666,ABRY Partners,Massachusetts,26383,Franklin Energy,Utilities,"Port Washington, Wisconsin, United States",2019-07-31,Secondary Buyout,,,7.1,True,,4,0,https://mergr.com/company/26383,2026-09-04T01:03:59Z
666,ABRY Partners,Massachusetts,261626,Confirma Software,Software,"Stockholm, Sweden",2019-06-10,Consolidation,,,7.2,True,,4,0,https://mergr.com/company/261626,2026-09-04T01:03:59Z
666,ABRY Partners,Massachusetts,260385,Aftermath Services,Environmental,"Aurora, Illinois, United States",2019-04-26,Secondary Buyout,,,7.3,True,,0,0,https://mergr.com/company/260385,2026-09-04T01:03:59Z
666,ABRY Partners,Massachusetts,185178,PowerFleet,Technology Hardware,"Woodcliff Lake, New Jersey, United States",2019-03-13,PIPE,2023-10-10,Stake Sale,4.5,False,444,2,0,https://mergr.com/company/185178,2026-09-04T01:03:59Z
666,ABRY Partners,Massachusetts,259159,Dr. Dental,Business Services,"Framingham, Massachusetts, United States",2019-03-12,Growth Capital,,,7.4,True,,0,0,https://mergr.com/company/259159,2026-09-04T01:03:59Z
666,ABRY Partners,Massachusetts,221964,Anju Software,Software,"Tempe, Arizona, United States",2019-02-28,Recapitalization,2024-08-29,Divestiture,5.5,False,,1,0,https://mergr.com/company/221964,2026-09-04T01:03:59Z
666,ABRY Partners,Massachusetts,198161,Sermo,Internet Software and Services,"New York, New York, United States",2019-02-06,Recapitalization,,,7.5,True,,1,0,https://mergr.com/company/198161,2026-09-04T01:03:59Z
666,ABRY Partners,Massachusetts,257557,Aduro,Software,"Redmond, Washington, United States",2019-01-16,Growth Capital,,,7.6,True,,0,0,https://mergr.com/company/257557,2026-09-04T01:03:59Z
666,ABRY Partners,Massachusetts,204568,Inspira Financial,Financial Services,"Oak Brook, Illinois, United States",2019-01-04,Secondary Buyout,,,7.7,True,,4,0,https://mergr.com/company/204568,2026-09-04T01:03:59Z
666,ABRY Partners,Massachusetts,177739,U.S. Legal Support,Business Services,"Houston, Texas, United States",2018-12-04,Growth Capital,,,7.8,True,,7,0,https://mergr.com/company/177739,2026-09-04T01:03:59Z
666,ABRY Partners,Massachusetts,222092,Link Mobility,Communications,"Oslo, Norway",2018-10-10,Going Private,,,7.8,True,44,0,0,https://mergr.com/company/222092,2026-09-04T01:03:59Z
666,ABRY Partners,Massachusetts,202745,Identity Digital,Internet Software and Services,"Bellevue, Washington, United States",2018-09-05,Secondary Buyout,2021-01-22,Trade Sale - Public Company,2.3,False,,1,0,https://mergr.com/company/202745,2026-09-04T01:03:59Z
666,ABRY Partners,Massachusetts,253437,AdSwerve,Digital Media,"Denver, Colorado, United States",2018-08-15,Acquisition Financing,,,8,True,,3,0,https://mergr.com/company/253437,2026-09-04T01:03:59Z
666,ABRY Partners,Massachusetts,251424,Screenvision Media,Marketing,"New York, New York, United States",2018-06-06,Secondary Buyout,,,8.2,True,,0,0,https://mergr.com/company/251424,2026-09-04T01:03:59Z
666,ABRY Partners,Massachusetts,242027,SiteLock,Internet Software and Services,"Scottsdale, Arizona, United States",2018-04-12,"Buyout (LBO, MBO, MBI)",2021-05-04,Divestiture,3,False,,0,0,https://mergr.com/company/242027,2026-09-04T01:03:59Z
666,ABRY Partners,Massachusetts,202922,NexusTek,Information Technology,"New York, Colorado, United States",2017-12-13,Recapitalization,,,8.7,True,,5,0,https://mergr.com/company/202922,2026-09-04T01:03:59Z
666,ABRY Partners,Massachusetts,246127,BTG,Information Technology,"Morganville, New Jersey, United States",2017-12-06,Growth Capital,2018-05-17,Spin Off,0.4,False,,0,0,https://mergr.com/company/246127,2026-09-04T01:03:59Z
666,ABRY Partners,Massachusetts,246130,Rimes,Information Technology,"New York, New York, United States",2017-08-11,Growth Capital,2020-02-03,Sold to Management,2.4,False,,0,0,https://mergr.com/company/246130,2026-09-04T01:03:59Z
666,ABRY Partners,Massachusetts,79641,MobileHelp,Healthcare Services,"Boca Raton, Florida, United States",2017-02-08,Secondary Buyout,2022-04-04,Divestiture,5.1,False,,0,0,https://mergr.com/company/79641,2026-09-04T01:03:59Z
666,ABRY Partners,Massachusetts,181628,Nuspire,Information Technology,"Detroit, Michigan, United States",2016-11-17,"Buyout (LBO, MBO, MBI)",2024-06-20,Divestiture,7.6,False,,0,0,https://mergr.com/company/181628,2026-09-04T01:03:59Z
666,ABRY Partners,Massachusetts,83497,Rackspace,Information Technology,"San Antonio, Texas, United States",2016-08-26,Going Private,2020-07-29,IPO,3.9,False,2686,4,1,https://mergr.com/company/83497,2026-09-04T01:03:59Z
666,ABRY Partners,Massachusetts,219598,StackPath,Information Technology,"Dallas, Texas, United States",2016-07-25,Growth Capital,,,10.1,True,,4,2,https://mergr.com/company/219598,2026-09-04T01:03:59Z
666,ABRY Partners,Massachusetts,264569,AddSecure,Information Technology,"Stockholm, Sweden",2016-06-17,Secondary Buyout,2019-09-26,Trade Sale - Public Company,3.3,False,,2,0,https://mergr.com/company/264569,2026-09-04T01:03:59Z
666,ABRY Partners,Massachusetts,220903,"Root Data Center, Inc.",Information Technology,"Montreal, Quebec, Canada",2016-05-24,Growth Capital,2019-07-23,Divestiture,3.1,False,,0,0,https://mergr.com/company/220903,2026-09-04T01:03:59Z
666,ABRY Partners,Massachusetts,220564,U.S. Dermatology Partners,Healthcare Services,"Dallas, Texas, United States",2016-05-19,"Buyout (LBO, MBO, MBI)",,,10.3,True,,8,0,https://mergr.com/company/220564,2026-09-04T01:03:59Z
666,ABRY Partners,Massachusetts,201356,SambaSafety,Internet Software and Services,"Greenwood Village, Colorado, United States",2016-04-06,Recapitalization,2021-09-01,Trade Sale - Public Company,5.3,False,,2,0,https://mergr.com/company/201356,2026-09-04T01:03:59Z
666,ABRY Partners,Massachusetts,218373,Edgile,Information Technology,"Austin, Texas, United States",2016-04-06,Growth Capital,2021-12-20,Divestiture,5.7,False,,0,0,https://mergr.com/company/218373,2026-09-04T01:03:59Z
666,ABRY Partners,Massachusetts,218421,Casamba,Software,"Agoura Hills, California, United States",2016-02-25,Growth Capital,2021-03-29,Divestiture,5.1,False,,2,0,https://mergr.com/company/218421,2026-09-04T01:03:59Z
666,ABRY Partners,Massachusetts,277698,FLS,Transportation,"Atlanta, Georgia, United States",2016-01-01,Recapitalization,,,10.7,True,,0,0,https://mergr.com/company/277698,2026-09-04T01:03:59Z
666,ABRY Partners,Massachusetts,277699,Maya Cinemas,Leisure,"Bakersfield, California, United States",2016-01-01,Growth Capital,,,10.7,True,,0,0,https://mergr.com/company/277699,2026-09-04T01:03:59Z
666,ABRY Partners,Massachusetts,30067,Direct Travel,Business Services,"Centennial, Colorado, United States",2015-12-02,Secondary Buyout,,,10.8,True,,8,0,https://mergr.com/company/30067,2026-09-04T01:03:59Z
666,ABRY Partners,Massachusetts,205978,Opus Agency,Marketing,"Beaverton, Oregon, United States",2015-10-06,Growth Capital,2026-04-02,Trade Sale - Public Company,10.4,False,,7,0,https://mergr.com/company/205978,2026-09-04T01:03:59Z
666,ABRY Partners,Massachusetts,58726,"International Medical Group, Inc.",Insurance,"Indianapolis, Indiana, United States",2015-09-10,Secondary Buyout,2017-05-26,Divestiture,1.7,False,,1,0,https://mergr.com/company/58726,2026-09-04T01:03:59Z
666,ABRY Partners,Massachusetts,277697,Smart Start,Test/Measurement Equipment,"Grapevine, Texas, United States",2015-08-26,"Buyout (LBO, MBO, MBI)",2021-11-08,Trade Sale - Public Company,6.2,False,,0,0,https://mergr.com/company/277697,2026-09-04T01:03:59Z
666,ABRY Partners,Massachusetts,199806,North American Dental Group,Healthcare Services,"Pittsburgh, Pennsylvania, United States",2015-08-10,Recapitalization,2019-08-16,Trade Sale - Public Company,4,False,,0,0,https://mergr.com/company/199806,2026-09-04T01:03:59Z
666,ABRY Partners,Massachusetts,196985,Frontline Performance Group,Business Services,"Winter Park, Florida, United States",2015-07-16,Recapitalization,,,11.1,True,,0,0,https://mergr.com/company/196985,2026-09-04T01:03:59Z
666,ABRY Partners,Massachusetts,188150,Hilb Group,Insurance,"Richmond, Virginia, United States",2015-06-25,Secondary Buyout,2019-10-30,Trade Sale - Public Company,4.3,False,,49,1,https://mergr.com/company/188150,2026-09-04T01:03:59Z
666,ABRY Partners,Massachusetts,199972,United Real Estate,Real Estate,"Dallas, Texas, United States",2015-06-01,Growth Capital,,,11.3,True,,0,0,https://mergr.com/company/199972,2026-09-04T01:03:59Z
666,ABRY Partners,Massachusetts,214075,Sentry,Information Technology,"Deerfield Beach, Florida, United States",2015-05-26,"Buyout (LBO, MBO, MBI)",2021-06-08,Divestiture,6,False,92,1,0,https://mergr.com/company/214075,2026-09-04T01:03:59Z
666,ABRY Partners,Massachusetts,57230,FastMed Urgent Care,Healthcare Services,"Raleigh, North Carolina, United States",2015-05-21,Secondary Buyout,,,11.3,True,,3,1,https://mergr.com/company/57230,2026-09-04T01:03:59Z
666,ABRY Partners,Massachusetts,273703,Unison,Software,"Chicago, Illinois, United States",2015-05-08,Secondary Buyout,2020-06-29,Trade Sale - Public Company,5.1,False,,2,0,https://mergr.com/company/273703,2026-09-04T01:03:59Z
666,ABRY Partners,Massachusetts,149617,KORE,Communications,"Atlanta, Georgia, United States",2014-11-11,"Buyout (LBO, MBO, MBI)",2021-03-12,SPAC,6.3,False,286,5,0,https://mergr.com/company/149617,2026-09-04T01:03:59Z
666,ABRY Partners,Massachusetts,228679,V12 Data,Information Services,"Wesley Chapel, Florida, United States",2014-02-05,Growth Capital,2021-01-21,Divestiture,6.9,False,,2,0,https://mergr.com/company/228679,2026-09-04T01:03:59Z
666,ABRY Partners,Massachusetts,7495,Inmar,Information Technology,"Winston-Salem, North Carolina, United States",2014-01-29,Secondary Buyout,2017-04-04,Trade Sale - Public Company,3.2,False,,6,0,https://mergr.com/company/7495,2026-09-04T01:03:59Z
666,ABRY Partners,Massachusetts,7672,Alliantgroup,Business Services,"Houston, Texas, United States",2013-12-01,Growth Capital,,,12.8,True,,1,0,https://mergr.com/company/7672,2026-09-04T01:03:59Z
666,ABRY Partners,Massachusetts,71001,"One Source Networks, Inc.",Communications,"San Antonio, Texas, United States",2013-11-11,Stake Purchase,2015-10-22,Divestiture,1.9,False,,1,0,https://mergr.com/company/71001,2026-09-04T01:03:59Z
666,ABRY Partners,Massachusetts,133817,Accela,Internet Software and Services,"San Ramon, California, United States",2013-10-17,Growth Capital,2017-09-29,Trade Sale - Public Company,3.9,False,,9,0,https://mergr.com/company/133817,2026-09-04T01:03:59Z
13,Audax Private Equity,Massachusetts,175949,FDH Aero,Aerospace,"Commerce, California, United States",2026-06-08,Secondary Buyout,2026-06-09,Secondary Sale,0,False,,0,0,https://mergr.com/company/175949,2026-09-04T01:03:59Z
13,Audax Private Equity,Massachusetts,269245,AKAM,Real Estate,"New York, New York, United States",2026-02-27,Secondary Buyout,,,0.5,True,,0,0,https://mergr.com/company/269245,2026-09-04T01:03:59Z
13,Audax Private Equity,Massachusetts,344637,Keystone,Business Services,"Boston, Massachusetts, United States",2026-01-08,"Buyout (LBO, MBO, MBI)",,,0.6,True,,1,0,https://mergr.com/company/344637,2026-09-04T01:03:59Z
13,Audax Private Equity,Massachusetts,185,Elevate Patient Financial Solutions,Information Technology,"Spring, Texas, United States",2025-08-04,Secondary Buyout,,,1.1,True,,0,0,https://mergr.com/company/185,2026-09-04T01:03:59Z
13,Audax Private Equity,Massachusetts,281881,Lanter Delivery Systems,Transportation,"Des Peres, Missouri, United States",2025-03-31,Secondary Buyout,,,1.4,True,,1,0,https://mergr.com/company/281881,2026-09-04T01:03:59Z
13,Audax Private Equity,Massachusetts,307624,Total PowerGen Solutions,Electrical Equipment,"Mississauga, Ontario, Canada",2024-09-10,Secondary Buyout,,,1.9,True,,0,0,https://mergr.com/company/307624,2026-09-04T01:03:59Z
13,Audax Private Equity,Massachusetts,348042,Doeren Mayhew,Business Services,"Troy, Michigan, United States",2024-08-23,Growth Capital,,,2,True,,0,0,https://mergr.com/company/348042,2026-09-04T01:03:59Z
13,Audax Private Equity,Massachusetts,328058,Resonant Clinical Solutions,Life Science,"Radnor, Pennsylvania, United States",2024-08-16,Divestiture,,,2,True,,0,0,https://mergr.com/company/328058,2026-09-04T01:03:59Z
13,Audax Private Equity,Massachusetts,320017,Dobbs Tire & Auto Centers,Automotive,"High Ridge, Missouri, United States",2023-12-18,Growth Capital,,,2.7,True,,2,0,https://mergr.com/company/320017,2026-09-04T01:03:59Z
13,Audax Private Equity,Massachusetts,328153,Oakbridge,Insurance,"Alpharetta, Georgia, United States",2023-09-26,Secondary Buyout,,,2.9,True,,0,0,https://mergr.com/company/328153,2026-09-04T01:03:59Z
13,Audax Private Equity,Massachusetts,328029,CW Advisors,Financial Services,"Boston, Massachusetts, United States",2023-04-28,Recapitalization,2025-06-17,Divestiture,2.1,False,,1,0,https://mergr.com/company/328029,2026-09-04T01:03:59Z
13,Audax Private Equity,Massachusetts,328156,Pyramid Pharma Services,Life Science,"Costa Mesa, California, United States",2023-04-18,Growth Capital,,,3.3,True,,0,0,https://mergr.com/company/328156,2026-09-04T01:03:59Z
13,Audax Private Equity,Massachusetts,278873,Krayden,Distribution,"Denver, Colorado, United States",2023-04-05,Secondary Buyout,,,3.3,True,,0,0,https://mergr.com/company/278873,2026-09-04T01:03:59Z
13,Audax Private Equity,Massachusetts,328151,Mosaic Dental Collective,Healthcare Services,"Vancouver, Washington, United States",2023-03-28,Growth Capital,,,3.4,True,,0,0,https://mergr.com/company/328151,2026-09-04T01:03:59Z
13,Audax Private Equity,Massachusetts,29907,Salon Lofts,Consumer Services,"Columbus, Ohio, United States",2022-11-30,Secondary Buyout,,,3.8,True,,0,0,https://mergr.com/company/29907,2026-09-04T01:03:59Z
13,Audax Private Equity,Massachusetts,307477,Medi-Weightloss,Consumer Services,"Tampa, Florida, United States",2022-11-28,"Buyout (LBO, MBO, MBI)",,,3.8,True,,0,0,https://mergr.com/company/307477,2026-09-04T01:03:59Z
13,Audax Private Equity,Massachusetts,4264,DISA,Business Services,"Houston, Texas, United States",2022-09-12,Secondary Buyout,,,3.9,True,,5,0,https://mergr.com/company/4264,2026-09-04T01:03:59Z
13,Audax Private Equity,Massachusetts,270856,Rensa Filtration,Manufacturing,"Aurora, Illinois, United States",2022-08-15,Secondary Buyout,,,4,True,,6,0,https://mergr.com/company/270856,2026-09-04T01:03:59Z
13,Audax Private Equity,Massachusetts,27686,BlueCat,Information Technology,"Toronto, Ontario, Canada",2022-06-23,Secondary Buyout,,,4.2,True,,3,0,https://mergr.com/company/27686,2026-09-04T01:03:59Z
13,Audax Private Equity,Massachusetts,301296,Harbourfront Wealth Management,Financial Services,"Vancouver, British Columbia, Canada",2022-06-14,Growth Capital,,,4.2,True,,4,0,https://mergr.com/company/301296,2026-09-04T01:03:59Z
13,Audax Private Equity,Massachusetts,272330,Thermogenics,Machinery,"Aurora, Ontario, Canada",2022-06-02,Secondary Buyout,2025-06-18,Trade Sale - Public Company,3,False,,3,0,https://mergr.com/company/272330,2026-09-04T01:03:59Z
13,Audax Private Equity,Massachusetts,265914,Monarch Landscape Companies,Construction,"Los Angeles, California, United States",2022-04-01,Secondary Buyout,,,4.4,True,,1,0,https://mergr.com/company/265914,2026-09-04T01:03:59Z
13,Audax Private Equity,Massachusetts,281417,Flow Control Holdings,Manufacturing,"Cincinnati, Illinois, United States",2022-03-15,Secondary Buyout,,,4.4,True,,6,0,https://mergr.com/company/281417,2026-09-04T01:03:59Z
13,Audax Private Equity,Massachusetts,300676,Renovo Home Partners,Construction,"Dallas, Texas, United States",2022-01-31,Consolidation,2025-10-28,Shut Down,3.7,False,,4,1,https://mergr.com/company/300676,2026-09-04T01:03:59Z
13,Audax Private Equity,Massachusetts,250088,Centerline Communication,Communications,"West Bridgewater, Massachusetts, United States",2022-01-11,Secondary Buyout,,,4.6,True,,3,0,https://mergr.com/company/250088,2026-09-04T01:03:59Z
13,Audax Private Equity,Massachusetts,307969,Ezurio,Technology Hardware,"Akron, Ohio, United States",2022-01-01,"Buyout (LBO, MBO, MBI)",,,4.7,True,,2,0,https://mergr.com/company/307969,2026-09-04T01:03:59Z
13,Audax Private Equity,Massachusetts,277267,Veterinary Practice Partners,Consumer Services,"King of Prussia, Pennsylvania, United States",2021-12-06,Secondary Buyout,,,4.7,True,,1,0,https://mergr.com/company/277267,2026-09-04T01:03:59Z
13,Audax Private Equity,Massachusetts,257543,Integrate,Information Technology,"Phoenix, Arizona, United States",2021-12-01,Growth Capital,,,4.8,True,,0,0,https://mergr.com/company/257543,2026-09-04T01:03:59Z
13,Audax Private Equity,Massachusetts,306169,Stout,Financial Services,"Chicago, Illinois, United States",2021-10-28,Growth Capital,2025-06-02,Trade Sale - Public Company,3.6,False,,5,0,https://mergr.com/company/306169,2026-09-04T01:03:59Z
13,Audax Private Equity,Massachusetts,290550,GCX,Medical Products,"Petaluma, California, United States",2021-09-20,"Buyout (LBO, MBO, MBI)",,,4.9,True,,1,0,https://mergr.com/company/290550,2026-09-04T01:03:59Z
13,Audax Private Equity,Massachusetts,193362,Covercraft,Automotive,"Pauls Valley, Oklahoma, United States",2021-08-23,Secondary Buyout,,,5,True,,0,0,https://mergr.com/company/193362,2026-09-04T01:03:59Z
13,Audax Private Equity,Massachusetts,292660,Team Cymru,Information Technology,"Lake Mary, Florida, United States",2021-08-04,Growth Capital,,,5.1,True,,1,0,https://mergr.com/company/292660,2026-09-04T01:03:59Z
13,Audax Private Equity,Massachusetts,278318,Flashpoint,Information Technology,"Washington, District of Columbia, United States",2021-07-21,Growth Capital,,,5.1,True,,2,0,https://mergr.com/company/278318,2026-09-04T01:03:59Z
13,Audax Private Equity,Massachusetts,53950,Solve Industrial Motion Group,Manufacturing,"Charlotte, North Carolina, United States",2021-07-08,Secondary Buyout,,,5.1,True,,5,0,https://mergr.com/company/53950,2026-09-04T01:03:59Z
13,Audax Private Equity,Massachusetts,287109,S.J. Electro Systems,Electrical Equipment,"Detroit Lakes, Minnesota, United States",2021-06-28,"Buyout (LBO, MBO, MBI)",,,5.2,True,,5,0,https://mergr.com/company/287109,2026-09-04T01:03:59Z
13,Audax Private Equity,Massachusetts,272061,Alliance Ground International,Transportation,"Miami, Florida, United States",2021-06-01,Secondary Buyout,2026-01-22,Trade Sale - Public Company,4.6,False,,2,0,https://mergr.com/company/272061,2026-09-04T01:03:59Z
13,Audax Private Equity,Massachusetts,276996,Strickland Brothers,Automotive,"Winston-Salem, North Carolina, United States",2021-05-24,Growth Capital,,,5.3,True,,2,0,https://mergr.com/company/276996,2026-09-04T01:03:59Z
13,Audax Private Equity,Massachusetts,23454,Statlab Medical Products,Medical Products,"McKinney, Texas, United States",2021-01-12,Secondary Buyout,2026-07-14,Divestiture,5.5,False,,8,0,https://mergr.com/company/23454,2026-09-04T01:03:59Z
13,Audax Private Equity,Massachusetts,290278,GCG,Distribution,"Chicago, Illinois, United States",2021-01-01,"Buyout (LBO, MBO, MBI)",,,5.7,True,,4,0,https://mergr.com/company/290278,2026-09-04T01:03:59Z
13,Audax Private Equity,Massachusetts,248589,48forty Solutions,Packaging,"Houston, Texas, United States",2020-12-01,Secondary Buyout,,,5.8,True,,16,0,https://mergr.com/company/248589,2026-09-04T01:03:59Z
13,Audax Private Equity,Massachusetts,277800,AIA Contract Documents,Business Services,"Washington, District of Columbia, United States",2020-10-30,Growth Capital,2025-07-08,Trade Sale - Public Company,4.7,False,,0,0,https://mergr.com/company/277800,2026-09-04T01:03:59Z
13,Audax Private Equity,Massachusetts,305750,GuidePoint Security,Information Technology,"Reston, Virginia, United States",2020-07-14,Growth Capital,,,6.1,True,,0,0,https://mergr.com/company/305750,2026-09-04T01:03:59Z
13,Audax Private Equity,Massachusetts,268844,Kofile,Information Technology,"Dallas, Texas, United States",2020-02-04,"Buyout (LBO, MBO, MBI)",,,6.6,True,,3,0,https://mergr.com/company/268844,2026-09-04T01:03:59Z
13,Audax Private Equity,Massachusetts,292606,Nextech,Business Services,"Melbourne, Florida, United States",2020-01-01,"Buyout (LBO, MBO, MBI)",,,6.7,True,,2,0,https://mergr.com/company/292606,2026-09-04T01:03:59Z
13,Audax Private Equity,Massachusetts,328154,Panoramic Health,Healthcare Services,"Tempe, Arizona, United States",2020-01-01,Growth Capital,,,6.7,True,,0,0,https://mergr.com/company/328154,2026-09-04T01:03:59Z
13,Audax Private Equity,Massachusetts,289008,Neumo,Software,"Centreville, Virginia, United States",2020-01-01,"Buyout (LBO, MBO, MBI)",2025-08-13,Trade Sale - Public Company,5.6,False,,4,0,https://mergr.com/company/289008,2026-09-04T01:03:59Z
13,Audax Private Equity,Massachusetts,87669,CorEvitas,Life Science,"Waltham, Massachusetts, United States",2019-12-19,Recapitalization,2023-07-06,Divestiture,3.5,False,,3,0,https://mergr.com/company/87669,2026-09-04T01:03:59Z
13,Audax Private Equity,Massachusetts,267885,Fortis,Information Technology,"Plano, Texas, United States",2019-12-19,Growth Capital,,,6.7,True,,9,0,https://mergr.com/company/267885,2026-09-04T01:03:59Z
13,Audax Private Equity,Massachusetts,71181,EIS,Distribution,"Atlanta, Georgia, United States",2019-08-16,Divestiture,2024-11-12,Trade Sale - Public Company,5.2,False,,2,1,https://mergr.com/company/71181,2026-09-04T01:03:59Z
13,Audax Private Equity,Massachusetts,250149,CORE Institute,Healthcare Services,"Phoenix, Arizona, United States",2019-08-15,Secondary Buyout,,,7,True,,4,0,https://mergr.com/company/250149,2026-09-04T01:03:59Z
13,Audax Private Equity,Massachusetts,6805,Stonewall Kitchen,Food,"York, Maine, United States",2019-08-01,Secondary Buyout,2022-03-14,Trade Sale - Public Company,2.6,False,,4,0,https://mergr.com/company/6805,2026-09-04T01:03:59Z
13,Audax Private Equity,Massachusetts,7817,Aspen Surgical,Medical Products,"Caledonia, Michigan, United States",2019-07-10,Divestiture,,,7.1,True,,7,0,https://mergr.com/company/7817,2026-09-04T01:03:59Z
13,Audax Private Equity,Massachusetts,36397,Chartis,Business Services,"Chicago, Illinois, United States",2019-05-09,Recapitalization,2024-08-14,Trade Sale - Public Company,5.3,False,,4,0,https://mergr.com/company/36397,2026-09-04T01:03:59Z
13,Audax Private Equity,Massachusetts,260650,PremiStar,Business Services,"Glenview, Illinois, United States",2019-05-09,Recapitalization,2021-07-27,Trade Sale - Public Company,2.2,False,,12,0,https://mergr.com/company/260650,2026-09-04T01:03:59Z
13,Audax Private Equity,Massachusetts,107385,Emplifi,Software,"Columbus, Ohio, United States",2019-04-10,Secondary Buyout,,,7.3,True,,4,0,https://mergr.com/company/107385,2026-09-04T01:03:59Z
13,Audax Private Equity,Massachusetts,285933,Englert,Building Materials,"East Brunswick, New Jersey, United States",2019-01-01,"Buyout (LBO, MBO, MBI)",2024-06-21,Divestiture,5.4,False,,0,0,https://mergr.com/company/285933,2026-09-04T01:03:59Z
13,Audax Private Equity,Massachusetts,316437,New Story Schools,Education,"Baltimore, Maryland, United States",2019-01-01,"Buyout (LBO, MBO, MBI)",,,7.7,True,,1,0,https://mergr.com/company/316437,2026-09-04T01:03:59Z
13,Audax Private Equity,Massachusetts,294015,Elevate ENT Partners,Healthcare Services,"Miami Lakes, Florida, United States",2019-01-01,Growth Capital,,,7.7,True,,8,0,https://mergr.com/company/294015,2026-09-04T01:03:59Z
13,Audax Private Equity,Massachusetts,178928,Phoenix Physical Therapy,Healthcare Services,"Cranberry Township, Pennsylvania, United States",2018-12-13,Secondary Buyout,,,7.7,True,,8,0,https://mergr.com/company/178928,2026-09-04T01:03:59Z
13,Audax Private Equity,Massachusetts,229382,PlayMonster,Consumer Products,"Beloit, Wisconsin, United States",2018-11-19,Secondary Buyout,,,7.8,True,,2,0,https://mergr.com/company/229382,2026-09-04T01:03:59Z
13,Audax Private Equity,Massachusetts,216809,Colony Hardware,Distribution,"Orange, Connecticut, United States",2018-11-14,Secondary Buyout,2026-01-29,Divestiture,7.2,False,,5,0,https://mergr.com/company/216809,2026-09-04T01:03:59Z
13,Audax Private Equity,Massachusetts,221453,Acuant,Software,"Los Angeles, California, United States",2018-09-24,"Buyout (LBO, MBO, MBI)",2021-11-18,Divestiture,3.1,False,,0,0,https://mergr.com/company/221453,2026-09-04T01:03:59Z
13,Audax Private Equity,Massachusetts,348050,Beacon Mobility,Transportation,"Southborough, Massachusetts, United States",2018-07-11,"Buyout (LBO, MBO, MBI)",,,8.1,True,,1,0,https://mergr.com/company/348050,2026-09-04T01:03:59Z
13,Audax Private Equity,Massachusetts,32658,MNX Global Logistics,Transportation,"Long Beach, California, United States",2018-07-10,Secondary Buyout,2021-12-13,Merger,3.4,False,,2,0,https://mergr.com/company/32658,2026-09-04T01:03:59Z
13,Audax Private Equity,Massachusetts,252027,Revolution Dancewear,Apparel/Textiles,"Niles, Illinois, United States",2018-06-28,Secondary Buyout,,,8.2,True,,1,0,https://mergr.com/company/252027,2026-09-04T01:03:59Z
13,Audax Private Equity,Massachusetts,232366,Protective Industrial Products,Safety/Security,"Latham, New York, United States",2018-02-01,Recapitalization,2020-12-15,Trade Sale - Public Company,2.8,False,,2,0,https://mergr.com/company/232366,2026-09-04T01:03:59Z
13,Audax Private Equity,Massachusetts,247077,Corsearch,Business Services,"London, United Kingdom",2018-01-05,Divestiture,2021-04-20,Trade Sale - Public Company,3.3,False,,6,0,https://mergr.com/company/247077,2026-09-04T01:03:59Z
13,Audax Private Equity,Massachusetts,16625,Liquid Environmental Solutions,Environmental,"Irving, Texas, United States",2017-12-20,Secondary Buyout,2025-07-22,Divestiture,7.6,False,,2,0,https://mergr.com/company/16625,2026-09-04T01:03:59Z
13,Audax Private Equity,Massachusetts,246411,Belmont Medical Technologies,Healthcare Services,"Billerica, Massachusetts, United States",2017-12-18,Recapitalization,,,8.7,True,,3,0,https://mergr.com/company/246411,2026-09-04T01:03:59Z
13,Audax Private Equity,Massachusetts,245155,Jitterbit,Internet Software and Services,"Alameda, California, United States",2017-11-07,Venture,,,8.8,True,,4,0,https://mergr.com/company/245155,2026-09-04T01:03:59Z
13,Audax Private Equity,Massachusetts,244192,Smart Care Equipment Solutions,Business Services,"St Paul, Minnesota, United States",2017-11-02,Divestiture,2022-03-11,Divestiture,4.3,False,,7,1,https://mergr.com/company/244192,2026-09-04T01:03:59Z
13,Audax Private Equity,Massachusetts,30019,WellSpring Consumer Healthcare,Medical Products,"Sarasota, Florida, United States",2017-09-27,Secondary Buyout,2022-08-23,Trade Sale - Public Company,4.8,False,,0,0,https://mergr.com/company/30019,2026-09-04T01:03:59Z
13,Audax Private Equity,Massachusetts,18455,EnviroVac Holdings LLC,Environmental,"Savannah, Georgia, United States",2017-07-10,Secondary Buyout,,,9.1,True,,1,0,https://mergr.com/company/18455,2026-09-04T01:03:59Z
13,Audax Private Equity,Massachusetts,61146,Altasciences,Life Science,"Laval, Quebec, Canada",2017-06-13,Secondary Buyout,2021-02-22,Trade Sale - Public Company,3.7,False,,1,0,https://mergr.com/company/61146,2026-09-04T01:03:59Z
13,Audax Private Equity,Massachusetts,50590,AI Fire,Safety/Security,"Long Beach, California, United States",2017-04-19,Secondary Buyout,2021-03-23,Trade Sale - Public Company,3.9,False,,6,0,https://mergr.com/company/50590,2026-09-04T01:03:59Z
13,Audax Private Equity,Massachusetts,175949,FDH Aero,Aerospace,"Commerce, California, United States",2017-04-04,Secondary Buyout,2026-06-09,Secondary Sale,9.2,False,,9,0,https://mergr.com/company/175949,2026-09-04T01:03:59Z
13,Audax Private Equity,Massachusetts,265982,Axia Women's Health,Healthcare Services,"Voorhees, New Jersey, United States",2017-01-02,Growth Capital,2021-05-05,Trade Sale - Public Company,4.3,False,,4,0,https://mergr.com/company/265982,2026-09-04T01:03:59Z
13,Audax Private Equity,Massachusetts,294737,Accent Food Services,Business Services,"Pflugerville, Texas, United States",2016-12-01,Secondary Buyout,2022-01-10,Divestiture,5.1,False,,0,0,https://mergr.com/company/294737,2026-09-04T01:03:59Z
13,Audax Private Equity,Massachusetts,189592,Mobileum,Software,"Cupertino, California, United States",2016-11-03,"Buyout (LBO, MBO, MBI)",2022-03-02,Trade Sale - Public Company,5.3,False,,6,0,https://mergr.com/company/189592,2026-09-04T01:03:59Z
13,Audax Private Equity,Massachusetts,267009,United Urology Group,Healthcare Services,"Owings Mills, Maryland, United States",2016-08-01,"Buyout (LBO, MBO, MBI)",2024-08-20,Divestiture,8,False,,1,0,https://mergr.com/company/267009,2026-09-04T01:03:59Z
13,Audax Private Equity,Massachusetts,30272,RelaDyne,Distribution,"Cincinnati, Ohio, United States",2016-07-26,Secondary Buyout,2021-12-23,Trade Sale - Public Company,5.3,False,2100,25,0,https://mergr.com/company/30272,2026-09-04T01:03:59Z
13,Audax Private Equity,Massachusetts,4350,HALO,Marketing,"Sterling, Illinois, United States",2016-04-14,Secondary Buyout,2018-05-17,Trade Sale - Public Company,2.1,False,,4,0,https://mergr.com/company/4350,2026-09-04T01:03:59Z
13,Audax Private Equity,Massachusetts,216838,Gastro Health,Healthcare Services,"Miami, Florida, United States",2016-03-10,Recapitalization,2021-05-19,Trade Sale - Public Company,5.2,False,,3,0,https://mergr.com/company/216838,2026-09-04T01:03:59Z
13,Audax Private Equity,Massachusetts,14086,Preferred Compounding Corp.,Chemicals,"Copley, Ohio, United States",2016-02-01,Secondary Buyout,2019-07-01,Divestiture,3.4,False,240,1,0,https://mergr.com/company/14086,2026-09-04T01:03:59Z
13,Audax Private Equity,Massachusetts,214225,ICP,Chemicals,"Andover, Massachusetts, United States",2016-01-19,Consolidation,,,10.6,True,,14,1,https://mergr.com/company/214225,2026-09-04T01:03:59Z
13,Audax Private Equity,Massachusetts,202095,Lifemark,Healthcare Services,"Toronto, Ontario, Canada",2016-01-13,Divestiture,2022-03-14,Divestiture,6.2,False,,2,0,https://mergr.com/company/202095,2026-09-04T01:03:59Z
13,Audax Private Equity,Massachusetts,5185,CoolSys,Business Services,"Brea, California, United States",2016-01-06,Secondary Buyout,2019-03-21,Trade Sale - Public Company,3.2,False,,8,0,https://mergr.com/company/5185,2026-09-04T01:03:59Z
13,Audax Private Equity,Massachusetts,9069,Imperial Dade,Distribution,"Jersey City, New Jersey, United States",2016-01-01,"Buyout (LBO, MBO, MBI)",2019-05-01,Trade Sale - Public Company,3.3,False,,12,0,https://mergr.com/company/9069,2026-09-04T01:03:59Z
13,Audax Private Equity,Massachusetts,973,Active Day,Consumer Services,"Trevose, Pennsylvania, United States",2015-12-09,Secondary Buyout,,,10.7,True,,7,1,https://mergr.com/company/973,2026-09-04T01:03:59Z
13,Audax Private Equity,Massachusetts,12175,EOSIS,Healthcare Services,"New Brighton, Minnesota, United States",2015-12-07,Secondary Buyout,2023-10-01,Trade Sale - Public Company,7.8,False,,1,0,https://mergr.com/company/12175,2026-09-04T01:03:59Z
13,Audax Private Equity,Massachusetts,4384,Justrite,Safety/Security,"Des Plaines, Illinois, United States",2015-11-16,Secondary Buyout,,,10.8,True,,4,0,https://mergr.com/company/4384,2026-09-04T01:03:59Z
13,Audax Private Equity,Massachusetts,176441,California Products Corp.,Chemicals,"Andover, Massachusetts, United States",2015-10-27,Secondary Buyout,2016-01-19,Spin Off,0.2,False,,0,0,https://mergr.com/company/176441,2026-09-04T01:03:59Z
13,Audax Private Equity,Massachusetts,178889,Techniks,Machinery,"Indianapolis, Indiana, United States",2015-09-23,Secondary Buyout,2019-02-14,Trade Sale - Public Company,3.3,False,,3,0,https://mergr.com/company/178889,2026-09-04T01:03:59Z
13,Audax Private Equity,Massachusetts,5597,Peak Toolworks,Manufacturing,"Jasper, Indiana, United States",2015-09-21,Secondary Buyout,2023-12-13,Divestiture,8.2,False,,1,0,https://mergr.com/company/5597,2026-09-04T01:03:59Z
13,Audax Private Equity,Massachusetts,20457,Katena,Medical Products,"Parsippany, New Jersey, United States",2015-06-24,Secondary Buyout,2021-12-02,Divestiture,6.4,False,,5,0,https://mergr.com/company/20457,2026-09-04T01:03:59Z
13,Audax Private Equity,Massachusetts,29519,Trexon,Electrical Equipment,"Macedonia, Ohio, United States",2015-05-14,Secondary Buyout,2024-02-08,Divestiture,8.7,False,,11,0,https://mergr.com/company/29519,2026-09-04T01:03:59Z
13,Audax Private Equity,Massachusetts,26173,Nicoat,Chemicals,"Bensenville, Illinois, United States",2015-04-01,Secondary Buyout,2016-01-19,Spin Off,0.8,False,,0,0,https://mergr.com/company/26173,2026-09-04T01:03:59Z
13,Audax Private Equity,Massachusetts,120277,Momentara,Marketing,"Minneapolis, Minnesota, United States",2015-03-19,"Buyout (LBO, MBO, MBI)",,,11.4,True,,6,0,https://mergr.com/company/120277,2026-09-04T01:03:59Z
13,Audax Private Equity,Massachusetts,177370,Corepoint Health,Information Technology,"Frisco, Texas, United States",2015-02-18,Growth Capital,2020-02-19,Spin Off,5,False,,0,0,https://mergr.com/company/177370,2026-09-04T01:03:59Z
13,Audax Private Equity,Massachusetts,3042,Solis Mammography,Healthcare Services,"Addison, Texas, United States",2015-02-01,"Buyout (LBO, MBO, MBI)",2018-08-01,Trade Sale - Public Company,3.5,False,,0,0,https://mergr.com/company/3042,2026-09-04T01:03:59Z
6,ArcLight Capital Partners,Massachusetts,352306,Brandywine Power,Energy Services and Equipment,"Brandywine, Maryland, United States",2026-05-18,Divestiture,,,0.3,True,,0,0,https://mergr.com/company/352306,2026-09-04T01:03:59Z
6,ArcLight Capital Partners,Massachusetts,8119,Advanced Power,Energy Services and Equipment,"Zug, Switzerland",2025-07-24,"Buyout (LBO, MBO, MBI)",,,1.1,True,,0,0,https://mergr.com/company/8119,2026-09-04T01:03:59Z
6,ArcLight Capital Partners,Massachusetts,339477,Clean Computational Infrastructure,Information Technology,United States,2025-07-01,"Buyout (LBO, MBO, MBI)",,,1.2,True,,0,0,https://mergr.com/company/339477,2026-09-04T01:03:59Z
6,ArcLight Capital Partners,Massachusetts,11989,AlphaGen,Infrastructure,"Houston, Texas, United States",2024-01-10,Consolidation,,,2.6,True,,2,0,https://mergr.com/company/11989,2026-09-04T01:03:59Z
6,ArcLight Capital Partners,Massachusetts,192082,REC Solar,Renewable Energy,"San Luis Obispo, California, United States",2023-10-05,Divestiture,,,2.8,True,,0,0,https://mergr.com/company/192082,2026-09-04T01:03:59Z
6,ArcLight Capital Partners,Massachusetts,339485,Kleen,Utilities,"Middletown, Connecticut, United States",2023-08-14,Divestiture,,,3,True,,0,0,https://mergr.com/company/339485,2026-09-04T01:03:59Z
6,ArcLight Capital Partners,Massachusetts,309614,Elevate Renewables,Renewable Energy,"Boston, Massachusetts, United States",2023-01-31,Growth Capital,,,3.6,True,,1,0,https://mergr.com/company/309614,2026-09-04T01:03:59Z
6,ArcLight Capital Partners,Massachusetts,339494,OnPoint Energy,Utilities,"Houston, Texas, United States",2022-08-17,Consolidation,,,4,True,,0,0,https://mergr.com/company/339494,2026-09-04T01:03:59Z
6,ArcLight Capital Partners,Massachusetts,339488,Infinigen Renewables,Renewable Energy,"San Juan, Puerto Rico",2021-12-16,Consolidation,,,4.7,True,,0,0,https://mergr.com/company/339488,2026-09-04T01:03:59Z
6,ArcLight Capital Partners,Massachusetts,339490,Inspiration,Automotive,"Washington, District of Columbia, United States",2021-11-10,Growth Capital,,,4.8,True,,0,0,https://mergr.com/company/339490,2026-09-04T01:03:59Z
6,ArcLight Capital Partners,Massachusetts,289193,"Public Service Enterprise Group - 6,750-Megawatt Fossil Generating Portfolio",Utilities,"Newark, New York, United States",2021-08-12,Divestiture,,,5,True,,0,0,https://mergr.com/company/289193,2026-09-04T01:03:59Z
6,ArcLight Capital Partners,Massachusetts,339495,NGPL,Oil/Gas Exploration,"Houston, Texas, United States",2021-02-22,Stake Purchase,,,5.5,True,,0,0,https://mergr.com/company/339495,2026-09-04T01:03:59Z
6,ArcLight Capital Partners,Massachusetts,57254,Third Coast Midstream,Oil/Gas Exploration,"Denver, Colorado, United States",2019-03-18,Going Private,,,7.4,True,652,0,1,https://mergr.com/company/57254,2026-09-04T01:03:59Z
6,ArcLight Capital Partners,Massachusetts,253017,"Midcoast Operating, L.P.",Energy Services and Equipment,"Houston, Texas, United States",2018-08-01,Divestiture,,,8.1,True,,0,0,https://mergr.com/company/253017,2026-09-04T01:03:59Z
6,ArcLight Capital Partners,Massachusetts,287815,Thorntons,Retail,"Louisville, Kentucky, United States",2018-03-12,Joint Venture,,,8.4,True,,0,0,https://mergr.com/company/287815,2026-09-04T01:03:59Z
6,ArcLight Capital Partners,Massachusetts,226762,American Electric Power - Four Competitive Power Plants,Renewable Energy,United States,2016-09-14,Divestiture,,,9.9,True,,0,0,https://mergr.com/company/226762,2026-09-04T01:03:59Z
6,ArcLight Capital Partners,Massachusetts,300696,LOGOS Resources II,Oil/Gas Exploration,"Farmington, New Mexico, United States",2016-07-25,"Buyout (LBO, MBO, MBI)",2022-06-02,Trade Sale - Public Company,5.8,False,,0,0,https://mergr.com/company/300696,2026-09-04T01:03:59Z
6,ArcLight Capital Partners,Massachusetts,4672,TransMontaigne Partners,Energy Services and Equipment,"Denver, Colorado, United States",2016-01-08,Secondary Buyout,,,10.6,True,,1,0,https://mergr.com/company/4672,2026-09-04T01:03:59Z
6,ArcLight Capital Partners,Massachusetts,221005,Limetree Bay Terminals LLC,Energy Services and Equipment,"Virginia, United States",2016-01-07,Divestiture,,,10.6,True,,0,0,https://mergr.com/company/221005,2026-09-04T01:03:59Z
6,ArcLight Capital Partners,Massachusetts,213182,Gulf Oil,Oil/Gas Exploration,"Wellesley Hills, Massachusetts, United States",2015-12-29,Divestiture,2023-07-05,Divestiture,7.5,False,,1,1,https://mergr.com/company/213182,2026-09-04T01:03:59Z
6,ArcLight Capital Partners,Massachusetts,203280,Element Petroleum III LLC,Oil/Gas Exploration,"Midland, Texas, United States",2015-09-10,"Buyout (LBO, MBO, MBI)",,,10.9,True,,0,0,https://mergr.com/company/203280,2026-09-04T01:03:59Z
6,ArcLight Capital Partners,Massachusetts,182517,Pyramid,Oil/Gas Exploration,"Middletown, Pennsylvania, United States",2015-04-01,"Buyout (LBO, MBO, MBI)",2016-01-01,Spin Off,0.8,False,,0,0,https://mergr.com/company/182517,2026-09-04T01:03:59Z
6,ArcLight Capital Partners,Massachusetts,259370,"Republic Midstream, LLC",Oil/Gas Exploration,"Dover, Delaware, United States",2014-07-30,"Buyout (LBO, MBO, MBI)",2019-03-20,Divestiture,4.6,False,,0,0,https://mergr.com/company/259370,2026-09-04T01:03:59Z
6,ArcLight Capital Partners,Massachusetts,30765,"Ridgeline Midstream Holdings, LLC",Oil/Gas Exploration,"Ohio, United States",2012-03-27,Stake Purchase,,,14.4,True,,0,0,https://mergr.com/company/30765,2026-09-04T01:03:59Z
6,ArcLight Capital Partners,Massachusetts,254383,North Sea Midstream Partners,Oil/Gas Exploration,"London, United Kingdom",2012-01-01,"Buyout (LBO, MBO, MBI)",2018-09-24,Trade Sale - Public Company,6.7,False,,0,0,https://mergr.com/company/254383,2026-09-04T01:03:59Z
6,ArcLight Capital Partners,Massachusetts,30759,"Lonestar Midstream Holdings, LLC",Distribution,"Irving, Texas, United States",2011-01-01,Stake Purchase,,,15.7,True,,0,0,https://mergr.com/company/30759,2026-09-04T01:03:59Z
6,ArcLight Capital Partners,Massachusetts,30763,"Plymouth Petroleum, LLC",Oil/Gas Exploration,"Midland, Texas, United States",2011-01-01,Growth Capital,,,15.7,True,,0,0,https://mergr.com/company/30763,2026-09-04T01:03:59Z
6,ArcLight Capital Partners,Massachusetts,25719,Great Point Power LLC,Energy Services and Equipment,"New York, New York, United States",2010-06-11,Stake Purchase,,,16.2,True,,0,0,https://mergr.com/company/25719,2026-09-04T01:03:59Z
6,ArcLight Capital Partners,Massachusetts,77,Terra-Gen,Renewable Energy,"New York, New York, United States",2009-10-29,Stake Purchase,2015-09-01,Secondary Sale,5.8,False,,0,1,https://mergr.com/company/77,2026-09-04T01:03:59Z
6,ArcLight Capital Partners,Massachusetts,30762,Offshore Infrastructure Partners LLC,Oil/Gas Exploration,Mexico,2009-09-28,Stake Purchase,,,16.9,True,,0,0,https://mergr.com/company/30762,2026-09-04T01:03:59Z
6,ArcLight Capital Partners,Massachusetts,18784,"Arkoma Pipeline Partners, LLC",Energy Services and Equipment,"Bennington, Oklahoma, United States",2009-07-01,Joint Venture,,,17.2,True,,0,0,https://mergr.com/company/18784,2026-09-04T01:03:59Z
6,ArcLight Capital Partners,Massachusetts,18783,Waterside Power Holdings LLC,Utilities,"Stamford, Connecticut, United States",2009-01-01,"Buyout (LBO, MBO, MBI)",,,17.7,True,,0,0,https://mergr.com/company/18783,2026-09-04T01:03:59Z
6,ArcLight Capital Partners,Massachusetts,30800,KGen Power LLC,Energy Services and Equipment,"Houston, Texas, United States",2009-01-01,Stake Purchase,,,17.7,True,,0,0,https://mergr.com/company/30800,2026-09-04T01:03:59Z
6,ArcLight Capital Partners,Massachusetts,30797,Busbar,Energy Services and Equipment,United States,2008-12-01,Stake Purchase,,,17.8,True,,0,0,https://mergr.com/company/30797,2026-09-04T01:03:59Z
6,ArcLight Capital Partners,Massachusetts,12621,Petrotank Holding GmbH,Energy Services and Equipment,"Bremerhaven, Germany",2008-11-04,"Buyout (LBO, MBO, MBI)",,,17.8,True,,0,0,https://mergr.com/company/12621,2026-09-04T01:03:59Z
6,ArcLight Capital Partners,Massachusetts,30794,ReNu Power LLC,Renewable Energy,"Victoria, Texas, United States",2008-08-20,Stake Purchase,,,18,True,,0,0,https://mergr.com/company/30794,2026-09-04T01:03:59Z
6,ArcLight Capital Partners,Massachusetts,12620,Orchid Environmental,Environmental,"Lancashire, United Kingdom",2008-05-27,Stake Purchase,,,18.3,True,,0,0,https://mergr.com/company/12620,2026-09-04T01:03:59Z
6,ArcLight Capital Partners,Massachusetts,12614,Galleon Oil & Gas,Oil/Gas Exploration,"The Woodlands, Texas, United States",2008-01-01,Stake Purchase,,,18.7,True,,0,0,https://mergr.com/company/12614,2026-09-04T01:03:59Z
6,ArcLight Capital Partners,Massachusetts,12619,"Liberty Bell Funding, LLC",Energy Services and Equipment,"Nesquehoning, Pennsylvania, United States",2008-01-01,Stake Purchase,,,18.7,True,,0,0,https://mergr.com/company/12619,2026-09-04T01:03:59Z
6,ArcLight Capital Partners,Massachusetts,30754,"Charger Oil and Gas, LLC",Oil/Gas Exploration,"Marshall, Texas, United States",2008-01-01,Stake Purchase,,,18.7,True,,0,0,https://mergr.com/company/30754,2026-09-04T01:03:59Z
6,ArcLight Capital Partners,Massachusetts,30757,Lightyear Holdings,Energy Services and Equipment,United States,2008-01-01,Stake Purchase,,,18.7,True,,0,0,https://mergr.com/company/30757,2026-09-04T01:03:59Z
6,ArcLight Capital Partners,Massachusetts,8279,Buckeye Partners,Energy Services and Equipment,"Houston, Texas, United States",2007-06-24,PIPE,2019-05-10,Trade Sale - Public Company,11.8,False,4108,3,1,https://mergr.com/company/8279,2026-09-04T01:03:59Z
6,ArcLight Capital Partners,Massachusetts,30748,Bayonne Energy Center,Energy Services and Equipment,"Bayonne, New Jersey, United States",2007-01-01,Joint Venture,2015-02-03,Divestiture,8.1,False,,0,0,https://mergr.com/company/30748,2026-09-04T01:03:59Z
6,ArcLight Capital Partners,Massachusetts,71,Hurrikan Power Funding,Renewable Energy,Germany,2007-01-01,Stake Purchase,,,19.7,True,,0,0,https://mergr.com/company/71,2026-09-04T01:03:59Z
6,ArcLight Capital Partners,Massachusetts,96,Juno Energy,Oil/Gas Exploration,"Midland, Texas, United States",2007-01-01,Stake Purchase,,,19.7,True,,0,0,https://mergr.com/company/96,2026-09-04T01:03:59Z
6,ArcLight Capital Partners,Massachusetts,98,North Sea Infrastructure Holdings,Infrastructure,"Aberdeen, United Kingdom",2007-01-01,Stake Purchase,,,19.7,True,,0,0,https://mergr.com/company/98,2026-09-04T01:03:59Z
6,ArcLight Capital Partners,Massachusetts,30769,"BGH Holdings, Inc.",Food,"Parsippany, New Jersey, United States",2007-01-01,Stake Purchase,,,19.7,True,,0,0,https://mergr.com/company/30769,2026-09-04T01:03:59Z
6,ArcLight Capital Partners,Massachusetts,30764,"RepconStrickland, Inc.",Business Services,"La Porte, Texas, United States",2006-12-29,Stake Purchase,2013-06-20,Divestiture,6.4,False,,0,0,https://mergr.com/company/30764,2026-09-04T01:03:59Z
6,ArcLight Capital Partners,Massachusetts,27432,Associated Asphalt,Building Materials,"Roanoke, Virginia, United States",2006-10-01,Secondary Buyout,2012-03-09,Trade Sale - Public Company,5.4,False,,0,0,https://mergr.com/company/27432,2026-09-04T01:03:59Z
6,ArcLight Capital Partners,Massachusetts,17589,Venture Production Plc,Oil/Gas Exploration,"Aberdeen, United Kingdom",2006-04-18,"Buyout (LBO, MBO, MBI)",2009-09-24,Divestiture,3.4,False,,0,0,https://mergr.com/company/17589,2026-09-04T01:03:59Z
6,ArcLight Capital Partners,Massachusetts,30799,Key Energy Services,Energy Services and Equipment,"Houston, Texas, United States",2006-01-01,Stake Purchase,,,20.7,True,414,7,3,https://mergr.com/company/30799,2026-09-04T01:03:59Z
6,ArcLight Capital Partners,Massachusetts,73,MCV Power Holdings,Energy Services and Equipment,"Midland, Michigan, United States",2006-01-01,Stake Purchase,,,20.7,True,,0,0,https://mergr.com/company/73,2026-09-04T01:03:59Z
6,ArcLight Capital Partners,Massachusetts,74,NET Investment Company,Energy Services and Equipment,"Houston, Texas, United States",2006-01-01,Stake Purchase,,,20.7,True,,0,0,https://mergr.com/company/74,2026-09-04T01:03:59Z
6,ArcLight Capital Partners,Massachusetts,75,AL Gulf Coast Terminal,Oil/Gas Exploration,"Channelview, Texas, United States",2006-01-01,"Buyout (LBO, MBO, MBI)",2011-10-31,Trade Sale - Public Company,5.8,False,,0,1,https://mergr.com/company/75,2026-09-04T01:03:59Z
6,ArcLight Capital Partners,Massachusetts,84,Escalade Energy,Renewable Energy,"Cadillac, Michigan, United States",2006-01-01,Stake Purchase,,,20.7,True,,0,0,https://mergr.com/company/84,2026-09-04T01:03:59Z
6,ArcLight Capital Partners,Massachusetts,86,Element Petroleum,Oil/Gas Exploration,"Midland, Texas, United States",2006-01-01,Stake Purchase,,,20.7,True,,0,0,https://mergr.com/company/86,2026-09-04T01:03:59Z
6,ArcLight Capital Partners,Massachusetts,94,Black Bear Power,Renewable Energy,"West Enfield, Maine, United States",2006-01-01,"Buyout (LBO, MBO, MBI)",,,20.7,True,,0,0,https://mergr.com/company/94,2026-09-04T01:03:59Z
6,ArcLight Capital Partners,Massachusetts,95,Crawfish Cogen,Energy Services and Equipment,"Orange, Texas, United States",2006-01-01,Stake Purchase,,,20.7,True,,0,0,https://mergr.com/company/95,2026-09-04T01:03:59Z
6,ArcLight Capital Partners,Massachusetts,99,OFS Holdings,Energy Services and Equipment,"Houston, Texas, United States",2006-01-01,Stake Purchase,2012-10-01,Divestiture,6.8,False,,0,0,https://mergr.com/company/99,2026-09-04T01:03:59Z
6,ArcLight Capital Partners,Massachusetts,18785,"Blue Ridge Asphalt, LLC",Metals/Mining,"Roanoke, Virginia, United States",2006-01-01,Stake Purchase,,,20.7,True,,0,0,https://mergr.com/company/18785,2026-09-04T01:03:59Z
6,ArcLight Capital Partners,Massachusetts,30749,BioD Fuels International GmbH,Oil/Gas Exploration,"Munich, Germany",2006-01-01,"Buyout (LBO, MBO, MBI)",,,20.7,True,,0,0,https://mergr.com/company/30749,2026-09-04T01:03:59Z
6,ArcLight Capital Partners,Massachusetts,30802,Matagorda Island Gas Operations LLC,Oil/Gas Exploration,"Houston, Texas, United States",2006-01-01,Stake Purchase,,,20.7,True,,0,0,https://mergr.com/company/30802,2026-09-04T01:03:59Z
6,ArcLight Capital Partners,Massachusetts,30807,Stamford Bridge Power,Energy Services and Equipment,"Massachusetts, United States",2006-01-01,"Buyout (LBO, MBO, MBI)",,,20.7,True,,0,0,https://mergr.com/company/30807,2026-09-04T01:03:59Z
6,ArcLight Capital Partners,Massachusetts,30756,Canyon Farm Funding,Business Services,"San Diego County, California, United States",2005-10-29,"Buyout (LBO, MBO, MBI)",,,20.8,True,,0,0,https://mergr.com/company/30756,2026-09-04T01:03:59Z
6,ArcLight Capital Partners,Massachusetts,89,Sinerg,Energy Services and Equipment,"Paris, France",2005-02-23,"Buyout (LBO, MBO, MBI)",,,21.5,True,,0,0,https://mergr.com/company/89,2026-09-04T01:03:59Z
6,ArcLight Capital Partners,Massachusetts,82,Courant Spain Holdings,Energy Services and Equipment,"Barcelona, Spain",2005-01-01,"Buyout (LBO, MBO, MBI)",,,21.7,True,,0,0,https://mergr.com/company/82,2026-09-04T01:03:59Z
6,ArcLight Capital Partners,Massachusetts,83,Courant Enerpart Holdings,Electrical Equipment,"Paris, France",2005-01-01,"Buyout (LBO, MBO, MBI)",,,21.7,True,,0,0,https://mergr.com/company/83,2026-09-04T01:03:59Z
6,ArcLight Capital Partners,Massachusetts,85,Mountaineer Gas Co.,Utilities,"Charleston, West Virginia, United States",2005-01-01,Stake Purchase,,,21.7,True,,0,0,https://mergr.com/company/85,2026-09-04T01:03:59Z
6,ArcLight Capital Partners,Massachusetts,87,MYR Group,Construction,"Thornton, Colorado, United States",2005-01-01,"Buyout (LBO, MBO, MBI)",2008-08-13,IPO,3.6,False,3658,0,0,https://mergr.com/company/87,2026-09-04T01:03:59Z
6,ArcLight Capital Partners,Massachusetts,90,Southern Pines Energy Investment Co.,Energy Services and Equipment,"Greene County, Mississippi, United States",2005-01-01,Stake Purchase,,,21.7,True,,0,0,https://mergr.com/company/90,2026-09-04T01:03:59Z
6,ArcLight Capital Partners,Massachusetts,91,Venango Power,Energy Services and Equipment,"Scrubgrass, Pennsylvania, United States",2005-01-01,Stake Purchase,,,21.7,True,,0,0,https://mergr.com/company/91,2026-09-04T01:03:59Z
6,ArcLight Capital Partners,Massachusetts,97,Lea Power Partners,Infrastructure,"Lea County, New Mexico, United States",2005-01-01,Stake Purchase,,,21.7,True,,0,0,https://mergr.com/company/97,2026-09-04T01:03:59Z
6,ArcLight Capital Partners,Massachusetts,18788,"CPV Wind Ventures, LLC",Renewable Energy,"Braintree, Massachusetts, United States",2005-01-01,Stake Purchase,2007-04-01,Divestiture,2.3,False,,0,0,https://mergr.com/company/18788,2026-09-04T01:03:59Z
6,ArcLight Capital Partners,Massachusetts,18797,Magellan Power,Energy Services and Equipment,"Piti, Guam, United States",2005-01-01,Stake Purchase,2007-03-01,Trade Sale,2.2,False,,0,0,https://mergr.com/company/18797,2026-09-04T01:03:59Z
6,ArcLight Capital Partners,Massachusetts,18799,Navy Power Holdings LLC,Energy Services and Equipment,"San Diego, California, United States",2005-01-01,Stake Purchase,2007-01-01,Trade Sale,2,False,,0,0,https://mergr.com/company/18799,2026-09-04T01:03:59Z
6,ArcLight Capital Partners,Massachusetts,18803,WHP Acquisition II,Energy Services and Equipment,"Lodi, California, United States",2005-01-01,"Buyout (LBO, MBO, MBI)",,,21.7,True,,0,0,https://mergr.com/company/18803,2026-09-04T01:03:59Z
6,ArcLight Capital Partners,Massachusetts,30761,Neoelectra Group,Energy Services and Equipment,"Sant Just Desvern, Spain",2005-01-01,Stake Purchase,,,21.7,True,,0,0,https://mergr.com/company/30761,2026-09-04T01:03:59Z
6,ArcLight Capital Partners,Massachusetts,30795,Big Sandy Equipment Company,Energy Services and Equipment,"Massachusetts, United States",2005-01-01,"Buyout (LBO, MBO, MBI)",,,21.7,True,,0,0,https://mergr.com/company/30795,2026-09-04T01:03:59Z
6,ArcLight Capital Partners,Massachusetts,30796,Bridger Energy Funding,Oil/Gas Exploration,"Pecos County, Texas, United States",2005-01-01,Stake Purchase,,,21.7,True,,0,0,https://mergr.com/company/30796,2026-09-04T01:03:59Z
6,ArcLight Capital Partners,Massachusetts,30798,Colusa Power Development,Energy Services and Equipment,"Colusa County, California, United States",2005-01-01,Stake Purchase,,,21.7,True,,0,0,https://mergr.com/company/30798,2026-09-04T01:03:59Z
6,ArcLight Capital Partners,Massachusetts,41445,Lincoln Generating Facility LLC,Energy Services and Equipment,"Manhattan, Illinois, United States",2004-11-01,Divestiture,2007-08-10,Trade Sale - Public Company,2.8,False,,0,0,https://mergr.com/company/41445,2026-09-04T01:03:59Z
6,ArcLight Capital Partners,Massachusetts,88,Redwood II and III,Infrastructure,"Bakersfield, California, United States",2004-07-29,Stake Purchase,,,22.1,True,,0,0,https://mergr.com/company/88,2026-09-04T01:03:59Z
6,ArcLight Capital Partners,Massachusetts,80,Anglo-Suisse Offshore Partners,Oil/Gas Exploration,"Houston, Texas, United States",2004-01-01,"Buyout (LBO, MBO, MBI)",,,22.7,True,,0,0,https://mergr.com/company/80,2026-09-04T01:03:59Z
6,ArcLight Capital Partners,Massachusetts,18794,"Grant Peaking Power, LLC",Energy Services and Equipment,"Manhattan, Illinois, United States",2004-01-01,Stake Purchase,,,22.7,True,,0,0,https://mergr.com/company/18794,2026-09-04T01:03:59Z
6,ArcLight Capital Partners,Massachusetts,18796,"Lincoln Peaking Power, LLC",Energy Services and Equipment,"Crete, Illinois, United States",2004-01-01,Stake Purchase,,,22.7,True,,0,0,https://mergr.com/company/18796,2026-09-04T01:03:59Z
6,ArcLight Capital Partners,Massachusetts,30803,Rockport Georgetown Partners LLC,Oil/Gas Exploration,"Houston, Texas, United States",2004-01-01,Stake Purchase,,,22.7,True,,0,0,https://mergr.com/company/30803,2026-09-04T01:03:59Z
6,ArcLight Capital Partners,Massachusetts,18800,"Teton Power Funding, LLC",Utilities,"Boston, Massachusetts, United States",2003-11-12,"Buyout (LBO, MBO, MBI)",,,22.8,True,,0,0,https://mergr.com/company/18800,2026-09-04T01:03:59Z
6,ArcLight Capital Partners,Massachusetts,79,Pomifer Power,Oil/Gas Exploration,"Auburndale, Florida, United States",2003-03-09,Stake Purchase,,,23.4,True,,0,0,https://mergr.com/company/79,2026-09-04T01:03:59Z
6,ArcLight Capital Partners,Massachusetts,18787,Atlantic Power,Utilities,"Dedham, Massachusetts, United States",2003-01-01,Stake Purchase,2006-01-01,IPO,3,False,282,1,0,https://mergr.com/company/18787,2026-09-04T01:03:59Z
6,ArcLight Capital Partners,Massachusetts,18798,"MP Power, LLC",Energy Services and Equipment,"Boston, Massachusetts, United States",2003-01-01,"Buyout (LBO, MBO, MBI)",,,23.7,True,,0,0,https://mergr.com/company/18798,2026-09-04T01:03:59Z
6,ArcLight Capital Partners,Massachusetts,18786,"Quest Cherokee, LLC",Energy Services and Equipment,"Oklahoma City, Oklahoma, United States",2002-01-01,Stake Purchase,,,24.7,True,,0,0,https://mergr.com/company/18786,2026-09-04T01:03:59Z
6,ArcLight Capital Partners,Massachusetts,18792,"Fort Point Power, LLC",Utilities,"Boston, Massachusetts, United States",2002-01-01,Stake Purchase,,,24.7,True,,0,0,https://mergr.com/company/18792,2026-09-04T01:03:59Z
6,ArcLight Capital Partners,Massachusetts,18791,"Epsilon Power, LLC",Utilities,"Carney's Point, New Jersey, United States",2001-01-01,"Buyout (LBO, MBO, MBI)",2005-09-01,Divestiture,4.7,False,,0,0,https://mergr.com/company/18791,2026-09-04T01:03:59Z
6,ArcLight Capital Partners,Massachusetts,18793,Global3 Energia,Utilities,"Barcelona, Spain",2001-01-01,Stake Purchase,,,25.7,True,,0,0,https://mergr.com/company/18793,2026-09-04T01:03:59Z
6,ArcLight Capital Partners,Massachusetts,18795,"Javelin Energy, LLC",Energy Services and Equipment,"Morristown, New Jersey, United States",2001-01-01,"Buyout (LBO, MBO, MBI)",2004-01-01,Trade Sale,3,False,,0,0,https://mergr.com/company/18795,2026-09-04T01:03:59Z
6,ArcLight Capital Partners,Massachusetts,18802,WHP Acquisition,Energy Services and Equipment,"Lodi, California, United States",2001-01-01,Stake Purchase,,,25.7,True,,0,0,https://mergr.com/company/18802,2026-09-04T01:03:59Z
6,ArcLight Capital Partners,Massachusetts,18804,"Cardinal Power Funding, LLC",Utilities,"Central Valley, California, United States",2001-01-01,Stake Purchase,,,25.7,True,,0,0,https://mergr.com/company/18804,2026-09-04T01:03:59Z
6,ArcLight Capital Partners,Massachusetts,18805,"DG Energy Solutions, LLC",Energy Services and Equipment,"Albuquerque, New Mexico, United States",2001-01-01,Stake Purchase,,,25.7,True,,1,0,https://mergr.com/company/18805,2026-09-04T01:03:59Z
6,ArcLight Capital Partners,Massachusetts,18806,Zenith Telecom,Communications,"Dallas, Texas, United States",2001-01-01,"Buyout (LBO, MBO, MBI)",2003-01-01,Trade Sale,2,False,,0,0,https://mergr.com/company/18806,2026-09-04T01:03:59Z
6,ArcLight Capital Partners,Massachusetts,30768,Baldwin Bridge,Utilities,"Orange Beach, Alabama, United States",2001-01-01,Stake Purchase,2004-09-01,Recapitalization,3.7,False,,0,0,https://mergr.com/company/30768,2026-09-04T01:03:59Z
101,Charlesbank Capital Partners,Massachusetts,30415,Learfield Communications,Media,"Dallas, Texas, United States",2026-04-14,Secondary Buyout,,,0.3,True,,0,0,https://mergr.com/company/30415,2026-09-04T01:03:59Z
101,Charlesbank Capital Partners,Massachusetts,344210,HBox,Internet Software and Services,"Wilmington, Delaware, United States",2025-12-19,Growth Capital,,,0.7,True,,0,0,https://mergr.com/company/344210,2026-09-04T01:03:59Z
101,Charlesbank Capital Partners,Massachusetts,339958,Q6 Cyber,Information Technology,"Miami, Florida, United States",2025-09-04,Stake Purchase,,,1,True,,0,0,https://mergr.com/company/339958,2026-09-04T01:03:59Z
101,Charlesbank Capital Partners,Massachusetts,300853,CENTEGIX,Internet Software and Services,"Atlanta, Georgia, United States",2025-08-19,Secondary Buyout,,,1,True,,1,0,https://mergr.com/company/300853,2026-09-04T01:03:59Z
101,Charlesbank Capital Partners,Massachusetts,346700,Access Medical Clinic,Healthcare Services,"Ash Flat, Arkansas, United States",2025-05-01,"Buyout (LBO, MBO, MBI)",,,1.3,True,,0,0,https://mergr.com/company/346700,2026-09-04T01:03:59Z
101,Charlesbank Capital Partners,Massachusetts,200124,CCMC,Business Services,"Scottsdale, Arizona, United States",2024-11-18,Growth Capital,,,1.8,True,,0,0,https://mergr.com/company/200124,2026-09-04T01:03:59Z
101,Charlesbank Capital Partners,Massachusetts,76413,Implan,Software,"Huntersville, North Carolina, United States",2024-11-18,Secondary Buyout,,,1.8,True,,0,0,https://mergr.com/company/76413,2026-09-04T01:03:59Z
101,Charlesbank Capital Partners,Massachusetts,288918,Front Row,Marketing,"New York City, New York, United States",2024-09-03,Secondary Buyout,,,2,True,,3,0,https://mergr.com/company/288918,2026-09-04T01:03:59Z
101,Charlesbank Capital Partners,Massachusetts,281413,Aprio,Business Services,"Atlanta, Georgia, United States",2024-07-11,Growth Capital,,,2.1,True,,17,0,https://mergr.com/company/281413,2026-09-04T01:03:59Z
101,Charlesbank Capital Partners,Massachusetts,274374,Quorum Cyber,Information Technology,"Edinburgh, United Kingdom",2024-06-05,Secondary Buyout,,,2.2,True,,1,0,https://mergr.com/company/274374,2026-09-04T01:03:59Z
101,Charlesbank Capital Partners,Massachusetts,269722,EverDriven,Transportation,"Greenwood Village, Colorado, United States",2024-03-05,Secondary Buyout,,,2.4,True,,0,0,https://mergr.com/company/269722,2026-09-04T01:03:59Z
101,Charlesbank Capital Partners,Massachusetts,319240,Perspective Financial Group,Financial Services,"Chorley, United Kingdom",2024-02-06,Secondary Buyout,,,2.5,True,,0,0,https://mergr.com/company/319240,2026-09-04T01:03:59Z
101,Charlesbank Capital Partners,Massachusetts,313296,Salus GRC,Information Technology,"New York, New York, United States",2023-05-10,Growth Capital,,,3.3,True,,0,0,https://mergr.com/company/313296,2026-09-04T01:03:59Z
101,Charlesbank Capital Partners,Massachusetts,267881,Maltego Technologies,Software,"Munich, Germany",2023-04-26,Secondary Buyout,,,3.3,True,,0,0,https://mergr.com/company/267881,2026-09-04T01:03:59Z
101,Charlesbank Capital Partners,Massachusetts,313738,Spectrotel,Communications,"Neptune, New Jersey, United States",2023-01-19,"Buyout (LBO, MBO, MBI)",,,3.6,True,,2,0,https://mergr.com/company/313738,2026-09-04T01:03:59Z
101,Charlesbank Capital Partners,Massachusetts,256103,Captura,Software,"Raleigh, North Carolina, United States",2022-10-11,Divestiture,,,3.8,True,,2,0,https://mergr.com/company/256103,2026-09-04T01:03:59Z
101,Charlesbank Capital Partners,Massachusetts,262654,Accordion Partners,Financial Services,"New York, New York, United States",2022-09-08,Secondary Buyout,,,3.9,True,,5,0,https://mergr.com/company/262654,2026-09-04T01:03:59Z
101,Charlesbank Capital Partners,Massachusetts,265798,Titan Cloud Software,Software,"Nashville, Tennessee, United States",2022-09-08,Growth Capital,,,3.9,True,,4,0,https://mergr.com/company/265798,2026-09-04T01:03:59Z
101,Charlesbank Capital Partners,Massachusetts,255352,Action Behavior Centers,Consumer Services,"Austin, Texas, United States",2022-08-17,Secondary Buyout,,,4,True,,0,0,https://mergr.com/company/255352,2026-09-04T01:03:59Z
101,Charlesbank Capital Partners,Massachusetts,296049,Solve Advisors,Internet Software and Services,"Stamford, Connecticut, United States",2022-02-08,Growth Capital,,,4.5,True,,3,0,https://mergr.com/company/296049,2026-09-04T01:03:59Z
101,Charlesbank Capital Partners,Massachusetts,294816,Bridgepointe,Information Technology,"San Mateo, California, United States",2022-01-11,Growth Capital,,,4.6,True,,3,0,https://mergr.com/company/294816,2026-09-04T01:03:59Z
101,Charlesbank Capital Partners,Massachusetts,293752,BOX Partners,Distribution,"Elgin, Illinois, United States",2021-12-14,"Buyout (LBO, MBO, MBI)",,,4.7,True,,0,0,https://mergr.com/company/293752,2026-09-04T01:03:59Z
101,Charlesbank Capital Partners,Massachusetts,120969,Mediaocean,Software,"New York, New York, United States",2021-08-31,Stake Purchase,,,5,True,,3,1,https://mergr.com/company/120969,2026-09-04T01:03:59Z
101,Charlesbank Capital Partners,Massachusetts,35205,Empire Today,Consumer Services,"Northlake, Illinois, United States",2021-08-19,Secondary Buyout,,,5,True,,0,0,https://mergr.com/company/35205,2026-09-04T01:03:59Z
101,Charlesbank Capital Partners,Massachusetts,19104,MDVIP,Healthcare Services,"Boca Raton, Florida, United States",2021-08-19,Secondary Buyout,,,5,True,,0,0,https://mergr.com/company/19104,2026-09-04T01:03:59Z
101,Charlesbank Capital Partners,Massachusetts,285755,Lido,Business Services,"Los Angeles, California, United States",2021-05-24,Growth Capital,,,5.3,True,,2,0,https://mergr.com/company/285755,2026-09-04T01:03:59Z
101,Charlesbank Capital Partners,Massachusetts,244004,MB2 Dental Solutions,Healthcare Services,"Carrollton, Texas, United States",2021-02-01,Secondary Buyout,,,5.6,True,,3,0,https://mergr.com/company/244004,2026-09-04T01:03:59Z
101,Charlesbank Capital Partners,Massachusetts,280436,Healthcare Fraud Shield,Internet Software and Services,"Chesterfield, Missouri, United States",2021-01-13,Growth Capital,,,5.6,True,,0,0,https://mergr.com/company/280436,2026-09-04T01:03:59Z
101,Charlesbank Capital Partners,Massachusetts,280797,Bridges Consumer Healthcare,Business Services,"Chattanooga, Tennessee, United States",2020-11-30,Consolidation,,,5.8,True,,2,0,https://mergr.com/company/280797,2026-09-04T01:03:59Z
101,Charlesbank Capital Partners,Massachusetts,125529,Neptune Retail Solutions,Marketing,"New York, New Jersey, United States",2020-03-31,Divestiture,,,6.4,True,,2,0,https://mergr.com/company/125529,2026-09-04T01:03:59Z
101,Charlesbank Capital Partners,Massachusetts,213434,World Insurance Associates,Insurance,"Iselin, New Jersey, United States",2020-03-02,Growth Capital,,,6.5,True,,156,0,https://mergr.com/company/213434,2026-09-04T01:03:59Z
101,Charlesbank Capital Partners,Massachusetts,308332,Searchlight Cyber,Information Technology,"Portsmouth, United Kingdom",2020-01-01,Growth Capital,,,6.7,True,,1,0,https://mergr.com/company/308332,2026-09-04T01:03:59Z
101,Charlesbank Capital Partners,Massachusetts,268698,DoiT International,Internet Software and Services,"Santa Clara, California, United States",2019-11-04,Growth Capital,,,6.8,True,,6,0,https://mergr.com/company/268698,2026-09-04T01:03:59Z
101,Charlesbank Capital Partners,Massachusetts,224075,PakEnergy,Software,"Abilene, Texas, United States",2019-10-17,Secondary Buyout,,,6.8,True,,3,0,https://mergr.com/company/224075,2026-09-04T01:03:59Z
101,Charlesbank Capital Partners,Massachusetts,312718,MyEyeDr.,Healthcare Services,"Vienna, Virginia, United States",2019-01-01,"Buyout (LBO, MBO, MBI)",,,7.7,True,,1,0,https://mergr.com/company/312718,2026-09-04T01:03:59Z
101,Charlesbank Capital Partners,Massachusetts,52286,symplr,Internet Software and Services,"Houston, Texas, United States",2018-10-23,Secondary Buyout,,,7.8,True,,13,0,https://mergr.com/company/52286,2026-09-04T01:03:59Z
101,Charlesbank Capital Partners,Massachusetts,74129,Rockport,Apparel/Textiles,"Canton, Massachusetts, United States",2018-07-04,Special Situations/Distressed,2023-06-15,Bankruptcy,4.9,False,,1,0,https://mergr.com/company/74129,2026-09-04T01:03:59Z
101,Charlesbank Capital Partners,Massachusetts,17101,Hearthside Food Solutions,Food,"Downers Grove, Illinois, United States",2018-04-17,Secondary Buyout,2024-11-22,Bankruptcy,6.6,False,,2,1,https://mergr.com/company/17101,2026-09-04T01:03:59Z
101,Charlesbank Capital Partners,Massachusetts,128,Fortra,Information Technology,"Eden Prairie, Minnesota, United States",2018-04-04,Secondary Buyout,,,8.4,True,,19,1,https://mergr.com/company/128,2026-09-04T01:03:59Z
101,Charlesbank Capital Partners,Massachusetts,31243,Galls,Distribution,"Lexington, Kentucky, United States",2018-02-01,Secondary Buyout,,,8.6,True,163,9,0,https://mergr.com/company/31243,2026-09-04T01:03:59Z
101,Charlesbank Capital Partners,Massachusetts,15640,Tecomet,Medical Products,"Wilmington, Massachusetts, United States",2017-05-01,Secondary Buyout,,,9.3,True,,1,0,https://mergr.com/company/15640,2026-09-04T01:03:59Z
101,Charlesbank Capital Partners,Massachusetts,238719,Ivanti,Information Technology,"South Jordan, Utah, United States",2017-01-23,Consolidation,,,9.6,True,,8,0,https://mergr.com/company/238719,2026-09-04T01:03:59Z
101,Charlesbank Capital Partners,Massachusetts,202809,QC Supply,Distribution,"Schuyler, Nebraska, United States",2017-01-19,Secondary Buyout,,,9.6,True,,0,0,https://mergr.com/company/202809,2026-09-04T01:03:59Z
101,Charlesbank Capital Partners,Massachusetts,2511,Polyconcept,Distribution,"Roelofarendsveen, Netherlands",2016-07-18,Secondary Buyout,,,10.1,True,,1,0,https://mergr.com/company/2511,2026-09-04T01:03:59Z
101,Charlesbank Capital Partners,Massachusetts,6070,Vestcom,Marketing,"Little Rock, Arkansas, United States",2016-01-01,Secondary Buyout,2021-07-28,Divestiture,5.5,False,,1,0,https://mergr.com/company/6070,2026-09-04T01:03:59Z
101,Charlesbank Capital Partners,Massachusetts,52906,Park Place Technologies,Information Technology,"Cleveland, Ohio, United States",2015-11-30,Secondary Buyout,,,10.8,True,,23,0,https://mergr.com/company/52906,2026-09-04T01:03:59Z
101,Charlesbank Capital Partners,Massachusetts,191979,Plaskolite,Plastics,"Columbus, Ohio, United States",2015-11-04,Stake Purchase,2018-11-12,Trade Sale - Public Company,3,False,,0,0,https://mergr.com/company/191979,2026-09-04T01:03:59Z
101,Charlesbank Capital Partners,Massachusetts,30868,Six Degrees,Internet Software and Services,"London, United Kingdom",2015-06-17,Secondary Buyout,,,11.2,True,,3,0,https://mergr.com/company/30868,2026-09-04T01:03:59Z
101,Charlesbank Capital Partners,Massachusetts,188163,Ensono,Information Technology,"Downers Grove, Illinois, United States",2015-05-20,Divestiture,2021-04-14,Trade Sale - Public Company,5.8,False,,3,0,https://mergr.com/company/188163,2026-09-04T01:03:59Z
101,Charlesbank Capital Partners,Massachusetts,2783,Varsity Brands,Consumer Products,"Farmers Branch, Texas, United States",2014-11-03,Secondary Buyout,2018-06-19,Trade Sale - Public Company,3.6,False,,1,0,https://mergr.com/company/2783,2026-09-04T01:03:59Z
101,Charlesbank Capital Partners,Massachusetts,16215,HDT Global,Defense,"Solon, Ohio, United States",2014-09-16,Secondary Buyout,2021-05-18,Trade Sale - Public Company,6.7,False,,3,0,https://mergr.com/company/16215,2026-09-04T01:03:59Z
101,Charlesbank Capital Partners,Massachusetts,5875,ARS,Consumer Services,"Memphis, Tennessee, United States",2014-05-06,Secondary Buyout,2024-09-13,Divestiture,10.3,False,,12,1,https://mergr.com/company/5875,2026-09-04T01:03:59Z
101,Charlesbank Capital Partners,Massachusetts,58702,Trojan Battery Co.,Electrical Equipment,"Santa Fe Springs, California, United States",2013-07-01,"Buyout (LBO, MBO, MBI)",2018-11-06,Divestiture,5.3,False,,0,0,https://mergr.com/company/58702,2026-09-04T01:03:59Z
101,Charlesbank Capital Partners,Massachusetts,36393,FullBeauty Brands,Retail,"New York, New York, United States",2013-02-05,Divestiture,2015-08-18,Trade Sale - Public Company,2.5,False,,0,0,https://mergr.com/company/36393,2026-09-04T01:03:59Z
101,Charlesbank Capital Partners,Massachusetts,5944,United Road Services,Transportation,"Plymouth, Michigan, United States",2012-12-14,Secondary Buyout,2017-09-05,Trade Sale - Public Company,4.7,False,,0,0,https://mergr.com/company/5944,2026-09-04T01:03:59Z
101,Charlesbank Capital Partners,Massachusetts,32308,Aptean,Software,"Alpharetta, Georgia, United States",2012-08-07,Consolidation,,,14,True,,57,2,https://mergr.com/company/32308,2026-09-04T01:03:59Z
101,Charlesbank Capital Partners,Massachusetts,20454,The Princeton Review ,Education,"Framingham, Massachusetts, United States",2012-03-27,Divestiture,2014-07-30,Divestiture,2.3,False,,0,0,https://mergr.com/company/20454,2026-09-04T01:03:59Z
101,Charlesbank Capital Partners,Massachusetts,4832,"Citadel Plastics Holdings, Inc.",Plastics,"West Chicago, Illinois, United States",2012-03-01,Secondary Buyout,2015-03-16,Divestiture,3,False,,2,0,https://mergr.com/company/4832,2026-09-04T01:03:59Z
101,Charlesbank Capital Partners,Massachusetts,31619,BJ's,Retail,"Marlborough, Massachusetts, United States",2011-06-29,Going Private,2018-06-28,IPO,6.9,False,21457,0,0,https://mergr.com/company/31619,2026-09-04T01:03:59Z
101,Charlesbank Capital Partners,Massachusetts,30288,Sound United,Electronics,"Vista, California, United States",2011-06-22,Going Private,2022-02-15,Divestiture,10.6,False,,2,0,https://mergr.com/company/30288,2026-09-04T01:03:59Z
101,Charlesbank Capital Partners,Massachusetts,4654,Montpelier Re Holdings Ltd.,Insurance,"Pembroke, Bermuda",2011-06-01,PIPE,2015-03-31,Spin Off,3.8,False,732,0,0,https://mergr.com/company/4654,2026-09-04T01:03:59Z
101,Charlesbank Capital Partners,Massachusetts,305,Peacock Foods,Packaging,"Geneva, Illinois, United States",2010-12-21,Secondary Buyout,2017-04-03,Divestiture,6.3,False,,1,0,https://mergr.com/company/305,2026-09-04T01:03:59Z
101,Charlesbank Capital Partners,Massachusetts,5878,OnCore Manufacturing Services LLC,Manufacturing,"San Jose, California, United States",2010-12-10,Secondary Buyout,2015-04-21,Divestiture,4.3,False,,0,0,https://mergr.com/company/5878,2026-09-04T01:03:59Z
101,Charlesbank Capital Partners,Massachusetts,30292,Blueknight Energy Partners LP,Energy Services and Equipment,"Oklahoma City, Oklahoma, United States",2010-10-25,PIPE,,,15.8,True,,0,1,https://mergr.com/company/30292,2026-09-04T01:03:59Z
101,Charlesbank Capital Partners,Massachusetts,24310,"Cedar Creek, Inc.",Distribution,"Tulsa, Oklahoma, United States",2010-05-20,Recapitalization,2018-03-12,Divestiture,7.8,False,,4,0,https://mergr.com/company/24310,2026-09-04T01:03:59Z
101,Charlesbank Capital Partners,Massachusetts,26832,TLC Laser Eye Centers,Healthcare Services,"Cincinnati, Ohio, United States",2010-02-03,Special Situations/Distressed,,,16.6,True,,0,1,https://mergr.com/company/26832,2026-09-04T01:03:59Z
101,Charlesbank Capital Partners,Massachusetts,24294,"Blacksmith Brands Holdings, Inc.",Retail,"Tarrytown, New York, United States",2009-10-29,Divestiture,2010-09-20,Divestiture,0.8,False,75,0,0,https://mergr.com/company/24294,2026-09-04T01:03:59Z
101,Charlesbank Capital Partners,Massachusetts,15639,Southcross Energy,Energy Services and Equipment,"Dallas, Texas, United States",2009-08-07,Divestiture,2012-11-20,IPO,3.3,False,,0,0,https://mergr.com/company/15639,2026-09-04T01:03:59Z
101,Charlesbank Capital Partners,Massachusetts,15640,Tecomet,Medical Products,"Wilmington, Massachusetts, United States",2008-09-29,Divestiture,2013-12-19,Trade Sale - Public Company,5.2,False,,2,0,https://mergr.com/company/15640,2026-09-04T01:03:59Z
101,Charlesbank Capital Partners,Massachusetts,842,StoneCastle Partners,Financial Services,"New York, New York, United States",2008-01-02,Stake Purchase,,,18.7,True,,0,2,https://mergr.com/company/842,2026-09-04T01:03:59Z
101,Charlesbank Capital Partners,Massachusetts,9945,MasterCraft,Marine,"Vonore, Tennessee, United States",2007-08-15,Secondary Buyout,2009-03-01,Bankruptcy,1.5,False,284,0,0,https://mergr.com/company/9945,2026-09-04T01:03:59Z
101,Charlesbank Capital Partners,Massachusetts,20383,Zayo,Communications,"Boulder, Colorado, United States",2007-08-11,Venture,2014-10-17,IPO,7.2,False,2604,23,0,https://mergr.com/company/20383,2026-09-04T01:03:59Z
101,Charlesbank Capital Partners,Massachusetts,841,GrayWolf Industrial,Energy Services and Equipment,"Owensboro, Kentucky, United States",2007-01-01,"Buyout (LBO, MBO, MBI)",2018-10-11,Divestiture,11.8,False,,0,0,https://mergr.com/company/841,2026-09-04T01:03:59Z
101,Charlesbank Capital Partners,Massachusetts,20940,Stretto,Business Services,"Irvine, California, United States",2006-08-01,Secondary Buyout,2013-06-28,Merger,6.8,False,,0,0,https://mergr.com/company/20940,2026-09-04T01:03:59Z
101,Charlesbank Capital Partners,Massachusetts,26974,Del Taco,Restaurants,"Lake Forest, California, United States",2006-04-06,"Buyout (LBO, MBO, MBI)",2015-04-28,IPO,9,False,492,0,0,https://mergr.com/company/26974,2026-09-04T01:03:59Z
101,Charlesbank Capital Partners,Massachusetts,3988,Worldstrides,Education,"Charlottesville, Virginia, United States",2006-01-04,Secondary Buyout,2011-10-04,Trade Sale - Public Company,5.8,False,580,1,0,https://mergr.com/company/3988,2026-09-04T01:03:59Z
101,Charlesbank Capital Partners,Massachusetts,846,Zenith Products,Consumer Products,"New Castle, Delaware, United States",2005-12-06,Divestiture,2016-02-22,Divestiture,10.2,False,,1,0,https://mergr.com/company/846,2026-09-04T01:03:59Z
101,Charlesbank Capital Partners,Massachusetts,849,CIFC,Financial Services,"New York, New York, United States",2005-11-01,Stake Purchase,2010-12-21,Merger,5.1,False,,0,0,https://mergr.com/company/849,2026-09-04T01:03:59Z
101,Charlesbank Capital Partners,Massachusetts,851,GSI Holdings,Manufacturing,"New York,, New York, United States",2005-04-12,Stake Purchase,2007-06-26,Trade Sale - Public Company,2.2,False,700,0,0,https://mergr.com/company/851,2026-09-04T01:03:59Z
101,Charlesbank Capital Partners,Massachusetts,25374,Captain D's,Restaurants,"Nashville, Tennessee, United States",2005-01-04,"Buyout (LBO, MBO, MBI)",2010-05-01,Trade Sale - Public Company,5.3,False,,0,0,https://mergr.com/company/25374,2026-09-04T01:03:59Z
101,Charlesbank Capital Partners,Massachusetts,852,Papa Murphy’s,Restaurants,"Vancouver, British Columbia, Canada",2004-01-01,Recapitalization,2010-03-31,Trade Sale - Public Company,6.2,False,809,0,0,https://mergr.com/company/852,2026-09-04T01:03:59Z
101,Charlesbank Capital Partners,Massachusetts,847,Aurora Organic Dairy,Beverages,"Boulder, Colorado, United States",2003-11-03,Growth Capital,2007-09-14,Trade Sale,3.8,False,,0,0,https://mergr.com/company/847,2026-09-04T01:03:59Z
101,Charlesbank Capital Partners,Massachusetts,15643,Regency Gas Services LP,Energy Services and Equipment,"Dallas, Texas, United States",2003-06-12,Stake Purchase,2004-12-01,Trade Sale,1.4,False,,0,0,https://mergr.com/company/15643,2026-09-04T01:03:59Z
101,Charlesbank Capital Partners,Massachusetts,24303,"Technisource, Inc.",Financial Services,"Ft. Lauderdale, Florida, United States",2002-07-23,Stake Purchase,2007-11-15,Divestiture,5.3,False,,0,0,https://mergr.com/company/24303,2026-09-04T01:03:59Z
101,Charlesbank Capital Partners,Massachusetts,20384,Catlin Group Ltd.,Insurance,"Hamilton, Bermuda",2002-07-04,"Buyout (LBO, MBO, MBI)",2004-04-01,IPO,1.7,False,6773,0,0,https://mergr.com/company/20384,2026-09-04T01:03:59Z
101,Charlesbank Capital Partners,Massachusetts,850,CSI Leasing,Financial Services,"St. Louis, Missouri, United States",2002-02-05,Stake Purchase,2013-01-01,Stake Sale,10.8,False,,0,0,https://mergr.com/company/850,2026-09-04T01:03:59Z
101,Charlesbank Capital Partners,Massachusetts,16886,"Bell Automotive Products, Inc.",Automotive,"Scottsdale, Arizona, United States",2000-02-01,"Buyout (LBO, MBO, MBI)",2004-12-09,Trade Sale - Public Company,4.8,False,,0,0,https://mergr.com/company/16886,2026-09-04T01:03:59Z
101,Charlesbank Capital Partners,Massachusetts,5367,Shoppers Drug Mart Corp.,Retail,"Belleville, Ontario, Canada",2000-01-07,Stake Purchase,,,26.6,True,,0,1,https://mergr.com/company/5367,2026-09-04T01:03:59Z
101,Charlesbank Capital Partners,Massachusetts,6945,ATD,Distribution,"Huntersville, North Carolina, United States",1999-05-01,"Buyout (LBO, MBO, MBI)",2005-02-08,Trade Sale - Public Company,5.8,False,2170,0,0,https://mergr.com/company/6945,2026-09-04T01:03:59Z
101,Charlesbank Capital Partners,Massachusetts,1476,National Surgical Healthcare,Healthcare Services,"Chicago, Illinois, United States",1999-03-01,"Buyout (LBO, MBO, MBI)",2011-01-05,Trade Sale - Public Company,11.8,False,,1,0,https://mergr.com/company/1476,2026-09-04T01:03:59Z
101,Charlesbank Capital Partners,Massachusetts,6897,"Bell Sports, Inc.",Consumer Products,"Rantoul, Illinois, United States",1998-02-18,"Buyout (LBO, MBO, MBI)",2000-08-01,Unknown,2.4,False,,0,0,https://mergr.com/company/6897,2026-09-04T01:03:59Z
101,Charlesbank Capital Partners,Massachusetts,21354,"Fundy Communications, Inc.",Communications,"Fredericton, New Brunswick, Canada",1998-01-01,"Buyout (LBO, MBO, MBI)",1999-04-12,Divestiture,1.3,False,,0,0,https://mergr.com/company/21354,2026-09-04T01:03:59Z
101,Charlesbank Capital Partners,Massachusetts,5404,Sealy Corp.,Consumer Products,"Trinity, North Carolina, United States",1997-01-01,"Buyout (LBO, MBO, MBI)",2004-05-03,Trade Sale - Public Company,7.3,False,1230,0,0,https://mergr.com/company/5404,2026-09-04T01:03:59Z
101,Charlesbank Capital Partners,Massachusetts,23370,Sullivan Broadcasting Co.,Media,"Boston, Massachusetts, United States",1996-01-01,Stake Purchase,1998-03-16,Divestiture,2.2,False,,0,0,https://mergr.com/company/23370,2026-09-04T01:03:59Z
101,Charlesbank Capital Partners,Massachusetts,24309,ABT Building Products,Building Materials,"Neenah, Wisconsin, United States",1992-01-01,"Buyout (LBO, MBO, MBI)",2001-01-01,Divestiture,9,False,,0,0,https://mergr.com/company/24309,2026-09-04T01:03:59Z
101,Charlesbank Capital Partners,Massachusetts,24305,"Deknatel-Snowden Pencer, Inc.",Medical Products,"Fall River, Massachusetts, United States",1991-01-01,Stake Purchase,1996-05-29,Divestiture,5.3,False,,0,0,https://mergr.com/company/24305,2026-09-04T01:03:59Z
101,Charlesbank Capital Partners,Massachusetts,4691,Wabtec,Machinery,"Pittsburgh, Pennsylvania, United States",1990-03-01,"Buyout (LBO, MBO, MBI)",1995-06-01,IPO,5.3,False,10387,0,0,https://mergr.com/company/4691,2026-09-04T01:03:59Z
1138,Spectrum Equity,Massachusetts,347388,Workflex,Internet Software and Services,"Amsterdam, Netherlands",2026-03-17,Growth Capital,,,0.4,True,,0,0,https://mergr.com/company/347388,2026-09-04T01:03:59Z
1138,Spectrum Equity,Massachusetts,347319,Cybcube,Software,"San Francisco, California, United States",2025-10-01,Growth Capital,,,0.9,True,,0,0,https://mergr.com/company/347319,2026-09-04T01:03:59Z
1138,Spectrum Equity,Massachusetts,347357,Poppins Payroll,Business Services,"Boulder, Colorado, United States",2025-09-16,"Buyout (LBO, MBO, MBI)",,,0.9,True,,0,0,https://mergr.com/company/347357,2026-09-04T01:03:59Z
1138,Spectrum Equity,Massachusetts,347371,Quavo,Software,"Wilmington, Delaware, United States",2025-07-22,Growth Capital,,,1.1,True,,0,0,https://mergr.com/company/347371,2026-09-04T01:03:59Z
1138,Spectrum Equity,Massachusetts,319098,Benchmark,Business Services,"London, United Kingdom",2023-11-17,Growth Capital,,,2.8,True,,1,0,https://mergr.com/company/319098,2026-09-04T01:03:59Z
1138,Spectrum Equity,Massachusetts,324897,VBA,Internet Software and Services,"Milwauke, Wisconsin, United States",2023-08-14,"Buyout (LBO, MBO, MBI)",,,3,True,,0,0,https://mergr.com/company/324897,2026-09-04T01:03:59Z
1138,Spectrum Equity,Massachusetts,328826,Netcraft,Information Technology,"London, United Kingdom",2023-07-01,Growth Capital,,,3.2,True,,0,0,https://mergr.com/company/328826,2026-09-04T01:03:59Z
1138,Spectrum Equity,Massachusetts,347379,SponsorUnited,Information Technology,"Stamford, Connecticut, United States",2022-11-21,Growth Capital,,,3.8,True,,0,0,https://mergr.com/company/347379,2026-09-04T01:03:59Z
1138,Spectrum Equity,Massachusetts,300728,WIN Reality,Information Technology,"Austin, Texas, United States",2022-06-03,Growth Capital,,,4.3,True,,2,0,https://mergr.com/company/300728,2026-09-04T01:03:59Z
1138,Spectrum Equity,Massachusetts,297232,Customer.io,Internet Software and Services,"Beaverton, Oregon, United States",2022-03-01,Growth Capital,,,4.5,True,,1,0,https://mergr.com/company/297232,2026-09-04T01:03:59Z
1138,Spectrum Equity,Massachusetts,219012,RapidRatings,Information Services,"New York, New York, United States",2022-02-14,Stake Purchase,,,4.5,True,,0,0,https://mergr.com/company/219012,2026-09-04T01:03:59Z
1138,Spectrum Equity,Massachusetts,278081,RxVantage,Information Technology,"Providence, Rhode Island, United States",2022-01-24,Growth Capital,,,4.6,True,,0,0,https://mergr.com/company/278081,2026-09-04T01:03:59Z
1138,Spectrum Equity,Massachusetts,336727,SavvyMoney,Financial Services,"Dublin, California, United States",2022-01-01,Growth Capital,,,4.7,True,,1,0,https://mergr.com/company/336727,2026-09-04T01:03:59Z
1138,Spectrum Equity,Massachusetts,328825,Zenwork,Internet Software and Services,"Fayetteville, Arkansas, United States",2021-11-09,Growth Capital,,,4.8,True,,0,0,https://mergr.com/company/328825,2026-09-04T01:03:59Z
1138,Spectrum Equity,Massachusetts,285449,Goldbelly,Information Services,"New York, New York, United States",2021-05-18,Venture,,,5.3,True,,0,0,https://mergr.com/company/285449,2026-09-04T01:03:59Z
1138,Spectrum Equity,Massachusetts,324868,Empyrean Solutions,Software,"Woburn, Massachusetts, United States",2021-04-22,Growth Capital,,,5.3,True,,0,0,https://mergr.com/company/324868,2026-09-04T01:03:59Z
1138,Spectrum Equity,Massachusetts,283163,Everly Health,Healthcare Services,"Austin, Texas, United States",2021-03-24,"Buyout (LBO, MBO, MBI)",,,5.4,True,,1,0,https://mergr.com/company/283163,2026-09-04T01:03:59Z
1138,Spectrum Equity,Massachusetts,293389,Quantile Group,Information Services,"London, United Kingdom",2021-01-14,Growth Capital,2021-12-06,Divestiture,0.8,False,,0,0,https://mergr.com/company/293389,2026-09-04T01:03:59Z
1138,Spectrum Equity,Massachusetts,281459,Employee Navigator,Internet Software and Services,"Bethesda, Maryland, United States",2021-01-12,Growth Capital,,,5.6,True,,2,0,https://mergr.com/company/281459,2026-09-04T01:03:59Z
1138,Spectrum Equity,Massachusetts,202139,PWNHealth,Healthcare Services,"New York, New York, United States",2020-09-17,Secondary Buyout,2021-03-24,Divestiture,0.5,False,,0,0,https://mergr.com/company/202139,2026-09-04T01:03:59Z
1138,Spectrum Equity,Massachusetts,273120,CINC Systems,Internet Software and Services,"Duluth, Georgia, United States",2020-06-01,Growth Capital,,,6.3,True,,2,0,https://mergr.com/company/273120,2026-09-04T01:03:59Z
1138,Spectrum Equity,Massachusetts,272101,DispatchTrack,Internet Software and Services,"Campbell, California, United States",2020-05-01,Growth Capital,,,6.3,True,,1,0,https://mergr.com/company/272101,2026-09-04T01:03:59Z
1138,Spectrum Equity,Massachusetts,271736,OurFamilyWizard,Internet Software and Services,"Minneapolis, Minnesota, United States",2020-04-30,Growth Capital,,,6.3,True,,1,0,https://mergr.com/company/271736,2026-09-04T01:03:59Z
1138,Spectrum Equity,Massachusetts,312016,Lucid Software,Software,"South Jordan, Utah, United States",2020-04-16,Venture,,,6.3,True,,1,0,https://mergr.com/company/312016,2026-09-04T01:03:59Z
1138,Spectrum Equity,Massachusetts,18303,Varicent,Internet Software and Services,"Toronto, Ontario, Canada",2019-11-25,Divestiture,,,6.8,True,,2,0,https://mergr.com/company/18303,2026-09-04T01:03:59Z
1138,Spectrum Equity,Massachusetts,275125,Scribd,Internet Software and Services,"San Francisco, California, United States",2019-11-25,Growth Capital,,,6.8,True,,2,0,https://mergr.com/company/275125,2026-09-04T01:03:59Z
1138,Spectrum Equity,Massachusetts,266303,Spreedly,Software,"Durham, North Carolina, United States",2019-11-13,Growth Capital,,,6.8,True,,1,0,https://mergr.com/company/266303,2026-09-04T01:03:59Z
1138,Spectrum Equity,Massachusetts,266116,Kajabi,Internet Software and Services,"Newport Beach, California, United States",2019-11-01,Growth Capital,,,6.8,True,,1,0,https://mergr.com/company/266116,2026-09-04T01:03:59Z
1138,Spectrum Equity,Massachusetts,264286,Datassential,Information Services,"Chicago, Illinois, United States",2019-09-16,Growth Capital,2024-09-13,Trade Sale - Public Company,4.9,False,,1,0,https://mergr.com/company/264286,2026-09-04T01:03:59Z
1138,Spectrum Equity,Massachusetts,262618,Visual Lease,Internet Software and Services,"Woodbridge, New Jersey, United States",2019-07-16,Growth Capital,2024-10-22,Divestiture,5.3,False,,0,0,https://mergr.com/company/262618,2026-09-04T01:03:59Z
1138,Spectrum Equity,Massachusetts,177956,Definitive Healthcare,Information Services,"Framingham, Massachusetts, United States",2019-06-05,Recapitalization,2019-06-05,Merger,0,False,242,0,0,https://mergr.com/company/177956,2026-09-04T01:03:59Z
1138,Spectrum Equity,Massachusetts,268294,Ease,Internet Software and Services,"San Francisco, California, United States",2019-03-19,Venture,2023-04-04,Divestiture,4,False,,0,0,https://mergr.com/company/268294,2026-09-04T01:03:59Z
1138,Spectrum Equity,Massachusetts,258724,Linxup,Internet Software and Services,"Saint Louis, Missouri, United States",2019-02-27,Growth Capital,,,7.5,True,,0,0,https://mergr.com/company/258724,2026-09-04T01:03:59Z
1138,Spectrum Equity,Massachusetts,272556,Payer Compass,Internet Software and Services,"Plano, Texas, United States",2019-01-04,Recapitalization,2022-08-01,Divestiture,3.5,False,,0,0,https://mergr.com/company/272556,2026-09-04T01:03:59Z
1138,Spectrum Equity,Massachusetts,257021,DataCamp,Education,"New York, New York, United States",2018-12-21,Growth Capital,,,7.7,True,,1,0,https://mergr.com/company/257021,2026-09-04T01:03:59Z
1138,Spectrum Equity,Massachusetts,255014,AllTrails,Internet Software and Services,"San Francisco, California, United States",2018-10-12,Growth Capital,,,7.8,True,,3,0,https://mergr.com/company/255014,2026-09-04T01:03:59Z
1138,Spectrum Equity,Massachusetts,134997,Knot Worldwide,Internet Software and Services,"Chevy Chase, Maryland, United States",2018-09-25,Going Private,,,7.9,True,161,4,1,https://mergr.com/company/134997,2026-09-04T01:03:59Z
1138,Spectrum Equity,Massachusetts,274619,OffSec,Education,"New York, New York, United States",2018-09-04,Growth Capital,2024-10-15,Trade Sale - Public Company,6.1,False,,1,0,https://mergr.com/company/274619,2026-09-04T01:03:59Z
1138,Spectrum Equity,Massachusetts,196871,Origami Risk,Internet Software and Services,"Chicago, Illinois, United States",2018-03-19,Growth Capital,,,8.4,True,,1,0,https://mergr.com/company/196871,2026-09-04T01:03:59Z
1138,Spectrum Equity,Massachusetts,247522,Expert Institute,Information Technology,"New York, New York, United States",2018-01-16,Growth Capital,2024-09-30,Trade Sale - Public Company,6.7,False,,0,0,https://mergr.com/company/247522,2026-09-04T01:03:59Z
1138,Spectrum Equity,Massachusetts,243405,Digital Marketing Institute,Education,"Dublin, Ireland",2017-09-14,Growth Capital,2023-02-08,Divestiture,5.3,False,,0,0,https://mergr.com/company/243405,2026-09-04T01:03:59Z
1138,Spectrum Equity,Massachusetts,241685,Bitly,Internet Software and Services,"New York, New York, United States",2017-07-13,Growth Capital,,,9.1,True,,1,0,https://mergr.com/company/241685,2026-09-04T01:03:59Z
1138,Spectrum Equity,Massachusetts,241329,Headspace,Internet Software and Services,"Los Angeles, California, United States",2017-07-05,Growth Capital,,,9.1,True,,3,0,https://mergr.com/company/241329,2026-09-04T01:03:59Z
1138,Spectrum Equity,Massachusetts,237564,Verisys,Information Technology,"Louisville, Kentucky, United States",2017-03-14,Growth Capital,2021-07-16,Trade Sale - Public Company,4.3,False,,2,0,https://mergr.com/company/237564,2026-09-04T01:03:59Z
1138,Spectrum Equity,Massachusetts,230628,Tenstreet,Software,"Tulsa, Oklahoma, United States",2016-11-16,Growth Capital,2021-10-04,Trade Sale - Public Company,4.8,False,,0,0,https://mergr.com/company/230628,2026-09-04T01:03:59Z
1138,Spectrum Equity,Massachusetts,212944,Litmus,Software,"Boston, Massachusetts, United States",2015-10-27,Growth Capital,2025-04-10,Divestiture,9.4,False,,2,0,https://mergr.com/company/212944,2026-09-04T01:03:59Z
1138,Spectrum Equity,Massachusetts,206805,"Rain King Software, Inc.",Information Technology,"Bethesda, Maryland, United States",2015-10-13,Growth Capital,2017-08-27,Divestiture,1.8,False,,0,0,https://mergr.com/company/206805,2026-09-04T01:03:59Z
1138,Spectrum Equity,Massachusetts,206161,GoodRx,Internet Software and Services,"Santa Monica, California, United States",2015-10-08,Growth Capital,2020-09-23,IPO,4.9,False,797,0,0,https://mergr.com/company/206161,2026-09-04T01:03:59Z
1138,Spectrum Equity,Massachusetts,198950,Picmonkey,Internet Software and Services,"Seattle, Washington, United States",2015-07-30,Growth Capital,2021-09-07,Divestiture,6.1,False,,0,0,https://mergr.com/company/198950,2026-09-04T01:03:59Z
1138,Spectrum Equity,Massachusetts,196989,"Ethoca, Inc.",Information Technology,"Austin, Texas, United States",2015-07-16,Growth Capital,2019-03-12,Divestiture,3.6,False,,0,0,https://mergr.com/company/196989,2026-09-04T01:03:59Z
1138,Spectrum Equity,Massachusetts,190742,Jimdo,Internet Software and Services,"Hamburg, Germany",2015-06-08,Growth Capital,2024-05-02,Sold to Management,8.8,False,,0,0,https://mergr.com/company/190742,2026-09-04T01:03:59Z
1138,Spectrum Equity,Massachusetts,177956,Definitive Healthcare,Information Services,"Framingham, Massachusetts, United States",2015-03-02,Growth Capital,2019-06-05,Merger,4.3,False,242,3,0,https://mergr.com/company/177956,2026-09-04T01:03:59Z
1138,Spectrum Equity,Massachusetts,164257,ExactBid,Software,"San Jose, California, United States",2014-12-18,"Buyout (LBO, MBO, MBI)",2018-10-01,Divestiture,3.8,False,,1,0,https://mergr.com/company/164257,2026-09-04T01:03:59Z
1138,Spectrum Equity,Massachusetts,152701,Prezi,Internet Software and Services,"Concord, California, United States",2014-11-19,Growth Capital,,,11.8,True,,1,0,https://mergr.com/company/152701,2026-09-04T01:03:59Z
1138,Spectrum Equity,Massachusetts,212453,B-Stock Solutions,Internet Software and Services,"San Mateo, California, United States",2014-08-12,Venture,,,12,True,,0,0,https://mergr.com/company/212453,2026-09-04T01:03:59Z
1138,Spectrum Equity,Massachusetts,212947,Rightside Group Ltd.,Internet Software and Services,"Kirkland, Washington, United States",2014-07-15,Growth Capital,2017-06-14,Divestiture,2.8,False,62,0,0,https://mergr.com/company/212947,2026-09-04T01:03:59Z
1138,Spectrum Equity,Massachusetts,212946,TPT,Internet Software and Services,"New York, New York, United States",2014-05-22,Growth Capital,2023-03-02,Divestiture,8.8,False,,1,0,https://mergr.com/company/212946,2026-09-04T01:03:59Z
1138,Spectrum Equity,Massachusetts,94365,Verafin,Software,"St. John's, Newfoundland, Canada",2014-05-14,Growth Capital,2020-11-19,Divestiture,6.5,False,,0,0,https://mergr.com/company/94365,2026-09-04T01:03:59Z
1138,Spectrum Equity,Massachusetts,21119,"ExamSoft Worldwide, Inc.",Software,"Boca Raton, Florida, United States",2014-05-07,Recapitalization,2020-10-21,Divestiture,6.4,False,,1,0,https://mergr.com/company/21119,2026-09-04T01:03:59Z
1138,Spectrum Equity,Massachusetts,91589,"MedHOK, Inc. (Medical House of Knowledge)",Internet Software and Services,"Tampa, Florida, United States",2014-01-08,Growth Capital,2016-06-13,Divestiture,2.4,False,,1,0,https://mergr.com/company/91589,2026-09-04T01:03:59Z
1138,Spectrum Equity,Massachusetts,91533,"BATS Global Markets, Inc.",Financial Services,"Lenexa, Kansas, United States",2013-08-14,Stake Purchase,2017-03-01,Divestiture,3.5,False,,3,0,https://mergr.com/company/91533,2026-09-04T01:03:59Z
1138,Spectrum Equity,Massachusetts,91701,GrubHub,Internet Software and Services,"Chicago, Illinois, United States",2013-05-20,Merger,2014-04-01,IPO,0.8,False,1312,1,0,https://mergr.com/company/91701,2026-09-04T01:03:59Z
1138,Spectrum Equity,Massachusetts,91685,XR Extreme Reach,Marketing,"New York, New York, United States",2013-05-01,Growth Capital,2022-09-07,Trade Sale - Public Company,9.3,False,,5,0,https://mergr.com/company/91685,2026-09-04T01:03:59Z
1138,Spectrum Equity,Massachusetts,59266,Presence,Internet Software and Services,"New York, New York, United States",2013-04-25,Venture,,,13.3,True,,3,0,https://mergr.com/company/59266,2026-09-04T01:03:59Z
1138,Spectrum Equity,Massachusetts,35533,Lynda,Education,"Carpinteria, California, United States",2013-01-16,Growth Capital,2015-04-09,Divestiture,2.2,False,,2,0,https://mergr.com/company/35533,2026-09-04T01:03:59Z
1138,Spectrum Equity,Massachusetts,23079,Ancestry,Information Services,"Lehi, Utah, United States",2012-10-22,Going Private,2016-04-01,Trade Sale - Public Company,3.4,False,,1,0,https://mergr.com/company/23079,2026-09-04T01:03:59Z
1138,Spectrum Equity,Massachusetts,30813,WeddingWire,Internet Software and Services,"Bethesda, Maryland, United States",2012-09-25,Growth Capital,2018-09-25,Spin Off,6,False,,3,0,https://mergr.com/company/30813,2026-09-04T01:03:59Z
1138,Spectrum Equity,Massachusetts,246412,Net Health,Software,"Pittsburgh, Pennsylvania, United States",2012-09-12,Growth Capital,2017-12-17,Secondary Sale,5.3,False,,2,0,https://mergr.com/company/246412,2026-09-04T01:03:59Z
1138,Spectrum Equity,Massachusetts,32024,Finalsite,Internet Software and Services,"Glastonbury, Connecticut, United States",2012-06-28,Growth Capital,2016-09-08,Trade Sale - Public Company,4.2,False,,1,0,https://mergr.com/company/32024,2026-09-04T01:03:59Z
1138,Spectrum Equity,Massachusetts,32023,HealthMEDX,Software,"Ozark, Missouri, United States",2011-12-14,"Buyout (LBO, MBO, MBI)",2016-10-27,Divestiture,4.8,False,,0,0,https://mergr.com/company/32023,2026-09-04T01:03:59Z
1138,Spectrum Equity,Massachusetts,32028,Animoto,Software,"New York, New York, United States",2011-06-29,Growth Capital,2023-08-22,Divestiture,12.1,False,,0,0,https://mergr.com/company/32028,2026-09-04T01:03:59Z
1138,Spectrum Equity,Massachusetts,27262,Seamless North America LLC,Internet Software and Services,"New York, New York, United States",2011-06-08,Stake Purchase,2013-05-20,Spin Off,1.9,False,,0,0,https://mergr.com/company/27262,2026-09-04T01:03:59Z
1138,Spectrum Equity,Massachusetts,32018,Pictometry International Corp.,Software,"Rochester, New York, United States",2011-04-06,Growth Capital,2013-01-07,Spin Off,1.8,False,,0,0,https://mergr.com/company/32018,2026-09-04T01:03:59Z
1138,Spectrum Equity,Massachusetts,32026,iSelect Ltd.,Internet Software and Services,"Cheltenham, Australia",2011-03-24,Growth Capital,2013-06-01,IPO,2.2,False,,1,0,https://mergr.com/company/32026,2026-09-04T01:03:59Z
1138,Spectrum Equity,Massachusetts,32025,Jagex,Digital Media,"Cambridge, United Kingdom",2011-02-08,Growth Capital,2016-03-15,Divestiture,5.1,False,,0,0,https://mergr.com/company/32025,2026-09-04T01:03:59Z
1138,Spectrum Equity,Massachusetts,25283,Trintech,Software,"Plano, Texas, United States",2011-01-04,Going Private,2018-01-03,Merger,6.9,False,,2,0,https://mergr.com/company/25283,2026-09-04T01:03:59Z
1138,Spectrum Equity,Massachusetts,27574,"Sidera Networks, Inc.",Communications,"New York, New York, United States",2010-08-26,Going Private,2013-04-11,Spin Off,2.6,False,,2,0,https://mergr.com/company/27574,2026-09-04T01:03:59Z
1138,Spectrum Equity,Massachusetts,27573,Astound Broadband,Communications,"Princeton, New Jersey, United States",2010-08-26,Going Private,2016-08-15,Trade Sale - Public Company,5.9,False,,0,0,https://mergr.com/company/27573,2026-09-04T01:03:59Z
1138,Spectrum Equity,Massachusetts,17735,Business Monitor International,Business Services,"London, United Kingdom",2009-09-09,Growth Capital,2014-03-14,Divestiture,4.5,False,,0,0,https://mergr.com/company/17735,2026-09-04T01:03:59Z
1138,Spectrum Equity,Massachusetts,17738,SurveyMonkey,Internet Software and Services,"San Mateo, California, United States",2009-04-21,Growth Capital,2018-09-26,IPO,9.4,False,481,6,1,https://mergr.com/company/17738,2026-09-04T01:03:59Z
1138,Spectrum Equity,Massachusetts,13034,"Passport Health Communications, Inc.",Healthcare Services,"Franklin, Tennessee, United States",2008-07-31,Secondary Buyout,2013-11-21,Divestiture,5.3,False,,2,0,https://mergr.com/company/13034,2026-09-04T01:03:59Z
1138,Spectrum Equity,Massachusetts,9117,Interbank Fx LLC,Financial Services,"Salt Lake City, Utah, United States",2007-07-19,"Buyout (LBO, MBO, MBI)",2011-11-16,Divestiture,4.3,False,,0,0,https://mergr.com/company/9117,2026-09-04T01:03:59Z
1138,Spectrum Equity,Massachusetts,9130,World-Check Ltd.,Business Services,"London, United Kingdom",2007-04-10,"Buyout (LBO, MBO, MBI)",2011-05-16,Divestiture,4.1,False,,1,0,https://mergr.com/company/9130,2026-09-04T01:03:59Z
1138,Spectrum Equity,Massachusetts,9127,iPay Technologies LLC,Financial Services,"Elizabethtown, Kentucky, United States",2006-12-12,Recapitalization,2010-06-01,Divestiture,3.4,False,,0,0,https://mergr.com/company/9127,2026-09-04T01:03:59Z
1138,Spectrum Equity,Massachusetts,1774,Leaf Group,Internet Software and Services,"Santa Monica, California, United States",2006-09-28,Venture,2011-01-15,IPO,4.3,False,212,4,0,https://mergr.com/company/1774,2026-09-04T01:03:59Z
1138,Spectrum Equity,Massachusetts,9124,"Arrowhead General Insurance Agency, Inc.",Insurance,"San Diego, California, United States",2006-01-01,"Buyout (LBO, MBO, MBI)",2012-01-09,Divestiture,6,False,,2,1,https://mergr.com/company/9124,2026-09-04T01:03:59Z
1138,Spectrum Equity,Massachusetts,9126,"Bug Music, Inc.",Media,"Los Angeles, California, United States",2006-01-01,"Buyout (LBO, MBO, MBI)",2011-09-12,Divestiture,5.7,False,,1,0,https://mergr.com/company/9126,2026-09-04T01:03:59Z
1138,Spectrum Equity,Massachusetts,9125,QTC Holdings Inc. ,Business Services,"Diamond Bar, California, United States",2005-11-01,Recapitalization,2011-08-22,Divestiture,5.8,False,,0,0,https://mergr.com/company/9125,2026-09-04T01:03:59Z
1138,Spectrum Equity,Massachusetts,9128,Mortgagebot LLC,Software,"Mequon, Wisconsin, United States",2005-09-28,Recapitalization,2011-04-12,Divestiture,5.5,False,,1,0,https://mergr.com/company/9128,2026-09-04T01:03:59Z
1138,Spectrum Equity,Massachusetts,13274,"NetQuote, Inc.",Internet Software and Services,"Denver, Colorado, United States",2005-09-06,"Buyout (LBO, MBO, MBI)",2010-07-05,Divestiture,4.8,False,,0,0,https://mergr.com/company/13274,2026-09-04T01:03:59Z
1138,Spectrum Equity,Massachusetts,17733,"Classic Media, Inc.",Media,"New York, New York, United States",2005-04-07,Stake Purchase,2008-01-18,Sold to Existing Investors,2.8,False,,0,0,https://mergr.com/company/17733,2026-09-04T01:03:59Z
1138,Spectrum Equity,Massachusetts,11126,Canon Communications LLC,Business Services,"Los Angeles, California, United States",2005-04-01,Secondary Buyout,2010-09-16,Divestiture,5.4,False,106,1,0,https://mergr.com/company/11126,2026-09-04T01:03:59Z
1138,Spectrum Equity,Massachusetts,11356,"ITA Software, Inc.",Software,"Cambridge, Massachusetts, United States",2005-04-01,Venture,2011-04-01,Divestiture,6,False,,0,0,https://mergr.com/company/11356,2026-09-04T01:03:59Z
1138,Spectrum Equity,Massachusetts,9116,AMC,Media,"Leawood, Kansas, United States",2004-07-01,"Buyout (LBO, MBO, MBI)",2012-05-21,Divestiture,7.8,False,4849,2,1,https://mergr.com/company/9116,2026-09-04T01:03:59Z
1138,Spectrum Equity,Massachusetts,1751,"RiskMetrics Group, Inc.",Information Services,"New York, New York, United States",2004-06-15,"Buyout (LBO, MBO, MBI)",2008-01-01,IPO,3.5,False,,2,0,https://mergr.com/company/1751,2026-09-04T01:03:59Z
1138,Spectrum Equity,Massachusetts,17727,NEP Group,Media,"Pittsburgh, Pennsylvania, United States",2004-04-12,Secondary Buyout,2007-01-08,Trade Sale - Public Company,2.7,False,,0,0,https://mergr.com/company/17727,2026-09-04T01:03:59Z
1138,Spectrum Equity,Massachusetts,17728,"United Asset Coverage, Inc.",Communications,"Naperville, Illinois, United States",2004-03-01,Secondary Buyout,2007-02-26,Divestiture,2.9,False,,0,0,https://mergr.com/company/17728,2026-09-04T01:03:59Z
1138,Spectrum Equity,Massachusetts,9119,"Zango, Inc.",Marketing,"Bellevue, Washington, United States",2004-01-01,"Buyout (LBO, MBO, MBI)",,,22.7,True,,0,0,https://mergr.com/company/9119,2026-09-04T01:03:59Z
1138,Spectrum Equity,Massachusetts,9136,Patriot Media and Communications LLC,Communications,"Greenwich, Connecticut, United States",2003-04-15,Stake Purchase,2007-08-01,Divestiture,4.3,False,,0,0,https://mergr.com/company/9136,2026-09-04T01:03:59Z
1138,Spectrum Equity,Massachusetts,9122,Eutelsat Group,Communications,"Issy-les-Moulineaux, France",2003-03-05,Divestiture,2005-10-01,IPO,2.5,False,1367,0,0,https://mergr.com/company/9122,2026-09-04T01:03:59Z
548,Summit Partners,Massachusetts,343786,TradingHub,Software,"London, United Kingdom",2026-03-16,Secondary Buyout,2026-03-16,Trade Sale - Public Company,0,False,,0,0,https://mergr.com/company/343786,2026-09-04T01:03:59Z
548,Summit Partners,Massachusetts,346482,Stay22,Internet Software and Services,"Montreal, Quebec, Canada",2026-02-26,Growth Capital,,,0.5,True,,0,0,https://mergr.com/company/346482,2026-09-04T01:03:59Z
548,Summit Partners,Massachusetts,338379,Dreampath,Medical Products,"Strasbourg, France",2025-07-14,Growth Capital,2026-07-07,Divestiture,0.9,False,,0,0,https://mergr.com/company/338379,2026-09-04T01:03:59Z
548,Summit Partners,Massachusetts,338158,Quorso,Software,"London, United Kingdom",2025-07-07,Growth Capital,,,1.1,True,,0,0,https://mergr.com/company/338158,2026-09-04T01:03:59Z
548,Summit Partners,Massachusetts,337446,RIS Rx,Software,"Newport Beach, California, United States",2025-06-16,Growth Capital,,,1.2,True,,0,0,https://mergr.com/company/337446,2026-09-04T01:03:59Z
548,Summit Partners,Massachusetts,343680,Instrumentl,Information Technology,"San Francisco, California, United States",2025-04-23,Growth Capital,,,1.3,True,,0,0,https://mergr.com/company/343680,2026-09-04T01:03:59Z
548,Summit Partners,Massachusetts,335315,Simply.TV,Digital Media,"Copenhagen, Denmark",2025-04-02,Acquisition Financing,,,1.4,True,,1,0,https://mergr.com/company/335315,2026-09-04T01:03:59Z
548,Summit Partners,Massachusetts,343697,One Point Advisory Services,Business Services,"Sussex, United Kingdom",2025-03-31,Growth Capital,,,1.4,True,,0,0,https://mergr.com/company/343697,2026-09-04T01:03:59Z
548,Summit Partners,Massachusetts,343662,Fundraise Up,Information Technology,"Brooklyn, New York, United States",2025-01-23,Growth Capital,,,1.6,True,,0,0,https://mergr.com/company/343662,2026-09-04T01:03:59Z
548,Summit Partners,Massachusetts,331304,UHY,Business Services,"Farmington Hills, Michigan, United States",2024-12-03,Growth Capital,,,1.8,True,,0,0,https://mergr.com/company/331304,2026-09-04T01:03:59Z
548,Summit Partners,Massachusetts,221015,Veriforce,Information Technology,"The Woodlands, Texas, United States",2024-08-28,Secondary Buyout,,,2,True,,2,0,https://mergr.com/company/221015,2026-09-04T01:03:59Z
548,Summit Partners,Massachusetts,334531,Earned Wealth,Financial Services,"New York, New York, United States",2024-07-11,Growth Capital,,,2.1,True,,2,0,https://mergr.com/company/334531,2026-09-04T01:03:59Z
548,Summit Partners,Massachusetts,326927,Revizto,Software,"Lausanne, Switzerland",2024-07-10,Growth Capital,,,2.1,True,,0,0,https://mergr.com/company/326927,2026-09-04T01:03:59Z
548,Summit Partners,Massachusetts,330856,Celcoin Payment Institution,Internet Software and Services,"Sao Paulo, Brazil",2024-06-18,Growth Capital,,,2.2,True,,1,0,https://mergr.com/company/330856,2026-09-04T01:03:59Z
548,Summit Partners,Massachusetts,275846,CluePoints,Information Technology,"Louvain-la-Neuve, Belgium",2024-06-12,Secondary Buyout,2024-06-12,Trade Sale - Public Company,0,False,,0,0,https://mergr.com/company/275846,2026-09-04T01:03:59Z
548,Summit Partners,Massachusetts,325804,PostPilot,Marketing,"Spartanburg, South Carolina, United States",2024-06-05,Growth Capital,,,2.2,True,,0,0,https://mergr.com/company/325804,2026-09-04T01:03:59Z
548,Summit Partners,Massachusetts,326213,OneStock,Internet Software and Services,"Toulouse, France",2024-05-21,Secondary Buyout,,,2.3,True,,0,0,https://mergr.com/company/326213,2026-09-04T01:03:59Z
548,Summit Partners,Massachusetts,322691,Netgain Solutions,Internet Software and Services,"Englewood, Colorado, United States",2024-04-03,Growth Capital,,,2.4,True,,0,0,https://mergr.com/company/322691,2026-09-04T01:03:59Z
548,Summit Partners,Massachusetts,343461,Fortify Companies,Business Services,"Portsmouth, New Hampshire, United States",2024-04-01,"Buyout (LBO, MBO, MBI)",,,2.4,True,,1,0,https://mergr.com/company/343461,2026-09-04T01:03:59Z
548,Summit Partners,Massachusetts,322343,Insurcomm,Construction,"Portsmouth, New Hampshire, United States",2024-02-29,Growth Capital,,,2.5,True,,2,0,https://mergr.com/company/322343,2026-09-04T01:03:59Z
548,Summit Partners,Massachusetts,297497,CollisionRight,Automotive,"Columbus, Ohio, United States",2024-01-30,Secondary Buyout,,,2.6,True,,0,0,https://mergr.com/company/297497,2026-09-04T01:03:59Z
548,Summit Partners,Massachusetts,320755,DocuSketch,Internet Software and Services,"Lakeland, Florida, United States",2024-01-16,Growth Capital,,,2.6,True,,0,0,https://mergr.com/company/320755,2026-09-04T01:03:59Z
548,Summit Partners,Massachusetts,343825,CERTANIA,Environmental,"Munich, Germany",2023-08-29,Growth Capital,,,3,True,,1,0,https://mergr.com/company/343825,2026-09-04T01:03:59Z
548,Summit Partners,Massachusetts,314738,Cinerius,Business Services,"Zug, Switzerland",2023-07-03,Secondary Buyout,2023-07-03,Trade Sale - Public Company,0,False,,0,0,https://mergr.com/company/314738,2026-09-04T01:03:59Z
548,Summit Partners,Massachusetts,343786,TradingHub,Software,"London, United Kingdom",2023-06-20,Growth Capital,2026-03-16,Trade Sale - Public Company,2.7,False,,0,0,https://mergr.com/company/343786,2026-09-04T01:03:59Z
548,Summit Partners,Massachusetts,312172,Doctrine,Internet Software and Services,"Paris, France",2023-04-11,Growth Capital,2026-04-28,Divestiture,3,False,,1,0,https://mergr.com/company/312172,2026-09-04T01:03:59Z
548,Summit Partners,Massachusetts,343849,Furnished Finder,Real Estate,"Austin, Texas, United States",2023-01-01,Growth Capital,,,3.7,True,,0,0,https://mergr.com/company/343849,2026-09-04T01:03:59Z
548,Summit Partners,Massachusetts,176571,Ohi,Consumer Products,"Mesa, Arizona, United States",2022-12-22,Secondary Buyout,,,3.7,True,,0,0,https://mergr.com/company/176571,2026-09-04T01:03:59Z
548,Summit Partners,Massachusetts,312270,Imagen,Software,"Tel Aviv, Israel",2022-12-19,Venture,,,3.7,True,,0,0,https://mergr.com/company/312270,2026-09-04T01:03:59Z
548,Summit Partners,Massachusetts,304085,LumaBridge,Life Science,"San Antonio, Texas, United States",2022-08-23,Growth Capital,,,4,True,,0,0,https://mergr.com/company/304085,2026-09-04T01:03:59Z
548,Summit Partners,Massachusetts,303041,PriceLabs,Information Technology,"Chicago, Illinois, United States",2022-07-28,Growth Capital,,,4.1,True,,0,0,https://mergr.com/company/303041,2026-09-04T01:03:59Z
548,Summit Partners,Massachusetts,312346,TextExpander,Software,"San Francisco, California, United States",2022-07-21,Growth Capital,,,4.1,True,,0,0,https://mergr.com/company/312346,2026-09-04T01:03:59Z
548,Summit Partners,Massachusetts,312268,Halborn,Information Technology,"Miami, Florida, United States",2022-07-19,Venture,,,4.1,True,,0,0,https://mergr.com/company/312268,2026-09-04T01:03:59Z
548,Summit Partners,Massachusetts,312342,StackAdapt,Software,"Toronto, Ontario, Canada",2022-06-01,Growth Capital,,,4.3,True,,0,0,https://mergr.com/company/312342,2026-09-04T01:03:59Z
548,Summit Partners,Massachusetts,297984,18 Week Support,Healthcare Services,"London, United Kingdom",2022-03-30,"Buyout (LBO, MBO, MBI)",,,4.4,True,,0,0,https://mergr.com/company/297984,2026-09-04T01:03:59Z
548,Summit Partners,Massachusetts,295392,Highwire,Internet Software and Services,"Burlington, Massachusetts, United States",2022-01-24,Growth Capital,2025-10-22,Divestiture,3.7,False,,0,0,https://mergr.com/company/295392,2026-09-04T01:03:59Z
548,Summit Partners,Massachusetts,343836,Dermanovis,Healthcare Services,"Munich, Germany",2022-01-01,Growth Capital,,,4.7,True,,0,0,https://mergr.com/company/343836,2026-09-04T01:03:59Z
548,Summit Partners,Massachusetts,343831,Deine Urologie Gruppe,Healthcare Services,"Hamburg, Germany",2022-01-01,Growth Capital,,,4.7,True,,0,0,https://mergr.com/company/343831,2026-09-04T01:03:59Z
548,Summit Partners,Massachusetts,309568,Energy Aspects,Information Technology,"London, United Kingdom",2022-01-01,Growth Capital,,,4.7,True,,2,0,https://mergr.com/company/309568,2026-09-04T01:03:59Z
548,Summit Partners,Massachusetts,310753,US Health Partners,Healthcare Services,"Rockville, Maryland, United States",2022-01-01,Growth Capital,,,4.7,True,,0,0,https://mergr.com/company/310753,2026-09-04T01:03:59Z
548,Summit Partners,Massachusetts,293961,Later,Software,"Boston, Massachusetts, United States",2021-12-16,Growth Capital,,,4.7,True,,1,0,https://mergr.com/company/293961,2026-09-04T01:03:59Z
548,Summit Partners,Massachusetts,303850,Hairstory,Consumer Products,"New York, New York, United States",2021-10-27,Growth Capital,,,4.8,True,,0,0,https://mergr.com/company/303850,2026-09-04T01:03:59Z
548,Summit Partners,Massachusetts,226766,Optimove,Software,"Tel Aviv, Israel",2021-09-27,Growth Capital,,,4.9,True,,3,0,https://mergr.com/company/226766,2026-09-04T01:03:59Z
548,Summit Partners,Massachusetts,312353,TurningPoint Healthcare Solutions,Healthcare Services,"Lake Mary, Florida, United States",2021-09-13,Growth Capital,,,4.9,True,,1,0,https://mergr.com/company/312353,2026-09-04T01:03:59Z
548,Summit Partners,Massachusetts,189323,QAD,Software,"Santa Barbara, California, United States",2021-06-28,Going Private,,,5.2,True,308,4,0,https://mergr.com/company/189323,2026-09-04T01:03:59Z
548,Summit Partners,Massachusetts,286747,Veranex,Business Services,"Raleigh, North Carolina, United States",2021-06-16,Growth Capital,,,5.2,True,,12,0,https://mergr.com/company/286747,2026-09-04T01:03:59Z
548,Summit Partners,Massachusetts,303851,Formative,Internet Software and Services,"Santa Monica, California, United States",2021-06-15,Growth Capital,2023-06-27,Divestiture,2,False,,0,0,https://mergr.com/company/303851,2026-09-04T01:03:59Z
548,Summit Partners,Massachusetts,286524,ReCharge,Internet Software and Services,"Santa Monica, California, United States",2021-05-06,Growth Capital,,,5.3,True,,1,0,https://mergr.com/company/286524,2026-09-04T01:03:59Z
548,Summit Partners,Massachusetts,312404,Fracture,Consumer Products,"Alachua, Florida, United States",2021-05-01,"Buyout (LBO, MBO, MBI)",,,5.3,True,,0,0,https://mergr.com/company/312404,2026-09-04T01:03:59Z
548,Summit Partners,Massachusetts,284141,Lingoda,Education,"Berlin, Germany",2021-04-15,Venture,,,5.3,True,,0,0,https://mergr.com/company/284141,2026-09-04T01:03:59Z
548,Summit Partners,Massachusetts,314738,Cinerius,Business Services,"Zug, Switzerland",2021-03-10,Growth Capital,2023-07-03,Trade Sale - Public Company,2.3,False,,0,0,https://mergr.com/company/314738,2026-09-04T01:03:59Z
548,Summit Partners,Massachusetts,282430,Jungle Scout,Internet Software and Services,"Austin, Texas, United States",2021-03-04,Growth Capital,,,5.5,True,,1,0,https://mergr.com/company/282430,2026-09-04T01:03:59Z
548,Summit Partners,Massachusetts,246117,Jobber,Internet Software and Services,"Edmonton, Alberta, Canada",2021-01-12,Venture,,,5.6,True,,0,0,https://mergr.com/company/246117,2026-09-04T01:03:59Z
548,Summit Partners,Massachusetts,332367,MUBI,Media,"London, United Kingdom",2021-01-01,Growth Capital,,,5.7,True,,0,0,https://mergr.com/company/332367,2026-09-04T01:03:59Z
548,Summit Partners,Massachusetts,312360,Ylopo,Information Technology,"Santa Monica, California, United States",2021-01-01,"Buyout (LBO, MBO, MBI)",,,5.7,True,,0,0,https://mergr.com/company/312360,2026-09-04T01:03:59Z
548,Summit Partners,Massachusetts,312311,OTR Solutions,Financial Services,"Roswell, Georgia, United States",2021-01-01,"Buyout (LBO, MBO, MBI)",,,5.7,True,,1,0,https://mergr.com/company/312311,2026-09-04T01:03:59Z
548,Summit Partners,Massachusetts,343790,RWA Wealth Partners,Financial Services,"Newton, Massachusetts, United States",2020-12-31,"Buyout (LBO, MBO, MBI)",,,5.7,True,,0,0,https://mergr.com/company/343790,2026-09-04T01:03:59Z
548,Summit Partners,Massachusetts,279234,Cenosco,Software,"The Hague, Netherlands",2020-12-10,Growth Capital,,,5.7,True,,0,0,https://mergr.com/company/279234,2026-09-04T01:03:59Z
548,Summit Partners,Massachusetts,279211,Solactive,Financial Services,"Frankfurt, Germany",2020-12-10,Growth Capital,,,5.7,True,,0,0,https://mergr.com/company/279211,2026-09-04T01:03:59Z
548,Summit Partners,Massachusetts,322762,Hallmark Health Care Solutions,Information Technology,"Charlestown, Massachusetts, United States",2020-12-10,Growth Capital,,,5.7,True,,0,0,https://mergr.com/company/322762,2026-09-04T01:03:59Z
548,Summit Partners,Massachusetts,295329,ShipMonk,Transportation,"Fort Lauderdale, Florida, United States",2020-12-02,Growth Capital,,,5.8,True,,1,0,https://mergr.com/company/295329,2026-09-04T01:03:59Z
548,Summit Partners,Massachusetts,248589,48forty Solutions,Packaging,"Houston, Texas, United States",2020-12-01,Secondary Buyout,,,5.8,True,,16,0,https://mergr.com/company/248589,2026-09-04T01:03:59Z
548,Summit Partners,Massachusetts,312264,Gresb,Information Services,"Amsterdam, Netherlands",2020-11-16,"Buyout (LBO, MBO, MBI)",2024-04-17,Trade Sale - Public Company,3.4,False,,0,0,https://mergr.com/company/312264,2026-09-04T01:03:59Z
548,Summit Partners,Massachusetts,312379,Sifted,Internet Software and Services,"Overland Park, Kansas, United States",2020-10-27,"Buyout (LBO, MBO, MBI)",,,5.8,True,,1,0,https://mergr.com/company/312379,2026-09-04T01:03:59Z
548,Summit Partners,Massachusetts,277483,Output,Internet Software and Services,"Los Angeles, California, United States",2020-10-21,Venture,,,5.8,True,,0,0,https://mergr.com/company/277483,2026-09-04T01:03:59Z
548,Summit Partners,Massachusetts,277439,LearnUpon,Internet Software and Services,"Dublin, Ireland",2020-10-20,Growth Capital,,,5.8,True,,1,0,https://mergr.com/company/277439,2026-09-04T01:03:59Z
548,Summit Partners,Massachusetts,307331,Leon Medical Centers,Healthcare Services,"Doral, Florida, United States",2020-10-01,Growth Capital,,,5.9,True,,0,0,https://mergr.com/company/307331,2026-09-04T01:03:59Z
548,Summit Partners,Massachusetts,275846,CluePoints,Information Technology,"Louvain-la-Neuve, Belgium",2020-09-01,Growth Capital,2024-06-12,Trade Sale - Public Company,3.8,False,,0,0,https://mergr.com/company/275846,2026-09-04T01:03:59Z
548,Summit Partners,Massachusetts,295922,Keeper,Information Technology,"Chicago, Illinois, United States",2020-08-17,Growth Capital,,,6,True,,1,0,https://mergr.com/company/295922,2026-09-04T01:03:59Z
548,Summit Partners,Massachusetts,273166,CoderPad,Software,"San Francisco, California, United States",2020-06-11,Growth Capital,,,6.2,True,,0,0,https://mergr.com/company/273166,2026-09-04T01:03:59Z
548,Summit Partners,Massachusetts,272822,Appway,Software,"Zurich, Switzerland",2020-06-02,Growth Capital,2021-12-07,Divestiture,1.5,False,,0,0,https://mergr.com/company/272822,2026-09-04T01:03:59Z
548,Summit Partners,Massachusetts,276685,NinjaOne,Software,"Austin, Texas, United States",2020-03-12,Growth Capital,,,6.4,True,,1,0,https://mergr.com/company/276685,2026-09-04T01:03:59Z
548,Summit Partners,Massachusetts,214861,ViroClinics,Life Science,"Rotterdam, Netherlands",2020-03-03,Secondary Buyout,2021-12-16,Divestiture,1.8,False,,1,0,https://mergr.com/company/214861,2026-09-04T01:03:59Z
548,Summit Partners,Massachusetts,269790,Brooklinen,Retail,"New York, New York, United States",2020-03-03,Growth Capital,,,6.5,True,,0,0,https://mergr.com/company/269790,2026-09-04T01:03:59Z
548,Summit Partners,Massachusetts,268338,eClinical Solutions,Internet Software and Services,"Mansfield, Massachusetts, United States",2020-01-21,Growth Capital,2024-09-12,Trade Sale - Public Company,4.6,False,,0,0,https://mergr.com/company/268338,2026-09-04T01:03:59Z
548,Summit Partners,Massachusetts,312240,Beyond Risk,Insurance,"Phoenix, Arizona, United States",2020-01-01,Growth Capital,,,6.7,True,,1,0,https://mergr.com/company/312240,2026-09-04T01:03:59Z
548,Summit Partners,Massachusetts,296986,Fortis Life Sciences,Life Science,"Boston, Massachusetts, United States",2020-01-01,"Buyout (LBO, MBO, MBI)",,,6.7,True,,2,0,https://mergr.com/company/296986,2026-09-04T01:03:59Z
548,Summit Partners,Massachusetts,312356,VaxCare,Information Technology,"Orlando, Florida, United States",2020-01-01,"Buyout (LBO, MBO, MBI)",,,6.7,True,,0,0,https://mergr.com/company/312356,2026-09-04T01:03:59Z
548,Summit Partners,Massachusetts,292545,Immersive Labs,Information Technology,"Bristol, United Kingdom",2019-11-06,Venture,,,6.8,True,,1,0,https://mergr.com/company/292545,2026-09-04T01:03:59Z
548,Summit Partners,Massachusetts,247679,Akeneo,Information Technology,"Nantes, France",2019-09-12,Venture,,,6.9,True,,1,0,https://mergr.com/company/247679,2026-09-04T01:03:59Z
548,Summit Partners,Massachusetts,264152,ProGlove,Technology Hardware,"Munich, Germany",2019-09-09,Growth Capital,2022-05-04,Trade Sale - Public Company,2.6,False,,0,0,https://mergr.com/company/264152,2026-09-04T01:03:59Z
548,Summit Partners,Massachusetts,134481,Abode Healthcare,Healthcare Services,"Durango, Colorado, United States",2019-08-27,Secondary Buyout,2021-04-16,Divestiture,1.6,False,,0,0,https://mergr.com/company/134481,2026-09-04T01:03:59Z
548,Summit Partners,Massachusetts,312246,Chronograph,Software,"Brooklyn, New York, United States",2019-05-28,Venture,,,7.3,True,,0,0,https://mergr.com/company/312246,2026-09-04T01:03:59Z
548,Summit Partners,Massachusetts,267365,A Cloud Guru,Internet Software and Services,"Twickenham, United Kingdom",2019-04-29,Growth Capital,2021-06-02,Divestiture,2.1,False,,1,0,https://mergr.com/company/267365,2026-09-04T01:03:59Z
548,Summit Partners,Massachusetts,259854,Klaviyo,Internet Software and Services,"Boston, Massachusetts, United States",2019-04-08,Growth Capital,2023-09-20,IPO,4.4,False,1234,1,0,https://mergr.com/company/259854,2026-09-04T01:03:59Z
548,Summit Partners,Massachusetts,24098,Animal Supply Company,Consumer Products,"Grand Prairie, Texas, United States",2019-02-26,Secondary Buyout,2025-02-26,Divestiture,6,False,,0,0,https://mergr.com/company/24098,2026-09-04T01:03:59Z
548,Summit Partners,Massachusetts,4430,US Renal Care,Healthcare Services,"Plano, Texas, United States",2019-02-13,Secondary Buyout,,,7.5,True,,0,0,https://mergr.com/company/4430,2026-09-04T01:03:59Z
548,Summit Partners,Massachusetts,258343,Patriot Growth Partners,Insurance,"Ft. Washington, Pennsylvania, United States",2019-01-22,"Buyout (LBO, MBO, MBI)",2021-09-21,Merger,2.6,False,,2,0,https://mergr.com/company/258343,2026-09-04T01:03:59Z
548,Summit Partners,Massachusetts,312325,Snap Finance,Financial Services,"Salt Lake City, Utah, United States",2019-01-01,"Buyout (LBO, MBO, MBI)",,,7.7,True,,0,0,https://mergr.com/company/312325,2026-09-04T01:03:59Z
548,Summit Partners,Massachusetts,279103,Allego,Internet Software and Services,"Waltham, Massachusetts, United States",2019-01-01,Venture,,,7.7,True,,1,0,https://mergr.com/company/279103,2026-09-04T01:03:59Z
548,Summit Partners,Massachusetts,343852,Global Gruppe,Insurance,"Cologne, Germany",2019-01-01,Stake Purchase,,,7.7,True,,0,0,https://mergr.com/company/343852,2026-09-04T01:03:59Z
548,Summit Partners,Massachusetts,7215,Syndigo,Information Technology,"Chicago, Illinois, United States",2018-10-25,Secondary Buyout,,,7.8,True,,10,0,https://mergr.com/company/7215,2026-09-04T01:03:59Z
548,Summit Partners,Massachusetts,255119,Syncron,Software,"Stockholm, Sweden",2018-10-16,Growth Capital,,,7.8,True,,1,0,https://mergr.com/company/255119,2026-09-04T01:03:59Z
548,Summit Partners,Massachusetts,20353,FNZ Group,Information Technology,"London, United Kingdom",2018-10-09,Secondary Buyout,,,7.8,True,,4,2,https://mergr.com/company/20353,2026-09-04T01:03:59Z
548,Summit Partners,Massachusetts,8679,Paradigm,Healthcare Services,"Walnut Creek, California, United States",2018-09-20,Secondary Buyout,2018-09-20,Trade Sale - Public Company,0,False,,0,0,https://mergr.com/company/8679,2026-09-04T01:03:59Z
548,Summit Partners,Massachusetts,253815,OnRobot,Technology Hardware,"Odense, Denmark",2018-08-29,Growth Capital,,,8,True,,1,0,https://mergr.com/company/253815,2026-09-04T01:03:59Z
548,Summit Partners,Massachusetts,253778,MercuryGate,Internet Software and Services,"Cary, North Carolina, United States",2018-08-28,"Buyout (LBO, MBO, MBI)",2024-08-06,Divestiture,5.9,False,,4,0,https://mergr.com/company/253778,2026-09-04T01:03:59Z
548,Summit Partners,Massachusetts,31917,Teaching Strategies,Education,"Washington, District of Columbia, United States",2018-05-15,Secondary Buyout,2021-07-21,Trade Sale - Public Company,3.2,False,,0,0,https://mergr.com/company/31917,2026-09-04T01:03:59Z
548,Summit Partners,Massachusetts,305470,Red Points,Internet Software and Services,"Barcelona, Spain",2018-05-08,Venture,,,8.3,True,,0,0,https://mergr.com/company/305470,2026-09-04T01:03:59Z
548,Summit Partners,Massachusetts,206051,Sound Physicians,Healthcare Services,"Nashville, Tennessee, United States",2018-04-23,Divestiture,,,8.3,True,,1,0,https://mergr.com/company/206051,2026-09-04T01:03:59Z
1407,Denham Capital,Massachusetts,349092,Gray Oak Power,Utilities,"Houston, Texas, United States",2026-01-15,"Buyout (LBO, MBO, MBI)",,,0.6,True,,0,0,https://mergr.com/company/349092,2026-09-04T01:03:59Z
1407,Denham Capital,Massachusetts,318227,EVC,Energy Services and Equipment,"Crawley, United Kingdom",2023-02-28,Growth Capital,,,3.5,True,,0,0,https://mergr.com/company/318227,2026-09-04T01:03:59Z
1407,Denham Capital,Massachusetts,329748,Virtue Power,Renewable Energy,"Boca Raton, Florida, United States",2023-02-10,Growth Capital,,,3.5,True,,0,0,https://mergr.com/company/329748,2026-09-04T01:03:59Z
1407,Denham Capital,Massachusetts,349099,Camino Minerals,Metals/Mining,"Vancouver, British Columbia, Canada",2021-07-13,Stake Purchase,,,5.1,True,,0,0,https://mergr.com/company/349099,2026-09-04T01:03:59Z
1407,Denham Capital,Massachusetts,200308,Ceiba Energy,Energy Services and Equipment,"Houston, Texas, United States",2020-01-13,Growth Capital,,,6.6,True,,0,0,https://mergr.com/company/200308,2026-09-04T01:03:59Z
1407,Denham Capital,Massachusetts,284214,Horizon Resources,Oil/Gas Exploration,"Denver, Colorado, United States",2018-03-20,Growth Capital,,,8.4,True,,0,0,https://mergr.com/company/284214,2026-09-04T01:03:59Z
1407,Denham Capital,Massachusetts,284152,Neo Themis,Renewable Energy,"Casablanca, Morocco",2018-02-28,Growth Capital,,,8.5,True,,0,0,https://mergr.com/company/284152,2026-09-04T01:03:59Z
1407,Denham Capital,Massachusetts,284220,Live Oak Resource Partners,Oil/Gas Exploration,"Houston, Texas, United States",2018-01-22,Growth Capital,,,8.6,True,,0,0,https://mergr.com/company/284220,2026-09-04T01:03:59Z
1407,Denham Capital,Massachusetts,284157,Rio Energy,Renewable Energy,"Rio de Janeiro, Brazil",2017-03-27,Growth Capital,2023-07-21,Divestiture,6.3,False,,0,0,https://mergr.com/company/284157,2026-09-04T01:03:59Z
1407,Denham Capital,Massachusetts,227325,"JDS Silver, Inc.",Metals/Mining,"Vancouver, British Columbia, Canada",2016-09-27,Growth Capital,2017-09-11,Divestiture,0.9,False,,0,0,https://mergr.com/company/227325,2026-09-04T01:03:59Z
1407,Denham Capital,Massachusetts,284082,Fairway Resources,Oil/Gas Exploration,"Southlake, Texas, United States",2016-01-01,Growth Capital,,,10.7,True,,0,0,https://mergr.com/company/284082,2026-09-04T01:03:59Z
1407,Denham Capital,Massachusetts,258461,WhiteWater Midstream,Oil/Gas Exploration,"Austin, Texas, United States",2016-01-01,"Buyout (LBO, MBO, MBI)",2019-02-04,Trade Sale - Public Company,3.1,False,,0,0,https://mergr.com/company/258461,2026-09-04T01:03:59Z
1407,Denham Capital,Massachusetts,212743,LOLA Energy,Oil/Gas Exploration,"Wexford, Pennsylvania, United States",2015-12-08,Growth Capital,,,10.7,True,,0,0,https://mergr.com/company/212743,2026-09-04T01:03:59Z
1407,Denham Capital,Massachusetts,204732,Jenner Renewables S.a.r.l,Renewable Energy,"Luxembourg, Luxembourg",2015-09-24,Growth Capital,,,10.9,True,,0,0,https://mergr.com/company/204732,2026-09-04T01:03:59Z
1407,Denham Capital,Massachusetts,201349,Nexif Pte. Ltd.,Renewable Energy,"Singapore, Singapore",2015-08-25,Growth Capital,,,11,True,,0,0,https://mergr.com/company/201349,2026-09-04T01:03:59Z
1407,Denham Capital,Massachusetts,232802,Nexif Energy,Renewable Energy,"Singapore, Singapore",2015-08-01,"Buyout (LBO, MBO, MBI)",2023-01-05,Divestiture,7.4,False,,2,0,https://mergr.com/company/232802,2026-09-04T01:03:59Z
1407,Denham Capital,Massachusetts,99449,Platino Energy Corp.,Oil/Gas Exploration,"Calgary, Alberta, Canada",2015-05-30,Going Private,,,11.3,True,,0,0,https://mergr.com/company/99449,2026-09-04T01:03:59Z
1407,Denham Capital,Massachusetts,284159,Pembroke Resources,Oil/Gas Exploration,"Sydney, Australia",2014-05-07,Growth Capital,,,12.3,True,,0,0,https://mergr.com/company/284159,2026-09-04T01:03:59Z
1407,Denham Capital,Massachusetts,217555,Covey Park Energy LLC,Oil/Gas Exploration,"Dallas, Texas, United States",2014-04-01,Growth Capital,2019-06-10,Divestiture,5.2,False,,1,0,https://mergr.com/company/217555,2026-09-04T01:03:59Z
1407,Denham Capital,Massachusetts,104453,Endeavor Energy,Energy Services and Equipment,"Houston, Texas, United States",2013-06-18,"Buyout (LBO, MBO, MBI)",,,13.2,True,,0,0,https://mergr.com/company/104453,2026-09-04T01:03:59Z
1407,Denham Capital,Massachusetts,62710,OneWind Australia Pty Ltd.,Renewable Energy,"Amsterdam, Netherlands",2013-05-07,Stake Purchase,,,13.3,True,,0,2,https://mergr.com/company/62710,2026-09-04T01:03:59Z
1407,Denham Capital,Massachusetts,63610,Tundra Oil & Gas Ltd.,Oil/Gas Exploration,"Winnipeg, Minnesota, United States",2013-02-20,Stake Purchase,,,13.5,True,,0,0,https://mergr.com/company/63610,2026-09-04T01:03:59Z
1407,Denham Capital,Massachusetts,36001,Bright Horizon Resources LLC,Oil/Gas Exploration,"Tulsa, Oklahoma, United States",2013-01-31,Stake Purchase,,,13.6,True,,0,0,https://mergr.com/company/36001,2026-09-04T01:03:59Z
1407,Denham Capital,Massachusetts,284153,Santiago Metals,Metals/Mining,"Santiago, Chile",2013-01-01,"Buyout (LBO, MBO, MBI)",,,13.7,True,,0,0,https://mergr.com/company/284153,2026-09-04T01:03:59Z
1407,Denham Capital,Massachusetts,104545,Tall City Exploration,Oil/Gas Exploration,"Midland, Texas, United States",2012-08-23,Growth Capital,2015-01-01,Stake Sale,2.3,False,,0,0,https://mergr.com/company/104545,2026-09-04T01:03:59Z
1407,Denham Capital,Massachusetts,284163,Pangaea Exploration,Metals/Mining,"Johannesburg, South Africa",2011-11-09,Growth Capital,,,14.8,True,,0,0,https://mergr.com/company/284163,2026-09-04T01:03:59Z
1407,Denham Capital,Massachusetts,23941,URSA Resources Group LLC,Oil/Gas Exploration,"Houston, Texas, United States",2011-10-12,Stake Purchase,,,14.8,True,,0,0,https://mergr.com/company/23941,2026-09-04T01:03:59Z
1407,Denham Capital,Massachusetts,104449,Cascade Petroleum LLC,Oil/Gas Exploration,"Denver, Colorado, United States",2011-09-01,"Buyout (LBO, MBO, MBI)",,,15,True,,0,0,https://mergr.com/company/104449,2026-09-04T01:03:59Z
1407,Denham Capital,Massachusetts,30322,Tradition Midstream LLC,Oil/Gas Exploration,"The Woodlands, Texas, United States",2011-07-27,Growth Capital,,,15.1,True,,0,0,https://mergr.com/company/30322,2026-09-04T01:03:59Z
1407,Denham Capital,Massachusetts,30325,Greenleaf Power,Renewable Energy,"Sacramento, California, United States",2010-11-15,Growth Capital,,,15.8,True,,3,0,https://mergr.com/company/30325,2026-09-04T01:03:59Z
1407,Denham Capital,Massachusetts,30328,C&C Energia Ltd.,Oil/Gas Exploration,"Bogotá, Colombia",2010-05-25,PIPE,2012-11-20,Divestiture,2.4,False,,0,0,https://mergr.com/company/30328,2026-09-04T01:03:59Z
1407,Denham Capital,Massachusetts,23940,Trans-Tasman Resources Ltd.,Metals/Mining,"Wellington, New Zealand",2010-04-12,Stake Purchase,,,16.3,True,,0,0,https://mergr.com/company/23940,2026-09-04T01:03:59Z
1407,Denham Capital,Massachusetts,13997,Big Island Carbon,Chemicals,"Kailua-Kona, Hawaii, United States",2009-04-23,Stake Purchase,2012-12-07,Bankruptcy,3.6,False,,0,0,https://mergr.com/company/13997,2026-09-04T01:03:59Z
1407,Denham Capital,Massachusetts,11331,"Alta Mesa Resources, Inc.",Oil/Gas Exploration,"Houston, Texas, United States",2009-02-28,Stake Purchase,2014-03-25,Recapitalization,5,False,,0,0,https://mergr.com/company/11331,2026-09-04T01:03:59Z
1407,Denham Capital,Massachusetts,13998,BTE Renewables,Renewable Energy,"Fourways, South Africa",2008-11-13,Stake Purchase,2019-08-01,Trade Sale - Public Company,10.7,False,,0,0,https://mergr.com/company/13998,2026-09-04T01:03:59Z
1407,Denham Capital,Massachusetts,4336,MS Directional,Oil/Gas Exploration,"Conroe, Texas, United States",2008-08-11,Secondary Buyout,2017-09-05,Divestiture,9,False,,0,0,https://mergr.com/company/4336,2026-09-04T01:03:59Z
1407,Denham Capital,Massachusetts,14010,VitAg,Chemicals,"Beech Island, South Carolina, United States",2008-08-06,Stake Purchase,,,18,True,,0,0,https://mergr.com/company/14010,2026-09-04T01:03:59Z
1407,Denham Capital,Massachusetts,30326,"Gradient Resources, Inc.",Energy Services and Equipment,"Reno, Nevada, United States",2008-07-28,Stake Purchase,,,18.1,True,,0,0,https://mergr.com/company/30326,2026-09-04T01:03:59Z
1407,Denham Capital,Massachusetts,14012,Trinity Coal Corp.,Metals/Mining,"Scott Depot, West Virginia, United States",2008-07-01,Stake Purchase,2010-03-06,Trade Sale - Public Company,1.7,False,,0,0,https://mergr.com/company/14012,2026-09-04T01:03:59Z
1407,Denham Capital,Massachusetts,14014,SunRay Renewable Energy Ltd.,Renewable Energy,"London, United Kingdom",2008-04-28,Stake Purchase,2010-02-11,Divestiture,1.8,False,,0,0,https://mergr.com/company/14014,2026-09-04T01:03:59Z
1407,Denham Capital,Massachusetts,284222,Serra Verde,Metals/Mining,"Minaçu, Brazil",2008-01-01,Growth Capital,2026-04-20,Divestiture,18.3,False,,0,0,https://mergr.com/company/284222,2026-09-04T01:03:59Z
1407,Denham Capital,Massachusetts,23938,"Santonia Energy, Inc.",Oil/Gas Exploration,"Calgary, Alberta, Canada",2007-12-18,PIPE,2014-03-04,Divestiture,6.2,False,,0,0,https://mergr.com/company/23938,2026-09-04T01:03:59Z
1407,Denham Capital,Massachusetts,14016,Recycled Energy Development LLC,Renewable Energy,"Westmont, Illinois, United States",2007-11-16,Stake Purchase,,,18.8,True,,1,0,https://mergr.com/company/14016,2026-09-04T01:03:59Z
1407,Denham Capital,Massachusetts,14029,GNPower Mariveles Coal Plant Ltd. Co.,Utilities,"Manila, Philippines",2007-06-01,"Buyout (LBO, MBO, MBI)",2012-12-17,Divestiture,5.5,False,,0,0,https://mergr.com/company/14029,2026-09-04T01:03:59Z
1407,Denham Capital,Massachusetts,4333,Greene's Energy,Oil/Gas Exploration,"Houston, Texas, United States",2006-12-18,Recapitalization,,,19.7,True,,3,0,https://mergr.com/company/4333,2026-09-04T01:03:59Z
1407,Denham Capital,Massachusetts,28529,FRV,Renewable Energy,"Madrid, Spain",2006-09-01,Growth Capital,2015-04-09,Divestiture,8.6,False,112,0,0,https://mergr.com/company/28529,2026-09-04T01:03:59Z
1407,Denham Capital,Massachusetts,14013,Thermal North America/Trigen,Utilities,"Boston, Massachusetts, United States",2005-12-01,Stake Purchase,2007-12-13,Divestiture,2,False,,0,0,https://mergr.com/company/14013,2026-09-04T01:03:59Z
1407,Denham Capital,Massachusetts,211409,Energy Transfer Partners LP,Energy Services and Equipment,"Dallas, Texas, United States",2002-01-01,"Buyout (LBO, MBO, MBI)",2006-02-03,IPO,4.1,False,34292,0,0,https://mergr.com/company/211409,2026-09-04T01:03:59Z
4467,Constitution Capital Partners,Massachusetts,344649,Museum of Illusions Group,Business Services,"Zagreb, Croatia",2026-01-08,Secondary Buyout,,,0.6,True,,0,0,https://mergr.com/company/344649,2026-09-04T01:03:59Z
4467,Constitution Capital Partners,Massachusetts,337255,Maple Donuts,Food,"York, Pennsylvania, United States",2025-06-02,"Buyout (LBO, MBO, MBI)",,,1.3,True,,0,0,https://mergr.com/company/337255,2026-09-04T01:03:59Z
4467,Constitution Capital Partners,Massachusetts,285240,Resource Innovations,Business Services,"Half Moon Bay, California, United States",2024-04-02,Secondary Buyout,,,2.4,True,,3,0,https://mergr.com/company/285240,2026-09-04T01:03:59Z
4467,Constitution Capital Partners,Massachusetts,222822,Bradford Health Services,Healthcare Services,"Birmingham, Alabama, United States",2022-10-28,Secondary Buyout,,,3.8,True,,4,0,https://mergr.com/company/222822,2026-09-04T01:03:59Z
4467,Constitution Capital Partners,Massachusetts,199523,Monte Nido,Healthcare Services,"Miami, Florida, United States",2022-08-29,Secondary Buyout,,,4,True,,0,0,https://mergr.com/company/199523,2026-09-04T01:03:59Z
4467,Constitution Capital Partners,Massachusetts,187493,Ergotron,Furniture,"St. Paul, Minnesota, United States",2022-07-07,Divestiture,,,4.1,True,,1,0,https://mergr.com/company/187493,2026-09-04T01:03:59Z
4467,Constitution Capital Partners,Massachusetts,301625,Advantek,Packaging,"Eden Prairie, Minnesota, United States",2022-06-23,Secondary Buyout,,,4.2,True,,1,0,https://mergr.com/company/301625,2026-09-04T01:03:59Z
4467,Constitution Capital Partners,Massachusetts,64906,Vistage,Business Services,"San Diego, California, United States",2022-06-08,Secondary Buyout,,,4.2,True,,3,0,https://mergr.com/company/64906,2026-09-04T01:03:59Z
4467,Constitution Capital Partners,Massachusetts,25374,Captain D's,Restaurants,"Nashville, Tennessee, United States",2022-05-19,Secondary Buyout,,,4.3,True,,0,0,https://mergr.com/company/25374,2026-09-04T01:03:59Z
4467,Constitution Capital Partners,Massachusetts,299827,Amika,Consumer Products,"Brooklyn, New York, United States",2022-05-12,"Buyout (LBO, MBO, MBI)",,,4.3,True,,0,0,https://mergr.com/company/299827,2026-09-04T01:03:59Z
4467,Constitution Capital Partners,Massachusetts,299845,Eva NYC,Consumer Products,"Brooklyn, New York, United States",2022-05-12,"Buyout (LBO, MBO, MBI)",,,4.3,True,,0,0,https://mergr.com/company/299845,2026-09-04T01:03:59Z
4467,Constitution Capital Partners,Massachusetts,263067,Advancing Eyecare,Medical Products,"Jacksonville, Florida, United States",2022-05-09,Secondary Buyout,,,4.3,True,,1,0,https://mergr.com/company/263067,2026-09-04T01:03:59Z
4467,Constitution Capital Partners,Massachusetts,279695,Vertical Supply Group,Consumer Products,"Greensboro, North Carolina, United States",2022-04-12,Secondary Buyout,,,4.3,True,,3,0,https://mergr.com/company/279695,2026-09-04T01:03:59Z
4467,Constitution Capital Partners,Massachusetts,247384,SpendMend,Business Services,"Grand Rapids, Michigan, United States",2022-03-02,Recapitalization,,,4.5,True,,1,0,https://mergr.com/company/247384,2026-09-04T01:03:59Z
4467,Constitution Capital Partners,Massachusetts,258510,Probo Medical,Business Services,"Tampa, Florida, United States",2022-02-15,Secondary Buyout,,,4.5,True,,6,0,https://mergr.com/company/258510,2026-09-04T01:03:59Z
4467,Constitution Capital Partners,Massachusetts,273887,good2grow,Beverages,"Atlanta, Georgia, United States",2021-12-08,Secondary Buyout,,,4.7,True,,0,0,https://mergr.com/company/273887,2026-09-04T01:03:59Z
4467,Constitution Capital Partners,Massachusetts,246478,KNS International,Apparel/Textiles,"Draper, Utah, United States",2021-11-16,Secondary Buyout,,,4.8,True,,1,0,https://mergr.com/company/246478,2026-09-04T01:03:59Z
4467,Constitution Capital Partners,Massachusetts,290548,Schellman,Business Services,"Tampa, Florida, United States",2021-09-17,Growth Capital,,,4.9,True,,3,0,https://mergr.com/company/290548,2026-09-04T01:03:59Z
4467,Constitution Capital Partners,Massachusetts,309490,Atheneum,Information Technology,"Berlin, Germany",2021-08-26,Growth Capital,,,5,True,,0,0,https://mergr.com/company/309490,2026-09-04T01:03:59Z
4467,Constitution Capital Partners,Massachusetts,250593,Arcadia Consumer Healthcare,Consumer Products,"Bridgewater, New Jersey, United States",2021-08-09,Secondary Buyout,,,5,True,,0,0,https://mergr.com/company/250593,2026-09-04T01:03:59Z
4467,Constitution Capital Partners,Massachusetts,13081,Stratus Unlimited,Business Services,"Mentor, Ohio, United States",2021-07-07,Secondary Buyout,,,5.1,True,,2,0,https://mergr.com/company/13081,2026-09-04T01:03:59Z
4467,Constitution Capital Partners,Massachusetts,5060,Nivel Parts & Manufacturing,Automotive,"Jacksonville, Florida, United States",2021-05-21,Secondary Buyout,,,5.3,True,,4,0,https://mergr.com/company/5060,2026-09-04T01:03:59Z
4467,Constitution Capital Partners,Massachusetts,218389,Astound Digital,Information Technology,"Oakland, California, United States",2021-05-12,Growth Capital,,,5.3,True,,0,0,https://mergr.com/company/218389,2026-09-04T01:03:59Z
4467,Constitution Capital Partners,Massachusetts,240482,Friday Health Plans,Insurance,"Oklahoma City, Oklahoma, United States",2021-04-01,Secondary Buyout,,,5.4,True,,0,0,https://mergr.com/company/240482,2026-09-04T01:03:59Z
4467,Constitution Capital Partners,Massachusetts,276010,Innovations in Nutrition + Wellness,Life Science,"Ogden, Utah, United States",2021-03-29,Secondary Buyout,,,5.4,True,,2,0,https://mergr.com/company/276010,2026-09-04T01:03:59Z
4467,Constitution Capital Partners,Massachusetts,280759,Dr. Praeger's Sensible Foods,Food,"Elmwood Park, New Jersey, United States",2021-01-21,Growth Capital,,,5.6,True,,0,0,https://mergr.com/company/280759,2026-09-04T01:03:59Z
4467,Constitution Capital Partners,Massachusetts,280604,Rancho Family Medical Group,Healthcare Services,"Temecula, California, United States",2021-01-19,Growth Capital,,,5.6,True,,0,0,https://mergr.com/company/280604,2026-09-04T01:03:59Z
4467,Constitution Capital Partners,Massachusetts,4830,Aurorium,Chemicals,"Indianapolis, Indiana, United States",2021-01-05,Secondary Buyout,,,5.6,True,,5,0,https://mergr.com/company/4830,2026-09-04T01:03:59Z
4467,Constitution Capital Partners,Massachusetts,125017,RealTruck,Automotive,"Ann Arbor, Michigan, United States",2020-12-08,Secondary Buyout,,,5.7,True,,4,0,https://mergr.com/company/125017,2026-09-04T01:03:59Z
4467,Constitution Capital Partners,Massachusetts,320767,Market Performance Group,Business Services,"Princeton Junction, New Jersey, United States",2020-12-01,Growth Capital,2024-01-17,Trade Sale - Public Company,3.1,False,,0,0,https://mergr.com/company/320767,2026-09-04T01:03:59Z
4467,Constitution Capital Partners,Massachusetts,30366,Manna Pro,Agriculture,"Chesterfield, Missouri, United States",2020-11-06,Secondary Buyout,,,5.8,True,,4,0,https://mergr.com/company/30366,2026-09-04T01:03:59Z
4467,Constitution Capital Partners,Massachusetts,16018,Woodstream,Consumer Products,"Lancaster, Pennsylvania, United States",2020-10-19,Secondary Buyout,,,5.8,True,240,1,0,https://mergr.com/company/16018,2026-09-04T01:03:59Z
4467,Constitution Capital Partners,Massachusetts,242799,AML RightSource,Business Services,"Cleveland, Ohio, United States",2020-09-22,Secondary Buyout,,,5.9,True,,4,0,https://mergr.com/company/242799,2026-09-04T01:03:59Z
4467,Constitution Capital Partners,Massachusetts,111385,XiFin,Internet Software and Services,"San Diego, California, United States",2020-02-05,Secondary Buyout,,,6.5,True,,2,0,https://mergr.com/company/111385,2026-09-04T01:03:59Z
4467,Constitution Capital Partners,Massachusetts,301433,Founders Table,Restaurants,"Rye Brook, New York, United States",2020-01-01,"Buyout (LBO, MBO, MBI)",,,6.7,True,,1,0,https://mergr.com/company/301433,2026-09-04T01:03:59Z
4467,Constitution Capital Partners,Massachusetts,22983,Sabrosura Foods,Food,"Bloomington, Minnesota, United States",2019-10-21,Growth Capital,,,6.8,True,,1,0,https://mergr.com/company/22983,2026-09-04T01:03:59Z
4467,Constitution Capital Partners,Massachusetts,283219,Simple Mills,Food,"Chicago, Illinois, United States",2019-10-07,Growth Capital,2025-01-08,Divestiture,5.3,False,,0,0,https://mergr.com/company/283219,2026-09-04T01:03:59Z
4467,Constitution Capital Partners,Massachusetts,263170,RHA Health Services,Healthcare Services,"Atlanta, Georgia, United States",2019-08-05,"Buyout (LBO, MBO, MBI)",,,7,True,,0,0,https://mergr.com/company/263170,2026-09-04T01:03:59Z
4467,Constitution Capital Partners,Massachusetts,264337,Health Monitor Network,Marketing,"Montvale, New Jersey, United States",2019-05-15,Growth Capital,,,7.3,True,,1,0,https://mergr.com/company/264337,2026-09-04T01:03:59Z
4467,Constitution Capital Partners,Massachusetts,264206,Fox Rehabilitation,Healthcare Services,"Cherry Hill, New Jersey, United States",2019-05-06,"Buyout (LBO, MBO, MBI)",,,7.3,True,,1,0,https://mergr.com/company/264206,2026-09-04T01:03:59Z
4467,Constitution Capital Partners,Massachusetts,253816,Colibri Group,Education,"Saint Louis, Missouri, United States",2019-05-02,Secondary Buyout,,,7.3,True,,9,0,https://mergr.com/company/253816,2026-09-04T01:03:59Z
4467,Constitution Capital Partners,Massachusetts,176962,Lighthouse,Information Technology,"Seattle, Washington, United States",2019-05-01,Secondary Buyout,,,7.3,True,,1,0,https://mergr.com/company/176962,2026-09-04T01:03:59Z
4467,Constitution Capital Partners,Massachusetts,204734,Jacent,Distribution,"Cinnaminson, New Jersey, United States",2019-04-25,Secondary Buyout,,,7.3,True,,0,0,https://mergr.com/company/204734,2026-09-04T01:03:59Z
4467,Constitution Capital Partners,Massachusetts,258377,Not Your Mother's,Consumer Products,"Tampa, Florida, United States",2019-02-14,Growth Capital,2026-03-09,Divestiture,7,False,,0,0,https://mergr.com/company/258377,2026-09-04T01:03:59Z
4467,Constitution Capital Partners,Massachusetts,301423,Hydrow,Consumer Products,"Boston, Massachusetts, United States",2019-02-07,Growth Capital,,,7.5,True,,1,0,https://mergr.com/company/301423,2026-09-04T01:03:59Z
4467,Constitution Capital Partners,Massachusetts,116381,MediaAlpha,Digital Media,"Los Angeles, California, United States",2019-02-04,Stake Purchase,2020-10-27,IPO,1.7,False,388,0,0,https://mergr.com/company/116381,2026-09-04T01:03:59Z
4467,Constitution Capital Partners,Massachusetts,20800,Citizens Rx,Business Services,"Oak Park, Illinois, United States",2019-02-01,Recapitalization,2024-12-03,Divestiture,5.8,False,,0,0,https://mergr.com/company/20800,2026-09-04T01:03:59Z
4467,Constitution Capital Partners,Massachusetts,79921,Clarity,Software,"Madison, Connecticut, United States",2019-01-25,Secondary Buyout,2025-08-27,Divestiture,6.6,False,,0,0,https://mergr.com/company/79921,2026-09-04T01:03:59Z
4467,Constitution Capital Partners,Massachusetts,256761,Artisan Design Group,Building Materials,"Dallas, Texas, United States",2018-12-17,Secondary Buyout,2025-04-14,Divestiture,6.3,False,,16,0,https://mergr.com/company/256761,2026-09-04T01:03:59Z
4467,Constitution Capital Partners,Massachusetts,205219,KDC/ONE,Consumer Products,"Longueuil, Quebec, Canada",2018-11-07,Secondary Buyout,,,7.8,True,,11,0,https://mergr.com/company/205219,2026-09-04T01:03:59Z
4467,Constitution Capital Partners,Massachusetts,255103,Guy & O'Neill,Consumer Products,"Fredonia, Wisconsin, United States",2018-10-16,Growth Capital,2025-05-20,Divestiture,6.6,False,,1,1,https://mergr.com/company/255103,2026-09-04T01:03:59Z
4467,Constitution Capital Partners,Massachusetts,276342,WillowTree,Information Technology,"Charlottesville, Virginia, United States",2018-10-09,Growth Capital,2022-10-27,Divestiture,4,False,,2,0,https://mergr.com/company/276342,2026-09-04T01:03:59Z
4467,Constitution Capital Partners,Massachusetts,165993,Comar,Plastics,"Voorhees, New Jersey, United States",2018-06-19,Recapitalization,2025-11-04,Divestiture,7.3,False,,3,0,https://mergr.com/company/165993,2026-09-04T01:03:59Z
4467,Constitution Capital Partners,Massachusetts,278557,PureStar,Consumer Services,"Las Vegas, Nevada, United States",2018-06-01,"Buyout (LBO, MBO, MBI)",,,8.3,True,,1,0,https://mergr.com/company/278557,2026-09-04T01:03:59Z
4467,Constitution Capital Partners,Massachusetts,264230,Elara Caring,Consumer Services,"Dallas, Texas, United States",2018-04-10,"Buyout (LBO, MBO, MBI)",,,8.3,True,,5,0,https://mergr.com/company/264230,2026-09-04T01:03:59Z
4467,Constitution Capital Partners,Massachusetts,479,Airxcel,Manufacturing,"Wichita, Kansas, United States",2018-03-14,Secondary Buyout,2021-09-01,Divestiture,3.4,False,184,2,0,https://mergr.com/company/479,2026-09-04T01:03:59Z
4467,Constitution Capital Partners,Massachusetts,21036,UBC,Life Science,"King of Prussia, Pennsylvania, United States",2017-11-27,Divestiture,,,8.8,True,,3,0,https://mergr.com/company/21036,2026-09-04T01:03:59Z
4467,Constitution Capital Partners,Massachusetts,250324,Atria Wealth Solutions,Financial Services,"New York, New York, United States",2017-08-02,"Buyout (LBO, MBO, MBI)",2024-10-01,Divestiture,7.1,False,,6,0,https://mergr.com/company/250324,2026-09-04T01:03:59Z
4467,Constitution Capital Partners,Massachusetts,237480,Voyant Beauty,Consumer Products,"Hodgkins, Illinois, United States",2017-03-09,"Buyout (LBO, MBO, MBI)",,,9.4,True,,5,0,https://mergr.com/company/237480,2026-09-04T01:03:59Z
4467,Constitution Capital Partners,Massachusetts,21807,Leslie's,Retail,"Phoenix, Arizona, United States",2017-01-17,Secondary Buyout,2020-10-28,IPO,3.8,False,1242,1,0,https://mergr.com/company/21807,2026-09-04T01:03:59Z
4467,Constitution Capital Partners,Massachusetts,211706,ProAmpac,Packaging,"Cincinnati, Ohio, United States",2016-10-17,Secondary Buyout,,,9.8,True,,27,0,https://mergr.com/company/211706,2026-09-04T01:03:59Z
4467,Constitution Capital Partners,Massachusetts,218829,Chuze Fitness,Consumer Services,"San Diego, California, United States",2016-04-18,Growth Capital,,,10.3,True,,1,0,https://mergr.com/company/218829,2026-09-04T01:03:59Z
4467,Constitution Capital Partners,Massachusetts,25662,World 50,Business Services,"Atlanta, Georgia, United States",2015-12-14,Recapitalization,,,10.7,True,,0,0,https://mergr.com/company/25662,2026-09-04T01:03:59Z
4467,Constitution Capital Partners,Massachusetts,212423,Vroom,Internet Software and Services,"Fort Worth, Texas, United States",2015-07-20,Venture,2020-06-10,IPO,4.8,False,7,1,0,https://mergr.com/company/212423,2026-09-04T01:03:59Z
4467,Constitution Capital Partners,Massachusetts,228281,"Vision-Ease Lens, Inc. (Vision Ease)",Consumer Products,"Ramsey, Minnesota, United States",2014-09-18,Secondary Buyout,2015-11-04,Divestiture,1.1,False,,1,0,https://mergr.com/company/228281,2026-09-04T01:03:59Z
4467,Constitution Capital Partners,Massachusetts,203362,dscout,Internet Software and Services,"Chicago, Illinois, United States",2014-08-12,Venture,,,12,True,,1,0,https://mergr.com/company/203362,2026-09-04T01:03:59Z
4467,Constitution Capital Partners,Massachusetts,20289,Truco Enterprises LP,Food,"Dallas, Texas, United States",2014-07-07,Secondary Buyout,2020-11-12,Divestiture,6.3,False,,0,0,https://mergr.com/company/20289,2026-09-04T01:03:59Z
4467,Constitution Capital Partners,Massachusetts,98609,ALOFT AeroArchitects,Aerospace,"Georgetown, Delaware, United States",2014-06-05,Secondary Buyout,,,12.2,True,,0,0,https://mergr.com/company/98609,2026-09-04T01:03:59Z
4467,Constitution Capital Partners,Massachusetts,186111,Video Equipment Rentals,Business Services,"Glendale, California, United States",2014-01-01,"Buyout (LBO, MBO, MBI)",2018-04-05,Spin Off,4.3,False,,2,0,https://mergr.com/company/186111,2026-09-04T01:03:59Z
4467,Constitution Capital Partners,Massachusetts,864,OmniSYS,Medical Products,"Dallas, Texas, United States",2013-11-21,Secondary Buyout,2021-12-14,Divestiture,8,False,,3,0,https://mergr.com/company/864,2026-09-04T01:03:59Z
4467,Constitution Capital Partners,Massachusetts,174297,Acino,Life Science,"Zurich, Czech Republic",2013-10-02,Going Private,2021-09-16,Divestiture,7.9,False,,5,1,https://mergr.com/company/174297,2026-09-04T01:03:59Z
4467,Constitution Capital Partners,Massachusetts,55986,Telular Corp.,Information Technology,"Chicago, Illinois, United States",2013-04-29,Going Private,2018-11-01,Divestiture,5.5,False,165,0,0,https://mergr.com/company/55986,2026-09-04T01:03:59Z
4467,Constitution Capital Partners,Massachusetts,16521,Creative Circle LLC,Staffing,"Los Angeles, California, United States",2012-10-02,Secondary Buyout,2015-05-11,Divestiture,2.6,False,226,0,0,https://mergr.com/company/16521,2026-09-04T01:03:59Z
4467,Constitution Capital Partners,Massachusetts,41961,Alegeus,Information Technology,"Boston, Massachusetts, United States",2012-08-15,"Buyout (LBO, MBO, MBI)",2018-08-07,Trade Sale - Public Company,5.9,False,,0,2,https://mergr.com/company/41961,2026-09-04T01:03:59Z
4467,Constitution Capital Partners,Massachusetts,32853,Stafford Logistic,Environmental,"Walker, Louisiana, United States",2012-03-06,"Buyout (LBO, MBO, MBI)",,,14.4,True,,2,0,https://mergr.com/company/32853,2026-09-04T01:03:59Z
4467,Constitution Capital Partners,Massachusetts,184973,Circana,Information Services,"Chicago, Illinois, United States",2011-06-01,Secondary Buyout,,,15.3,True,,3,0,https://mergr.com/company/184973,2026-09-04T01:03:59Z
4467,Constitution Capital Partners,Massachusetts,21816,EmployBridge,Staffing,"Duluth, Georgia, United States",2011-05-23,Secondary Buyout,2015-02-10,Divestiture,3.7,False,,0,0,https://mergr.com/company/21816,2026-09-04T01:03:59Z
4467,Constitution Capital Partners,Massachusetts,4776,Petmate,Consumer Products,"Arlington, Texas, United States",2011-01-24,Secondary Buyout,2017-05-22,Trade Sale - Public Company,6.3,False,,2,0,https://mergr.com/company/4776,2026-09-04T01:03:59Z
4467,Constitution Capital Partners,Massachusetts,25740,"Armored AutoGroup, Inc.",Automotive,"Danbury, Connecticut, United States",2010-12-01,"Buyout (LBO, MBO, MBI)",2015-05-22,Divestiture,4.4,False,,1,0,https://mergr.com/company/25740,2026-09-04T01:03:59Z
4467,Constitution Capital Partners,Massachusetts,32006,Flagstone Foods,Food,"Minneapolis, Minnesota, United States",2010-11-15,Consolidation,2014-06-30,Divestiture,3.6,False,,2,0,https://mergr.com/company/32006,2026-09-04T01:03:59Z
4467,Constitution Capital Partners,Massachusetts,29369,Mid-Atlantic Convenience Stores LLC,Retail,"Richmond, Virginia, United States",2010-06-24,Growth Capital,2013-10-03,Divestiture,3.3,False,,0,0,https://mergr.com/company/29369,2026-09-04T01:03:59Z
4467,Constitution Capital Partners,Massachusetts,17101,Hearthside Food Solutions,Food,"Downers Grove, Illinois, United States",2009-04-13,"Buyout (LBO, MBO, MBI)",2014-06-03,Trade Sale - Public Company,5.1,False,,1,1,https://mergr.com/company/17101,2026-09-04T01:03:59Z
4467,Constitution Capital Partners,Massachusetts,13220,The Environmental Quality Co.,Environmental,"Wayne, Michigan, United States",2008-11-26,"Buyout (LBO, MBO, MBI)",2014-06-18,Divestiture,5.5,False,,1,0,https://mergr.com/company/13220,2026-09-04T01:03:59Z
4467,Constitution Capital Partners,Massachusetts,12398,Ladder Capital,Financial Services,"New York, New York, United States",2008-11-12,"Buyout (LBO, MBO, MBI)",2014-02-05,IPO,5.2,False,213,0,0,https://mergr.com/company/12398,2026-09-04T01:03:59Z
4467,Constitution Capital Partners,Massachusetts,12607,ConvaTec,Medical Products,"Reading, United Kingdom",2008-08-02,Divestiture,2016-10-31,IPO,8.2,False,1832,7,0,https://mergr.com/company/12607,2026-09-04T01:03:59Z
4467,Constitution Capital Partners,Massachusetts,15786,"Light Tower Rentals, Inc.",Energy Services and Equipment,"Odessa, Texas, United States",2008-01-10,"Buyout (LBO, MBO, MBI)",2016-10-11,Merger,8.8,False,,0,0,https://mergr.com/company/15786,2026-09-04T01:03:59Z
4467,Constitution Capital Partners,Massachusetts,13107,London Broadcasting,Media,"Addison, Texas, United States",2007-10-17,"Buyout (LBO, MBO, MBI)",,,18.8,True,,0,1,https://mergr.com/company/13107,2026-09-04T01:03:59Z
4467,Constitution Capital Partners,Massachusetts,10240,Canada Cartage,Transportation,"Mississauga, Ontario, Canada",2007-07-09,"Buyout (LBO, MBO, MBI)",2022-08-08,Trade Sale - Public Company,15,False,,6,0,https://mergr.com/company/10240,2026-09-04T01:03:59Z
4467,Constitution Capital Partners,Massachusetts,23372,WOW!,Communications,"Englewood, Colorado, United States",2005-12-14,Secondary Buyout,2015-12-11,Trade Sale - Public Company,9.9,False,631,3,1,https://mergr.com/company/23372,2026-09-04T01:03:59Z
4467,Constitution Capital Partners,Massachusetts,4136,CPI,Construction,"Dothan, Alabama, United States",2001-01-01,"Buyout (LBO, MBO, MBI)",2018-04-23,IPO,17.3,False,2812,0,0,https://mergr.com/company/4136,2026-09-04T01:03:59Z
31,Berkshire Partners,Massachusetts,288310,United Flow Technologies,Business Services,"Irving, Texas, United States",2025-12-08,Secondary Buyout,,,0.7,True,,5,0,https://mergr.com/company/288310,2026-09-04T01:03:59Z
31,Berkshire Partners,Massachusetts,319626,Mosai,Information Services,"Nashville, Tennessee, United States",2025-03-19,Secondary Buyout,,,1.4,True,,1,0,https://mergr.com/company/319626,2026-09-04T01:03:59Z
31,Berkshire Partners,Massachusetts,215637,Triumvirate Environmental,Environmental,"Somerville, Massachusetts, United States",2025-02-04,Growth Capital,,,1.6,True,,1,0,https://mergr.com/company/215637,2026-09-04T01:03:59Z
31,Berkshire Partners,Massachusetts,31553,Triumph Group,Aerospace,"Radnor, Pennsylvania, United States",2025-02-03,Going Private,,,1.6,True,1192,0,0,https://mergr.com/company/31553,2026-09-04T01:03:59Z
31,Berkshire Partners,Massachusetts,296277,Electric Power Engineers,Engineering,"Austin, Texas, United States",2025-01-07,Secondary Buyout,,,1.6,True,,1,0,https://mergr.com/company/296277,2026-09-04T01:03:59Z
31,Berkshire Partners,Massachusetts,346403,Fleet Data Centers,Information Technology,"Denver, Colorado, United States",2025-01-01,"Buyout (LBO, MBO, MBI)",,,1.7,True,,0,0,https://mergr.com/company/346403,2026-09-04T01:03:59Z
31,Berkshire Partners,Massachusetts,322567,Thompson Safety,Safety/Security,"Houston, Texas, United States",2023-04-25,Growth Capital,,,3.3,True,,6,0,https://mergr.com/company/322567,2026-09-04T01:03:59Z
31,Berkshire Partners,Massachusetts,322568,Tract,Construction,"Denver, Colorado, United States",2023-01-01,Growth Capital,,,3.7,True,,0,0,https://mergr.com/company/322568,2026-09-04T01:03:59Z
31,Berkshire Partners,Massachusetts,302601,MedOne,Information Technology,"Hod Hasharon, Israel",2022-07-18,Growth Capital,,,4.1,True,,0,0,https://mergr.com/company/302601,2026-09-04T01:03:59Z
31,Berkshire Partners,Massachusetts,301296,Harbourfront Wealth Management,Financial Services,"Vancouver, British Columbia, Canada",2022-06-14,Growth Capital,,,4.2,True,,4,0,https://mergr.com/company/301296,2026-09-04T01:03:59Z
31,Berkshire Partners,Massachusetts,286043,Ensemble Health Partners,Medical Products,"Blue Ash, Ohio, United States",2022-03-28,Growth Capital,,,4.4,True,,0,1,https://mergr.com/company/286043,2026-09-04T01:03:59Z
31,Berkshire Partners,Massachusetts,1671,Harvey Performance Co.,Machinery,"Rowley, Massachusetts, United States",2021-11-03,Secondary Buyout,,,4.8,True,,1,0,https://mergr.com/company/1671,2026-09-04T01:03:59Z
31,Berkshire Partners,Massachusetts,267022,Fast Growing Trees,E-Commerce,"Fort Mill, South Carolina, United States",2021-09-13,Secondary Buyout,,,4.9,True,,0,0,https://mergr.com/company/267022,2026-09-04T01:03:59Z
31,Berkshire Partners,Massachusetts,289594,PDQ.com,Software,"Salt Lake City, Utah, United States",2021-08-24,Growth Capital,,,5,True,,3,0,https://mergr.com/company/289594,2026-09-04T01:03:59Z
31,Berkshire Partners,Massachusetts,267963,Specialized Elevator,Business Services,"Canton, Massachusetts, United States",2021-06-03,Secondary Buyout,,,5.3,True,,1,0,https://mergr.com/company/267963,2026-09-04T01:03:59Z
31,Berkshire Partners,Massachusetts,274891,Point Broadband,Communications,"West Point, Georgia, United States",2021-04-16,Secondary Buyout,2026-01-05,Divestiture,4.7,False,,0,0,https://mergr.com/company/274891,2026-09-04T01:03:59Z
31,Berkshire Partners,Massachusetts,284045,UPSTACK,Internet Software and Services,"New York, New York, United States",2021-04-14,Growth Capital,,,5.3,True,,31,0,https://mergr.com/company/284045,2026-09-04T01:03:59Z
31,Berkshire Partners,Massachusetts,283827,Mielle Organics,Consumer Products,"Merrillville, Indiana, United States",2021-04-08,Growth Capital,2023-01-12,Divestiture,1.8,False,,0,0,https://mergr.com/company/283827,2026-09-04T01:03:59Z
31,Berkshire Partners,Massachusetts,250129,Opensignal,Software,"Boston, Massachusetts, United States",2021-04-06,Secondary Buyout,,,5.3,True,,2,0,https://mergr.com/company/250129,2026-09-04T01:03:59Z
31,Berkshire Partners,Massachusetts,191732,NCS,Consumer Services,"Grimes, Iowa, United States",2021-01-05,Recapitalization,,,5.6,True,,3,0,https://mergr.com/company/191732,2026-09-04T01:03:59Z
31,Berkshire Partners,Massachusetts,13846,FoodChain ID,Test/Measurement Equipment,"Fairfield, Iowa, United States",2020-12-09,Recapitalization,,,5.7,True,,2,0,https://mergr.com/company/13846,2026-09-04T01:03:59Z
31,Berkshire Partners,Massachusetts,277360,Vital Care,Franchising,"Brentwood, Tennessee, United States",2020-10-19,Growth Capital,2026-01-12,Trade Sale - Public Company,5.2,False,,0,0,https://mergr.com/company/277360,2026-09-04T01:03:59Z
31,Berkshire Partners,Massachusetts,260718,EP Wealth Advisors,Business Services,"Torrance, California, United States",2020-09-30,Stake Purchase,,,5.9,True,,23,0,https://mergr.com/company/260718,2026-09-04T01:03:59Z
31,Berkshire Partners,Massachusetts,322572,El Dorado Foods,Food,"Boston, Massachusetts, United States",2020-09-09,Consolidation,,,5.9,True,,0,0,https://mergr.com/company/322572,2026-09-04T01:03:59Z
31,Berkshire Partners,Massachusetts,265133,AHEAD,Information Technology,"Chicago, Illinois, United States",2020-09-02,Secondary Buyout,,,6,True,,6,0,https://mergr.com/company/265133,2026-09-04T01:03:59Z
31,Berkshire Partners,Massachusetts,180927,Vet Strategy,Healthcare Services,"Woodbridge, Ontario, Canada",2020-07-31,Secondary Buyout,2021-09-09,Spin Off,1.1,False,,0,0,https://mergr.com/company/180927,2026-09-04T01:03:59Z
31,Berkshire Partners,Massachusetts,274500,CrossFit,Healthcare Services,"Prescott, Arizona, United States",2020-07-24,"Buyout (LBO, MBO, MBI)",,,6.1,True,,0,0,https://mergr.com/company/274500,2026-09-04T01:03:59Z
31,Berkshire Partners,Massachusetts,22969,CPP,Aerospace,"Cleveland, Ohio, United States",2019-06-14,Recapitalization,,,7.2,True,,0,0,https://mergr.com/company/22969,2026-09-04T01:03:59Z
31,Berkshire Partners,Massachusetts,29804,IVC Evidensia,Consumer Services,"Bristol , United Kingdom",2019-04-08,Add-on Acquisition,,,7.3,True,,2,0,https://mergr.com/company/29804,2026-09-04T01:03:59Z
31,Berkshire Partners,Massachusetts,272290,RJW Logistics Group,Transportation,"Woodridge, Illinois, United States",2019-03-07,"Buyout (LBO, MBO, MBI)",,,7.4,True,,0,0,https://mergr.com/company/272290,2026-09-04T01:03:59Z
31,Berkshire Partners,Massachusetts,18013,Teraco,Information Technology,"Johannesburg, South Africa",2019-01-25,Secondary Buyout,2022-01-03,Sold to Management,2.9,False,,0,0,https://mergr.com/company/18013,2026-09-04T01:03:59Z
31,Berkshire Partners,Massachusetts,272690,Vapor IO,Information Technology,"Austin, Texas, United States",2018-09-05,Growth Capital,2024-01-01,Unknown,5.3,False,,0,0,https://mergr.com/company/272690,2026-09-04T01:03:59Z
31,Berkshire Partners,Massachusetts,246559,Precision Medicine Group,Life Science,"Bethesda, Maryland, United States",2017-12-21,Secondary Buyout,2026-08-25,Divestiture,8.7,False,,3,0,https://mergr.com/company/246559,2026-09-04T01:03:59Z
31,Berkshire Partners,Massachusetts,133817,Accela,Internet Software and Services,"San Ramon, California, United States",2017-09-29,Secondary Buyout,,,8.9,True,,4,2,https://mergr.com/company/133817,2026-09-04T01:03:59Z
31,Berkshire Partners,Massachusetts,272688,Curriculum Associates,Education,"North Billerica, Massachusetts, United States",2017-09-14,Growth Capital,,,8.9,True,,3,0,https://mergr.com/company/272688,2026-09-04T01:03:59Z
31,Berkshire Partners,Massachusetts,306476,TowerNorth,Communications,"W Bridgewater, Massachusetts, United States",2017-01-01,Stake Purchase,,,9.7,True,,0,0,https://mergr.com/company/306476,2026-09-04T01:03:59Z
31,Berkshire Partners,Massachusetts,70210,Kendra Scott,Retail,"Austin, Texas, United States",2016-12-21,Growth Capital,,,9.7,True,,0,0,https://mergr.com/company/70210,2026-09-04T01:03:59Z
31,Berkshire Partners,Massachusetts,90921,Thrive Operations,Information Technology,"Foxborough, Massachusetts, United States",2016-12-07,Divestiture,,,9.7,True,,20,0,https://mergr.com/company/90921,2026-09-04T01:03:59Z
31,Berkshire Partners,Massachusetts,3118,Masergy,Information Technology,"Plano, Texas, United States",2016-10-24,Secondary Buyout,2021-08-25,Divestiture,4.8,False,,0,0,https://mergr.com/company/3118,2026-09-04T01:03:59Z
31,Berkshire Partners,Massachusetts,76369,Parts Town,Distribution,"Addison, Illinois, United States",2016-06-30,Recapitalization,2023-11-03,Merger,7.3,False,,6,0,https://mergr.com/company/76369,2026-09-04T01:03:59Z
31,Berkshire Partners,Massachusetts,243102,PurFoods,Food,"Ankeny, Iowa, United States",2016-05-02,Growth Capital,,,10.3,True,,0,0,https://mergr.com/company/243102,2026-09-04T01:03:59Z
31,Berkshire Partners,Massachusetts,12845,Affordable Care,Healthcare Services,"Morrisville, North Carolina, United States",2015-10-22,Secondary Buyout,,,10.8,True,,0,0,https://mergr.com/company/12845,2026-09-04T01:03:59Z
31,Berkshire Partners,Massachusetts,272423,Tango Analytics,Software,"Dallas, Texas, United States",2015-07-14,Growth Capital,,,11.1,True,,2,0,https://mergr.com/company/272423,2026-09-04T01:03:59Z
31,Berkshire Partners,Massachusetts,1464,Implus,Apparel/Textiles,"Durham, North Carolina, United States",2015-04-30,Secondary Buyout,2025-01-01,Unknown,9.7,False,,7,0,https://mergr.com/company/1464,2026-09-04T01:03:59Z
31,Berkshire Partners,Massachusetts,74129,Rockport,Apparel/Textiles,"Canton, Massachusetts, United States",2015-01-23,Divestiture,2018-05-14,Bankruptcy,3.3,False,,0,0,https://mergr.com/company/74129,2026-09-04T01:03:59Z
31,Berkshire Partners,Massachusetts,198335,PT Sarana Menara Nusantara,Communications,"Kudus, Indonesia",2015-01-01,PIPE,,,11.7,True,1274,1,0,https://mergr.com/company/198335,2026-09-04T01:03:59Z
31,Berkshire Partners,Massachusetts,7057,Access,Business Services,"Peabody, Massachusetts, United States",2014-10-21,Recapitalization,,,11.8,True,,45,0,https://mergr.com/company/7057,2026-09-04T01:03:59Z
31,Berkshire Partners,Massachusetts,176413,Portillo’s,Restaurants,"Oak Brook, Illinois, United States",2014-07-01,Growth Capital,2021-10-20,IPO,7.3,False,711,0,0,https://mergr.com/company/176413,2026-09-04T01:03:59Z
31,Berkshire Partners,Massachusetts,176414,Opening Ceremony LLC,Retail,"New York, New York, United States",2014-04-22,Growth Capital,2019-01-01,Recapitalization,4.7,False,,0,0,https://mergr.com/company/176414,2026-09-04T01:03:59Z
31,Berkshire Partners,Massachusetts,25196,"Catalina Marketing, Inc.",Marketing,"St. Petersburg, Florida, United States",2014-03-03,Recapitalization,2018-12-12,Bankruptcy,4.8,False,,1,0,https://mergr.com/company/25196,2026-09-04T01:03:59Z
31,Berkshire Partners,Massachusetts,9175,Lightower Fiber Networks LLC,Communications,"Boxborough, Massachusetts, United States",2013-04-11,Recapitalization,2017-07-18,Divestiture,4.3,False,,5,0,https://mergr.com/company/9175,2026-09-04T01:03:59Z
31,Berkshire Partners,Massachusetts,15987,SRS Distribution,Distribution,"McKinney, Texas, United States",2013-02-28,Recapitalization,2018-04-24,Trade Sale - Public Company,5.1,False,,22,0,https://mergr.com/company/15987,2026-09-04T01:03:59Z
31,Berkshire Partners,Massachusetts,49918,Torres Unidas Management Co.,Communications,"Bogota, Colombia",2012-12-21,Growth Capital,2017-12-14,Divestiture,4.9,False,,0,0,https://mergr.com/company/49918,2026-09-04T01:03:59Z
31,Berkshire Partners,Massachusetts,54938,U.S. Anesthesia Partners,Healthcare Services,"Austin, Texas, United States",2012-12-17,"Buyout (LBO, MBO, MBI)",,,13.7,True,,1,0,https://mergr.com/company/54938,2026-09-04T01:03:59Z
31,Berkshire Partners,Massachusetts,49910,"Farm Boy, Inc.",Retail,"Ottawa, Ontario, Canada",2012-11-13,Recapitalization,2018-09-24,Divestiture,5.8,False,,0,0,https://mergr.com/company/49910,2026-09-04T01:03:59Z
31,Berkshire Partners,Massachusetts,1817,"The Telx Group, Inc.",Information Technology,"New York City, New York, United States",2011-09-27,Secondary Buyout,2015-07-14,Divestiture,3.8,False,,0,0,https://mergr.com/company/1817,2026-09-04T01:03:59Z
31,Berkshire Partners,Massachusetts,171137,Husky,Machinery,"Bolton, Ontario, Canada",2011-05-03,Secondary Buyout,2017-12-18,Trade Sale - Public Company,6.6,False,,1,1,https://mergr.com/company/171137,2026-09-04T01:03:59Z
31,Berkshire Partners,Massachusetts,31173,Engineering Solutions & Products LLC,Aerospace,"Chantilly, Virginia, United States",2011-04-21,Recapitalization,2013-01-01,Unknown,1.7,False,,0,0,https://mergr.com/company/31173,2026-09-04T01:03:59Z
31,Berkshire Partners,Massachusetts,25273,Coty,Consumer Products,"New York, New York, United States",2011-01-11,Growth Capital,2013-06-13,IPO,2.4,False,5893,0,0,https://mergr.com/company/25273,2026-09-04T01:03:59Z
31,Berkshire Partners,Massachusetts,25274,Melissa & Doug,Consumer Products,"Wilton, Connecticut, United States",2010-12-21,Recapitalization,2017-06-22,Trade Sale - Public Company,6.5,False,,0,0,https://mergr.com/company/25274,2026-09-04T01:03:59Z
31,Berkshire Partners,Massachusetts,25351,Skillsoft,Internet Software and Services,"Nashua, New Hampshire, United States",2010-05-26,Going Private,2014-04-28,Trade Sale - Public Company,3.9,False,531,1,0,https://mergr.com/company/25351,2026-09-04T01:03:59Z
31,Berkshire Partners,Massachusetts,17686,Grocery Outlet,Retail,"Emeryville, California, United States",2009-10-13,Recapitalization,2014-09-17,Trade Sale - Public Company,4.9,False,4689,0,0,https://mergr.com/company/17686,2026-09-04T01:03:59Z
31,Berkshire Partners,Massachusetts,21036,UBC,Life Science,"King of Prussia, Pennsylvania, United States",2009-10-08,Growth Capital,2010-09-17,Divestiture,0.9,False,,0,0,https://mergr.com/company/21036,2026-09-04T01:03:59Z
31,Berkshire Partners,Massachusetts,17687,Tower Development Corp.,Communications,"Boston, Massachusetts, United States",2009-01-01,Growth Capital,2016-04-08,Divestiture,7.3,False,,0,0,https://mergr.com/company/17687,2026-09-04T01:03:59Z
31,Berkshire Partners,Massachusetts,319,AmSafe,Safety/Security,"Phoenix, Arizona, United States",2007-10-29,Secondary Buyout,2012-02-15,Divestiture,4.3,False,,0,0,https://mergr.com/company/319,2026-09-04T01:03:59Z
31,Berkshire Partners,Massachusetts,327,HMT,Energy Services and Equipment,"The Woodlands, Texas, United States",2007-05-10,Secondary Buyout,2017-12-15,Trade Sale - Public Company,10.6,False,,0,0,https://mergr.com/company/327,2026-09-04T01:03:59Z
31,Berkshire Partners,Massachusetts,611,Masterplan,Medical Products,"Chatsworth, California, United States",2007-02-05,Secondary Buyout,2012-03-20,Divestiture,5.1,False,,0,0,https://mergr.com/company/611,2026-09-04T01:03:59Z
31,Berkshire Partners,Massachusetts,1618,Asurion,Information Technology,"Nashville, Tennessee, United States",2006-08-08,Recapitalization,2016-06-13,Trade Sale - Public Company,9.8,False,,2,0,https://mergr.com/company/1618,2026-09-04T01:03:59Z
31,Berkshire Partners,Massachusetts,332,Vi-Jon Laboratories,Consumer Products,"St. Louis, Missouri, United States",2006-07-19,Recapitalization,2020-01-01,Recapitalization,13.4,False,,0,0,https://mergr.com/company/332,2026-09-04T01:03:59Z
31,Berkshire Partners,Massachusetts,324,Citizens of Humanity,Apparel/Textiles,"Huntington Park, California, United States",2006-02-01,Recapitalization,2017-10-03,Sold to Management,11.7,False,,0,0,https://mergr.com/company/324,2026-09-04T01:03:59Z
31,Berkshire Partners,Massachusetts,321,Aritzia,Retail,"Vancouver, British Columbia, Canada",2005-12-20,Recapitalization,2016-10-01,IPO,10.8,False,2814,0,0,https://mergr.com/company/321,2026-09-04T01:03:59Z
31,Berkshire Partners,Massachusetts,199746,"Bare Escentuals Beauty, Inc.",Consumer Products,"San Francisco, California, United States",2005-10-10,Recapitalization,2005-10-10,Merger,0,False,,0,0,https://mergr.com/company/199746,2026-09-04T01:03:59Z
31,Berkshire Partners,Massachusetts,331,Party City,Consumer Products,"Woodcliff Lake, New Jersey, United States",2005-09-27,Going Private,2012-06-05,Merger,6.7,False,2171,1,0,https://mergr.com/company/331,2026-09-04T01:03:59Z
31,Berkshire Partners,Massachusetts,329,National Vision,Retail,"Duluth, Georgia, United States",2005-09-09,Going Private,2014-02-07,Trade Sale - Public Company,8.3,False,1987,1,0,https://mergr.com/company/329,2026-09-04T01:03:59Z
31,Berkshire Partners,Massachusetts,6945,ATD,Distribution,"Huntersville, North Carolina, United States",2005-02-08,Secondary Buyout,2010-04-21,Trade Sale - Public Company,5.2,False,2170,1,0,https://mergr.com/company/6945,2026-09-04T01:03:59Z
31,Berkshire Partners,Massachusetts,6944,Electro-Motive Diesel,Transportation,"Lagrange, Illinois, United States",2005-01-12,Divestiture,2010-06-01,Divestiture,5.3,False,1800,0,0,https://mergr.com/company/6944,2026-09-04T01:03:59Z
31,Berkshire Partners,Massachusetts,333,Waterworks,Building Materials,"Danbury, Connecticut, United States",2005-01-01,"Buyout (LBO, MBO, MBI)",2009-01-01,Recapitalization,4,False,,0,0,https://mergr.com/company/333,2026-09-04T01:03:59Z
31,Berkshire Partners,Massachusetts,199746,"Bare Escentuals Beauty, Inc.",Consumer Products,"San Francisco, California, United States",2004-06-01,Recapitalization,2005-10-10,Merger,1.3,False,,0,0,https://mergr.com/company/199746,2026-09-04T01:03:59Z
31,Berkshire Partners,Massachusetts,4106,BHI Energy,Business Services,"Weymouth, Massachusetts, United States",2004-02-11,Recapitalization,2010-11-29,Trade Sale - Public Company,6.8,False,,0,0,https://mergr.com/company/4106,2026-09-04T01:03:59Z
31,Berkshire Partners,Massachusetts,17692,Avery Weigh-Tronix LLC,Test/Measurement Equipment,"Fairmont, Minnesota, United States",2003-09-01,Consolidation,2006-07-01,Trade Sale - Public Company,2.8,False,,0,0,https://mergr.com/company/17692,2026-09-04T01:03:59Z
31,Berkshire Partners,Massachusetts,17690,Acosta,Marketing,"Jacksonville, Florida, United States",2003-01-27,"Buyout (LBO, MBO, MBI)",2006-06-09,Trade Sale - Public Company,3.3,False,,0,0,https://mergr.com/company/17690,2026-09-04T01:03:59Z
31,Berkshire Partners,Massachusetts,6947,Hexcel,Manufacturing,"Stamford, Connecticut, United States",2002-12-08,PIPE,,,23.7,True,1894,1,0,https://mergr.com/company/6947,2026-09-04T01:03:59Z
31,Berkshire Partners,Massachusetts,317,ADS,Building Materials,"Hilliard, Ohio, United States",2002-01-01,Recapitalization,2010-09-28,Trade Sale - Public Company,8.7,False,2904,5,0,https://mergr.com/company/317,2026-09-04T01:03:59Z
31,Berkshire Partners,Massachusetts,23142,Carter’s,Apparel/Textiles,"Atlanta, Georgia, United States",2001-07-17,Secondary Buyout,2003-10-24,IPO,2.3,False,2898,0,0,https://mergr.com/company/23142,2026-09-04T01:03:59Z
31,Berkshire Partners,Massachusetts,6948,"Active Aero Group Holdings, Inc.",Transportation,"Belleville, Michigan, United States",2000-07-05,"Buyout (LBO, MBO, MBI)",2011-05-24,Trade Sale - Public Company,10.8,False,265,0,0,https://mergr.com/company/6948,2026-09-04T01:03:59Z
31,Berkshire Partners,Massachusetts,17785,Casella,Environmental,"Rutland, Vermont, United States",2000-06-28,PIPE,,,26.2,True,1837,13,1,https://mergr.com/company/17785,2026-09-04T01:03:59Z
31,Berkshire Partners,Massachusetts,17722,US Can Corp.,Manufacturing,"Lombard, Illinois, United States",2000-06-19,Going Private,2006-02-15,Divestiture,5.6,False,,0,0,https://mergr.com/company/17722,2026-09-04T01:03:59Z
31,Berkshire Partners,Massachusetts,1614,Savers,Retail,"Bellevue, Washington, United States",2000-05-01,Recapitalization,2006-07-06,Trade Sale - Public Company,6.2,False,,0,0,https://mergr.com/company/1614,2026-09-04T01:03:59Z
31,Berkshire Partners,Massachusetts,17702,"FSB Global Holdings, Inc. - Fresh Start Bakeries",Food,"Brea, California, United States",1999-04-09,Divestiture,2006-06-01,Trade Sale - Public Company,7.1,False,,0,0,https://mergr.com/company/17702,2026-09-04T01:03:59Z
31,Berkshire Partners,Massachusetts,17710,Miami Cruiselines,Business Services,"Florida, United States",1998-10-08,Divestiture,2000-01-25,Divestiture,1.3,False,,0,0,https://mergr.com/company/17710,2026-09-04T01:03:59Z
31,Berkshire Partners,Massachusetts,17718,"Sterling Collision Centers, Inc.",Automotive,"Tustin, California, United States",1998-07-31,Growth Capital,2001-05-08,Divestiture,2.8,False,,0,0,https://mergr.com/company/17718,2026-09-04T01:03:59Z
31,Berkshire Partners,Massachusetts,17706,"The Holmes Group, Inc.",Manufacturing,"Milford, Massachusetts, United States",1997-11-01,Recapitalization,2005-07-18,Divestiture,7.7,False,,0,0,https://mergr.com/company/17706,2026-09-04T01:03:59Z
31,Berkshire Partners,Massachusetts,17697,Charrette LLC,Consumer Products,"Woburn, Massachusetts, United States",1997-07-23,"Buyout (LBO, MBO, MBI)",1999-05-06,Trade Sale,1.8,False,,0,0,https://mergr.com/company/17697,2026-09-04T01:03:59Z
31,Berkshire Partners,Massachusetts,31251,WordWave,Information Services,"Boston, Massachusetts, United States",1997-01-01,Growth Capital,2005-11-21,Divestiture,8.8,False,,0,0,https://mergr.com/company/31251,2026-09-04T01:03:59Z
31,Berkshire Partners,Massachusetts,24287,Crown Castle,Communications,"Houston, Texas, United States",1997-01-01,Stake Purchase,2000-01-01,IPO,3,False,4264,0,0,https://mergr.com/company/24287,2026-09-04T01:03:59Z
31,Berkshire Partners,Massachusetts,17719,"Thomas Built Buses, Inc.",Manufacturing,"High Point, North Carolina, United States",1996-05-01,Recapitalization,1998-10-07,Divestiture,2.4,False,,0,0,https://mergr.com/company/17719,2026-09-04T01:03:59Z
31,Berkshire Partners,Massachusetts,176419,DB Schenker Rail (UK) Ltd.,Transportation,"Doncaster, United Kingdom",1996-01-01,Stake Purchase,2007-11-01,Divestiture,11.8,False,,0,0,https://mergr.com/company/176419,2026-09-04T01:03:59Z
31,Berkshire Partners,Massachusetts,17700,English Welsh & Scottish Railway,Business Services,United Kingdom,1996-01-01,Stake Purchase,2007-01-01,Trade Sale,11,False,,0,0,https://mergr.com/company/17700,2026-09-04T01:03:59Z
31,Berkshire Partners,Massachusetts,17713,"Patterson Broadcasting, Inc.",Media,"Fresno, California, United States",1996-01-01,Growth Capital,1998-01-29,Trade Sale,2,False,,0,0,https://mergr.com/company/17713,2026-09-04T01:03:59Z
31,Berkshire Partners,Massachusetts,105369,"The Profit Recovery Group International, Inc.",Business Services,United States,1995-05-01,Stake Purchase,,,31.3,True,,0,1,https://mergr.com/company/105369,2026-09-04T01:03:59Z
1326,Great Hill Partners,Massachusetts,278979,MPLC,Media,"Eastbourne, United Kingdom",2025-11-18,Secondary Buyout,,,0.8,True,,0,0,https://mergr.com/company/278979,2026-09-04T01:03:59Z
1326,Great Hill Partners,Massachusetts,296843,Blue Cloud PSC,Healthcare Services,"The Woodlands, Texas, United States",2025-08-13,Secondary Buyout,,,1,True,,0,0,https://mergr.com/company/296843,2026-09-04T01:03:59Z
1326,Great Hill Partners,Massachusetts,348214,Peter Park,Information Technology,"Munich, Germany",2025-06-03,"Buyout (LBO, MBO, MBI)",,,1.3,True,,0,0,https://mergr.com/company/348214,2026-09-04T01:03:59Z
1326,Great Hill Partners,Massachusetts,13268,Vision Government Solutions,Software,"Hudson, Massachusetts, United States",2025-05-05,Recapitalization,,,1.3,True,,0,0,https://mergr.com/company/13268,2026-09-04T01:03:59Z
1326,Great Hill Partners,Massachusetts,348194,Mission Wealth,Financial Services,"Santa Barbara, California, United States",2025-05-01,Growth Capital,,,1.3,True,,0,0,https://mergr.com/company/348194,2026-09-04T01:03:59Z
1326,Great Hill Partners,Massachusetts,137565,Intuitive Health,Healthcare Services,"Plano, Texas, United States",2024-11-25,Secondary Buyout,,,1.8,True,,0,0,https://mergr.com/company/137565,2026-09-04T01:03:59Z
1326,Great Hill Partners,Massachusetts,328472,Vivup,Information Technology,"Farnham, United Kingdom",2024-03-15,"Buyout (LBO, MBO, MBI)",,,2.4,True,,1,0,https://mergr.com/company/328472,2026-09-04T01:03:59Z
1326,Great Hill Partners,Massachusetts,228970,Ren,Information Technology,"Indianapolis, Indiana, United States",2023-07-26,Growth Capital,,,3.1,True,,0,0,https://mergr.com/company/228970,2026-09-04T01:03:59Z
1326,Great Hill Partners,Massachusetts,310281,Woof Gang Bakery & Grooming,Franchising,"Orlando, Florida, United States",2022-06-16,Growth Capital,,,4.2,True,,0,0,https://mergr.com/company/310281,2026-09-04T01:03:59Z
1326,Great Hill Partners,Massachusetts,196099,Prodege,Internet Software and Services,"El Segundo, California, United States",2021-11-15,"Buyout (LBO, MBO, MBI)",,,4.8,True,,3,0,https://mergr.com/company/196099,2026-09-04T01:03:59Z
1326,Great Hill Partners,Massachusetts,276675,Blue Ridge,Information Technology,"Johns Creek, Georgia, United States",2021-09-21,Secondary Buyout,,,4.9,True,,0,0,https://mergr.com/company/276675,2026-09-04T01:03:59Z
1326,Great Hill Partners,Massachusetts,288490,RetireeFirst,Business Services,"Mount Laurel, New Jersey, United States",2021-07-29,Recapitalization,,,5.1,True,,0,0,https://mergr.com/company/288490,2026-09-04T01:03:59Z
1326,Great Hill Partners,Massachusetts,254959,Auvik,Internet Software and Services,"Thornhill, Ontario, Canada",2021-07-15,Growth Capital,,,5.1,True,,3,1,https://mergr.com/company/254959,2026-09-04T01:03:59Z
1326,Great Hill Partners,Massachusetts,247241,Enumerate,Software,"Clearwater, Florida, United States",2021-07-01,Growth Capital,,,5.2,True,,0,0,https://mergr.com/company/247241,2026-09-04T01:03:59Z
1326,Great Hill Partners,Massachusetts,219862,Jumio,Internet Software and Services,"Sunnyvale, California, United States",2021-03-23,Secondary Buyout,,,5.4,True,,1,0,https://mergr.com/company/219862,2026-09-04T01:03:59Z
1326,Great Hill Partners,Massachusetts,281695,Notonthehighstreet,E-Commerce,"Surrey, United Kingdom",2021-02-09,Secondary Buyout,,,5.5,True,,0,0,https://mergr.com/company/281695,2026-09-04T01:03:59Z
1326,Great Hill Partners,Massachusetts,328463,BigChange,Information Technology,"Leeds, United Kingdom",2021-02-04,Growth Capital,2024-10-25,Divestiture,3.7,False,,0,0,https://mergr.com/company/328463,2026-09-04T01:03:59Z
1326,Great Hill Partners,Massachusetts,279614,Meazure Learning,Software,"McLean, Virginia, United States",2020-12-22,"Buyout (LBO, MBO, MBI)",,,5.7,True,,2,0,https://mergr.com/company/279614,2026-09-04T01:03:59Z
1326,Great Hill Partners,Massachusetts,40985,Storyblocks,Digital Media,"Arlington, Virginia, United States",2020-06-25,Secondary Buyout,,,6.2,True,,0,0,https://mergr.com/company/40985,2026-09-04T01:03:59Z
1326,Great Hill Partners,Massachusetts,178820,One,Information Technology,"Folsom, California, United States",2020-02-20,Recapitalization,,,6.5,True,,1,0,https://mergr.com/company/178820,2026-09-04T01:03:59Z
1326,Great Hill Partners,Massachusetts,267329,VersaPay,Internet Software and Services,"San Francisco, California, United States",2019-12-13,"Buyout (LBO, MBO, MBI)",,,6.7,True,,1,0,https://mergr.com/company/267329,2026-09-04T01:03:59Z
1326,Great Hill Partners,Massachusetts,18303,Varicent,Internet Software and Services,"Toronto, Ontario, Canada",2019-11-25,Divestiture,,,6.8,True,,2,0,https://mergr.com/company/18303,2026-09-04T01:03:59Z
1326,Great Hill Partners,Massachusetts,273651,Pareto Health,Business Services,"Philadelphia, Pennsylvania, United States",2019-09-04,Recapitalization,,,7,True,,0,0,https://mergr.com/company/273651,2026-09-04T01:03:59Z
1326,Great Hill Partners,Massachusetts,313905,ParetoHealth,Business Services,"Philadelphia, Pennsylvania, United States",2019-09-04,Recapitalization,,,7,True,,0,0,https://mergr.com/company/313905,2026-09-04T01:03:59Z
1326,Great Hill Partners,Massachusetts,272745,eloomi,Internet Software and Services,"Copenhagen, Denmark",2019-07-31,Venture,2024-01-18,Divestiture,4.4,False,,0,0,https://mergr.com/company/272745,2026-09-04T01:03:59Z
1326,Great Hill Partners,Massachusetts,4622,EnterpriseDB,Internet Software and Services,"Bedford, Massachusetts, United States",2019-06-26,Secondary Buyout,,,7.2,True,,2,0,https://mergr.com/company/4622,2026-09-04T01:03:59Z
1326,Great Hill Partners,Massachusetts,260981,TodayTix,Internet Software and Services,"New York, New York, United States",2019-05-16,Growth Capital,2025-10-20,Divestiture,6.4,False,,1,0,https://mergr.com/company/260981,2026-09-04T01:03:59Z
1326,Great Hill Partners,Massachusetts,280822,Examity,Internet Software and Services,"Newton, Massachusetts, United States",2019-04-30,Growth Capital,2023-09-06,Divestiture,4.3,False,,0,0,https://mergr.com/company/280822,2026-09-04T01:03:59Z
1326,Great Hill Partners,Massachusetts,259845,G/O Media,Digital Media,"New York, New York, United States",2019-04-08,Divestiture,2025-07-02,Shut Down,6.2,False,,1,1,https://mergr.com/company/259845,2026-09-04T01:03:59Z
1326,Great Hill Partners,Massachusetts,280820,Custom Ink,E-Commerce,"Fairfax, Virginia, United States",2019-04-04,Recapitalization,,,7.4,True,,1,0,https://mergr.com/company/280820,2026-09-04T01:03:59Z
1326,Great Hill Partners,Massachusetts,259470,Clearwave,Information Technology,"Atlanta, Georgia, United States",2019-03-26,Growth Capital,,,7.4,True,,0,0,https://mergr.com/company/259470,2026-09-04T01:03:59Z
1326,Great Hill Partners,Massachusetts,255179,Charms,Internet Software and Services,"Garland, Texas, United States",2018-10-18,"Buyout (LBO, MBO, MBI)",2018-12-01,Divestiture,0.1,False,,0,0,https://mergr.com/company/255179,2026-09-04T01:03:59Z
1326,Great Hill Partners,Massachusetts,28572,Ikon Science,Software,"London, United Kingdom",2018-10-16,Secondary Buyout,2025-02-12,Divestiture,6.3,False,,1,0,https://mergr.com/company/28572,2026-09-04T01:03:59Z
1326,Great Hill Partners,Massachusetts,280821,Bombas,Apparel/Textiles,"New York, New York, United States",2018-06-08,Recapitalization,,,8.2,True,,0,0,https://mergr.com/company/280821,2026-09-04T01:03:59Z
1326,Great Hill Partners,Massachusetts,250011,Connexeo,Internet Software and Services,"Bloomington, Minnesota, United States",2018-04-09,Growth Capital,2018-10-17,Spin Off,0.5,False,,0,0,https://mergr.com/company/250011,2026-09-04T01:03:59Z
1326,Great Hill Partners,Massachusetts,249885,Vatica Health,Information Technology,"St. Louis Park, Minnesota, United States",2018-04-03,Recapitalization,2023-09-25,Trade Sale - Public Company,5.4,False,,1,0,https://mergr.com/company/249885,2026-09-04T01:03:59Z
1326,Great Hill Partners,Massachusetts,247794,Paytronix,Internet Software and Services,"Newton, Massachusetts, United States",2018-01-22,Growth Capital,2024-11-01,Divestiture,6.8,False,,1,0,https://mergr.com/company/247794,2026-09-04T01:03:59Z
1326,Great Hill Partners,Massachusetts,245761,Mission,Internet Software and Services,"Los Angeles, California, United States",2017-11-27,Growth Capital,2024-12-02,Divestiture,7,False,,1,0,https://mergr.com/company/245761,2026-09-04T01:03:59Z
1326,Great Hill Partners,Massachusetts,91549,NMI,Information Technology,"Schaumburg, Illinois, United States",2017-09-07,Secondary Buyout,,,8.9,True,,7,0,https://mergr.com/company/91549,2026-09-04T01:03:59Z
1326,Great Hill Partners,Massachusetts,9535,ZoomInfo,Information Services,"Vancouver, Washington, United States",2017-08-14,"Buyout (LBO, MBO, MBI)",2019-02-04,Divestiture,1.4,False,293,1,0,https://mergr.com/company/9535,2026-09-04T01:03:59Z
1326,Great Hill Partners,Massachusetts,242432,"Sugarfina, Inc.",Consumer Products,"Los Angeles, California, United States",2017-08-03,Growth Capital,2019-09-09,Bankruptcy,2.1,False,,0,0,https://mergr.com/company/242432,2026-09-04T01:03:59Z
1326,Great Hill Partners,Massachusetts,109733,Quantum Health,Healthcare Services,"Dublin, Ohio, United States",2017-06-14,Recapitalization,,,9.2,True,,2,0,https://mergr.com/company/109733,2026-09-04T01:03:59Z
1326,Great Hill Partners,Massachusetts,220999,Fusion Risk Management,Internet Software and Services,"Chicago, Illinois, United States",2017-06-13,Venture,,,9.2,True,,0,0,https://mergr.com/company/220999,2026-09-04T01:03:59Z
1326,Great Hill Partners,Massachusetts,240275,RealReal,E-Commerce,"San Francisco, California, United States",2017-06-06,Growth Capital,2019-06-28,IPO,2,False,693,0,0,https://mergr.com/company/240275,2026-09-04T01:03:59Z
1326,Great Hill Partners,Massachusetts,12150,PartsSource,Software,"Aurora, Ohio, United States",2017-05-23,Secondary Buyout,2021-07-20,Trade Sale - Public Company,4.1,False,,0,0,https://mergr.com/company/12150,2026-09-04T01:03:59Z
1326,Great Hill Partners,Massachusetts,213788,RxBenefits,Information Technology,"Birmingham, Alabama, United States",2016-01-12,Recapitalization,,,10.6,True,,1,0,https://mergr.com/company/213788,2026-09-04T01:03:59Z
1326,Great Hill Partners,Massachusetts,206489,8am,Internet Software and Services,"Austin, Texas, United States",2015-09-30,Growth Capital,2020-02-25,Sold to Management,4.3,False,,0,0,https://mergr.com/company/206489,2026-09-04T01:03:59Z
1326,Great Hill Partners,Massachusetts,179269,PlanSource,Internet Software and Services,"Orlando, Florida, United States",2015-08-24,Growth Capital,2019-03-25,Trade Sale - Public Company,3.6,False,,1,0,https://mergr.com/company/179269,2026-09-04T01:03:59Z
1326,Great Hill Partners,Massachusetts,207513,Evolve IP,Internet Software and Services,"King of Prussia, Pennsylvania, United States",2015-08-18,Growth Capital,2024-10-31,Spin Off,9.2,False,,8,0,https://mergr.com/company/207513,2026-09-04T01:03:59Z
1326,Great Hill Partners,Massachusetts,26634,Reward Gateway,Internet Software and Services,"London, United Kingdom",2015-07-29,Secondary Buyout,2021-05-04,Trade Sale - Public Company,5.8,False,291,3,0,https://mergr.com/company/26634,2026-09-04T01:03:59Z
1326,Great Hill Partners,Massachusetts,280824,PuppySpot,E-Commerce,"Jersey City, Florida, United States",2015-06-01,Growth Capital,,,11.3,True,,0,0,https://mergr.com/company/280824,2026-09-04T01:03:59Z
1326,Great Hill Partners,Massachusetts,137549,Momondo Group Ltd.,Internet Software and Services,"London, United Kingdom",2014-10-17,Recapitalization,2017-02-07,Divestiture,2.3,False,,0,0,https://mergr.com/company/137549,2026-09-04T01:03:59Z
1326,Great Hill Partners,Massachusetts,111033,Qualifacts,Internet Software and Services,"Nashville, Tennessee, United States",2014-07-29,Growth Capital,2019-09-20,Trade Sale - Public Company,5.1,False,,0,0,https://mergr.com/company/111033,2026-09-04T01:03:59Z
1326,Great Hill Partners,Massachusetts,111073,"YogaWorks, Inc.",Consumer Services,"Culver City, California, United States",2014-07-18,"Buyout (LBO, MBO, MBI)",2020-10-14,Bankruptcy,6.2,False,,3,0,https://mergr.com/company/111073,2026-09-04T01:03:59Z
1326,Great Hill Partners,Massachusetts,84121,bswift,Internet Software and Services,"Chicago, Illinois, United States",2014-04-02,Growth Capital,2014-11-03,Divestiture,0.6,False,,0,0,https://mergr.com/company/84121,2026-09-04T01:03:59Z
1326,Great Hill Partners,Massachusetts,84581,"Reflexis Systems, Inc.",Business Services,"Dedham, Massachusetts, United States",2014-01-07,Growth Capital,2020-07-28,Divestiture,6.5,False,,0,0,https://mergr.com/company/84581,2026-09-04T01:03:59Z
1326,Great Hill Partners,Massachusetts,111053,Symmetry Corp.,Software,"Brookfield, Wisconsin, United States",2013-12-20,Growth Capital,2019-06-26,Divestiture,5.5,False,,0,0,https://mergr.com/company/111053,2026-09-04T01:03:59Z
1326,Great Hill Partners,Massachusetts,73009,DealerRater.com LLC,Internet Software and Services,"Waltham, Massachusetts, United States",2013-12-03,Growth Capital,2016-07-26,Divestiture,2.6,False,,0,0,https://mergr.com/company/73009,2026-09-04T01:03:59Z
1326,Great Hill Partners,Massachusetts,111061,Shade Store,Retail,"Port Chester, New York, United States",2013-11-19,Recapitalization,2018-08-09,Trade Sale - Public Company,4.7,False,,0,0,https://mergr.com/company/111061,2026-09-04T01:03:59Z
1326,Great Hill Partners,Massachusetts,204764,Dealfront,Software,"Karlsruhe, Germany",2013-03-01,Growth Capital,,,13.5,True,,1,0,https://mergr.com/company/204764,2026-09-04T01:03:59Z
1326,Great Hill Partners,Massachusetts,36261,Intapp,Software,"Palo Alto, California, United States",2012-12-21,Growth Capital,2021-06-29,IPO,8.5,False,504,6,0,https://mergr.com/company/36261,2026-09-04T01:03:59Z
1326,Great Hill Partners,Massachusetts,187350,MineralTree,Software,"Waltham, Massachusetts, United States",2012-06-25,Venture,2021-09-08,Divestiture,9.2,False,,2,0,https://mergr.com/company/187350,2026-09-04T01:03:59Z
1326,Great Hill Partners,Massachusetts,33345,"Chrome River Technologies, Inc.",Internet Software and Services,"Los Angeles, California, United States",2012-05-11,Growth Capital,2019-03-05,Spin Off,6.8,False,,0,0,https://mergr.com/company/33345,2026-09-04T01:03:59Z
1326,Great Hill Partners,Massachusetts,32194,Legacy.com,Internet Software and Services,"Chicago, Illinois, United States",2012-04-06,"Buyout (LBO, MBO, MBI)",2017-03-22,Trade Sale - Public Company,4.9,False,,1,0,https://mergr.com/company/32194,2026-09-04T01:03:59Z
1326,Great Hill Partners,Massachusetts,32195,Vanco,Financial Services,"Bloomington, Minnesota, United States",2012-02-10,"Buyout (LBO, MBO, MBI)",,,14.5,True,,4,0,https://mergr.com/company/32195,2026-09-04T01:03:59Z
1326,Great Hill Partners,Massachusetts,32193,BlueSnap,Internet Software and Services,"Waltham, Massachusetts, United States",2011-08-08,Secondary Buyout,2025-07-31,Divestiture,13.9,False,,1,0,https://mergr.com/company/32193,2026-09-04T01:03:59Z
1326,Great Hill Partners,Massachusetts,32196,Wayfair,E-Commerce,"Boston, Massachusetts, United States",2011-06-22,Growth Capital,2014-10-01,IPO,3.3,False,12457,2,0,https://mergr.com/company/32196,2026-09-04T01:03:59Z
1326,Great Hill Partners,Massachusetts,26919,AWL,Internet Software and Services,"Austin, Texas, United States",2011-01-31,Secondary Buyout,2015-06-30,Trade Sale - Public Company,4.3,False,,1,0,https://mergr.com/company/26919,2026-09-04T01:03:59Z
1326,Great Hill Partners,Massachusetts,32192,Ascenty Ltda.,Communications,"Campinas, Brazil",2011-01-11,Growth Capital,2018-09-24,Divestiture,7.7,False,,0,0,https://mergr.com/company/32192,2026-09-04T01:03:59Z
1326,Great Hill Partners,Massachusetts,26920,Credibility Corp.,Business Services,"Malibu, California, United States",2010-07-30,Growth Capital,2015-05-13,Divestiture,4.8,False,,0,0,https://mergr.com/company/26920,2026-09-04T01:03:59Z
1326,Great Hill Partners,Massachusetts,24710,"SterilMed, Inc.",Medical Products,"Maple Grove, Minnesota, United States",2010-07-15,Secondary Buyout,2011-09-28,Divestiture,1.2,False,,0,0,https://mergr.com/company/24710,2026-09-04T01:03:59Z
1326,Great Hill Partners,Massachusetts,4828,"Ziff Davis, Inc. (old)",Media,"New York, New York, United States",2010-06-04,"Buyout (LBO, MBO, MBI)",2012-11-16,Divestiture,2.4,False,,1,0,https://mergr.com/company/4828,2026-09-04T01:03:59Z
1326,Great Hill Partners,Massachusetts,26922,Educaedu,Internet Software and Services,"Bilbao, Spain",2010-05-21,Recapitalization,2022-01-14,Trade Sale - Public Company,11.6,False,,0,0,https://mergr.com/company/26922,2026-09-04T01:03:59Z
1326,Great Hill Partners,Massachusetts,21759,Vitacost,E-Commerce,"Boca Raton, Florida, United States",2010-03-24,Stake Purchase,2014-07-02,Divestiture,4.3,False,382,0,0,https://mergr.com/company/21759,2026-09-04T01:03:59Z
1326,Great Hill Partners,Massachusetts,21760,LECG Corp.,Business Services,"Devon, Pennsylvania, United States",2010-03-03,"Buyout (LBO, MBO, MBI)",2011-04-21,Bankruptcy,1.1,False,263,2,0,https://mergr.com/company/21760,2026-09-04T01:03:59Z
1326,Great Hill Partners,Massachusetts,10893,SecureWorks,Information Technology,"Atlanta, Georgia, United States",2009-07-06,Recapitalization,2011-01-04,Divestiture,1.4,False,366,0,0,https://mergr.com/company/10893,2026-09-04T01:03:59Z
1326,Great Hill Partners,Massachusetts,26918,"Accelerated Payment Technologies, Inc.",Information Technology,"Pleasant Grove, Utah, United States",2008-08-14,"Buyout (LBO, MBO, MBI)",2012-08-15,Divestiture,4,False,,0,0,https://mergr.com/company/26918,2026-09-04T01:03:59Z
1326,Great Hill Partners,Massachusetts,13034,"Passport Health Communications, Inc.",Healthcare Services,"Franklin, Tennessee, United States",2008-07-31,Secondary Buyout,2013-11-21,Divestiture,5.3,False,,2,0,https://mergr.com/company/13034,2026-09-04T01:03:59Z
1326,Great Hill Partners,Massachusetts,13037,Latisys Corp.,Information Technology,"Englewood, Colorado, United States",2007-10-19,"Buyout (LBO, MBO, MBI)",2015-01-14,Divestiture,7.2,False,,1,0,https://mergr.com/company/13037,2026-09-04T01:03:59Z
1326,Great Hill Partners,Massachusetts,10718,Smart Business Advisory & Consulting LLC,Business Services,"Devon, Pennsylvania, United States",2007-05-16,Growth Capital,2010-03-10,Spin Off,2.8,False,,0,0,https://mergr.com/company/10718,2026-09-04T01:03:59Z
1326,Great Hill Partners,Massachusetts,21762,Gorilla Nation Media LLC,Internet Software and Services,"Los Angeles, California, United States",2007-05-01,Growth Capital,,,19.3,True,,0,0,https://mergr.com/company/21762,2026-09-04T01:03:59Z
1326,Great Hill Partners,Massachusetts,111049,SheKnows Media,Internet Software and Services,"Scottsdale, Arizona, United States",2007-05-01,"Buyout (LBO, MBO, MBI)",2018-03-06,Divestiture,10.8,False,,2,0,https://mergr.com/company/111049,2026-09-04T01:03:59Z
1326,Great Hill Partners,Massachusetts,10719,"Freightquote.com, Inc.",Internet Software and Services,"Kansas, Missouri, United States",2006-11-22,Stake Purchase,2014-12-01,Divestiture,8,False,,0,0,https://mergr.com/company/10719,2026-09-04T01:03:59Z
1326,Great Hill Partners,Massachusetts,21771,"HealthFair USA, Inc.",Healthcare Services,"Winter Park, Florida, United States",2006-09-06,"Buyout (LBO, MBO, MBI)",2018-01-16,Divestiture,11.3,False,,0,0,https://mergr.com/company/21771,2026-09-04T01:03:59Z
1326,Great Hill Partners,Massachusetts,10720,Recruiting.com,Staffing,"Scottsdale, Arizona, United States",2006-07-12,"Buyout (LBO, MBO, MBI)",2015-06-01,Trade Sale,8.8,False,,0,0,https://mergr.com/company/10720,2026-09-04T01:03:59Z
1326,Great Hill Partners,Massachusetts,13033,BuscaPé,E-Commerce,"Sao Paulo, Brazil",2006-03-06,"Buyout (LBO, MBO, MBI)",2009-09-29,Divestiture,3.5,False,,0,0,https://mergr.com/company/13033,2026-09-04T01:03:59Z
1326,Great Hill Partners,Massachusetts,10717,"Prommis Solutions, Inc.",Business Services,"Atlanta, Georgia, United States",2006-02-24,"Buyout (LBO, MBO, MBI)",,,20.5,True,,0,0,https://mergr.com/company/10717,2026-09-04T01:03:59Z
1326,Great Hill Partners,Massachusetts,10721,Custom House Currency Exchange Ltd.,Financial Services,"Victoria, British Columbia, Canada",2006-02-03,Growth Capital,2009-09-01,Divestiture,3.5,False,,0,0,https://mergr.com/company/10721,2026-09-04T01:03:59Z
1326,Great Hill Partners,Massachusetts,10722,Spark Networks,Internet Software and Services,"Berlin, Germany",2005-12-01,"Buyout (LBO, MBO, MBI)",2006-02-14,IPO,0.2,False,188,0,0,https://mergr.com/company/10722,2026-09-04T01:03:59Z
1326,Great Hill Partners,Massachusetts,21763,"PAI Group, Inc. (PayChoice)",Software,"Moorestown, New Jersey, United States",2004-12-10,"Buyout (LBO, MBO, MBI)",2014-09-22,Divestiture,9.8,False,,0,0,https://mergr.com/company/21763,2026-09-04T01:03:59Z
1326,Great Hill Partners,Massachusetts,10728,InStore Audio Network,Marketing,"Princeton, New Jersey, United States",2004-10-27,Growth Capital,2012-06-03,Divestiture,7.6,False,,0,0,https://mergr.com/company/10728,2026-09-04T01:03:59Z
1326,Great Hill Partners,Massachusetts,21770,Action Media Operating LLC,Media,"Orange, California, United States",2004-08-10,"Buyout (LBO, MBO, MBI)",2006-09-26,Divestiture,2.1,False,,1,0,https://mergr.com/company/21770,2026-09-04T01:03:59Z
1326,Great Hill Partners,Massachusetts,10723,Alert 360,Safety/Security,"Tulsa, Oklahoma, United States",2004-02-16,Growth Capital,2010-11-01,Trade Sale - Public Company,6.7,False,,0,0,https://mergr.com/company/10723,2026-09-04T01:03:59Z
1326,Great Hill Partners,Massachusetts,21274,BillMatrix Corp.,Internet Software and Services,"Dallas, Texas, United States",2003-12-08,Secondary Buyout,2005-08-15,Divestiture,1.7,False,,0,0,https://mergr.com/company/21274,2026-09-04T01:03:59Z
1326,Great Hill Partners,Massachusetts,21969,Global Tower Partners LLC,Communications,"Boca Raton, Florida, United States",2003-10-31,"Buyout (LBO, MBO, MBI)",2005-04-15,Trade Sale - Public Company,1.4,False,,0,0,https://mergr.com/company/21969,2026-09-04T01:03:59Z
1326,Great Hill Partners,Massachusetts,17999,"IGN Entertainment, Inc.",Digital Media,"San Francisco, California, United States",2003-08-29,Going Private,2005-09-08,Divestiture,2,False,,0,0,https://mergr.com/company/17999,2026-09-04T01:03:59Z
1326,Great Hill Partners,Massachusetts,10725,Neumont University,Education,"South Jordan, Utah, United States",2003-07-02,"Buyout (LBO, MBO, MBI)",,,23.2,True,,0,0,https://mergr.com/company/10725,2026-09-04T01:03:59Z
1326,Great Hill Partners,Massachusetts,20957,Vigo Remittance Corp.,Financial Services,"Sunrise, Florida, United States",2003-03-31,Recapitalization,2005-10-21,Divestiture,2.5,False,,0,0,https://mergr.com/company/20957,2026-09-04T01:03:59Z
1326,Great Hill Partners,Massachusetts,10726,Palm Beach Broadcasting LLC,Media,"West Palm Beach, Florida, United States",2002-07-01,"Buyout (LBO, MBO, MBI)",,,24.2,True,,0,0,https://mergr.com/company/10726,2026-09-04T01:03:59Z
1326,Great Hill Partners,Massachusetts,21773,Focal Communications Corp.,Communications,"Chicago, Illinois, United States",2001-10-25,Stake Purchase,2004-03-08,Divestiture,2.3,False,,0,0,https://mergr.com/company/21773,2026-09-04T01:03:59Z
6226,Bain Capital Credit,Massachusetts,255321,Kurv,Information Technology,"Cleveland, Ohio, United States",2024-08-19,"Buyout (LBO, MBO, MBI)",,,2,true,,1,0,https://mergr.com/company/255321,2026-09-04T00:02:16Z
6226,Bain Capital Credit,Massachusetts,313441,Legacy Corporate Lending,Business Services,"Plano, Texas, United States",2023-05-09,Growth Capital,,,3.3,true,,0,0,https://mergr.com/company/313441,2026-09-04T00:02:16Z
6226,Bain Capital Credit,Massachusetts,296552,Palladium Hotel Group,Leisure,"Ibiza , Spain",2022-02-17,"Buyout (LBO, MBO, MBI)",,,4.5,true,,0,0,https://mergr.com/company/296552,2026-09-04T00:02:16Z
6226,Bain Capital Credit,Massachusetts,208404,360 One Wam,Financial Services,"Mumbai, India",2022-01-01,Stake Purchase,,,4.7,true,397,0,0,https://mergr.com/company/208404,2026-09-04T00:02:16Z
6226,Bain Capital Credit,Massachusetts,341920,Insigneo,Business Services,"Miami, Florida, United States",2022-01-01,Growth Capital,,,4.7,true,,1,0,https://mergr.com/company/341920,2026-09-04T00:02:16Z
6226,Bain Capital Credit,Massachusetts,19484,DTiQ,Information Technology,"Framingham, Massachusetts, United States",2021-12-09,Secondary Buyout,,,4.7,true,,0,0,https://mergr.com/company/19484,2026-09-04T00:02:16Z
6226,Bain Capital Credit,Massachusetts,290935,Alsea Europe,Restaurants,"Mexico City, Mexico",2021-10-01,Stake Purchase,,,4.9,true,,0,0,https://mergr.com/company/290935,2026-09-04T00:02:16Z
6226,Bain Capital Credit,Massachusetts,27014,GAIL's,Food,"London, United Kingdom",2021-09-14,Secondary Buyout,,,4.9,true,,0,0,https://mergr.com/company/27014,2026-09-04T00:02:16Z
6226,Bain Capital Credit,Massachusetts,27015,Bread Factory,Food,"London, United Kingdom",2021-09-14,Secondary Buyout,,,4.9,true,,0,0,https://mergr.com/company/27015,2026-09-04T00:02:16Z
6226,Bain Capital Credit,Massachusetts,286594,Surf Internet,Communications,"Elkhart, Indiana, United States",2021-06-15,"Buyout (LBO, MBO, MBI)",,,5.2,true,,0,0,https://mergr.com/company/286594,2026-09-04T00:02:16Z
6226,Bain Capital Credit,Massachusetts,261171,CJ Foods America,Food,"La Palma, California, United States",2019-05-23,Stake Purchase,,,7.3,true,,0,0,https://mergr.com/company/261171,2026-09-04T00:02:16Z
6226,Bain Capital Credit,Massachusetts,236714,HARIT,Financial Services,"Tavagnacco, Italy",2017-02-21,Divestiture,,,9.5,true,,0,0,https://mergr.com/company/236714,2026-09-04T00:02:16Z
1258,Webster Equity Partners,Massachusetts,233727,Advantmed,Healthcare Services,"Irvine, California, United States",2025-04-07,Recapitalization,,,1.4,True,,0,0,https://mergr.com/company/233727,2026-09-07T00:00:00Z
1258,Webster Equity Partners,Massachusetts,322244,BTST Services,Healthcare Services,"Baltimore, Maryland, United States",2023-11-16,Growth Capital,,,2.8,True,,0,0,https://mergr.com/company/322244,2026-09-07T00:00:00Z
1258,Webster Equity Partners,Massachusetts,309890,TriValley Medical Group,Healthcare Services,"Murrieta, California, United States",2023-02-07,"Buyout (LBO, MBO, MBI)",,,3.6,True,,1,0,https://mergr.com/company/309890,2026-09-07T00:00:00Z
1258,Webster Equity Partners,Massachusetts,335837,US Pediatric Partners,Healthcare Services,"Jacksonville, Florida, United States",2023-01-01,"Buyout (LBO, MBO, MBI)",,,3.7,True,,1,0,https://mergr.com/company/335837,2026-09-07T00:00:00Z
1258,Webster Equity Partners,Massachusetts,326763,Corium Innovations,Life Science,"Grand Rapids, Michigan, United States",2022-10-20,"Buyout (LBO, MBO, MBI)",,,3.8,True,,0,0,https://mergr.com/company/326763,2026-09-07T00:00:00Z
1258,Webster Equity Partners,Massachusetts,308588,Radius Health,Life Science,"Boston, Massachusetts, United States",2022-06-23,Going Private,,,4.2,True,,0,0,https://mergr.com/company/308588,2026-09-07T00:00:00Z
1258,Webster Equity Partners,Massachusetts,270634,Oceans Healthcare,Healthcare Services,"Plano, Texas, United States",2022-03-01,Growth Capital,,,4.5,True,,1,0,https://mergr.com/company/270634,2026-09-07T00:00:00Z
1258,Webster Equity Partners,Massachusetts,323881,Honor Health Network,Healthcare Services,"Ridgefield Park, New Jersey, United States",2021-10-01,"Buyout (LBO, MBO, MBI)",,,4.9,True,,1,0,https://mergr.com/company/323881,2026-09-07T00:00:00Z
1258,Webster Equity Partners,Massachusetts,323889,Redwood Family Care Network,Healthcare Services,"Chino Hills, California, United States",2021-01-01,"Buyout (LBO, MBO, MBI)",,,5.7,True,,1,0,https://mergr.com/company/323889,2026-09-07T00:00:00Z
1258,Webster Equity Partners,Massachusetts,322235,Advanced Reconstructive Surgery Alliance,Healthcare Services,"Red Bank, New Jersey, United States",2021-01-01,"Buyout (LBO, MBO, MBI)",,,5.7,True,,1,0,https://mergr.com/company/322235,2026-09-07T00:00:00Z
1258,Webster Equity Partners,Massachusetts,284433,One GI,Healthcare Services,"Brentwood, Tennessee, United States",2020-04-27,"Buyout (LBO, MBO, MBI)",,,6.3,True,,1,0,https://mergr.com/company/284433,2026-09-07T00:00:00Z
1258,Webster Equity Partners,Massachusetts,269869,Retina Consultants of America,Healthcare Services,"Southlake, California, United States",2020-03-03,"Buyout (LBO, MBO, MBI)",2024-11-06,Divestiture,4.7,False,,0,0,https://mergr.com/company/269869,2026-09-07T00:00:00Z
1258,Webster Equity Partners,Massachusetts,267527,Santa Monica Fertility,Healthcare Services,"Santa Monica, California, United States",2019-12-16,"Buyout (LBO, MBO, MBI)",,,6.7,True,,1,0,https://mergr.com/company/267527,2026-09-07T00:00:00Z
1258,Webster Equity Partners,Massachusetts,303582,Pinnacle Fertility,Healthcare Services,"Scottsdale, Arizona, United States",2019-06-01,"Buyout (LBO, MBO, MBI)",,,7.3,True,,1,0,https://mergr.com/company/303582,2026-09-07T00:00:00Z
1258,Webster Equity Partners,Massachusetts,42353,Vivona Brands,Retail,"London, United Kingdom",2019-05-09,Secondary Buyout,,,7.3,True,24,0,0,https://mergr.com/company/42353,2026-09-07T00:00:00Z
1258,Webster Equity Partners,Massachusetts,261803,Belmar Pharma Solutions,Medical Products,"Golden, Colorado, United States",2019-04-22,"Buyout (LBO, MBO, MBI)",,,7.3,True,,1,0,https://mergr.com/company/261803,2026-09-07T00:00:00Z
1258,Webster Equity Partners,Massachusetts,271321,Medrina,Healthcare Services,"Chicago, Illinois, United States",2019-01-01,"Buyout (LBO, MBO, MBI)",,,7.7,True,,4,0,https://mergr.com/company/271321,2026-09-07T00:00:00Z
1258,Webster Equity Partners,Massachusetts,4960,Sundance,Retail,"Salt Lake City, Utah, United States",2018-11-01,Secondary Buyout,2025-07-02,Bankruptcy,6.7,False,,0,0,https://mergr.com/company/4960,2026-09-07T00:00:00Z
1258,Webster Equity Partners,Massachusetts,27554,Orthofeet,Consumer Products,"Norwood, New Jersey, United States",2018-10-15,Secondary Buyout,,,7.8,True,,0,0,https://mergr.com/company/27554,2026-09-07T00:00:00Z
1258,Webster Equity Partners,Massachusetts,266978,CenExel,Life Science,"Salt Lake City, Utah, United States",2018-08-06,Consolidation,2025-04-14,Trade Sale - Public Company,6.7,False,,11,0,https://mergr.com/company/266978,2026-09-07T00:00:00Z
1258,Webster Equity Partners,Massachusetts,16137,ShelterLogic,Consumer Products,"Watertown, Connecticut, United States",2018-06-22,Secondary Buyout,,,8.2,True,,1,0,https://mergr.com/company/16137,2026-09-07T00:00:00Z
1258,Webster Equity Partners,Massachusetts,253687,Discovery Behavioral Health,Healthcare Services,"Irvine, California, United States",2018-06-15,Consolidation,,,8.2,True,,14,0,https://mergr.com/company/253687,2026-09-07T00:00:00Z
1258,Webster Equity Partners,Massachusetts,253689,InBloom Autism Services,Healthcare Services,"Fort Lauderdale, Florida, United States",2018-05-16,"Buyout (LBO, MBO, MBI)",2026-01-14,Unknown,7.6,False,,0,0,https://mergr.com/company/253689,2026-09-07T00:00:00Z
1258,Webster Equity Partners,Massachusetts,245905,Bristol Hospice,Healthcare Services,"Salt Lake City, Utah, United States",2017-11-30,"Buyout (LBO, MBO, MBI)",,,8.8,True,,7,0,https://mergr.com/company/245905,2026-09-07T00:00:00Z
1258,Webster Equity Partners,Massachusetts,244531,Cirrus Medical Staffing,Staffing,"Fort Lauderdale, Florida, United States",2017-10-19,"Buyout (LBO, MBO, MBI)",2019-04-08,Divestiture,1.4,False,,0,0,https://mergr.com/company/244531,2026-09-07T00:00:00Z
1258,Webster Equity Partners,Massachusetts,32280,Matilda Jane Clothing,Apparel/Textiles,"Fort Wayne, Indiana, United States",2017-05-04,Secondary Buyout,2022-12-07,Shut Down,5.6,False,,0,0,https://mergr.com/company/32280,2026-09-07T00:00:00Z
1258,Webster Equity Partners,Massachusetts,298762,Epic Staffing Group,Staffing,"El Segundo, California, United States",2017-02-16,Consolidation,2022-04-18,Trade Sale - Public Company,5.2,False,,5,0,https://mergr.com/company/298762,2026-09-07T00:00:00Z
1258,Webster Equity Partners,Massachusetts,254196,Margaritaville,Apparel/Textiles,"Los Angeles, California, United States",2016-07-11,Divestiture,,,10.1,True,,0,0,https://mergr.com/company/254196,2026-09-07T00:00:00Z
1258,Webster Equity Partners,Massachusetts,237139,Healthcare Associates of Texas,Healthcare Services,"Irving, Texas, United States",2016-05-03,"Buyout (LBO, MBO, MBI)",2022-06-01,Divestiture,6,False,,2,0,https://mergr.com/company/237139,2026-09-07T00:00:00Z
1258,Webster Equity Partners,Massachusetts,226737,BayMark Health Services,Healthcare Services,"Lewisville, Texas, United States",2015-10-15,Consolidation,,,10.8,True,,31,0,https://mergr.com/company/226737,2026-09-07T00:00:00Z
1258,Webster Equity Partners,Massachusetts,27506,PharmaLogic,Healthcare Services,"Boca Raton, Florida, United States",2015-09-16,Recapitalization,,,10.9,True,,2,0,https://mergr.com/company/27506,2026-09-07T00:00:00Z
1258,Webster Equity Partners,Massachusetts,23828,Dover Saddlery,Retail,"Littleton, Massachusetts, United States",2015-06-01,Going Private,2022-04-22,Trade Sale - Public Company,6.8,False,,0,0,https://mergr.com/company/23828,2026-09-07T00:00:00Z
1258,Webster Equity Partners,Massachusetts,187314,Mondetta,Apparel/Textiles,"Winnipeg, Manitoba, Canada",2015-05-13,"Buyout (LBO, MBO, MBI)",,,11.3,True,,0,0,https://mergr.com/company/187314,2026-09-07T00:00:00Z
1258,Webster Equity Partners,Massachusetts,5588,Best Friends Pet Care,Consumer Services,"Irving, Texas, United States",2013-04-29,Secondary Buyout,2014-09-15,Divestiture,1.3,False,,0,0,https://mergr.com/company/5588,2026-09-07T00:00:00Z
1258,Webster Equity Partners,Massachusetts,36393,FullBeauty Brands,Retail,"New York, New York, United States",2013-02-05,Divestiture,2015-08-18,Trade Sale - Public Company,2.5,False,,0,0,https://mergr.com/company/36393,2026-09-07T00:00:00Z
1258,Webster Equity Partners,Massachusetts,59406,Prospira PainCare,Healthcare Services,"Roswell, Georgia, United States",2012-08-01,"Buyout (LBO, MBO, MBI)",2020-09-10,Divestiture,8.1,False,,3,0,https://mergr.com/company/59406,2026-09-07T00:00:00Z
1258,Webster Equity Partners,Massachusetts,63638,CoCreativ,Marketing,"New York, New York, United States",2012-07-18,Recapitalization,2017-08-10,Merger,5,False,,1,0,https://mergr.com/company/63638,2026-09-07T00:00:00Z
1258,Webster Equity Partners,Massachusetts,30178,Center For Discovery,Healthcare Services,"Los Alamitos, California, United States",2011-09-14,"Buyout (LBO, MBO, MBI)",2018-06-15,Spin Off,6.8,False,,0,0,https://mergr.com/company/30178,2026-09-07T00:00:00Z
1258,Webster Equity Partners,Massachusetts,28590,Conisus,Education,"Atlanta, Georgia, United States",2011-01-06,Secondary Buyout,2021-07-19,Divestiture,10.5,False,,0,0,https://mergr.com/company/28590,2026-09-07T00:00:00Z
1258,Webster Equity Partners,Massachusetts,30177,"Epic Health Services, Inc.",Healthcare Services,"Dallas, Texas, United States",2010-09-13,"Buyout (LBO, MBO, MBI)",2016-12-19,Trade Sale - Public Company,6.3,False,,13,0,https://mergr.com/company/30177,2026-09-07T00:00:00Z
1258,Webster Equity Partners,Massachusetts,233031,Re-Bath,Franchising,"Phoenix, Arizona, United States",2009-12-30,"Buyout (LBO, MBO, MBI)",2021-11-09,Trade Sale - Public Company,11.8,False,,1,0,https://mergr.com/company/233031,2026-09-07T00:00:00Z
1258,Webster Equity Partners,Massachusetts,14770,Hudson Clothing LLC,Apparel/Textiles,"Commerce, California, United States",2009-03-23,Growth Capital,2013-10-02,Divestiture,4.5,False,,0,0,https://mergr.com/company/14770,2026-09-07T00:00:00Z
1258,Webster Equity Partners,Massachusetts,11938,Freedom Eldercare,Healthcare Services,"Hackensack, New Jersey, United States",2009-01-01,"Buyout (LBO, MBO, MBI)",,,17.7,True,,0,0,https://mergr.com/company/11938,2026-09-07T00:00:00Z
1258,Webster Equity Partners,Massachusetts,2590,Jan-pro,Franchising,"Alpharetta, Georgia, United States",2008-09-01,Recapitalization,2016-10-03,Divestiture,8.1,False,,0,0,https://mergr.com/company/2590,2026-09-07T00:00:00Z
1258,Webster Equity Partners,Massachusetts,11935,Vox AM/FM,Media,"Colchester, Vermont, United States",2008-01-01,"Buyout (LBO, MBO, MBI)",,,18.7,True,,0,0,https://mergr.com/company/11935,2026-09-07T00:00:00Z
1258,Webster Equity Partners,Massachusetts,18252,"MooreCo International Holdings, Inc.",Furniture,"Temple, Texas, United States",2007-10-01,"Buyout (LBO, MBO, MBI)",2017-04-06,Sold to Management,9.5,False,,1,0,https://mergr.com/company/18252,2026-09-07T00:00:00Z
1258,Webster Equity Partners,Massachusetts,15326,Comfort Keepers,Franchising,"Irvine, California, United States",2007-07-26,Secondary Buyout,2009-09-20,Divestiture,2.1,False,,0,0,https://mergr.com/company/15326,2026-09-07T00:00:00Z
1258,Webster Equity Partners,Massachusetts,30173,Teton Homes,Automotive,"Casper, Wyoming, United States",2005-05-12,"Buyout (LBO, MBO, MBI)",,,21.3,True,,0,0,https://mergr.com/company/30173,2026-09-07T00:00:00Z
1258,Webster Equity Partners,Massachusetts,4960,Sundance,Retail,"Salt Lake City, Utah, United States",2004-07-08,"Buyout (LBO, MBO, MBI)",2012-07-10,Trade Sale - Public Company,8,False,,0,0,https://mergr.com/company/4960,2026-09-07T00:00:00Z
1258,Webster Equity Partners,Massachusetts,3070,Oncure Medical Corp.,Healthcare Services,"Englewood, Colorado, United States",2003-07-07,"Buyout (LBO, MBO, MBI)",2006-08-21,Trade Sale - Public Company,3.1,False,,0,0,https://mergr.com/company/3070,2026-09-07T00:00:00Z
