owner_firm_id,owner_firm_name,owner_firm_state,company_id,company_name,sector,location,acquired_date,acquisition_type,exit_date,exit_type,hold_years,is_current,revenue_millions_usd,acquisitions_during_hold,divestitures_during_hold,mergr_url,_fetched_at
22,Baker Capital,New York,30936,ParStream GmbH,Information Technology,"Cologne, Germany",2012-08-14,Venture,2015-11-03,Divestiture,3.2,False,,0,0,https://mergr.com/company/30936,2026-09-03T23:54:45Z
22,Baker Capital,New York,42049,CoreValue Advisor Software,Software,"Lebanon, New Hampshire, United States",2012-08-01,Venture,,,14.1,True,,0,0,https://mergr.com/company/42049,2026-09-03T23:54:45Z
22,Baker Capital,New York,219,Plus Tv,Media,"Helsinki, Finland",2006-06-06,"Buyout (LBO, MBO, MBI)",2008-01-01,Divestiture,1.5,False,,0,0,https://mergr.com/company/219,2026-09-03T23:54:45Z
22,Baker Capital,New York,15528,OfferMatica Corp.,Software,"San Francisco, California, United States",2005-09-20,Venture,2007-12-13,Divestiture,2.2,False,,0,0,https://mergr.com/company/15528,2026-09-03T23:54:45Z
22,Baker Capital,New York,216,Medianet,Information Technology,"Seattle, Washington, United States",2005-01-01,"Buyout (LBO, MBO, MBI)",2016-05-12,Divestiture,11.3,False,,0,0,https://mergr.com/company/216,2026-09-03T23:54:45Z
22,Baker Capital,New York,228,Wine.com,E-Commerce,"San Francisco, California, United States",2004-09-08,"Buyout (LBO, MBO, MBI)",,,21.9,True,,0,0,https://mergr.com/company/228,2026-09-03T23:54:45Z
22,Baker Capital,New York,227,Voltaire,Technology Hardware,"Herzliya, Israel",2004-03-08,"Buyout (LBO, MBO, MBI)",2007-07-26,IPO,3.3,False,,0,0,https://mergr.com/company/227,2026-09-03T23:54:45Z
22,Baker Capital,New York,220,Dotster,Information Technology,"Vancouver, Washington, United States",2004-01-01,"Buyout (LBO, MBO, MBI)",2011-07-01,Divestiture,7.5,False,,0,0,https://mergr.com/company/220,2026-09-03T23:54:45Z
22,Baker Capital,New York,221,EM4,Electronics,"Bedford, Massachusetts, United States",2003-12-15,"Buyout (LBO, MBO, MBI)",2011-01-24,Divestiture,7.1,False,,0,0,https://mergr.com/company/221,2026-09-03T23:54:45Z
22,Baker Capital,New York,15525,CANAL+ Television AB,Media,"Cedex, France",2003-10-01,"Buyout (LBO, MBO, MBI)",2005-03-01,Divestiture,1.4,False,,0,0,https://mergr.com/company/15525,2026-09-03T23:54:45Z
22,Baker Capital,New York,11648,IQNavigator,Business Services,"Centennial, Colorado, United States",2001-10-01,"Buyout (LBO, MBO, MBI)",2008-06-08,Trade Sale - Public Company,6.7,False,,0,0,https://mergr.com/company/11648,2026-09-03T23:54:45Z
22,Baker Capital,New York,210666,Totality Corp.,Information Technology,"San Francisco, California, United States",2001-02-25,"Buyout (LBO, MBO, MBI)",2005-09-01,Trade Sale,4.5,False,,0,0,https://mergr.com/company/210666,2026-09-03T23:54:45Z
22,Baker Capital,New York,226,Teem Photonics,Semiconductors,"Meylan, France",2000-10-02,Growth Capital,,,25.9,True,,1,0,https://mergr.com/company/226,2026-09-03T23:54:45Z
22,Baker Capital,New York,223,InterXion,Information Technology,"Hoofddorp, Netherlands",2000-09-11,Venture,2011-01-28,IPO,10.3,False,562,0,0,https://mergr.com/company/223,2026-09-03T23:54:45Z
22,Baker Capital,New York,15527,Connected Corp.,Software,"Framingham, Massachusetts, United States",2000-03-31,Stake Purchase,2004-10-12,Divestiture,4.5,False,,0,0,https://mergr.com/company/15527,2026-09-03T23:54:45Z
22,Baker Capital,New York,15530,Sequoia Software Corp.,Software,"Columbia, Maryland, United States",1999-12-07,"Buyout (LBO, MBO, MBI)",2001-03-21,Divestiture,1.3,False,,0,0,https://mergr.com/company/15530,2026-09-03T23:54:45Z
22,Baker Capital,New York,15529,S2 Security Corp.,Information Technology,"Framingham, Massachusetts, United States",1999-04-12,"Buyout (LBO, MBO, MBI)",2005-06-29,Divestiture,6.2,False,,0,0,https://mergr.com/company/15529,2026-09-03T23:54:45Z
29,Behrman Capital,New York,270569,Metallizing Service,Business Services,"West Hartford, Connecticut, United States",2026-04-22,"Buyout (LBO, MBO, MBI)",,,0.3,True,,0,0,https://mergr.com/company/270569,2026-09-03T23:54:45Z
29,Behrman Capital,New York,323691,VistaApex Solutions,Medical Products,"Racine, Wisconsin, United States",2024-04-10,Secondary Buyout,,,2.3,True,,0,0,https://mergr.com/company/323691,2026-09-03T23:54:45Z
29,Behrman Capital,New York,333491,TTG,Aerospace,"Endicott, New York, United States",2022-08-17,"Buyout (LBO, MBO, MBI)",,,4,True,,2,0,https://mergr.com/company/333491,2026-09-03T23:54:45Z
29,Behrman Capital,New York,36501,Shur-Co,Manufacturing,"Yankton, South Dakota, United States",2021-07-07,"Buyout (LBO, MBO, MBI)",,,5.1,True,,3,0,https://mergr.com/company/36501,2026-09-03T23:54:45Z
29,Behrman Capital,New York,259918,Waterline Renewal Technologies,Environmental,"Ottawa, Illinois, United States",2019-04-10,Divestiture,2026-02-25,Bankruptcy,6.8,False,,1,0,https://mergr.com/company/259918,2026-09-03T23:54:45Z
29,Behrman Capital,New York,258863,Emmes,Life Science,"Rockville, Maryland, United States",2019-03-04,Growth Capital,2022-06-21,Trade Sale - Public Company,3.3,False,,4,0,https://mergr.com/company/258863,2026-09-03T23:54:45Z
29,Behrman Capital,New York,254614,kSARIA,Aerospace,"Methuen, Massachusetts, United States",2018-10-01,"Buyout (LBO, MBO, MBI)",2024-08-01,Divestiture,5.8,False,,3,0,https://mergr.com/company/254614,2026-09-03T23:54:45Z
29,Behrman Capital,New York,248749,Micross Components,Electronics,"Melville, New York, United States",2018-02-20,"Buyout (LBO, MBO, MBI)",,,8.5,True,,3,0,https://mergr.com/company/248749,2026-09-03T23:54:45Z
29,Behrman Capital,New York,11887,Carr Management Holdings,Plastics,"Nashua, New Hampshire, United States",2014-09-23,Secondary Buyout,,,11.9,True,,1,0,https://mergr.com/company/11887,2026-09-03T23:54:45Z
29,Behrman Capital,New York,300,Brooks Equipment,Distribution,"Charlotte, North Carolina, United States",2014-09-02,Secondary Buyout,2021-11-04,Trade Sale - Public Company,7.2,False,,0,0,https://mergr.com/company/300,2026-09-03T23:54:45Z
29,Behrman Capital,New York,35237,Tresys Technology,Information Technology,"Columbia, Maryland, United States",2013-01-09,"Buyout (LBO, MBO, MBI)",2019-12-03,Trade Sale - Public Company,6.8,False,,0,0,https://mergr.com/company/35237,2026-09-03T23:54:45Z
29,Behrman Capital,New York,220964,ILC Dover,Manufacturing,"Frederica, Delaware, United States",2011-01-10,Divestiture,2020-02-03,Trade Sale - Public Company,9,False,,2,0,https://mergr.com/company/220964,2026-09-03T23:54:45Z
29,Behrman Capital,New York,1902,Atherotech,Healthcare Services,"Birmingham, Alabama, United States",2010-12-23,Secondary Buyout,2013-07-09,Recapitalization,2.5,False,,0,0,https://mergr.com/company/1902,2026-09-03T23:54:45Z
29,Behrman Capital,New York,297,Covenant Dove,Healthcare Services,"Bartlett, Tennessee, United States",2007-07-01,Consolidation,2013-11-27,Bankruptcy,6.3,False,,2,0,https://mergr.com/company/297,2026-09-03T23:54:45Z
29,Behrman Capital,New York,305,Peacock Foods,Packaging,"Geneva, Illinois, United States",2007-01-30,"Buyout (LBO, MBO, MBI)",2010-12-21,Trade Sale - Public Company,3.8,False,,0,0,https://mergr.com/company/305,2026-09-03T23:54:45Z
29,Behrman Capital,New York,19450,"Selig Sealing Products, Inc.",Packaging,"Forrest, Illinois, United States",2005-05-02,Secondary Buyout,2015-08-03,Divestiture,10.3,False,,1,0,https://mergr.com/company/19450,2026-09-03T23:54:45Z
29,Behrman Capital,New York,16371,Pelican Products,Consumer Products,"Torrance, California, United States",2004-10-26,Secondary Buyout,2021-10-19,Trade Sale - Public Company,16.9,False,,5,0,https://mergr.com/company/16371,2026-09-03T23:54:45Z
29,Behrman Capital,New York,5096,"WIL Research Co., Inc.",Life Science,"Ashland, Ohio, United States",2004-09-30,Divestiture,2007-07-18,Secondary Sale,2.8,False,215,2,0,https://mergr.com/company/5096,2026-09-03T23:54:45Z
29,Behrman Capital,New York,170857,TenPoint Crossbow Technologies,Consumer Products,"Mogadore, Ohio, United States",2004-01-07,Secondary Buyout,,,22.6,True,,1,0,https://mergr.com/company/170857,2026-09-03T23:54:45Z
29,Behrman Capital,New York,16215,HDT Global,Defense,"Solon, Ohio, United States",2004-01-01,Secondary Buyout,2007-08-22,Trade Sale - Public Company,3.6,False,,2,0,https://mergr.com/company/16215,2026-09-03T23:54:45Z
29,Behrman Capital,New York,90101,Data Device Corp.,Electronics,"Bohemia, New York, United States",2003-04-15,"Buyout (LBO, MBO, MBI)",2016-05-24,Divestiture,13.1,False,,3,1,https://mergr.com/company/90101,2026-09-03T23:54:45Z
29,Behrman Capital,New York,15708,"Woodcraft Industries, Inc.",Forest Products,"St. Cloud, Minnesota, United States",2003-04-09,Secondary Buyout,2007-01-10,Trade Sale - Public Company,3.8,False,,0,0,https://mergr.com/company/15708,2026-09-03T23:54:45Z
29,Behrman Capital,New York,310,Athena Diagnostics,Life Science,"Marlborough, Massachusetts, United States",2002-11-22,Divestiture,2006-03-16,Divestiture,3.3,False,,0,0,https://mergr.com/company/310,2026-09-03T23:54:45Z
29,Behrman Capital,New York,120229,"Executive Greetings, Inc.",Consumer Products,"New Hartford, Connecticut, United States",1999-09-27,"Buyout (LBO, MBO, MBI)",2004-04-01,Divestiture,4.5,False,,0,0,https://mergr.com/company/120229,2026-09-03T23:54:45Z
29,Behrman Capital,New York,301,ACS Communications,Information Technology,"Austin, Texas, United States",1999-02-01,"Buyout (LBO, MBO, MBI)",2008-10-16,Divestiture,9.7,False,,0,0,https://mergr.com/company/301,2026-09-03T23:54:45Z
29,Behrman Capital,New York,300,Brooks Equipment,Distribution,"Charlotte, North Carolina, United States",1998-12-03,Growth Capital,2010-07-30,Trade Sale - Public Company,11.6,False,,0,0,https://mergr.com/company/300,2026-09-03T23:54:45Z
29,Behrman Capital,New York,309,Tandem Health Care,Healthcare Services,"Maitland, Florida, United States",1998-04-13,"Buyout (LBO, MBO, MBI)",2006-06-12,Secondary Sale,8.1,False,,1,0,https://mergr.com/company/309,2026-09-03T23:54:45Z
29,Behrman Capital,New York,299,Cartesian,Business Services,"Boston, Massachusetts, United States",1998-02-12,Stake Purchase,1999-11-23,IPO,1.8,False,51,0,0,https://mergr.com/company/299,2026-09-03T23:54:45Z
29,Behrman Capital,New York,302,Nimbus Cd,Technology Hardware,"Ruckersville, Virginia, United States",1995-01-01,"Buyout (LBO, MBO, MBI)",1998-09-08,Spin Off,3.7,False,,0,0,https://mergr.com/company/302,2026-09-03T23:54:45Z
29,Behrman Capital,New York,308,Esoterix,Life Science,"Austin, Texas, United States",1995-01-01,"Buyout (LBO, MBO, MBI)",2005-05-11,Divestiture,10.3,False,,0,0,https://mergr.com/company/308,2026-09-03T23:54:45Z
58,BRS,New York,306334,Tumble 22,Restaurants,"Austin, Texas, United States",2022-10-25,"Buyout (LBO, MBO, MBI)",,,3.8,True,,0,0,https://mergr.com/company/306334,2026-09-03T23:54:45Z
58,BRS,New York,261188,Tolemar,Automotive,"Huntington Beach, California, United States",2021-10-20,Secondary Buyout,,,4.8,True,,3,0,https://mergr.com/company/261188,2026-09-03T23:54:45Z
58,BRS,New York,284769,Shearwater,Technology Hardware,"Richmond, British Columbia, Canada",2021-04-30,"Buyout (LBO, MBO, MBI)",,,5.3,True,,0,0,https://mergr.com/company/284769,2026-09-03T23:54:45Z
58,BRS,New York,247691,2nd Ave Thrift Superstores,Retail,"Bensalem, Pennsylvania, United States",2019-09-18,"Buyout (LBO, MBO, MBI)",2021-11-01,Divestiture,2.1,False,,0,0,https://mergr.com/company/247691,2026-09-03T23:54:45Z
58,BRS,New York,268033,Canada Pooch,Consumer Products,"Toronto, Ontario, Canada",2019-04-17,Growth Capital,,,7.3,True,,0,0,https://mergr.com/company/268033,2026-09-03T23:54:45Z
58,BRS,New York,268042,Organika Health Products,Consumer Products,"Richmond, British Columbia, Canada",2019-03-01,Growth Capital,2024-05-21,Sold to Management,5.2,False,,0,0,https://mergr.com/company/268042,2026-09-03T23:54:45Z
58,BRS,New York,794,Simpson Performance Products,Consumer Products,"New Braunfels, Texas, United States",2015-02-20,Secondary Buyout,2020-11-19,Unknown,5.7,False,,3,0,https://mergr.com/company/794,2026-09-03T23:54:45Z
58,BRS,New York,176053,Eos Fitness,Consumer Services,"Dallas, Texas, United States",2015-01-30,"Buyout (LBO, MBO, MBI)",2025-05-12,Trade Sale - Public Company,10.3,False,,1,0,https://mergr.com/company/176053,2026-09-03T23:54:45Z
58,BRS,New York,179979,Quikfletch LLC,Leisure,"Forest Park, Illinois, United States",2014-09-03,"Buyout (LBO, MBO, MBI)",,,12,True,,0,0,https://mergr.com/company/179979,2026-09-03T23:54:45Z
58,BRS,New York,179973,New Archery Products Corp.,Consumer Products,"Forest Park, Illinois, United States",2014-09-03,"Buyout (LBO, MBO, MBI)",2018-08-03,Trade Sale,3.9,False,,0,0,https://mergr.com/company/179973,2026-09-03T23:54:45Z
58,BRS,New York,75385,InMotion Entertainment Group LLC,Retail,"Jacksonville, Florida, United States",2013-10-02,Divestiture,2018-10-30,Divestiture,5,False,,1,0,https://mergr.com/company/75385,2026-09-03T23:54:45Z
58,BRS,New York,39445,GAMO Outdoor,Consumer Products,"Rogers, Arkansas, United States",2013-08-02,Secondary Buyout,,,13.1,True,,1,0,https://mergr.com/company/39445,2026-09-03T23:54:45Z
58,BRS,New York,50734,"Royal Robbins, Inc.",Apparel/Textiles,"Modesto, California, United States",2012-12-31,Divestiture,2018-03-28,Divestiture,5.2,False,30,0,0,https://mergr.com/company/50734,2026-09-03T23:54:45Z
58,BRS,New York,75381,Not Your Average Joe's,Restaurants,"Hyannis, Massachusetts, United States",2012-11-08,Growth Capital,,,13.8,True,,0,0,https://mergr.com/company/75381,2026-09-03T23:54:45Z
58,BRS,New York,31803,Magpul Industries Corp.,Defense,"Boulder, Colorado, United States",2011-09-22,Recapitalization,,,14.9,True,,0,0,https://mergr.com/company/31803,2026-09-03T23:54:45Z
58,BRS,New York,25633,Ruth's Hospitality Group,Restaurants,"Winter Park, Florida, United States",2010-02-01,PIPE,2012-03-09,Stake Sale,2.1,False,506,0,0,https://mergr.com/company/25633,2026-09-03T23:54:45Z
58,BRS,New York,480,AMF,Leisure,"Mechanicsville, Virginia, United States",2007-08-07,Recapitalization,2012-11-01,Bankruptcy,5.2,False,,0,0,https://mergr.com/company/480,2026-09-03T23:54:45Z
58,BRS,New York,16646,Totes Isotoner Corp.,Apparel/Textiles,"Cincinnati, Ohio, United States",2007-01-31,Recapitalization,2007-01-31,Merger,0,False,,0,0,https://mergr.com/company/16646,2026-09-03T23:54:45Z
58,BRS,New York,486,Logan's Roadhouse,Restaurants,"Nashville, Tennessee, United States",2006-12-01,"Buyout (LBO, MBO, MBI)",2010-08-30,Trade Sale - Public Company,3.7,False,,0,0,https://mergr.com/company/486,2026-09-03T23:54:45Z
58,BRS,New York,492,Things Remembered,Consumer Products,"Highland Heights, Ohio, United States",2006-09-29,Divestiture,2012-05-30,Trade Sale - Public Company,5.7,False,,0,0,https://mergr.com/company/492,2026-09-03T23:54:45Z
58,BRS,New York,482,Bravo Brio,Restaurants,"Columbus, Ohio, United States",2006-07-05,"Buyout (LBO, MBO, MBI)",2010-10-21,IPO,4.3,False,400,0,0,https://mergr.com/company/482,2026-09-03T23:54:45Z
58,BRS,New York,25634,DTLR Villa,Retail,"Hanover, Maryland, United States",2005-10-21,"Buyout (LBO, MBO, MBI)",2021-02-01,Divestiture,15.3,False,,1,0,https://mergr.com/company/25634,2026-09-03T23:54:45Z
58,BRS,New York,479,Airxcel,Manufacturing,"Wichita, Kansas, United States",2005-08-31,"Buyout (LBO, MBO, MBI)",2014-11-21,Trade Sale - Public Company,9.2,False,184,1,0,https://mergr.com/company/479,2026-09-03T23:54:45Z
58,BRS,New York,494,Wilson Farms,Retail,"Lexington, Massachusetts, United States",2005-06-22,Divestiture,2011-06-01,Divestiture,5.9,False,,0,0,https://mergr.com/company/494,2026-09-03T23:54:45Z
58,BRS,New York,487,Marshall Retail Group,Retail,"Las Vegas, Nevada, United States",2005-03-11,Secondary Buyout,2008-09-16,Trade Sale - Public Company,3.5,False,,0,0,https://mergr.com/company/487,2026-09-03T23:54:45Z
58,BRS,New York,5090,"Seroyal International, Inc.",Distribution,"Richmond Hill, Ontario, Canada",2005-01-11,Recapitalization,2011-01-04,Divestiture,5.9,False,40,1,0,https://mergr.com/company/5090,2026-09-03T23:54:45Z
58,BRS,New York,16646,Totes Isotoner Corp.,Apparel/Textiles,"Cincinnati, Ohio, United States",2004-09-14,Secondary Buyout,2007-01-31,Merger,2.3,False,,0,0,https://mergr.com/company/16646,2026-09-03T23:54:45Z
58,BRS,New York,497,Crystal Clean,Environmental,"Hoffman Estates, Illinois, United States",2004-02-24,Growth Capital,2008-03-01,IPO,4,False,709,0,0,https://mergr.com/company/497,2026-09-03T23:54:45Z
58,BRS,New York,498,The Sheridan Group,Business Services,"Hunt Valley, Maryland, United States",2003-08-21,Secondary Buyout,,,23,True,,1,0,https://mergr.com/company/498,2026-09-03T23:54:45Z
58,BRS,New York,489,Remington,Defense,"Madison, North Carolina, United States",2003-02-12,Recapitalization,2007-04-05,Trade Sale - Public Company,4.1,False,393,0,0,https://mergr.com/company/489,2026-09-03T23:54:45Z
58,BRS,New York,488,MWI Animal Health,Distribution,"Meridian, Idaho, United States",2002-06-18,Recapitalization,2005-08-03,IPO,3.1,False,2347,0,0,https://mergr.com/company/488,2026-09-03T23:54:45Z
58,BRS,New York,483,Eurofresh,Food,"Willcox, Arkansas, United States",2001-12-31,Recapitalization,2004-01-01,Recapitalization,2,False,,0,0,https://mergr.com/company/483,2026-09-03T23:54:45Z
58,BRS,New York,474,McCormick and Schmick,Restaurants,"Portland, Oregon, United States",2001-08-22,Divestiture,2011-11-08,Trade Sale - Public Company,10.2,False,,0,0,https://mergr.com/company/474,2026-09-03T23:54:45Z
58,BRS,New York,485,Il Fornaio,Restaurants,"Corte Madera, California, United States",2001-07-01,"Buyout (LBO, MBO, MBI)",2011-06-13,Trade Sale - Public Company,9.9,False,,0,0,https://mergr.com/company/485,2026-09-03T23:54:45Z
58,BRS,New York,75701,Icm Equipment Co.,Machinery,"Salt Lake City, Utah, United States",1999-06-01,"Buyout (LBO, MBO, MBI)",2002-06-01,Divestiture,3,False,,0,0,https://mergr.com/company/75701,2026-09-03T23:54:45Z
58,BRS,New York,75697,Head & Engquist Equipment LLC,Machinery,United States,1999-05-01,"Buyout (LBO, MBO, MBI)",2002-06-01,Divestiture,3.1,False,,0,0,https://mergr.com/company/75697,2026-09-03T23:54:45Z
58,BRS,New York,472,Au Bon Pain,Restaurants,"Boston, Massachusetts, United States",1999-05-01,"Buyout (LBO, MBO, MBI)",2002-01-01,Trade Sale - Public Company,2.7,False,,0,0,https://mergr.com/company/472,2026-09-03T23:54:45Z
58,BRS,New York,475,Xperience Restaurant Group,Restaurants,"Cypress, California, United States",1998-10-01,"Buyout (LBO, MBO, MBI)",2006-07-12,Trade Sale - Public Company,7.8,False,,0,0,https://mergr.com/company/475,2026-09-03T23:54:45Z
58,BRS,New York,1007,Penhall,Construction,"Irving, Texas, United States",1998-08-01,"Buyout (LBO, MBO, MBI)",2006-07-28,Trade Sale - Public Company,7.9,False,,0,0,https://mergr.com/company/1007,2026-09-03T23:54:45Z
58,BRS,New York,477,Alliance Laundry,Manufacturing,"Ripon, Wisconsin, United States",1998-02-01,Divestiture,2005-01-27,Trade Sale - Public Company,6.9,False,,0,0,https://mergr.com/company/477,2026-09-03T23:54:45Z
58,BRS,New York,499,HealthPlus,Healthcare Services,"Houston, Texas, United States",1997-12-01,"Buyout (LBO, MBO, MBI)",,,28.8,True,,0,0,https://mergr.com/company/499,2026-09-03T23:54:45Z
58,BRS,New York,18511,California Pizza Kitchen,Restaurants,"Costa Mesa, California, United States",1997-07-04,Divestiture,2000-08-01,IPO,3,False,,0,0,https://mergr.com/company/18511,2026-09-03T23:54:45Z
58,BRS,New York,481,B&G Foods,Food,"Parsippany, New Jersey, United States",1996-12-01,"Buyout (LBO, MBO, MBI)",2004-10-08,IPO,7.8,False,1829,1,0,https://mergr.com/company/481,2026-09-03T23:54:45Z
58,BRS,New York,493,Town Sports International,Consumer Services,"Jupiter, Florida, United States",1996-12-01,Recapitalization,2006-06-01,IPO,9.5,False,467,0,0,https://mergr.com/company/493,2026-09-03T23:54:45Z
58,BRS,New York,476,Restaurant Associates,Restaurants,"New York City, New York, United States",1996-10-01,Stake Purchase,2000-06-01,Trade Sale,3.7,False,,0,0,https://mergr.com/company/476,2026-09-03T23:54:45Z
58,BRS,New York,473,Doane Pet Care,Consumer Products,"Franklin, Tennessee, United States",1996-04-01,"Buyout (LBO, MBO, MBI)",2005-08-29,Trade Sale - Public Company,9.3,False,,0,0,https://mergr.com/company/473,2026-09-03T23:54:45Z
146,Diamond Castle Holdings,New York,261439,Beacon Health Options,Healthcare Services,"Boston, Massachusetts, United States",2015-01-05,"Buyout (LBO, MBO, MBI)",2019-06-06,Divestiture,4.4,False,,1,0,https://mergr.com/company/261439,2026-09-03T23:54:45Z
146,Diamond Castle Holdings,New York,26335,ProDirectional,Energy Services and Equipment,"Conroe, Texas, United States",2010-12-01,Secondary Buyout,2019-01-10,Trade Sale - Public Company,8.1,False,,0,0,https://mergr.com/company/26335,2026-09-03T23:54:45Z
146,Diamond Castle Holdings,New York,26334,KDC Solar LLC,Renewable Energy,"Bedminster, New Jersey, United States",2010-06-07,"Buyout (LBO, MBO, MBI)",,,16.2,True,,0,1,https://mergr.com/company/26334,2026-09-03T23:54:45Z
146,Diamond Castle Holdings,New York,995,Suture Express,Healthcare Services,"Lenexa, Kansas, United States",2010-01-28,Secondary Buyout,,,16.6,True,,0,0,https://mergr.com/company/995,2026-09-03T23:54:45Z
146,Diamond Castle Holdings,New York,22390,"YORK Label, Inc.",Business Services,"Omaha, Nebraska, United States",2008-09-04,Secondary Buyout,2011-10-03,Divestiture,3,False,,1,0,https://mergr.com/company/22390,2026-09-03T23:54:45Z
146,Diamond Castle Holdings,New York,20299,EverBank,Financial Services,"Jacksonville, Florida, United States",2008-05-01,Stake Purchase,2012-05-03,IPO,4,False,1094,1,0,https://mergr.com/company/20299,2026-09-03T23:54:45Z
146,Diamond Castle Holdings,New York,4913,"Managed Health Care Associates, Inc.",Healthcare Services,"Florham Park, New Jersey, United States",2007-08-09,Secondary Buyout,2013-04-17,Divestiture,5.7,False,,2,0,https://mergr.com/company/4913,2026-09-03T23:54:45Z
146,Diamond Castle Holdings,New York,1197,Public Safety Equipment,Safety/Security,"Yeadon, United Kingdom",2007-02-18,Stake Purchase,2010-06-01,Trade Sale,3.3,False,,0,0,https://mergr.com/company/1197,2026-09-03T23:54:45Z
146,Diamond Castle Holdings,New York,1191,Bonten Media Group,Media,"New York, New York, United States",2006-11-01,"Buyout (LBO, MBO, MBI)",,,19.8,True,,0,0,https://mergr.com/company/1191,2026-09-03T23:54:45Z
146,Diamond Castle Holdings,New York,1196,Nes Rentals,Business Services,"Des Plaines, Illinois, United States",2006-05-24,Add-on Acquisition,2017-01-25,Bankruptcy,10.7,False,,0,0,https://mergr.com/company/1196,2026-09-03T23:54:45Z
192,First Atlantic Capital,New York,7669,TestEquity,Test/Measurement Equipment,"Moorpark, California, United States",2012-12-23,Secondary Buyout,2017-05-11,Trade Sale - Public Company,4.3,False,,2,0,https://mergr.com/company/7669,2026-09-03T23:54:45Z
192,First Atlantic Capital,New York,53206,C-P Flexible Packaging,Packaging,"York, Pennsylvania, United States",2012-12-20,"Buyout (LBO, MBO, MBI)",2025-10-01,Spin Off,12.8,False,,7,0,https://mergr.com/company/53206,2026-09-03T23:54:45Z
192,First Atlantic Capital,New York,2874,Resource Label Group,Packaging,"Franklin, Tennessee, United States",2011-04-05,Secondary Buyout,2021-07-08,Trade Sale - Public Company,10.3,False,,18,0,https://mergr.com/company/2874,2026-09-03T23:54:45Z
192,First Atlantic Capital,New York,1134,Sprint Industrial,Business Services,"Houston, Texas, United States",2007-11-13,Secondary Buyout,2019-07-01,Divestiture,11.6,False,,0,0,https://mergr.com/company/1134,2026-09-03T23:54:45Z
192,First Atlantic Capital,New York,27433,BHM Technologies LLC,Automotive,"Ionia, Michigan, United States",2006-07-25,Secondary Buyout,2008-07-12,Bankruptcy,1.9,False,,0,0,https://mergr.com/company/27433,2026-09-03T23:54:45Z
192,First Atlantic Capital,New York,13911,Precision Parts International LLC,Manufacturing,"Rochester Hills, Michigan, United States",2005-09-19,Secondary Buyout,,,20.9,True,,1,0,https://mergr.com/company/13911,2026-09-03T23:54:45Z
192,First Atlantic Capital,New York,18312,"Captive Plastics, Inc.",Plastics,"Piscataway, New Jersey, United States",2004-07-22,"Buyout (LBO, MBO, MBI)",2008-02-05,Divestiture,3.5,False,,2,0,https://mergr.com/company/18312,2026-09-03T23:54:45Z
192,First Atlantic Capital,New York,22191,"Prestolite Electric, Inc.",Electrical Equipment,"Plymouth, Michigan, United States",2004-03-04,Secondary Buyout,,,22.5,True,,0,0,https://mergr.com/company/22191,2026-09-03T23:54:45Z
192,First Atlantic Capital,New York,1565,Golfsmith,Retail,"Austin, Texas, United States",2002-10-16,"Buyout (LBO, MBO, MBI)",2006-06-15,IPO,3.6,False,,0,0,https://mergr.com/company/1565,2026-09-03T23:54:45Z
192,First Atlantic Capital,New York,12279,Ranpak,Packaging,"Concord Township, Ohio, United States",2001-12-01,"Buyout (LBO, MBO, MBI)",2005-12-14,Trade Sale - Public Company,4,False,395,0,0,https://mergr.com/company/12279,2026-09-03T23:54:45Z
192,First Atlantic Capital,New York,19924,"Otis Spunkmeyer, Inc.",Food,"San Leandro, California, United States",1999-01-05,Recapitalization,2006-11-06,Divestiture,7.8,False,,0,0,https://mergr.com/company/19924,2026-09-03T23:54:45Z
192,First Atlantic Capital,New York,1564,Country Pure Foods,Food,"Akron, Ohio, United States",1995-01-01,"Buyout (LBO, MBO, MBI)",2010-08-13,Trade Sale - Public Company,15.6,False,,0,0,https://mergr.com/company/1564,2026-09-03T23:54:45Z
192,First Atlantic Capital,New York,22851,Patriot Sensors & Controls Corp.,Electronics,"Clawson, Michigan, United States",1994-01-01,"Buyout (LBO, MBO, MBI)",1999-08-02,Divestiture,5.6,False,,0,0,https://mergr.com/company/22851,2026-09-03T23:54:45Z
192,First Atlantic Capital,New York,28243,Berry,Plastics,"Evansville, Indiana, United States",1990-01-01,"Buyout (LBO, MBO, MBI)",2002-05-28,Trade Sale - Public Company,12.3,False,12258,1,0,https://mergr.com/company/28243,2026-09-03T23:54:45Z
337,Leeds Equity Partners,New York,251231,Learnosity,Internet Software and Services,"Dublin, Ireland",2025-01-16,Secondary Buyout,,,1.6,True,,0,0,https://mergr.com/company/251231,2026-09-03T23:54:45Z
337,Leeds Equity Partners,New York,330092,Archer Review,Education,"Austin, Texas, United States",2024-10-28,Growth Capital,,,1.8,True,,1,0,https://mergr.com/company/330092,2026-09-03T23:54:45Z
337,Leeds Equity Partners,New York,274619,OffSec,Education,"New York, New York, United States",2024-10-15,Secondary Buyout,,,1.8,True,,0,0,https://mergr.com/company/274619,2026-09-03T23:54:45Z
337,Leeds Equity Partners,New York,255717,TouchMath,Publishing,"Colorado Springs, Colorado, United States",2024-02-29,Secondary Buyout,2026-03-11,Divestiture,2,False,,1,0,https://mergr.com/company/255717,2026-09-03T23:54:45Z
337,Leeds Equity Partners,New York,256397,Big Blue Marble Academy,Education,"Atlanta, Georgia, United States",2024-01-03,Secondary Buyout,,,2.7,True,,1,0,https://mergr.com/company/256397,2026-09-03T23:54:45Z
337,Leeds Equity Partners,New York,309662,TalentNeuron,Information Services,"New York, New York, United States",2023-02-02,Divestiture,,,3.6,True,,1,0,https://mergr.com/company/309662,2026-09-03T23:54:45Z
337,Leeds Equity Partners,New York,315603,e.Republic,Information Services,"Folsom, California, United States",2022-12-16,Stake Purchase,,,3.7,True,,0,0,https://mergr.com/company/315603,2026-09-03T23:54:45Z
337,Leeds Equity Partners,New York,310330,95 Percent Group,Education,"Lincolnshire, Illinois, United States",2021-12-07,Growth Capital,,,4.7,True,,5,0,https://mergr.com/company/310330,2026-09-03T23:54:45Z
337,Leeds Equity Partners,New York,268692,Scaled Agile,Business Services,"Boulder, Colorado, United States",2021-11-15,Secondary Buyout,2021-11-15,Trade Sale - Public Company,0,False,,0,0,https://mergr.com/company/268692,2026-09-03T23:54:45Z
337,Leeds Equity Partners,New York,336763,Genius,Education,"Miramar, Florida, United States",2021-09-19,Growth Capital,,,4.9,True,,1,0,https://mergr.com/company/336763,2026-09-03T23:54:45Z
337,Leeds Equity Partners,New York,315601,Archive360,Software,"New York, New York, United States",2021-09-16,Growth Capital,,,4.9,True,,0,0,https://mergr.com/company/315601,2026-09-03T23:54:45Z
337,Leeds Equity Partners,New York,315602,eLuma,Software,"Lehi, Utah, United States",2021-07-20,Stake Purchase,,,5.1,True,,0,0,https://mergr.com/company/315602,2026-09-03T23:54:45Z
337,Leeds Equity Partners,New York,285264,engage2learn,Education,"Austin, Texas, United States",2021-05-12,"Buyout (LBO, MBO, MBI)",,,5.3,True,,3,0,https://mergr.com/company/285264,2026-09-03T23:54:45Z
337,Leeds Equity Partners,New York,311640,OptionMetrics,Information Services,"New York, New York, United States",2021-04-30,Growth Capital,2026-08-05,Trade Sale - Public Company,5.3,False,,1,0,https://mergr.com/company/311640,2026-09-03T23:54:45Z
337,Leeds Equity Partners,New York,264627,Crucial Learning,Education,"Provo, Utah, United States",2019-09-30,Divestiture,,,6.9,True,,1,0,https://mergr.com/company/264627,2026-09-03T23:54:45Z
337,Leeds Equity Partners,New York,268692,Scaled Agile,Business Services,"Boulder, Colorado, United States",2019-07-09,Growth Capital,2021-11-15,Trade Sale - Public Company,2.3,False,,0,0,https://mergr.com/company/268692,2026-09-03T23:54:45Z
337,Leeds Equity Partners,New York,56558,LRN,Information Technology,"New York, New York, United States",2018-12-19,Growth Capital,,,7.7,True,,2,0,https://mergr.com/company/56558,2026-09-03T23:54:45Z
337,Leeds Equity Partners,New York,261598,Exterro,Internet Software and Services,"Portland, Oregon, United States",2018-06-13,Growth Capital,,,8.2,True,,4,0,https://mergr.com/company/261598,2026-09-03T23:54:45Z
337,Leeds Equity Partners,New York,248805,Endeavor,Education,"Miami, Florida, United States",2018-02-20,Growth Capital,,,8.5,True,,10,0,https://mergr.com/company/248805,2026-09-03T23:54:45Z
337,Leeds Equity Partners,New York,7195,Fusion Education Group,Education,"Grand Rapids, Michigan, United States",2017-12-11,Secondary Buyout,,,8.7,True,,1,0,https://mergr.com/company/7195,2026-09-03T23:54:45Z
337,Leeds Equity Partners,New York,250028,CeriFi,Education,"Alpharetta, Georgia, United States",2017-05-01,Consolidation,,,9.3,True,,12,0,https://mergr.com/company/250028,2026-09-03T23:54:45Z
337,Leeds Equity Partners,New York,110997,Prosci,Education,"Fort Collins, Colorado, United States",2016-12-22,Recapitalization,,,9.7,True,,2,0,https://mergr.com/company/110997,2026-09-03T23:54:45Z
337,Leeds Equity Partners,New York,250253,Simplify Compliance,Software,"Brentwood, Tennessee, United States",2016-12-08,Consolidation,,,9.7,True,,5,2,https://mergr.com/company/250253,2026-09-03T23:54:45Z
337,Leeds Equity Partners,New York,258574,Project Management Academy,Education,"Boston, Massachusetts, United States",2015-12-01,"Buyout (LBO, MBO, MBI)",2019-06-18,Trade Sale - Public Company,3.5,False,,2,0,https://mergr.com/company/258574,2026-09-03T23:54:45Z
337,Leeds Equity Partners,New York,135033,iModules,Internet Software and Services,"Overland Park, Kansas, United States",2014-10-14,"Buyout (LBO, MBO, MBI)",2020-07-07,Trade Sale,5.7,False,,1,0,https://mergr.com/company/135033,2026-09-03T23:54:45Z
337,Leeds Equity Partners,New York,268209,Edcentric,Internet Software and Services,"Overland Park, Kansas, United States",2014-10-01,"Buyout (LBO, MBO, MBI)",2020-01-16,Trade Sale - Public Company,5.3,False,,1,0,https://mergr.com/company/268209,2026-09-03T23:54:45Z
337,Leeds Equity Partners,New York,187989,Fulcrum Financial Data LLC,Information Services,"New York, New York, United States",2014-09-30,"Buyout (LBO, MBO, MBI)",2018-05-31,Divestiture,3.7,False,,2,0,https://mergr.com/company/187989,2026-09-03T23:54:45Z
337,Leeds Equity Partners,New York,35517,INTO,Education,"Brighton, United Kingdom",2013-01-15,"Buyout (LBO, MBO, MBI)",,,13.6,True,,0,0,https://mergr.com/company/35517,2026-09-03T23:54:45Z
337,Leeds Equity Partners,New York,35209,Evanta Inc.,Business Services,"Portland, Oregon, United States",2012-09-18,Divestiture,2016-04-04,Divestiture,3.5,False,,0,0,https://mergr.com/company/35209,2026-09-03T23:54:45Z
337,Leeds Equity Partners,New York,32140,Amplifire,Software,"Boulder, Colorado, United States",2012-06-01,"Buyout (LBO, MBO, MBI)",2022-07-25,Trade Sale - Public Company,10.1,False,,0,0,https://mergr.com/company/32140,2026-09-03T23:54:45Z
337,Leeds Equity Partners,New York,614,Nobel Learning Communities,Education,"West Chester, Pennsylvania, United States",2011-08-10,Going Private,2015-03-30,Trade Sale - Public Company,3.6,False,,0,0,https://mergr.com/company/614,2026-09-03T23:54:45Z
337,Leeds Equity Partners,New York,27424,BARBRI,Education,"Dallas, Texas, United States",2011-04-25,Divestiture,2021-03-31,Trade Sale - Public Company,9.9,False,,3,0,https://mergr.com/company/27424,2026-09-03T23:54:45Z
337,Leeds Equity Partners,New York,223768,Seaton Corp.,Staffing,"Chicago, Illinois, United States",2010-05-13,"Buyout (LBO, MBO, MBI)",2014-06-02,Divestiture,4,False,,0,0,https://mergr.com/company/223768,2026-09-03T23:54:45Z
337,Leeds Equity Partners,New York,24517,"Staff Management Solutions, LLC",Staffing,"Chicago, Illinois, United States",2010-04-12,"Buyout (LBO, MBO, MBI)",2014-06-02,Divestiture,4.1,False,,0,0,https://mergr.com/company/24517,2026-09-03T23:54:45Z
337,Leeds Equity Partners,New York,6836,Ex Libris Group,Software,"Jerusalem, Israel",2008-08-05,Secondary Buyout,2012-11-16,Secondary Sale,4.3,False,,0,0,https://mergr.com/company/6836,2026-09-03T23:54:45Z
337,Leeds Equity Partners,New York,13420,Anthology,Software,"Boca Raton, Florida, United States",2008-01-17,"Buyout (LBO, MBO, MBI)",2020-01-16,Trade Sale - Public Company,11.9,False,,2,0,https://mergr.com/company/13420,2026-09-03T23:54:45Z
337,Leeds Equity Partners,New York,2772,Einstruction Corp.,Software,"Denton, Texas, United States",2007-06-07,Secondary Buyout,2013-08-07,Divestiture,6.2,False,,0,0,https://mergr.com/company/2772,2026-09-03T23:54:45Z
337,Leeds Equity Partners,New York,23357,"EduK Group, Inc.",Education,"Santurce, Puerto Rico",2007-03-01,"Buyout (LBO, MBO, MBI)",2010-06-10,Merger,3.3,False,,0,0,https://mergr.com/company/23357,2026-09-03T23:54:45Z
337,Leeds Equity Partners,New York,7630,Education Management Corp.,Education,"Pittsburgh, Pennsylvania, United States",2006-03-06,Going Private,2009-02-10,IPO,2.9,False,2272,0,0,https://mergr.com/company/7630,2026-09-03T23:54:45Z
337,Leeds Equity Partners,New York,1960,Miller Heiman,Education,"Chicago, Illinois, United States",2005-06-02,Secondary Buyout,2008-07-02,Trade Sale - Public Company,3.1,False,,0,0,https://mergr.com/company/1960,2026-09-03T23:54:45Z
337,Leeds Equity Partners,New York,13808,RealPage,Software,"Richardson, Texas, United States",2004-01-12,Venture,2010-08-11,IPO,6.5,False,988,2,0,https://mergr.com/company/13808,2026-09-03T23:54:45Z
337,Leeds Equity Partners,New York,9074,"Sagus International, Inc.",Furniture,"Oakbrook, Illinois, United States",2003-01-01,"Buyout (LBO, MBO, MBI)",2011-11-14,Divestiture,8.8,False,56,1,3,https://mergr.com/company/9074,2026-09-03T23:54:45Z
337,Leeds Equity Partners,New York,23210,Ross University,Education,"North Brunswick, New Jersey, United States",1997-06-02,"Buyout (LBO, MBO, MBI)",2003-03-19,Divestiture,5.8,False,,0,0,https://mergr.com/company/23210,2026-09-03T23:54:45Z
341,Liberty Partners,New York,2821,"Shelton Ogle Enterprises, Inc.",Education,"Arlington, Texas, United States",2006-10-01,"Buyout (LBO, MBO, MBI)",,,19.9,True,,0,0,https://mergr.com/company/2821,2026-09-03T23:54:45Z
341,Liberty Partners,New York,208831,California University of Protection and Intelligence Management (CUPIM),Education,"San Jose, California, United States",2006-07-03,"Buyout (LBO, MBO, MBI)",,,20.2,True,,0,0,https://mergr.com/company/208831,2026-09-03T23:54:45Z
341,Liberty Partners,New York,2820,Henley-Putnam University,Education,"San Jose, California, United States",2006-07-01,"Buyout (LBO, MBO, MBI)",,,20.2,True,,0,0,https://mergr.com/company/2820,2026-09-03T23:54:45Z
341,Liberty Partners,New York,22219,Component Hardware Group,Building Materials,"Matawan, New Jersey, United States",2006-07-01,"Buyout (LBO, MBO, MBI)",2013-07-11,Trade Sale - Public Company,7,False,,0,0,https://mergr.com/company/22219,2026-09-03T23:54:45Z
341,Liberty Partners,New York,2818,Concorde,Education,"Mission, Kansas, United States",2006-06-21,Secondary Buyout,2022-05-03,Trade Sale - Public Company,15.8,False,,0,0,https://mergr.com/company/2818,2026-09-03T23:54:45Z
341,Liberty Partners,New York,2815,NetMotion Software,Software,"Seattle, Washington, United States",2006-06-01,Secondary Buyout,2012-09-11,Trade Sale - Public Company,6.3,False,60,1,0,https://mergr.com/company/2815,2026-09-03T23:54:45Z
341,Liberty Partners,New York,2826,The Step2 Co. LLC,Consumer Products,"Streetsboro, Ohio, United States",2006-04-13,"Buyout (LBO, MBO, MBI)",2016-10-18,Divestiture,10.5,False,,0,0,https://mergr.com/company/2826,2026-09-03T23:54:45Z
341,Liberty Partners,New York,22215,"Chartwell Education Group, LLC",Education,"New York, New York, United States",2005-10-01,Venture,,,20.9,True,,0,0,https://mergr.com/company/22215,2026-09-03T23:54:45Z
341,Liberty Partners,New York,2822,YTI Career Institute,Education,"Altoona, Pennsylvania, United States",2005-05-01,"Buyout (LBO, MBO, MBI)",2013-12-04,Divestiture,8.6,False,,0,0,https://mergr.com/company/2822,2026-09-03T23:54:45Z
341,Liberty Partners,New York,2813,"EdgeAQ LLC (Edgenet, Inc.)",Internet Software and Services,"Nashville, Tennessee, United States",2004-09-01,"Buyout (LBO, MBO, MBI)",2014-01-15,Bankruptcy,9.3,False,,0,0,https://mergr.com/company/2813,2026-09-03T23:54:45Z
341,Liberty Partners,New York,208834,"Edison Schools Holdings, LLC",Education,"New York, New York, United States",2003-11-03,"Buyout (LBO, MBO, MBI)",,,22.8,True,,0,0,https://mergr.com/company/208834,2026-09-03T23:54:45Z
341,Liberty Partners,New York,22214,"Secure Data In Motion, Inc. (Sigaba)",Information Technology,"Sunnyvale, California, United States",2003-06-05,Going Private,2008-08-01,Divestiture,5.1,False,,0,0,https://mergr.com/company/22214,2026-09-03T23:54:45Z
341,Liberty Partners,New York,22227,"Source Technologies, LLC",Technology Hardware,"Charlotte, North Carolina, United States",2003-06-01,"Buyout (LBO, MBO, MBI)",2013-06-10,Trade Sale - Public Company,10,False,,0,1,https://mergr.com/company/22227,2026-09-03T23:54:45Z
341,Liberty Partners,New York,20816,"Technical Concepts, LLC",Consumer Products,"Winchester, Virginia, United States",2003-02-04,"Buyout (LBO, MBO, MBI)",2008-04-01,Divestiture,5.1,False,,0,0,https://mergr.com/company/20816,2026-09-03T23:54:45Z
341,Liberty Partners,New York,2824,"Fortress Technologies, Inc.",Technology Hardware,"Westford, Massachusetts, United States",2002-07-01,Venture,2011-06-14,Divestiture,8.9,False,,1,0,https://mergr.com/company/2824,2026-09-03T23:54:45Z
341,Liberty Partners,New York,208702,"American Nursing Services, Inc.",Healthcare Services,"Metairie, Louisiana, United States",2002-06-03,Growth Capital,,,24.3,True,,0,0,https://mergr.com/company/208702,2026-09-03T23:54:45Z
341,Liberty Partners,New York,21530,ConnectiCare,Healthcare Services,"Farmington, Connecticut, United States",2001-06-01,"Buyout (LBO, MBO, MBI)",2004-06-24,Divestiture,3,False,,0,0,https://mergr.com/company/21530,2026-09-03T23:54:45Z
341,Liberty Partners,New York,22213,"Seawave, LLC",Communications,"Middletown, Rhode Island, United States",2001-01-01,Growth Capital,2007-06-01,Divestiture,6.4,False,,0,0,https://mergr.com/company/22213,2026-09-03T23:54:45Z
341,Liberty Partners,New York,22211,Precyse,Medical Products,"Wayne, Pennsylvania, United States",2000-12-01,"Buyout (LBO, MBO, MBI)",2008-05-07,Trade Sale - Public Company,7.4,False,,1,0,https://mergr.com/company/22211,2026-09-03T23:54:45Z
341,Liberty Partners,New York,22207,"High Tower Software, Inc.",Information Technology,"Aliso Viejo, California, United States",2000-09-01,Venture,2008-11-25,Shut Down,8.2,False,,0,0,https://mergr.com/company/22207,2026-09-03T23:54:45Z
341,Liberty Partners,New York,2814,Healthx,Information Technology,"Indianapolis, Indiana, United States",2000-08-01,"Buyout (LBO, MBO, MBI)",2012-01-05,Merger,11.4,False,,1,0,https://mergr.com/company/2814,2026-09-03T23:54:45Z
341,Liberty Partners,New York,22210,"Patient Accounting Service Center, LLC ",Business Services,"Houston, Texas, United States",2000-07-01,"Buyout (LBO, MBO, MBI)",2004-01-07,Divestiture,3.5,False,,0,0,https://mergr.com/company/22210,2026-09-03T23:54:45Z
341,Liberty Partners,New York,21152,"Lumenos, Inc.",Healthcare Services,"Alexandria, Virginia, United States",2000-06-01,"Buyout (LBO, MBO, MBI)",2005-06-09,Divestiture,5,False,,0,0,https://mergr.com/company/21152,2026-09-03T23:54:45Z
341,Liberty Partners,New York,2816,"NetQoS, Inc.",Software,"Austin, Texas, United States",2000-06-01,"Buyout (LBO, MBO, MBI)",2009-09-14,Divestiture,9.3,False,,0,0,https://mergr.com/company/2816,2026-09-03T23:54:45Z
341,Liberty Partners,New York,22220,"Critikon Co., LLC.",Medical Products,"Tampa, Florida, United States",1998-11-06,Divestiture,2000-12-01,Trade Sale,2,False,,0,0,https://mergr.com/company/22220,2026-09-03T23:54:45Z
341,Liberty Partners,New York,2817,"Dental Technology, Inc. (dba SmileCare Family Dentistry)",Healthcare Services,"Santa Ana, California, United States",1997-06-04,"Buyout (LBO, MBO, MBI)",2011-08-02,Trade Sale,14.1,False,,0,0,https://mergr.com/company/2817,2026-09-03T23:54:45Z
341,Liberty Partners,New York,22218,Behr Holdings Corp.,Chemicals,"Santa Ana, California, United States",1997-05-01,Recapitalization,1999-09-01,Divestiture,2.3,False,,0,0,https://mergr.com/company/22218,2026-09-03T23:54:45Z
341,Liberty Partners,New York,22212,"Regulus Group, LLC",Business Services,"Napa, California, United States",1996-06-01,"Buyout (LBO, MBO, MBI)",2008-05-01,Trade Sale,11.9,False,,0,0,https://mergr.com/company/22212,2026-09-03T23:54:45Z
341,Liberty Partners,New York,22226,Onto Innovation,Semiconductors,"Wilmington, Massachusetts, United States",1996-06-01,Stake Purchase,1999-11-01,IPO,3.4,False,1005,0,0,https://mergr.com/company/22226,2026-09-03T23:54:45Z
341,Liberty Partners,New York,22225,"RathGibson, Inc.",Metals/Mining,"Lincolnshire, Illinois, United States",1995-04-01,"Buyout (LBO, MBO, MBI)",2006-02-13,Trade Sale - Public Company,10.8,False,,0,0,https://mergr.com/company/22225,2026-09-03T23:54:45Z
341,Liberty Partners,New York,208916,"Padcom, Inc.",Software,"Bethlehem, Pennsylvania, United States",1995-01-01,"Buyout (LBO, MBO, MBI)",2006-06-01,Spin Off,11.4,False,,0,0,https://mergr.com/company/208916,2026-09-03T23:54:45Z
341,Liberty Partners,New York,22224,"Zodiac Pool Care, Inc.",Electrical Equipment,"Vista, California, United States",1994-09-01,"Buyout (LBO, MBO, MBI)",1999-09-01,Trade Sale - Public Company,5,False,,0,0,https://mergr.com/company/22224,2026-09-03T23:54:45Z
341,Liberty Partners,New York,19976,Veradigm,Information Technology,"Chicago, Illinois, United States",1994-09-01,"Buyout (LBO, MBO, MBI)",1999-07-23,IPO,4.8,False,588,0,0,https://mergr.com/company/19976,2026-09-03T23:54:45Z
341,Liberty Partners,New York,208838,A Company Orthodontics,Medical Products,"San Diego, California, United States",1994-06-01,Divestiture,1998-04-09,Divestiture,3.8,False,,0,0,https://mergr.com/company/208838,2026-09-03T23:54:45Z
341,Liberty Partners,New York,22217,"Arcade Marketing, Inc.",Marketing,"New York, New York, United States",1993-11-01,"Buyout (LBO, MBO, MBI)",1997-12-01,Trade Sale - Public Company,4.1,False,,0,0,https://mergr.com/company/22217,2026-09-03T23:54:45Z
341,Liberty Partners,New York,2516,PlayPower,Consumer Products,"Huntersville, North Carolina, United States",1993-10-01,"Buyout (LBO, MBO, MBI)",2002-12-01,Trade Sale - Public Company,9.2,False,,0,0,https://mergr.com/company/2516,2026-09-03T23:54:45Z
341,Liberty Partners,New York,22222,Monaco Coach Corp.,Automotive,"Coburg, Oregon, United States",1993-03-01,Secondary Buyout,1993-09-01,IPO,0.5,False,,0,0,https://mergr.com/company/22222,2026-09-03T23:54:45Z
341,Liberty Partners,New York,22221,Datamax Corp.,Technology Hardware,"Orlando, Florida, United States",1993-02-01,Divestiture,2004-12-01,Trade Sale,11.8,False,,0,0,https://mergr.com/company/22221,2026-09-03T23:54:45Z
344,Lincolnshire Management,New York,336590,Abbiamo Pasta,Food,"Casselton, North Dakota, United States",2025-03-21,"Buyout (LBO, MBO, MBI)",,,1.4,True,,0,0,https://mergr.com/company/336590,2026-09-03T23:54:45Z
344,Lincolnshire Management,New York,311088,Banker Wire,Manufacturing,"Mukwonago, Wisconsin, United States",2023-03-14,"Buyout (LBO, MBO, MBI)",,,3.4,True,,0,0,https://mergr.com/company/311088,2026-09-03T23:54:45Z
344,Lincolnshire Management,New York,59702,US Auto Supply,Automotive,"Elgin, Illinois, United States",2022-11-22,Secondary Buyout,,,3.8,True,,0,0,https://mergr.com/company/59702,2026-09-03T23:54:45Z
344,Lincolnshire Management,New York,284612,REMEDI8,Safety/Security,"Lenexa, Kansas, United States",2021-04-28,Growth Capital,,,5.3,True,,3,0,https://mergr.com/company/284612,2026-09-03T23:54:45Z
344,Lincolnshire Management,New York,277007,Schumacher,Electrical Equipment,"Fort Worth, Illinois, United States",2020-10-06,Growth Capital,2022-04-20,Trade Sale - Public Company,1.5,False,,0,0,https://mergr.com/company/277007,2026-09-03T23:54:45Z
344,Lincolnshire Management,New York,265220,Powerhouse,Business Services,"Crowley, Texas, United States",2019-10-15,Growth Capital,,,6.8,True,,4,1,https://mergr.com/company/265220,2026-09-03T23:54:45Z
344,Lincolnshire Management,New York,111501,Fabbri Group,Machinery,"Vignola, Italy",2014-05-30,Stake Purchase,2017-10-02,Trade Sale - Public Company,3.3,False,,0,0,https://mergr.com/company/111501,2026-09-03T23:54:45Z
344,Lincolnshire Management,New York,22809,Amports,Business Services,"Jacksonville, Florida, United States",2014-05-21,Secondary Buyout,2018-04-03,Trade Sale - Public Company,3.8,False,,0,0,https://mergr.com/company/22809,2026-09-03T23:54:45Z
344,Lincolnshire Management,New York,109317,Holley,Automotive,"Nashville, Tennessee, United States",2013-10-24,Secondary Buyout,2018-10-29,Trade Sale - Public Company,5,False,614,2,0,https://mergr.com/company/109317,2026-09-03T23:54:45Z
344,Lincolnshire Management,New York,247985,CSAT Solutions,Business Services,"Houston, Texas, United States",2013-01-01,"Buyout (LBO, MBO, MBI)",2019-10-10,Trade Sale - Public Company,6.8,False,,0,0,https://mergr.com/company/247985,2026-09-03T23:54:45Z
344,Lincolnshire Management,New York,5524,National Pen Co. LLC,Consumer Products,"San Diego, California, United States",2012-11-27,Secondary Buyout,2016-12-12,Divestiture,4,False,,0,0,https://mergr.com/company/5524,2026-09-03T23:54:45Z
344,Lincolnshire Management,New York,6069,TRUE Sports,Consumer Products,"Memphis, Tennessee, United States",2012-08-27,Stake Purchase,,,14,True,,2,0,https://mergr.com/company/6069,2026-09-03T23:54:45Z
344,Lincolnshire Management,New York,24683,PADI,Education,"Rancho Santa Margarita, California, United States",2012-08-09,Secondary Buyout,2017-06-28,Trade Sale - Public Company,4.8,False,,0,0,https://mergr.com/company/24683,2026-09-03T23:54:45Z
344,Lincolnshire Management,New York,27308,Allison Marine Contractors,Marine,"Amelia, Louisiana, United States",2011-09-07,"Buyout (LBO, MBO, MBI)",,,14.9,True,,0,0,https://mergr.com/company/27308,2026-09-03T23:54:45Z
344,Lincolnshire Management,New York,27310,Latite Roofing,Construction,"Pompano Beach, Florida, United States",2010-12-22,"Buyout (LBO, MBO, MBI)",2025-01-08,Trade Sale - Public Company,14,False,,0,0,https://mergr.com/company/27310,2026-09-03T23:54:45Z
344,Lincolnshire Management,New York,25086,Phoenix Brands LLC,Consumer Products,"Stamford, Connecticut, United States",2010-08-12,Secondary Buyout,2016-05-20,Bankruptcy,5.8,False,,0,0,https://mergr.com/company/25086,2026-09-03T23:54:45Z
344,Lincolnshire Management,New York,22805,Wabash National,Automotive,"Lafayette, Indiana, United States",2009-08-03,Stake Purchase,,,17.1,True,1543,5,1,https://mergr.com/company/22805,2026-09-03T23:54:45Z
344,Lincolnshire Management,New York,22809,Amports,Business Services,"Jacksonville, Florida, United States",2006-05-26,Divestiture,2007-04-26,Trade Sale - Public Company,0.9,False,,0,0,https://mergr.com/company/22809,2026-09-03T23:54:45Z
344,Lincolnshire Management,New York,2845,Desch Plantpak,Plastics,"Waalwijk, Netherlands",2006-03-01,"Buyout (LBO, MBO, MBI)",,,20.5,True,,1,0,https://mergr.com/company/2845,2026-09-03T23:54:45Z
344,Lincolnshire Management,New York,5084,CREO Group,Plastics,"Kissimmee, Florida, United States",2005-05-26,"Buyout (LBO, MBO, MBI)",2023-04-03,Trade Sale - Public Company,17.8,False,,1,0,https://mergr.com/company/5084,2026-09-03T23:54:45Z
344,Lincolnshire Management,New York,2850,Paddock Pool Construction Co.,Construction,"Scottsdale, Arizona, United States",2005-01-01,"Buyout (LBO, MBO, MBI)",2014-05-08,Divestiture,9.3,False,,0,0,https://mergr.com/company/2850,2026-09-03T23:54:45Z
344,Lincolnshire Management,New York,18319,CrossCom,Information Technology,"Buffalo Grove, Illinois, United States",2004-11-02,Recapitalization,,,21.8,True,,0,0,https://mergr.com/company/18319,2026-09-03T23:54:45Z
344,Lincolnshire Management,New York,22813,"Nexcycle Plastics, Inc.",Environmental,"Brampton, Ontario, Canada",2004-04-01,"Buyout (LBO, MBO, MBI)",,,22.4,True,,0,0,https://mergr.com/company/22813,2026-09-03T23:54:45Z
344,Lincolnshire Management,New York,20940,Stretto,Business Services,"Irvine, California, United States",2003-12-16,"Buyout (LBO, MBO, MBI)",2006-08-01,Trade Sale - Public Company,2.6,False,,0,0,https://mergr.com/company/20940,2026-09-03T23:54:45Z
344,Lincolnshire Management,New York,22826,"Kathryn Beich, Inc.",Business Services,"Bloomington, Illinois, United States",2002-09-23,"Buyout (LBO, MBO, MBI)",2008-04-25,Divestiture,5.6,False,,0,0,https://mergr.com/company/22826,2026-09-03T23:54:45Z
344,Lincolnshire Management,New York,20947,3SI Security Systems,Safety/Security,"Malvern, Pennsylvania, United States",2002-07-26,"Buyout (LBO, MBO, MBI)",2004-01-06,Trade Sale - Public Company,1.4,False,60,0,0,https://mergr.com/company/20947,2026-09-03T23:54:45Z
344,Lincolnshire Management,New York,22823,"Riddell Sports Group, Inc.",Consumer Products,"Rosemont, Illinois, United States",2001-06-26,"Buyout (LBO, MBO, MBI)",2003-07-06,Secondary Sale,2,False,,0,0,https://mergr.com/company/22823,2026-09-03T23:54:45Z
344,Lincolnshire Management,New York,22815,Glassalum International Corp.,Building Materials,"Miami, Florida, United States",2000-08-14,"Buyout (LBO, MBO, MBI)",,,26,True,,0,0,https://mergr.com/company/22815,2026-09-03T23:54:45Z
344,Lincolnshire Management,New York,22812,Transcraft Corp.,Machinery,"Cadiz, Kentucky, United States",1999-01-01,"Buyout (LBO, MBO, MBI)",2006-03-03,Divestiture,7.2,False,,0,0,https://mergr.com/company/22812,2026-09-03T23:54:45Z
344,Lincolnshire Management,New York,22822,Imperial Products LLC,Building Materials,"Richmond, Indiana, United States",1997-01-01,"Buyout (LBO, MBO, MBI)",2000-04-04,Divestiture,3.3,False,,0,0,https://mergr.com/company/22822,2026-09-03T23:54:45Z
344,Lincolnshire Management,New York,22818,"Williams Machine & Tool, Inc.",Machinery,"Monticello, Iowa, United States",1997-01-01,"Buyout (LBO, MBO, MBI)",1999-05-11,Divestiture,2.3,False,,0,0,https://mergr.com/company/22818,2026-09-03T23:54:45Z
344,Lincolnshire Management,New York,22817,"Energy Manufacturing Co., Inc.",Machinery,"Monticello, Iowa, United States",1997-01-01,"Buyout (LBO, MBO, MBI)",1999-06-24,Divestiture,2.4,False,,1,0,https://mergr.com/company/22817,2026-09-03T23:54:45Z
458,Quad Partners,New York,153773,Nord Anglia Education,Education,"London, United Kingdom",2024-10-21,Secondary Buyout,,,1.8,True,474,0,0,https://mergr.com/company/153773,2026-09-03T23:54:45Z
458,Quad Partners,New York,279670,Edwin Group,Staffing,"Sheffield, United Kingdom",2024-07-17,Secondary Buyout,,,2.1,True,,0,0,https://mergr.com/company/279670,2026-09-03T23:54:45Z
458,Quad Partners,New York,284978,15Five,Software,"San Francisco, California, United States",2022-07-21,Venture,,,4.1,True,,1,0,https://mergr.com/company/284978,2026-09-03T23:54:45Z
458,Quad Partners,New York,4845,Goddard Systems,Education,"King Of Prussia, Pennsylvania, United States",2022-06-30,Secondary Buyout,,,4.2,True,,0,0,https://mergr.com/company/4845,2026-09-03T23:54:45Z
458,Quad Partners,New York,300849,eSpark Learning,Internet Software and Services,"Wilmington, Delaware, United States",2022-01-05,Growth Capital,,,4.6,True,,0,0,https://mergr.com/company/300849,2026-09-03T23:54:45Z
458,Quad Partners,New York,300851,Vivi,Software,"South Yarra, Australia",2021-12-21,Growth Capital,,,4.7,True,,0,0,https://mergr.com/company/300851,2026-09-03T23:54:45Z
458,Quad Partners,New York,300850,InPlace Software,Internet Software and Services,"Melbourne, Australia",2021-04-07,Growth Capital,,,5.3,True,,0,0,https://mergr.com/company/300850,2026-09-03T23:54:45Z
458,Quad Partners,New York,300848,Amplio,Internet Software and Services,"Rockville, Maryland, United States",2021-04-05,Growth Capital,,,5.3,True,,0,0,https://mergr.com/company/300848,2026-09-03T23:54:45Z
458,Quad Partners,New York,249068,Cayuse,Software,"Portland, Oregon, United States",2020-08-27,Secondary Buyout,2020-08-27,Trade Sale - Public Company,0,False,,0,0,https://mergr.com/company/249068,2026-09-03T23:54:45Z
458,Quad Partners,New York,272730,The Gardner School,Education,"Franklin, Tennessee, United States",2019-10-02,Growth Capital,,,6.9,True,,1,0,https://mergr.com/company/272730,2026-09-03T23:54:45Z
458,Quad Partners,New York,258471,SchoolAdmin LLC,Education,"Austin, Texas, United States",2019-02-19,Growth Capital,2021-03-10,Divestiture,2,False,,0,0,https://mergr.com/company/258471,2026-09-03T23:54:45Z
458,Quad Partners,New York,272736,Accelerate Learning,Education,"Houston, Texas, United States",2018-12-10,Growth Capital,,,7.7,True,,2,0,https://mergr.com/company/272736,2026-09-03T23:54:45Z
458,Quad Partners,New York,249068,Cayuse,Software,"Portland, Oregon, United States",2017-07-13,Divestiture,2020-08-27,Trade Sale - Public Company,3.1,False,,2,0,https://mergr.com/company/249068,2026-09-03T23:54:45Z
458,Quad Partners,New York,249740,Watermark,Software,"Austin, Texas, United States",2016-08-02,Growth Capital,,,10.1,True,,1,0,https://mergr.com/company/249740,2026-09-03T23:54:45Z
458,Quad Partners,New York,8785,Inside Higher Ed,Digital Media,"Washington, District of Columbia, United States",2014-11-01,Secondary Buyout,2022-01-10,Divestiture,7.2,False,,0,0,https://mergr.com/company/8785,2026-09-03T23:54:45Z
458,Quad Partners,New York,272725,ILSC,Education,"Vancouver, British Columbia, Canada",2014-10-21,Recapitalization,,,11.8,True,,1,0,https://mergr.com/company/272725,2026-09-03T23:54:45Z
458,Quad Partners,New York,8955,Ruffalo Noel Levitz,Software,"Cedar Rapids, Iowa, United States",2013-05-30,Secondary Buyout,2025-10-06,Divestiture,12.3,False,,4,0,https://mergr.com/company/8955,2026-09-03T23:54:45Z
458,Quad Partners,New York,23350,B&H Education,Education,"Beverly Hills, California, United States",2010-07-08,Secondary Buyout,2010-07-08,Trade Sale - Public Company,0,False,,0,0,https://mergr.com/company/23350,2026-09-03T23:54:45Z
458,Quad Partners,New York,14298,"Teachscape, Inc.",Information Technology,"San Francisco, California, United States",2009-08-13,Venture,,,17,True,,0,0,https://mergr.com/company/14298,2026-09-03T23:54:45Z
458,Quad Partners,New York,14807,Pacific College of Health and Science,Education,"San Diego, California, United States",2009-02-02,"Buyout (LBO, MBO, MBI)",,,17.6,True,,0,0,https://mergr.com/company/14807,2026-09-03T23:54:45Z
458,Quad Partners,New York,11941,Swedish Institute,Education,"New York, New York, United States",2008-06-04,Stake Purchase,2025-10-13,Divestiture,17.3,False,,0,0,https://mergr.com/company/11941,2026-09-03T23:54:45Z
458,Quad Partners,New York,3617,Blue Cliff College,Education,"Metairie, Louisiana, United States",2008-04-08,"Buyout (LBO, MBO, MBI)",2022-04-26,Divestiture,14,False,,0,0,https://mergr.com/company/3617,2026-09-03T23:54:45Z
458,Quad Partners,New York,3616,Beckfield College,Education,"Florence, Kentucky, United States",2006-10-26,"Buyout (LBO, MBO, MBI)",2022-01-01,Divestiture,15.2,False,,0,0,https://mergr.com/company/3616,2026-09-03T23:54:45Z
458,Quad Partners,New York,3623,Stratford School,Education,"Campbell, California, United States",2005-05-01,"Buyout (LBO, MBO, MBI)",2012-05-24,Trade Sale - Public Company,7,False,,0,0,https://mergr.com/company/3623,2026-09-03T23:54:45Z
458,Quad Partners,New York,3619,"Star Career Academy, Inc.",Education,"Berlin, New Jersey, United States",2005-05-01,"Buyout (LBO, MBO, MBI)",2010-08-03,Trade Sale - Public Company,5.3,False,,0,0,https://mergr.com/company/3619,2026-09-03T23:54:45Z
458,Quad Partners,New York,23350,B&H Education,Education,"Beverly Hills, California, United States",2004-03-01,"Buyout (LBO, MBO, MBI)",2010-07-08,Trade Sale - Public Company,6.3,False,,1,0,https://mergr.com/company/23350,2026-09-03T23:54:45Z
458,Quad Partners,New York,104057,"America's Choice School Design, Inc.",Education,"Washington, District of Columbia, United States",2004-01-01,Stake Purchase,2010-09-07,Divestiture,6.7,False,,0,0,https://mergr.com/company/104057,2026-09-03T23:54:45Z
500,Sandler Capital Management,New York,9527,Charter Communications,Communications,"Stamford, Connecticut, United States",2013-03-19,Stake Purchase,,,13.4,True,54774,5,0,https://mergr.com/company/9527,2026-09-03T23:54:45Z
500,Sandler Capital Management,New York,3163,"Penton Media, Inc.",Information Technology,"New York, New York, United States",2007-02-01,Secondary Buyout,2016-09-15,Divestiture,9.6,False,,10,0,https://mergr.com/company/3163,2026-09-03T23:54:45Z
500,Sandler Capital Management,New York,3862,Global Japan Network,Media,"North Melbourne Vic, Australia",2007-01-05,"Buyout (LBO, MBO, MBI)",,,19.6,True,,0,0,https://mergr.com/company/3862,2026-09-03T23:54:45Z
500,Sandler Capital Management,New York,3876,Discover,Publishing,"New York, New York, United States",2005-11-21,"Buyout (LBO, MBO, MBI)",2010-08-05,Divestiture,4.7,False,,0,0,https://mergr.com/company/3876,2026-09-03T23:54:45Z
500,Sandler Capital Management,New York,3877,"Local Matters, Inc.",Information Technology,"Denver, Colorado, United States",2005-11-01,"Buyout (LBO, MBO, MBI)",,,20.8,True,,0,0,https://mergr.com/company/3877,2026-09-03T23:54:45Z
500,Sandler Capital Management,New York,3865,"Farelogix, Inc.",Information Technology,"Miami, Florida, United States",2005-03-02,Venture,2020-06-16,Divestiture,15.3,False,,0,0,https://mergr.com/company/3865,2026-09-03T23:54:45Z
500,Sandler Capital Management,New York,3871,HarborPoint Media,Publishing,"Leesburg, Florida, United States",2004-07-20,"Buyout (LBO, MBO, MBI)",,,22.1,True,,0,0,https://mergr.com/company/3871,2026-09-03T23:54:45Z
500,Sandler Capital Management,New York,9116,AMC,Media,"Leawood, Kansas, United States",2004-07-01,"Buyout (LBO, MBO, MBI)",2012-05-21,Divestiture,7.8,False,4849,2,1,https://mergr.com/company/9116,2026-09-03T23:54:45Z
500,Sandler Capital Management,New York,9977,MobilTel AD,Communications,"Sofia, Bulgaria",2004-05-26,"Buyout (LBO, MBO, MBI)",2005-01-06,Trade Sale,0.6,False,,0,0,https://mergr.com/company/9977,2026-09-03T23:54:45Z
500,Sandler Capital Management,New York,3858,"Nuera Communications, Inc.",Communications,"Somerset, New Jersey, United States",2003-05-13,"Buyout (LBO, MBO, MBI)",2006-05-18,Divestiture,3,False,,0,0,https://mergr.com/company/3858,2026-09-03T23:54:45Z
500,Sandler Capital Management,New York,3853,Gray Media,Media,"Atlanta, Georgia, United States",2002-10-31,Stake Purchase,,,23.8,True,3644,18,3,https://mergr.com/company/3853,2026-09-03T23:54:45Z
500,Sandler Capital Management,New York,3874,AAT Communications LLC,Communications,"Boca Raton, Florida, United States",2002-05-01,"Buyout (LBO, MBO, MBI)",2006-04-01,Divestiture,3.9,False,,0,0,https://mergr.com/company/3874,2026-09-03T23:54:45Z
500,Sandler Capital Management,New York,17040,American Cellular corp.,Communications,"Franklin, Tennessee, United States",1998-03-09,"Buyout (LBO, MBO, MBI)",2000-02-26,Divestiture,1.9,False,,0,0,https://mergr.com/company/17040,2026-09-03T23:54:45Z
507,Seaport Capital,New York,324584,FMC GlobalSat,Communications,"Fort Lauderdale, Florida, United States",2025-04-08,Growth Capital,,,1.3,True,,0,0,https://mergr.com/company/324584,2026-09-03T23:54:45Z
507,Seaport Capital,New York,266047,CyberlinkASP,Information Technology,"Dallas, Texas, United States",2023-08-03,Secondary Buyout,,,3.1,True,,2,0,https://mergr.com/company/266047,2026-09-03T23:54:45Z
507,Seaport Capital,New York,299227,Pearl Media,Marketing,"Montclair, New Jersey, United States",2022-04-28,Acquisition Financing,,,4.3,True,,1,0,https://mergr.com/company/299227,2026-09-03T23:54:45Z
507,Seaport Capital,New York,319819,Family Entertainment Live,Media,"Medina, Ohio, United States",2021-11-09,Growth Capital,2023-12-11,Divestiture,2.1,False,,0,0,https://mergr.com/company/319819,2026-09-03T23:54:45Z
507,Seaport Capital,New York,26980,Municipal Communications,Communications,"Atlanta, Georgia, United States",2021-10-25,Divestiture,,,4.8,True,,0,0,https://mergr.com/company/26980,2026-09-03T23:54:45Z
507,Seaport Capital,New York,322831,Exacom,Media,"Manchester, New Hampshire, United States",2020-12-01,Growth Capital,2026-03-12,Divestiture,5.3,False,,0,0,https://mergr.com/company/322831,2026-09-03T23:54:45Z
507,Seaport Capital,New York,31413,Linen King,Business Services,"Tulsa, Oklahoma, United States",2020-02-13,Secondary Buyout,2023-01-05,Divestiture,2.8,False,,1,0,https://mergr.com/company/31413,2026-09-03T23:54:45Z
507,Seaport Capital,New York,265529,eostar,Internet Software and Services,"Holland, Michigan, United States",2019-10-22,Growth Capital,2022-05-25,Divestiture,2.6,False,,0,0,https://mergr.com/company/265529,2026-09-03T23:54:45Z
507,Seaport Capital,New York,260212,All Traffic Data Services,Information Services,"Wheat Ridge, Colorado, United States",2019-04-22,Growth Capital,2024-01-03,Divestiture,4.7,False,,3,0,https://mergr.com/company/260212,2026-09-03T23:54:45Z
507,Seaport Capital,New York,273415,Municipal Communications II,Communications,"Atlanta, Georgia, United States",2018-12-05,Growth Capital,,,7.7,True,,0,0,https://mergr.com/company/273415,2026-09-03T23:54:45Z
507,Seaport Capital,New York,273393,Filmwerks,Business Services,"Rocky Point, North Carolina, United States",2018-06-21,Growth Capital,,,8.2,True,,0,0,https://mergr.com/company/273393,2026-09-03T23:54:45Z
507,Seaport Capital,New York,210516,Keg Logistics,Transportation,"Centennial, Colorado, United States",2017-07-20,Secondary Buyout,2026-04-07,Divestiture,8.7,False,,3,0,https://mergr.com/company/210516,2026-09-03T23:54:45Z
507,Seaport Capital,New York,273417,i3 Broadband,Communications,"Peoria, Illinois, United States",2016-12-06,"Buyout (LBO, MBO, MBI)",2020-09-14,Trade Sale - Public Company,3.8,False,,0,0,https://mergr.com/company/273417,2026-09-03T23:54:45Z
507,Seaport Capital,New York,226220,Quatris Healthco,Software,"Bedford, Texas, United States",2016-08-31,Growth Capital,2022-12-29,Bankruptcy,6.3,False,,1,0,https://mergr.com/company/226220,2026-09-03T23:54:45Z
507,Seaport Capital,New York,214521,bMedia Group,Marketing,"San Juan, Puerto Rico",2014-08-01,Growth Capital,,,12.1,True,,2,0,https://mergr.com/company/214521,2026-09-03T23:54:45Z
507,Seaport Capital,New York,67082,Quality Uptime Services,Business Services,"Bethel, Connecticut, United States",2013-09-09,"Buyout (LBO, MBO, MBI)",2024-06-24,Divestiture,10.8,False,,3,0,https://mergr.com/company/67082,2026-09-03T23:54:45Z
507,Seaport Capital,New York,35741,Atmosera,Information Technology,"Lake Oswego, Oregon, United States",2013-01-22,"Buyout (LBO, MBO, MBI)",,,13.6,True,,2,0,https://mergr.com/company/35741,2026-09-03T23:54:45Z
507,Seaport Capital,New York,35753,Net Access LLC,Information Technology,"Cedar Knolls, New Jersey, United States",2012-09-18,"Buyout (LBO, MBO, MBI)",2015-11-19,Divestiture,3.2,False,,0,0,https://mergr.com/company/35753,2026-09-03T23:54:45Z
507,Seaport Capital,New York,35837,FTJ FundChoice,Financial Services,"Hebron, Kentucky, United States",2012-07-18,"Buyout (LBO, MBO, MBI)",2017-02-27,Merger,4.6,False,,0,0,https://mergr.com/company/35837,2026-09-03T23:54:45Z
507,Seaport Capital,New York,26979,LogicWorks,Internet Software and Services,"New York, New York, United States",2011-04-05,Growth Capital,2016-12-15,Trade Sale - Public Company,5.7,False,,0,0,https://mergr.com/company/26979,2026-09-03T23:54:45Z
507,Seaport Capital,New York,26981,"Voxel Dot Net, Inc.",Information Technology,"New York, New York, United States",2011-03-25,Venture,2012-01-03,Divestiture,0.8,False,,0,0,https://mergr.com/company/26981,2026-09-03T23:54:45Z
507,Seaport Capital,New York,273414,Bay Communications II LLC,Communications,"Boston, Massachusetts, United States",2011-02-02,Growth Capital,,,15.6,True,,0,0,https://mergr.com/company/273414,2026-09-03T23:54:45Z
507,Seaport Capital,New York,26980,Municipal Communications,Communications,"Atlanta, Georgia, United States",2010-10-08,Growth Capital,2018-12-05,Divestiture,8.1,False,,0,1,https://mergr.com/company/26980,2026-09-03T23:54:45Z
507,Seaport Capital,New York,25463,Flexential,Information Technology,"Centennial, Colorado, United States",2009-07-15,Secondary Buyout,2010-10-01,Trade Sale - Public Company,1.2,False,,1,0,https://mergr.com/company/25463,2026-09-03T23:54:45Z
507,Seaport Capital,New York,35733,NFINIT,Information Technology,"San Diego, California, United States",2008-10-03,"Buyout (LBO, MBO, MBI)",,,17.9,True,,2,0,https://mergr.com/company/35733,2026-09-03T23:54:45Z
507,Seaport Capital,New York,133309,Alacrity Solutions,Business Services,"Fishers, Indiana, United States",2008-05-19,"Buyout (LBO, MBO, MBI)",2014-10-09,Trade Sale,6.3,False,,0,0,https://mergr.com/company/133309,2026-09-03T23:54:45Z
507,Seaport Capital,New York,22118,"Everest Broadband, Inc.",Communications,"Kansas City, Missouri, United States",2006-06-01,"Buyout (LBO, MBO, MBI)",2007-12-06,Divestiture,1.5,False,,0,0,https://mergr.com/company/22118,2026-09-03T23:54:45Z
507,Seaport Capital,New York,3901,MCV Broadband (Marianas Cablevision),Media,"Harmon, Guam",2005-01-01,"Buyout (LBO, MBO, MBI)",2013-05-22,Divestiture,8.3,False,,0,0,https://mergr.com/company/3901,2026-09-03T23:54:45Z
507,Seaport Capital,New York,22115,VIRGO Publishing LLC,Information Services,"Phoenix, Arizona, United States",2004-12-01,"Buyout (LBO, MBO, MBI)",2008-02-26,Trade Sale - Public Company,3.2,False,,0,0,https://mergr.com/company/22115,2026-09-03T23:54:45Z
507,Seaport Capital,New York,22123,Southeast Towers LLC,Communications,"Atlanta, Georgia, United States",2004-08-01,"Buyout (LBO, MBO, MBI)",2007-08-13,Divestiture,3,False,,0,0,https://mergr.com/company/22123,2026-09-03T23:54:45Z
507,Seaport Capital,New York,22117,Conversent Communications LLC,Communications,"Marlborough, Massachusetts, United States",2002-08-13,"Buyout (LBO, MBO, MBI)",2006-03-28,Trade Sale,3.6,False,,1,0,https://mergr.com/company/22117,2026-09-03T23:54:45Z
507,Seaport Capital,New York,3900,Mandalay Baseball Properties LLC,Leisure,"Los Angeles, California, United States",2002-01-01,"Buyout (LBO, MBO, MBI)",2013-04-05,Unknown,11.3,False,,0,0,https://mergr.com/company/3900,2026-09-03T23:54:45Z
507,Seaport Capital,New York,3897,Elias Arts LLC,Marketing,"New York City, New York, United States",2002-01-01,"Buyout (LBO, MBO, MBI)",,,24.7,True,,0,0,https://mergr.com/company/3897,2026-09-03T23:54:45Z
507,Seaport Capital,New York,3905,Pathlore Software Corp.,Software,"Columbus, Ohio, United States",2001-09-27,Venture,2005-10-04,Divestiture,4,False,,0,0,https://mergr.com/company/3905,2026-09-03T23:54:45Z
507,Seaport Capital,New York,3904,Switch & Data Facilities Co.,Information Technology,"Tampa, Florida, United States",2000-07-13,"Buyout (LBO, MBO, MBI)",2007-02-14,IPO,6.6,False,,0,0,https://mergr.com/company/3904,2026-09-03T23:54:45Z
507,Seaport Capital,New York,15971,SirsiDynix,Software,"Lehi, Utah, United States",1999-08-01,"Buyout (LBO, MBO, MBI)",2006-12-27,Trade Sale - Public Company,7.3,False,,0,0,https://mergr.com/company/15971,2026-09-03T23:54:45Z
507,Seaport Capital,New York,22122,"Reserve Holdings, Inc.",Communications,"Louisiana, United States",1998-01-01,"Buyout (LBO, MBO, MBI)",2007-10-15,Trade Sale,9.8,False,,0,0,https://mergr.com/company/22122,2026-09-03T23:54:45Z
507,Seaport Capital,New York,22477,"WNP Communications, Inc.",Communications,"Earlysville, Virginia, United States",1998-01-01,"Buyout (LBO, MBO, MBI)",1999-01-18,Divestiture,1,False,,0,0,https://mergr.com/company/22477,2026-09-03T23:54:45Z
507,Seaport Capital,New York,16486,Advantage Outdoor,Marketing,"Abilene, Texas, United States",1997-01-01,"Buyout (LBO, MBO, MBI)",2000-05-09,Divestiture,3.3,False,,0,0,https://mergr.com/company/16486,2026-09-03T23:54:45Z
592,Wicks Group,New York,278381,Sontiq,Information Technology,"Framingham, Massachusetts, United States",2019-07-10,Consolidation,2021-10-26,Divestiture,2.3,False,,3,0,https://mergr.com/company/278381,2026-09-03T23:54:45Z
592,Wicks Group,New York,249925,Screen Engine/ASI,Media,"Valley Village, California, United States",2017-09-10,Recapitalization,,,8.9,True,,1,0,https://mergr.com/company/249925,2026-09-03T23:54:45Z
592,Wicks Group,New York,238388,"EZShield, Inc.",Internet Software and Services,"Nottingham, Maryland, United States",2017-04-03,Secondary Buyout,2019-07-10,Divestiture,2.3,False,,1,0,https://mergr.com/company/238388,2026-09-03T23:54:45Z
592,Wicks Group,New York,7215,Syndigo,Information Technology,"Chicago, Illinois, United States",2017-01-25,Secondary Buyout,2018-10-25,Trade Sale - Public Company,1.8,False,,3,0,https://mergr.com/company/7215,2026-09-03T23:54:45Z
592,Wicks Group,New York,35913,Invo Healthcare,Healthcare Services,"Tampa, Pennsylvania, United States",2017-01-09,Recapitalization,2017-04-28,Trade Sale - Public Company,0.3,False,,0,0,https://mergr.com/company/35913,2026-09-03T23:54:45Z
592,Wicks Group,New York,219825,Bisnow,Media,"New York, New York, United States",2016-05-05,"Buyout (LBO, MBO, MBI)",,,10.3,True,,0,0,https://mergr.com/company/219825,2026-09-03T23:54:45Z
592,Wicks Group,New York,216876,Little Sprouts,Education,"Lawrence, Massachusetts, United States",2016-01-06,Secondary Buyout,,,10.6,True,,0,0,https://mergr.com/company/216876,2026-09-03T23:54:45Z
592,Wicks Group,New York,203995,Manifest,Media,"New York, New York, United States",2015-08-07,Consolidation,2024-03-20,Divestiture,8.6,False,,2,0,https://mergr.com/company/203995,2026-09-03T23:54:45Z
592,Wicks Group,New York,191968,Argyle Executive Forum LLC,Media,"New York, New York, United States",2015-06-15,"Buyout (LBO, MBO, MBI)",,,11.2,True,,4,1,https://mergr.com/company/191968,2026-09-03T23:54:45Z
592,Wicks Group,New York,60394,Southern Technical College,Education,"Orlando, Florida, United States",2012-11-09,"Buyout (LBO, MBO, MBI)",,,13.8,True,,1,0,https://mergr.com/company/60394,2026-09-03T23:54:45Z
592,Wicks Group,New York,203904,New Mountain Learning LLC,Education,"Saint Paul, Minnesota, United States",2012-11-07,Consolidation,2018-04-02,Trade Sale - Public Company,5.3,False,,2,0,https://mergr.com/company/203904,2026-09-03T23:54:45Z
592,Wicks Group,New York,221537,Northstar Travel Group,Information Services,"Rutherford, New Jersey, United States",2012-07-09,Secondary Buyout,2016-06-08,Trade Sale - Public Company,3.8,False,,3,0,https://mergr.com/company/221537,2026-09-03T23:54:45Z
592,Wicks Group,New York,30152,Bendon,Publishing,"Ashland, Ohio, United States",2012-02-15,"Buyout (LBO, MBO, MBI)",2015-03-31,Trade Sale - Public Company,3.1,False,,2,0,https://mergr.com/company/30152,2026-09-03T23:54:45Z
592,Wicks Group,New York,30154,"SCI Solutions, Inc.",Information Technology,"Seattle, Washington, United States",2011-07-01,Recapitalization,2020-04-01,Divestiture,8.8,False,,3,0,https://mergr.com/company/30154,2026-09-03T23:54:45Z
592,Wicks Group,New York,30153,Bonded Services Group LLC,Business Services,"Fort Lee, New Jersey, United States",2011-06-30,Secondary Buyout,2017-10-03,Divestiture,6.3,False,,1,0,https://mergr.com/company/30153,2026-09-03T23:54:45Z
592,Wicks Group,New York,24830,Antenna International,Information Technology,"London, United Kingdom",2010-09-08,Divestiture,,,15.9,True,,0,0,https://mergr.com/company/24830,2026-09-03T23:54:45Z
592,Wicks Group,New York,12235,Harris Connect LLC,Information Services,"Chesapeake, Virginia, United States",2008-09-15,"Buyout (LBO, MBO, MBI)",,,17.9,True,,1,0,https://mergr.com/company/12235,2026-09-03T23:54:45Z
592,Wicks Group,New York,16565,"The Gordian Group, Inc.",Software,"Mauldin, South Carolina, United States",2007-12-11,"Buyout (LBO, MBO, MBI)",2012-03-28,Trade Sale - Public Company,4.3,False,,0,0,https://mergr.com/company/16565,2026-09-03T23:54:45Z
592,Wicks Group,New York,4414,CFM Religion Publishing Group LLC,Publishing,"Cincinnati, Ohio, United States",2007-07-27,Consolidation,2012-11-07,Divestiture,5.3,False,,1,0,https://mergr.com/company/4414,2026-09-03T23:54:45Z
592,Wicks Group,New York,4406,Marketron,Software,"Hailey, Idaho, United States",2007-06-08,Secondary Buyout,2018-01-16,Trade Sale - Public Company,10.6,False,,1,0,https://mergr.com/company/4406,2026-09-03T23:54:45Z
592,Wicks Group,New York,4416,Penn Foster Group,Education,"Scranton, Pennsylvania, United States",2007-03-01,"Buyout (LBO, MBO, MBI)",2009-12-08,Divestiture,2.8,False,,0,0,https://mergr.com/company/4416,2026-09-03T23:54:45Z
592,Wicks Group,New York,213444,NewBay Media LLC,Marketing,"New York, New York, United States",2006-09-01,"Buyout (LBO, MBO, MBI)",2014-03-01,Trade Sale - Public Company,7.5,False,,1,0,https://mergr.com/company/213444,2026-09-03T23:54:45Z
592,Wicks Group,New York,81481,Vibe Holdings LLC,Media,"New York, New York, United States",2006-07-05,"Buyout (LBO, MBO, MBI)",2009-06-30,Bankruptcy,2.9,False,,0,0,https://mergr.com/company/81481,2026-09-03T23:54:45Z
592,Wicks Group,New York,24829,Verse Music Group LLC,Media,"Albany, New York, United States",2006-01-01,"Buyout (LBO, MBO, MBI)",2015-06-29,Divestiture,9.4,False,,0,0,https://mergr.com/company/24829,2026-09-03T23:54:45Z
592,Wicks Group,New York,4408,Jobson Healthcare Information LLC,Information Services,"New York, New York, United States",2005-05-25,"Buyout (LBO, MBO, MBI)",2018-06-11,Divestiture,13,False,,4,1,https://mergr.com/company/4408,2026-09-03T23:54:45Z
592,Wicks Group,New York,113,Daily Racing Form,Media,"New York, New York, United States",2004-05-25,Secondary Buyout,2007-10-22,Trade Sale - Public Company,3.3,False,,2,0,https://mergr.com/company/113,2026-09-03T23:54:45Z
592,Wicks Group,New York,4409,Allegiance Communications LLC,Communications,"Shawnee, Oklahoma, United States",2004-01-01,"Buyout (LBO, MBO, MBI)",2013-01-16,Divestiture,9,False,,0,0,https://mergr.com/company/4409,2026-09-03T23:54:45Z
592,Wicks Group,New York,4410,Heartland Publications LLC,Publishing,"Clinton, Connecticut, United States",2004-01-01,Stake Purchase,2009-12-21,Bankruptcy,5.9,False,,0,0,https://mergr.com/company/4410,2026-09-03T23:54:45Z
592,Wicks Group,New York,16564,Wilks Broadcast Group LLC,Media,"Duluth, Georgia, United States",2004-01-01,"Buyout (LBO, MBO, MBI)",,,22.7,True,,0,1,https://mergr.com/company/16564,2026-09-03T23:54:45Z
592,Wicks Group,New York,16561,Delta Education LLC,Publishing,"Nashua, New Hampshire, United States",2001-08-08,Divestiture,2005-08-22,Divestiture,4,False,,2,0,https://mergr.com/company/16561,2026-09-03T23:54:45Z
592,Wicks Group,New York,4407,InSite Street Media,Marketing,"Sherman Oaks, California, United States",2001-01-22,"Buyout (LBO, MBO, MBI)",2013-10-31,Trade Sale - Public Company,12.8,False,,0,0,https://mergr.com/company/4407,2026-09-03T23:54:45Z
592,Wicks Group,New York,16558,Sundance Publishing L.P.,Publishing,"Marlborough, Massachusetts, United States",1993-10-01,"Buyout (LBO, MBO, MBI)",1998-06-10,Divestiture,4.7,False,,0,0,https://mergr.com/company/16558,2026-09-03T23:54:45Z
592,Wicks Group,New York,16559,Independent Media Group,Publishing,"Wisconsin, United States",1992-01-01,Stake Purchase,,,34.7,True,,0,0,https://mergr.com/company/16559,2026-09-03T23:54:45Z
607,Trimaran Capital Partners,New York,4541,Standard Steel LLC,Metals/Mining,"Burnham, Pennsylvania, United States",2006-06-05,"Buyout (LBO, MBO, MBI)",2011-06-27,Divestiture,5,False,125,0,0,https://mergr.com/company/4541,2026-09-03T23:54:45Z
607,Trimaran Capital Partners,New York,4543,Village Voice LLC,Publishing,"New York, New York, United States",2005-12-07,"Buyout (LBO, MBO, MBI)",2012-04-04,Unknown,6.3,False,,0,0,https://mergr.com/company/4543,2026-09-03T23:54:45Z
607,Trimaran Capital Partners,New York,4538,El Pollo Loco,Restaurants,"Costa Mesa, California, United States",2005-09-28,Secondary Buyout,2007-12-26,Trade Sale - Public Company,2.2,False,490,0,0,https://mergr.com/company/4538,2026-09-03T23:54:45Z
607,Trimaran Capital Partners,New York,4536,Charlie Brown's Corp.,Restaurants,"Millburn, New Jersey, United States",2005-03-07,Secondary Buyout,2010-11-17,Bankruptcy,5.7,False,,0,0,https://mergr.com/company/4536,2026-09-03T23:54:45Z
607,Trimaran Capital Partners,New York,4535,Mesmerize,Marketing,"New York, New York, United States",2005-01-31,Stake Purchase,,,21.6,True,,2,0,https://mergr.com/company/4535,2026-09-03T23:54:45Z
607,Trimaran Capital Partners,New York,18415,IASIS Healthcare Corp.,Healthcare Services,"Franklin, Tennessee, United States",2004-06-22,Secondary Buyout,2017-09-29,Spin Off,13.3,False,,2,0,https://mergr.com/company/18415,2026-09-03T23:54:45Z
607,Trimaran Capital Partners,New York,4542,"Urban Brands, Inc.",Retail,"Secaucus, New Jersey, United States",2004-04-19,"Buyout (LBO, MBO, MBI)",2010-10-27,Trade Sale,6.5,False,,0,0,https://mergr.com/company/4542,2026-09-03T23:54:45Z
607,Trimaran Capital Partners,New York,20486,"Reddy Ice Holdings, Inc.",Consumer Products,"Dallas, Texas, United States",2003-11-06,"Buyout (LBO, MBO, MBI)",2005-08-09,IPO,1.8,False,,0,0,https://mergr.com/company/20486,2026-09-03T23:54:45Z
607,Trimaran Capital Partners,New York,29526,"Norcraft Companies, Inc.",Building Materials,"Eagan, Minnesota, United States",2003-10-22,Secondary Buyout,2013-10-09,IPO,9.9,False,376,0,0,https://mergr.com/company/29526,2026-09-03T23:54:45Z
607,Trimaran Capital Partners,New York,13902,PrimeCo Personal Communications LLC,Communications,"Itasca, Illinois, United States",2001-07-02,"Buyout (LBO, MBO, MBI)",2002-05-10,Divestiture,0.8,False,,0,0,https://mergr.com/company/13902,2026-09-03T23:54:45Z
635,EagleTree Capital,New York,205978,Opus Agency,Marketing,"Beaverton, Oregon, United States",2026-04-02,Secondary Buyout,,,0.4,True,,1,0,https://mergr.com/company/205978,2026-09-03T23:54:45Z
635,EagleTree Capital,New York,336826,NuTrail,Food,"Miami, Florida, United States",2025-05-28,Stake Purchase,,,1.3,True,,0,0,https://mergr.com/company/336826,2026-09-03T23:54:45Z
635,EagleTree Capital,New York,319398,Summit Hill Foods,Food,"Rome, Georgia, United States",2023-11-30,"Buyout (LBO, MBO, MBI)",,,2.8,True,,0,0,https://mergr.com/company/319398,2026-09-03T23:54:45Z
635,EagleTree Capital,New York,216779,MMGY Global,Marketing,"Overland Park, Kansas, United States",2023-10-30,Secondary Buyout,,,2.8,True,,0,0,https://mergr.com/company/216779,2026-09-03T23:54:45Z
635,EagleTree Capital,New York,188065,PRA,Business Services,"Chicago, Illinois, United States",2023-03-07,Secondary Buyout,,,3.4,True,,2,0,https://mergr.com/company/188065,2026-09-03T23:54:45Z
635,EagleTree Capital,New York,26944,MacKenzie-Childs,Consumer Products,"Aurora, New York, United States",2022-09-06,Secondary Buyout,,,3.9,True,,0,0,https://mergr.com/company/26944,2026-09-03T23:54:45Z
635,EagleTree Capital,New York,322974,Pitch Black,Media,"Burbank, California, United States",2022-06-07,"Buyout (LBO, MBO, MBI)",,,4.2,True,,1,0,https://mergr.com/company/322974,2026-09-03T23:54:45Z
635,EagleTree Capital,New York,294430,Andronaco Industries,Manufacturing,"Kentwood, Michigan, United States",2022-01-04,"Buyout (LBO, MBO, MBI)",,,4.7,True,,1,0,https://mergr.com/company/294430,2026-09-03T23:54:45Z
635,EagleTree Capital,New York,232141,Channel Company,Marketing,"Needham, Massachusetts, United States",2021-11-09,Secondary Buyout,,,4.8,True,,3,0,https://mergr.com/company/232141,2026-09-03T23:54:45Z
635,EagleTree Capital,New York,121809,Lignetics,Forest Products,"Broomfield, Colorado, United States",2021-11-01,Secondary Buyout,,,4.8,True,,1,0,https://mergr.com/company/121809,2026-09-03T23:54:45Z
635,EagleTree Capital,New York,25420,Integreon,Business Services,"Charlotte, North Carolina, United States",2021-06-23,Secondary Buyout,,,5.2,True,,0,0,https://mergr.com/company/25420,2026-09-03T23:54:45Z
635,EagleTree Capital,New York,289481,Arc,Business Services,"West Palm Beach, Florida, United States",2021-05-11,"Buyout (LBO, MBO, MBI)",,,5.3,True,,3,0,https://mergr.com/company/289481,2026-09-03T23:54:45Z
635,EagleTree Capital,New York,260306,Frosch International Travel,Business Services,"Houston, Texas, United States",2021-02-01,Growth Capital,2022-05-02,Divestiture,1.3,False,,1,0,https://mergr.com/company/260306,2026-09-03T23:54:45Z
635,EagleTree Capital,New York,262569,Invincible Boat,Marine,"Opa Locka, Florida, United States",2019-07-15,"Buyout (LBO, MBO, MBI)",,,7.1,True,,0,0,https://mergr.com/company/262569,2026-09-03T23:54:45Z
635,EagleTree Capital,New York,255048,gChem,Chemicals,"Covington, Louisiana, United States",2018-10-15,"Buyout (LBO, MBO, MBI)",2026-08-05,Divestiture,7.8,False,,0,0,https://mergr.com/company/255048,2026-09-03T23:54:45Z
635,EagleTree Capital,New York,254984,FuseFX,Media,"Los Angeles, California, United States",2018-10-11,"Buyout (LBO, MBO, MBI)",2022-06-07,Divestiture,3.6,False,,3,0,https://mergr.com/company/254984,2026-09-03T23:54:45Z
635,EagleTree Capital,New York,248344,Airtech Vacuum,Manufacturing,"Rutherford, New Jersey, United States",2018-02-05,"Buyout (LBO, MBO, MBI)",2021-04-27,Divestiture,3.2,False,,0,0,https://mergr.com/company/248344,2026-09-03T23:54:45Z
635,EagleTree Capital,New York,245893,WaterFleet,Environmental,"San Antonio, Texas, United States",2017-11-30,"Buyout (LBO, MBO, MBI)",2026-07-29,Divestiture,8.6,False,,0,0,https://mergr.com/company/245893,2026-09-03T23:54:45Z
635,EagleTree Capital,New York,10759,Corsair,Technology Hardware,"Milpitas, California, United States",2017-07-26,Secondary Buyout,2020-09-22,IPO,3.1,False,1472,1,0,https://mergr.com/company/10759,2026-09-03T23:54:45Z
635,EagleTree Capital,New York,221537,Northstar Travel Group,Information Services,"Rutherford, New Jersey, United States",2016-06-08,Secondary Buyout,2025-08-28,Divestiture,9.2,False,,6,1,https://mergr.com/company/221537,2026-09-03T23:54:45Z
635,EagleTree Capital,New York,4390,Moss,Marketing,"Franklin Park, Illinois, United States",2016-05-06,Secondary Buyout,2025-12-16,Divestiture,9.6,False,,3,0,https://mergr.com/company/4390,2026-09-03T23:54:45Z
635,EagleTree Capital,New York,232099,Aristotle Corp.,Consumer Products,"Stamford, Connecticut, United States",2015-06-30,"Buyout (LBO, MBO, MBI)",,,11.2,True,,0,0,https://mergr.com/company/232099,2026-09-03T23:54:45Z
635,EagleTree Capital,New York,272941,Nasco Education,Distribution,"Fort Atkinson, Wisconsin, United States",2015-06-01,"Buyout (LBO, MBO, MBI)",2025-12-08,Divestiture,10.5,False,,0,0,https://mergr.com/company/272941,2026-09-03T23:54:45Z
635,EagleTree Capital,New York,25666,"Paris Presents, Inc.",Consumer Products,"Gurnee, Illinois, United States",2015-01-05,Secondary Buyout,2018-08-28,Divestiture,3.6,False,,0,0,https://mergr.com/company/25666,2026-09-03T23:54:45Z
635,EagleTree Capital,New York,4723,ALM Media,Media,"New York, New York, United States",2014-06-04,Secondary Buyout,2025-03-24,Spin Off,10.8,False,,6,0,https://mergr.com/company/4723,2026-09-03T23:54:45Z
635,EagleTree Capital,New York,238788,RBmedia,Internet Software and Services,"Landover, Maryland, United States",2014-01-01,"Buyout (LBO, MBO, MBI)",2015-08-03,Trade Sale - Public Company,1.6,False,,2,0,https://mergr.com/company/238788,2026-09-03T23:54:45Z
635,EagleTree Capital,New York,66614,"Globecomm Systems, Inc.",Communications,"Hauppauge, New York, United States",2013-08-26,Going Private,2017-08-09,Trade Sale - Public Company,3.9,False,381,0,0,https://mergr.com/company/66614,2026-09-03T23:54:45Z
635,EagleTree Capital,New York,47709,High Pressure Equipment Co.,Machinery,"Erie, Pennsylvania, United States",2012-09-05,"Buyout (LBO, MBO, MBI)",2015-01-02,Divestiture,2.3,False,,1,0,https://mergr.com/company/47709,2026-09-03T23:54:45Z
635,EagleTree Capital,New York,4732,American Seafoods,Food,"Seattle, Washington, United States",2008-08-01,Going Private,,,18.1,True,,1,1,https://mergr.com/company/4732,2026-09-03T23:54:45Z
635,EagleTree Capital,New York,24662,Encompass Digital Media,Media,"Atlanta, Georgia, United States",2008-04-01,"Buyout (LBO, MBO, MBI)",2011-12-13,Trade Sale - Public Company,3.7,False,,0,0,https://mergr.com/company/24662,2026-09-03T23:54:45Z
635,EagleTree Capital,New York,3163,"Penton Media, Inc.",Information Technology,"New York, New York, United States",2007-02-01,Secondary Buyout,2007-02-01,Trade Sale - Public Company,0,False,,0,0,https://mergr.com/company/3163,2026-09-03T23:54:45Z
635,EagleTree Capital,New York,3163,"Penton Media, Inc.",Information Technology,"New York, New York, United States",2006-11-02,Consolidation,2007-02-01,Trade Sale - Public Company,0.2,False,,0,0,https://mergr.com/company/3163,2026-09-03T23:54:45Z
635,EagleTree Capital,New York,29862,Hanley Wood,Media,"Washington, District of Columbia, United States",2005-05-26,Secondary Buyout,2012-01-13,Merger,6.6,False,,1,0,https://mergr.com/company/29862,2026-09-03T23:54:45Z
635,EagleTree Capital,New York,4734,Meyer Material Co.,Manufacturing,"McHenry, Illinois, United States",2005-04-08,"Buyout (LBO, MBO, MBI)",2006-06-26,Divestiture,1.2,False,,0,0,https://mergr.com/company/4734,2026-09-03T23:54:45Z
635,EagleTree Capital,New York,30228,So Delicious Dairy Free,Food,"Eugene, Oregon, United States",2005-01-01,Stake Purchase,2014-09-17,Divestiture,9.7,False,115,0,0,https://mergr.com/company/30228,2026-09-03T23:54:45Z
635,EagleTree Capital,New York,9945,MasterCraft,Marine,"Vonore, Tennessee, United States",2004-11-01,"Buyout (LBO, MBO, MBI)",2007-08-15,Trade Sale - Public Company,2.8,False,284,0,0,https://mergr.com/company/9945,2026-09-03T23:54:45Z
635,EagleTree Capital,New York,4729,Harry & David,Retail,"Medford, Oregon, United States",2004-06-01,Divestiture,2011-03-27,Bankruptcy,6.8,False,,0,1,https://mergr.com/company/4729,2026-09-03T23:54:45Z
635,EagleTree Capital,New York,30227,New York Media LLC,Media,"New York, New York, United States",2003-12-17,Divestiture,,,22.7,True,,0,0,https://mergr.com/company/30227,2026-09-03T23:54:45Z
635,EagleTree Capital,New York,4735,Sportcraft Ltd.,Consumer Products,"Budd Lake, New Jersey, United States",2003-10-02,Secondary Buyout,2011-12-29,Bankruptcy,8.2,False,,1,0,https://mergr.com/company/4735,2026-09-03T23:54:45Z
635,EagleTree Capital,New York,4731,Odwalla,Beverages,"Dinuba, California, United States",2000-05-03,Growth Capital,2001-10-30,Divestiture,1.4,False,,0,0,https://mergr.com/company/4731,2026-09-03T23:54:45Z
635,EagleTree Capital,New York,30229,The Deal LLC,Information Services,"New York, New York, United States",2000-03-01,Venture,2012-09-12,Divestiture,12.5,False,24,0,0,https://mergr.com/company/30229,2026-09-03T23:54:45Z
635,EagleTree Capital,New York,4732,American Seafoods,Food,"Seattle, Washington, United States",1999-01-01,"Buyout (LBO, MBO, MBI)",2006-02-27,Sold to Management,7.1,False,,0,0,https://mergr.com/company/4732,2026-09-03T23:54:45Z
635,EagleTree Capital,New York,4728,All-Clad Metalcrafters LLC,Consumer Products,"Canonsburg, Pennsylvania, United States",1998-03-01,"Buyout (LBO, MBO, MBI)",1999-05-25,Divestiture,1.2,False,,0,0,https://mergr.com/company/4728,2026-09-03T23:54:45Z
635,EagleTree Capital,New York,4723,ALM Media,Media,"New York, New York, United States",1997-12-01,"Buyout (LBO, MBO, MBI)",2007-08-16,Trade Sale - Public Company,9.7,False,,0,0,https://mergr.com/company/4723,2026-09-03T23:54:45Z
635,EagleTree Capital,New York,4736,"Sunbelt Plastics, Inc.",Plastics,"Monroe, Louisiana, United States",1997-01-01,Stake Purchase,1999-01-05,Divestiture,2,False,105,0,0,https://mergr.com/company/4736,2026-09-03T23:54:45Z
635,EagleTree Capital,New York,15443,Imax,Media,"Mississauga, Ontario, Canada",1994-06-17,PIPE,1994-06-17,Sold to Existing Investors,0,False,410,0,0,https://mergr.com/company/15443,2026-09-03T23:54:45Z
635,EagleTree Capital,New York,15443,Imax,Media,"Mississauga, Ontario, Canada",1994-02-01,Stake Purchase,1994-06-17,Sold to Existing Investors,0.3,False,410,0,0,https://mergr.com/company/15443,2026-09-03T23:54:45Z
635,EagleTree Capital,New York,4730,Maybelline LLC,Consumer Products,"New York, New York, United States",1990-07-01,"Buyout (LBO, MBO, MBI)",1996-02-01,Divestiture,5.6,False,,0,0,https://mergr.com/company/4730,2026-09-03T23:54:45Z
759,CI Capital Partners,New York,243273,Cadmus,Business Services,"Arlington, Virginia, United States",2021-09-21,Secondary Buyout,,,4.9,True,,3,0,https://mergr.com/company/243273,2026-09-03T23:54:45Z
759,CI Capital Partners,New York,327222,Mariani Landscape,Business Services,"Lake Bluff, Illinois, United States",2020-12-01,Growth Capital,,,5.8,True,,0,0,https://mergr.com/company/327222,2026-09-03T23:54:45Z
759,CI Capital Partners,New York,299322,Arch Amenities Group,Business Services,"Chicago, Illinois, United States",2019-10-31,Consolidation,2026-04-23,Trade Sale - Public Company,6.4,False,,7,0,https://mergr.com/company/299322,2026-09-03T23:54:45Z
759,CI Capital Partners,New York,246850,Redwood Logistics,Transportation,"Chicago, Illinois, United States",2018-01-02,"Buyout (LBO, MBO, MBI)",2021-12-14,Trade Sale - Public Company,3.9,False,,4,0,https://mergr.com/company/246850,2026-09-03T23:54:45Z
759,CI Capital Partners,New York,243142,Summit Companies,Safety/Security,"Mendota Heights, Minnesota, United States",2017-09-05,Secondary Buyout,2021-09-20,Trade Sale - Public Company,4,False,,21,0,https://mergr.com/company/243142,2026-09-03T23:54:45Z
759,CI Capital Partners,New York,188065,PRA,Business Services,"Chicago, Illinois, United States",2017-08-08,Secondary Buyout,2023-03-07,Trade Sale - Public Company,5.5,False,,2,0,https://mergr.com/company/188065,2026-09-03T23:54:45Z
759,CI Capital Partners,New York,105505,SavATree,Environmental,"Bedford Hills, New York, United States",2017-06-06,"Buyout (LBO, MBO, MBI)",2021-08-31,Trade Sale - Public Company,4.2,False,,13,0,https://mergr.com/company/105505,2026-09-03T23:54:45Z
759,CI Capital Partners,New York,237225,Simplified Logistics,Transportation,"Westlake, Ohio, United States",2017-03-06,"Buyout (LBO, MBO, MBI)",2018-01-02,Spin Off,0.8,False,,0,0,https://mergr.com/company/237225,2026-09-03T23:54:45Z
759,CI Capital Partners,New York,222306,Epiphany Dermatology,Healthcare Services,"Austin, Texas, United States",2016-06-20,"Buyout (LBO, MBO, MBI)",2022-02-01,Trade Sale - Public Company,5.6,False,,5,0,https://mergr.com/company/222306,2026-09-03T23:54:45Z
759,CI Capital Partners,New York,238413,Impact Group,Marketing,"Boise, Idaho, United States",2016-05-05,"Buyout (LBO, MBO, MBI)",2021-06-24,Divestiture,5.1,False,,6,0,https://mergr.com/company/238413,2026-09-03T23:54:45Z
759,CI Capital Partners,New York,217467,Hero Digital,Marketing,"Chicago, Illinois, United States",2016-03-21,Growth Capital,2021-11-18,Trade Sale - Public Company,5.6,False,,4,0,https://mergr.com/company/217467,2026-09-03T23:54:45Z
759,CI Capital Partners,New York,139817,Maroon Group LLC,Chemicals,"Avon, Ohio, United States",2014-07-07,"Buyout (LBO, MBO, MBI)",2020-10-14,Divestiture,6.3,False,,11,0,https://mergr.com/company/139817,2026-09-03T23:54:45Z
759,CI Capital Partners,New York,64174,Foundation Building Materials,Distribution,"Santa Ana, California, United States",2012-12-01,"Buyout (LBO, MBO, MBI)",2017-02-10,IPO,4.2,False,6500,6,0,https://mergr.com/company/64174,2026-09-03T23:54:45Z
759,CI Capital Partners,New York,15503,OnPoint Group,Business Services,"Perrysburg, Ohio, United States",2012-07-19,Secondary Buyout,2017-03-13,Trade Sale - Public Company,4.6,False,,0,0,https://mergr.com/company/15503,2026-09-03T23:54:45Z
759,CI Capital Partners,New York,216592,Precision Concepts International,Packaging,"Huntersville, North Carolina, United States",2012-01-09,Secondary Buyout,2017-12-04,Trade Sale - Public Company,5.8,False,,0,0,https://mergr.com/company/216592,2026-09-03T23:54:45Z
759,CI Capital Partners,New York,31243,Galls,Distribution,"Lexington, Kentucky, United States",2011-10-03,Divestiture,2018-02-01,Trade Sale - Public Company,6.3,False,163,4,0,https://mergr.com/company/31243,2026-09-03T23:54:45Z
759,CI Capital Partners,New York,31244,Interactive Health Solutions,Healthcare Services,"Schaumburg, Illinois, United States",2011-10-01,"Buyout (LBO, MBO, MBI)",2015-07-01,Trade Sale - Public Company,3.8,False,,1,0,https://mergr.com/company/31244,2026-09-03T23:54:45Z
759,CI Capital Partners,New York,26103,Tech Air,Distribution,"Danbury, Connecticut, United States",2011-01-04,"Buyout (LBO, MBO, MBI)",2019-02-12,Divestiture,8.1,False,,21,0,https://mergr.com/company/26103,2026-09-03T23:54:45Z
759,CI Capital Partners,New York,19687,Transplace,Transportation,"Frisco, Texas, United States",2009-12-22,"Buyout (LBO, MBO, MBI)",2013-05-28,Trade Sale - Public Company,3.4,False,,2,0,https://mergr.com/company/19687,2026-09-03T23:54:45Z
759,CI Capital Partners,New York,19685,"A-T Solutions, Inc.",Defense,"Vienna, Virginia, United States",2008-03-05,"Buyout (LBO, MBO, MBI)",2015-05-07,Divestiture,7.2,False,,1,0,https://mergr.com/company/19685,2026-09-03T23:54:45Z
759,CI Capital Partners,New York,5873,Conney Safety Products LLC,Distribution,"Madison, Wisconsin, United States",2007-09-01,"Buyout (LBO, MBO, MBI)",2012-06-18,Divestiture,4.8,False,85,0,0,https://mergr.com/company/5873,2026-09-03T23:54:45Z
759,CI Capital Partners,New York,23855,KIK Consumer Products,Consumer Products,"Lawrenceville, Georgia, United States",2007-05-24,"Buyout (LBO, MBO, MBI)",2015-08-27,Trade Sale - Public Company,8.3,False,,2,0,https://mergr.com/company/23855,2026-09-03T23:54:45Z
759,CI Capital Partners,New York,5877,"Valley National Gases, Inc.",Distribution,"Sioux Falls, South Dakota, United States",2007-02-01,"Buyout (LBO, MBO, MBI)",2009-03-01,Divestiture,2.1,False,,1,0,https://mergr.com/company/5877,2026-09-03T23:54:45Z
759,CI Capital Partners,New York,5875,ARS,Consumer Services,"Memphis, Tennessee, United States",2006-10-01,"Buyout (LBO, MBO, MBI)",2014-05-06,Trade Sale - Public Company,7.6,False,,2,0,https://mergr.com/company/5875,2026-09-03T23:54:45Z
759,CI Capital Partners,New York,5876,"Ply Gem Industries, Inc.",Building Materials,"Cary, North Carolina, United States",2004-02-01,"Buyout (LBO, MBO, MBI)",2013-05-23,IPO,9.3,False,,3,0,https://mergr.com/company/5876,2026-09-03T23:54:45Z
759,CI Capital Partners,New York,19691,Franklin Hotels Ltd.,Leisure,"Hampshire, United Kingdom",2003-06-16,"Buyout (LBO, MBO, MBI)",,,23.2,True,,0,0,https://mergr.com/company/19691,2026-09-03T23:54:45Z
759,CI Capital Partners,New York,3937,"Ovation Brands, Inc.",Restaurants,"Eagan, Minnesota, United States",2000-06-06,"Buyout (LBO, MBO, MBI)",2008-01-01,Bankruptcy,7.5,False,,0,0,https://mergr.com/company/3937,2026-09-03T23:54:45Z
759,CI Capital Partners,New York,19689,Leisure Link Ltd.,Gaming,"Glasgow, United Kingdom",1998-08-01,"Buyout (LBO, MBO, MBI)",2001-09-01,Trade Sale - Public Company,3.1,False,,0,0,https://mergr.com/company/19689,2026-09-03T23:54:45Z
759,CI Capital Partners,New York,19688,Anteon International Corp.,Information Technology,"Fairfax, Virginia, United States",1996-01-01,"Buyout (LBO, MBO, MBI)",2006-06-07,Divestiture,10.4,False,,1,0,https://mergr.com/company/19688,2026-09-03T23:54:45Z
759,CI Capital Partners,New York,15808,Glass's Information Services Ltd.,Business Services,"Weybridge, United Kingdom",1995-09-01,"Buyout (LBO, MBO, MBI)",1998-08-01,Trade Sale,2.9,False,,0,0,https://mergr.com/company/15808,2026-09-03T23:54:45Z
759,CI Capital Partners,New York,6425,"Magnavox Electronic Systems, Inc.",Electronics,"Fort Wayne, Indiana, United States",1993-10-01,"Buyout (LBO, MBO, MBI)",1995-09-12,Trade Sale,1.9,False,,0,0,https://mergr.com/company/6425,2026-09-03T23:54:45Z
782,Columbus Nova,New York,214230,"Gawker Media, LLC",Digital Media,"New York, New York, United States",2016-01-20,Stake Purchase,2016-06-21,Bankruptcy,0.4,False,,0,0,https://mergr.com/company/214230,2026-09-03T23:54:45Z
782,Columbus Nova,New York,234404,Daybreak Game Company,Digital Media,"San Diego, California, United States",2015-02-02,Divestiture,2020-12-01,Divestiture,5.8,False,,1,0,https://mergr.com/company/234404,2026-09-03T23:54:45Z
782,Columbus Nova,New York,24411,Harmonix,Digital Media,"Cambridge, Massachusetts, United States",2010-10-23,Divestiture,2021-11-23,Trade Sale,11.1,False,,0,0,https://mergr.com/company/24411,2026-09-03T23:54:45Z
894,Gilbert Global Equity Partners,New York,6069,TRUE Sports,Consumer Products,"Memphis, Tennessee, United States",2004-02-02,Secondary Buyout,2009-12-10,Bankruptcy,5.8,False,,0,0,https://mergr.com/company/6069,2026-09-03T23:54:45Z
894,Gilbert Global Equity Partners,New York,256018,CPM,Machinery,"Blaine, Minnesota, United States",2003-12-01,Secondary Buyout,2018-11-16,Trade Sale - Public Company,14.9,False,,3,0,https://mergr.com/company/256018,2026-09-03T23:54:45Z
894,Gilbert Global Equity Partners,New York,4654,Montpelier Re Holdings Ltd.,Insurance,"Pembroke, Bermuda",2001-12-15,"Buyout (LBO, MBO, MBI)",2002-10-10,IPO,0.8,False,732,0,0,https://mergr.com/company/4654,2026-09-03T23:54:45Z
894,Gilbert Global Equity Partners,New York,4364,Olympus Re Insurance Co. Ltd.,Insurance,"Hamilton, Bermuda",2001-12-15,"Buyout (LBO, MBO, MBI)",2006-01-01,Trade Sale - Public Company,4,False,,0,0,https://mergr.com/company/4364,2026-09-03T23:54:45Z
934,J.C. Flowers & Co.,New York,259505,Republic Finance,Financial Services,"Plano, Texas, United States",2026-06-26,Secondary Buyout,,,0.2,True,,0,0,https://mergr.com/company/259505,2026-09-03T23:54:45Z
934,J.C. Flowers & Co.,New York,349845,Monte Paschi Banque,Financial Services,"Paris, France",2026-06-02,Divestiture,,,0.3,True,,0,0,https://mergr.com/company/349845,2026-09-03T23:54:45Z
934,J.C. Flowers & Co.,New York,347570,Niyam Group,Insurance,"Gandhinagar, India",2026-03-31,Growth Capital,,,0.4,True,,0,0,https://mergr.com/company/347570,2026-09-03T23:54:45Z
934,J.C. Flowers & Co.,New York,338818,Caleas,Insurance,"Milan, Italy",2025-07-31,"Buyout (LBO, MBO, MBI)",,,1.1,True,,0,0,https://mergr.com/company/338818,2026-09-03T23:54:45Z
934,J.C. Flowers & Co.,New York,240981,wefox,Insurance,"Roggwil, Switzerland",2025-06-16,"Buyout (LBO, MBO, MBI)",,,1.2,True,,0,0,https://mergr.com/company/240981,2026-09-03T23:54:45Z
934,J.C. Flowers & Co.,New York,234716,Equals Group,Information Technology,"London, United Kingdom",2025-04-29,Going Private,,,1.3,True,148,0,0,https://mergr.com/company/234716,2026-09-03T23:54:45Z
934,J.C. Flowers & Co.,New York,335853,Elephant Insurance,Insurance,"Richmond, Virginia, United States",2025-04-22,Divestiture,,,1.3,True,,0,0,https://mergr.com/company/335853,2026-09-03T23:54:45Z
934,J.C. Flowers & Co.,New York,333804,Infinite,Financial Services,"Toronto, Ontario, Canada",2025-02-10,"Buyout (LBO, MBO, MBI)",,,1.5,True,,0,0,https://mergr.com/company/333804,2026-09-03T23:54:45Z
934,J.C. Flowers & Co.,New York,313464,Pepper Advantage,Business Services,"London, United Kingdom",2024-11-05,Divestiture,,,1.8,True,,2,0,https://mergr.com/company/313464,2026-09-03T23:54:45Z
934,J.C. Flowers & Co.,New York,10318,Enstar Group,Insurance,"Hamilton, Bermuda",2024-07-29,Going Private,,,2.1,True,864,1,1,https://mergr.com/company/10318,2026-09-03T23:54:45Z
934,J.C. Flowers & Co.,New York,308270,JCF Asset Reconstruction,Financial Services,"Mumbai, India",2022-12-17,Divestiture,,,3.7,True,,0,0,https://mergr.com/company/308270,2026-09-03T23:54:45Z
934,J.C. Flowers & Co.,New York,350151,Finli Group,Financial Services,"Milton Keynes, United Kingdom",2022-07-01,"Buyout (LBO, MBO, MBI)",,,4.2,True,,0,0,https://mergr.com/company/350151,2026-09-03T23:54:45Z
934,J.C. Flowers & Co.,New York,301463,Solomon Capital,Business Services,"London, United Kingdom",2022-06-20,Consolidation,,,4.2,True,,1,0,https://mergr.com/company/301463,2026-09-03T23:54:45Z
934,J.C. Flowers & Co.,New York,341920,Insigneo,Business Services,"Miami, Florida, United States",2022-01-01,Growth Capital,,,4.7,True,,1,0,https://mergr.com/company/341920,2026-09-03T23:54:45Z
934,J.C. Flowers & Co.,New York,292260,TRICOR Insurance,Insurance,"Lancaster, Wisconsin, United States",2021-11-08,Growth Capital,,,4.8,True,,0,0,https://mergr.com/company/292260,2026-09-03T23:54:45Z
934,J.C. Flowers & Co.,New York,7137,LMAX Group,Financial Services,"London, United Kingdom",2021-07-01,Stake Purchase,,,5.2,True,,0,0,https://mergr.com/company/7137,2026-09-03T23:54:45Z
934,J.C. Flowers & Co.,New York,284804,iLendingDIRECT,Financial Services,"Englewood, Colorado, United States",2021-02-02,"Buyout (LBO, MBO, MBI)",,,5.6,True,,0,0,https://mergr.com/company/284804,2026-09-03T23:54:45Z
934,J.C. Flowers & Co.,New York,303453,Inigo,Insurance,"London, United Kingdom",2020-11-24,Growth Capital,2025-09-18,Divestiture,4.8,False,,0,0,https://mergr.com/company/303453,2026-09-03T23:54:45Z
934,J.C. Flowers & Co.,New York,6089,Ariel Re,Insurance,"Hamilton, Bermuda",2020-11-02,Divestiture,,,5.8,True,,0,0,https://mergr.com/company/6089,2026-09-03T23:54:45Z
934,J.C. Flowers & Co.,New York,303485,First Bank,Financial Services,"București, Romania",2018-08-01,Stake Purchase,,,8.1,True,,0,0,https://mergr.com/company/303485,2026-09-03T23:54:45Z
934,J.C. Flowers & Co.,New York,97873,Oneglobal,Insurance,"London, United Kingdom",2018-07-01,Stake Purchase,,,8.2,True,,0,0,https://mergr.com/company/97873,2026-09-03T23:54:45Z
934,J.C. Flowers & Co.,New York,342118,Jefferson Capital,Financial Services,"Sartell, Minnesota, United States",2018-03-26,Secondary Buyout,2025-05-21,IPO,7.1,False,613,1,0,https://mergr.com/company/342118,2026-09-03T23:54:45Z
934,J.C. Flowers & Co.,New York,238287,Island Finance,Financial Services,"San Juan, Puerto Rico",2017-04-03,Divestiture,2025-11-21,Trade Sale - Public Company,8.6,False,,0,0,https://mergr.com/company/238287,2026-09-03T23:54:45Z
934,J.C. Flowers & Co.,New York,237132,UK General Insurance,Insurance,"Leeds, United Kingdom",2017-03-03,"Buyout (LBO, MBO, MBI)",2022-06-22,Unknown,5.3,False,,0,0,https://mergr.com/company/237132,2026-09-03T23:54:45Z
934,J.C. Flowers & Co.,New York,230674,"Fairstone Financial, Inc. ",Financial Services,"Montreal, Ontario, Canada",2016-11-17,Divestiture,2020-02-19,Divestiture,3.3,False,,0,0,https://mergr.com/company/230674,2026-09-03T23:54:45Z
934,J.C. Flowers & Co.,New York,227127,ELMC Group,Insurance,"New York, New York, United States",2016-09-22,"Buyout (LBO, MBO, MBI)",2023-03-20,Divestiture,6.4,False,,1,1,https://mergr.com/company/227127,2026-09-03T23:54:45Z
934,J.C. Flowers & Co.,New York,214407,Cboe Tech Hong Kong (CTHK),Information Technology,"Hong Kong, China",2016-01-24,Divestiture,,,10.6,True,,0,0,https://mergr.com/company/214407,2026-09-03T23:54:45Z
934,J.C. Flowers & Co.,New York,214405,Chi-X Asia Pacific,Financial Services,"Hong Kong, China",2016-01-24,Divestiture,2021-03-24,Divestiture,5.2,False,,0,0,https://mergr.com/company/214405,2026-09-03T23:54:45Z
934,J.C. Flowers & Co.,New York,12345,Amerilife,Insurance,"Clearwater, Florida, United States",2015-06-05,Secondary Buyout,2020-01-07,Merger,4.6,False,,1,0,https://mergr.com/company/12345,2026-09-03T23:54:45Z
934,J.C. Flowers & Co.,New York,171721,Kreditech,Financial Services,"Hamburg, Germany",2015-01-01,Venture,,,11.7,True,,1,0,https://mergr.com/company/171721,2026-09-03T23:54:45Z
934,J.C. Flowers & Co.,New York,71553,Eurovita Assicurazioni,Insurance,"Milan, Italy",2013-11-18,Divestiture,2017-08-03,Spin Off,3.7,False,,0,0,https://mergr.com/company/71553,2026-09-03T23:54:45Z
934,J.C. Flowers & Co.,New York,199395,Cabot Credit Management,Financial Services,"West Malling, United Kingdom",2013-05-15,Divestiture,2018-05-09,Sold to Management,4.9,False,,0,0,https://mergr.com/company/199395,2026-09-03T23:54:45Z
934,J.C. Flowers & Co.,New York,10633,Kereis,Insurance,"Paris, France",2011-05-05,Secondary Buyout,2020-05-27,Trade Sale - Public Company,9,False,1916,0,0,https://mergr.com/company/10633,2026-09-03T23:54:45Z
934,J.C. Flowers & Co.,New York,303475,Castle Trust Bank,Financial Services,"London, United Kingdom",2011-02-01,"Buyout (LBO, MBO, MBI)",,,15.6,True,,0,0,https://mergr.com/company/303475,2026-09-03T23:54:45Z
934,J.C. Flowers & Co.,New York,216002,BTG Pactual,Financial Services,"São Paulo, Brazil",2010-12-01,"Buyout (LBO, MBO, MBI)",,,15.8,True,,5,3,https://mergr.com/company/216002,2026-09-03T23:54:45Z
934,J.C. Flowers & Co.,New York,10318,Enstar Group,Insurance,"Hamilton, Bermuda",2010-05-01,PIPE,,,16.3,True,864,14,4,https://mergr.com/company/10318,2026-09-03T23:54:45Z
934,J.C. Flowers & Co.,New York,31165,MF Global Holdings Ltd,Financial Services,"New York, New York, United States",2008-05-20,PIPE,2011-10-31,Bankruptcy,3.4,False,,0,0,https://mergr.com/company/31165,2026-09-03T23:54:45Z
934,J.C. Flowers & Co.,New York,30249,UKWM Ltd.,Financial Services,"York, United Kingdom",2008-01-01,"Buyout (LBO, MBO, MBI)",2011-03-07,Trade Sale - Public Company,3.2,False,,0,0,https://mergr.com/company/30249,2026-09-03T23:54:45Z
934,J.C. Flowers & Co.,New York,11508,SBI Shinsei Bank,Financial Services,"Tokyo, Japan",2007-11-19,PIPE,2019-08-06,Stake Sale,11.7,False,2773,0,0,https://mergr.com/company/11508,2026-09-03T23:54:45Z
934,J.C. Flowers & Co.,New York,15442,Encore,Financial Services,"San Diego, California, United States",2006-04-03,PIPE,2012-08-07,Stake Sale,6.3,False,1769,1,0,https://mergr.com/company/15442,2026-09-03T23:54:45Z
934,J.C. Flowers & Co.,New York,11509,Fox-Pitt Kelton Cochran Caronia Waller LLC,Financial Services,"Chicago, Illinois, United States",2006-02-10,Divestiture,2009-09-30,Divestiture,3.6,False,,0,0,https://mergr.com/company/11509,2026-09-03T23:54:45Z
934,J.C. Flowers & Co.,New York,90397,"Crump Group, Inc.",Insurance,"Roseland, New Jersey, United States",2005-09-07,Divestiture,2012-02-09,Divestiture,6.4,False,,0,0,https://mergr.com/company/90397,2026-09-03T23:54:45Z
934,J.C. Flowers & Co.,New York,198949,Equita SIM S.p.A.,Business Services,"Milan, Italy",2002-01-01,Stake Purchase,,,24.7,True,,0,0,https://mergr.com/company/198949,2026-09-03T23:54:45Z
936,JEN Partners,New York,218479,Antera Development,Real Estate,"Scottsdale, Arizona, United States",2014-03-01,Growth Capital,,,12.5,True,,0,0,https://mergr.com/company/218479,2026-09-03T23:54:45Z
936,JEN Partners,New York,76469,"AV Homes, Inc.",Real Estate,"Scottsdale, Arizona, United States",2010-10-25,Stake Purchase,,,15.8,True,843,5,0,https://mergr.com/company/76469,2026-09-03T23:54:45Z
936,JEN Partners,New York,22598,Boston Financial Investment Management L.P.,Financial Services,"Boston, Massachusetts, United States",2009-07-01,"Buyout (LBO, MBO, MBI)",2016-07-08,Divestiture,7,False,,0,0,https://mergr.com/company/22598,2026-09-03T23:54:45Z
936,JEN Partners,New York,22604,Recurrent Energy LLC,Renewable Energy,"San Francisco, California, United States",2008-07-16,"Buyout (LBO, MBO, MBI)",2010-09-21,Divestiture,2.2,False,,0,0,https://mergr.com/company/22604,2026-09-03T23:54:45Z
974,MatlinPatterson Global Advisers,New York,53690,FXI,Consumer Products,"Radnor, Pennsylvania, United States",2009-07-14,"Buyout (LBO, MBO, MBI)",2017-09-08,Trade Sale - Public Company,8.1,False,,1,0,https://mergr.com/company/53690,2026-09-03T23:54:45Z
974,MatlinPatterson Global Advisers,New York,24170,"Broadpoint, Inc.",Communications,"Webster, Texas, United States",2007-05-01,Consolidation,,,19.3,True,,0,0,https://mergr.com/company/24170,2026-09-03T23:54:45Z
974,MatlinPatterson Global Advisers,New York,275003,Varig,Airlines,"Porto Alegre, Brazil",2006-07-21,Special Situations/Distressed,,,20.1,True,,0,0,https://mergr.com/company/275003,2026-09-03T23:54:45Z
974,MatlinPatterson Global Advisers,New York,4842,RailWorks,Infrastructure,"New York, New York, United States",2002-11-15,Special Situations/Distressed,2007-05-10,Trade Sale - Public Company,4.4,False,,0,0,https://mergr.com/company/4842,2026-09-03T23:54:45Z
1024,Evercore Capital Partners,New York,7672,Alliantgroup,Business Services,"Houston, Texas, United States",2013-12-01,Growth Capital,,,12.8,True,,1,0,https://mergr.com/company/7672,2026-09-03T23:54:45Z
1024,Evercore Capital Partners,New York,21098,"Bollinger, Inc.",Insurance,"Short Hills, New Jersey, United States",2008-05-16,"Buyout (LBO, MBO, MBI)",2013-08-12,Divestiture,5.2,False,100,3,0,https://mergr.com/company/21098,2026-09-03T23:54:45Z
1024,Evercore Capital Partners,New York,7673,Mr. Bult's,Transportation,"Burnham, Illinois, United States",2006-05-03,"Buyout (LBO, MBO, MBI)",,,20.3,True,,0,0,https://mergr.com/company/7673,2026-09-03T23:54:45Z
1024,Evercore Capital Partners,New York,229437,Davis Petroleum,Oil/Gas Exploration,"Houston, Texas, United States",2006-03-09,Special Situations/Distressed,2016-02-12,Spin Off,9.9,False,,0,0,https://mergr.com/company/229437,2026-09-03T23:54:45Z
1024,Evercore Capital Partners,New York,16930,Sedgwick,Insurance,"Memphis, Tennessee, United States",2005-12-27,Secondary Buyout,2010-05-29,Trade Sale - Public Company,4.4,False,,0,0,https://mergr.com/company/16930,2026-09-03T23:54:45Z
1024,Evercore Capital Partners,New York,7669,TestEquity,Test/Measurement Equipment,"Moorpark, California, United States",2005-12-09,"Buyout (LBO, MBO, MBI)",2012-12-23,Trade Sale - Public Company,7,False,,0,0,https://mergr.com/company/7669,2026-09-03T23:54:45Z
1024,Evercore Capital Partners,New York,7666,Diagnostic Imaging Group LLC,Healthcare Services,"Hicksville, New York, United States",2005-05-10,"Buyout (LBO, MBO, MBI)",2015-10-16,Divestiture,10.4,False,,0,0,https://mergr.com/company/7666,2026-09-03T23:54:45Z
1024,Evercore Capital Partners,New York,7674,"EPL Oil & Gas, Inc.",Oil/Gas Exploration,"New Orleans, Louisiana, United States",2003-08-08,PIPE,2014-03-12,Divestiture,10.6,False,,1,0,https://mergr.com/company/7674,2026-09-03T23:54:45Z
1024,Evercore Capital Partners,New York,21248,"Encoda Systems, Inc.",Software,"Denver, Colorado, United States",2001-06-28,Stake Purchase,2004-11-03,Divestiture,3.3,False,,0,0,https://mergr.com/company/21248,2026-09-03T23:54:45Z
1024,Evercore Capital Partners,New York,7675,RGP,Business Services,"Addison, Texas, United States",1999-04-01,"Buyout (LBO, MBO, MBI)",2000-12-15,IPO,1.7,False,551,0,0,https://mergr.com/company/7675,2026-09-03T23:54:45Z
1071,Blue Wolf Capital Partners,New York,5212,Meribel Pharma Solutions,Life Science,"Entzheim, France",2024-10-11,Secondary Buyout,,,1.8,True,,0,0,https://mergr.com/company/5212,2026-09-03T23:54:45Z
1071,Blue Wolf Capital Partners,New York,199296,Logistec,Transportation,"Montreal, Quebec, Canada",2023-10-16,Going Private,,,2.8,True,683,1,0,https://mergr.com/company/199296,2026-09-03T23:54:45Z
1071,Blue Wolf Capital Partners,New York,231708,Sterling,Infrastructure,"Phoenix, Illinois, United States",2023-02-08,Secondary Buyout,,,3.5,True,,0,0,https://mergr.com/company/231708,2026-09-03T23:54:45Z
1071,Blue Wolf Capital Partners,New York,7614,Hallcon,Transportation,"Chicago, Illinois, United States",2022-07-05,Secondary Buyout,,,4.1,True,,0,0,https://mergr.com/company/7614,2026-09-03T23:54:45Z
1071,Blue Wolf Capital Partners,New York,291659,CQ Medical,Medical Products,"Avondale, Pennsylvania, United States",2021-10-22,Divestiture,,,4.8,True,,2,0,https://mergr.com/company/291659,2026-09-03T23:54:45Z
1071,Blue Wolf Capital Partners,New York,63590,Colson Group,Manufacturing,"Oakbrook Terrace, Illinois, United States",2021-03-01,Secondary Buyout,,,5.5,True,,5,0,https://mergr.com/company/63590,2026-09-03T23:54:45Z
1071,Blue Wolf Capital Partners,New York,281506,Big River Forest Products,Forest Products,"Jackson, Mississippi, United States",2021-02-08,Growth Capital,,,5.5,True,,0,0,https://mergr.com/company/281506,2026-09-03T23:54:45Z
1071,Blue Wolf Capital Partners,New York,265243,KDB,Engineering,"Rockville, Maryland, United States",2019-10-15,Secondary Buyout,,,6.8,True,,0,0,https://mergr.com/company/265243,2026-09-03T23:54:45Z
1071,Blue Wolf Capital Partners,New York,263170,RHA Health Services,Healthcare Services,"Atlanta, Georgia, United States",2019-08-05,"Buyout (LBO, MBO, MBI)",,,7,True,,0,0,https://mergr.com/company/263170,2026-09-03T23:54:45Z
1071,Blue Wolf Capital Partners,New York,264206,Fox Rehabilitation,Healthcare Services,"Cherry Hill, New Jersey, United States",2019-05-06,"Buyout (LBO, MBO, MBI)",,,7.3,True,,1,0,https://mergr.com/company/264206,2026-09-03T23:54:45Z
1071,Blue Wolf Capital Partners,New York,264197,ClearSky Health,Healthcare Services,"Albuquerque, New Mexico, United States",2019-04-29,"Buyout (LBO, MBO, MBI)",,,7.3,True,,0,0,https://mergr.com/company/264197,2026-09-03T23:54:45Z
1071,Blue Wolf Capital Partners,New York,264237,Edge Industrial Technologies,Manufacturing,"Wilder, Kentucky, United States",2018-09-14,"Buyout (LBO, MBO, MBI)",2024-06-06,Trade Sale - Public Company,5.7,False,,2,0,https://mergr.com/company/264237,2026-09-03T23:54:45Z
1071,Blue Wolf Capital Partners,New York,250950,TGW Global Ltd.,Manufacturing,"Sheffield, United Kingdom",2018-05-16,Growth Capital,2018-09-14,Spin Off,0.3,False,,0,0,https://mergr.com/company/250950,2026-09-03T23:54:45Z
1071,Blue Wolf Capital Partners,New York,264230,Elara Caring,Consumer Services,"Dallas, Texas, United States",2018-04-10,"Buyout (LBO, MBO, MBI)",,,8.3,True,,5,0,https://mergr.com/company/264230,2026-09-03T23:54:45Z
1071,Blue Wolf Capital Partners,New York,249918,State Group,Engineering,"Franklin, Tennessee, United States",2018-04-04,"Buyout (LBO, MBO, MBI)",2024-11-18,Trade Sale - Public Company,6.6,False,,1,0,https://mergr.com/company/249918,2026-09-03T23:54:45Z
1071,Blue Wolf Capital Partners,New York,248515,Petrosmith,Manufacturing,"Abilene, Texas, United States",2018-02-12,"Buyout (LBO, MBO, MBI)",,,8.5,True,,1,0,https://mergr.com/company/248515,2026-09-03T23:54:45Z
1071,Blue Wolf Capital Partners,New York,198406,ModernMD,Healthcare Services,"New York, New York, United States",2018-01-01,"Buyout (LBO, MBO, MBI)",,,8.7,True,,0,0,https://mergr.com/company/198406,2026-09-03T23:54:45Z
1071,Blue Wolf Capital Partners,New York,264235,Mulch & Soil,Agriculture,"Fort Myers, Florida, United States",2018-01-01,Recapitalization,2021-05-05,Trade Sale - Public Company,3.3,False,,0,0,https://mergr.com/company/264235,2026-09-03T23:54:45Z
1071,Blue Wolf Capital Partners,New York,243675,Dragonfly Health,Medical Products,"Mesa, Arizona, United States",2017-09-25,Growth Capital,2021-11-22,Merger,4.1,False,,0,0,https://mergr.com/company/243675,2026-09-03T23:54:45Z
1071,Blue Wolf Capital Partners,New York,73177,Mustang Extreme Environmental Services,Energy Services and Equipment,"Fairmont, West Virginia, United States",2016-12-12,Special Situations/Distressed,,,9.7,True,,2,1,https://mergr.com/company/73177,2026-09-03T23:54:45Z
1071,Blue Wolf Capital Partners,New York,231921,Novo Building Products,Building Materials,"Zeeland, Michigan, United States",2016-12-05,Divestiture,2021-06-23,Divestiture,4.5,False,,1,0,https://mergr.com/company/231921,2026-09-03T23:54:45Z
1071,Blue Wolf Capital Partners,New York,3466,Great Lakes Caring,Healthcare Services,"Jackson, Michigan, United States",2016-11-29,Secondary Buyout,2018-04-10,Spin Off,1.3,False,,0,0,https://mergr.com/company/3466,2026-09-03T23:54:45Z
1071,Blue Wolf Capital Partners,New York,36873,National Home Health Care Corp.,Healthcare Services,"Scarsdale, New York, United States",2016-05-19,Secondary Buyout,2018-04-10,Spin Off,1.8,False,,0,0,https://mergr.com/company/36873,2026-09-03T23:54:45Z
1071,Blue Wolf Capital Partners,New York,30021,North American Rescue LLC,Medical Products,"Greer, South Carolina, United States",2015-03-02,Secondary Buyout,2019-01-23,Divestiture,3.8,False,,1,0,https://mergr.com/company/30021,2026-09-03T23:54:45Z
1071,Blue Wolf Capital Partners,New York,198413,The Brooklyn Hospital Center,Healthcare Services,"Brooklyn, New York, United States",2014-11-04,Growth Capital,,,11.8,True,,0,0,https://mergr.com/company/198413,2026-09-03T23:54:45Z
1071,Blue Wolf Capital Partners,New York,198481,Suwannee Lumber Co.,Forest Products,"Cross City, Florida, United States",2013-06-28,"Buyout (LBO, MBO, MBI)",2018-07-09,Divestiture,5,False,,0,0,https://mergr.com/company/198481,2026-09-03T23:54:45Z
1071,Blue Wolf Capital Partners,New York,84593,Twin Rivers Paper Company,Forest Products,"Madawaska, Maine, United States",2013-06-21,Secondary Buyout,,,13.2,True,,1,0,https://mergr.com/company/84593,2026-09-03T23:54:45Z
1071,Blue Wolf Capital Partners,New York,44365,"Snappy Air Distribution Products, Inc.",Manufacturing,"Marietta, Georgia, United States",2012-02-23,Divestiture,2016-12-28,Divestiture,4.8,False,,0,0,https://mergr.com/company/44365,2026-09-03T23:54:45Z
1071,Blue Wolf Capital Partners,New York,29854,Channel Technologies Group LLC,Manufacturing,"Santa Barbara, California, United States",2012-01-03,Recapitalization,2017-04-18,Divestiture,5.3,False,,2,1,https://mergr.com/company/29854,2026-09-03T23:54:45Z
1071,Blue Wolf Capital Partners,New York,29856,Pharmaceutical Strategies Group,Business Services,"Plano, Texas, United States",2011-09-12,Growth Capital,2021-02-03,Divestiture,9.3,False,,1,2,https://mergr.com/company/29856,2026-09-03T23:54:45Z
1071,Blue Wolf Capital Partners,New York,29853,"American Builders Supply, Inc.",Distribution,"Sanford, Florida, United States",2011-03-29,Stake Purchase,2017-03-13,Divestiture,5.9,False,,0,0,https://mergr.com/company/29853,2026-09-03T23:54:45Z
1071,Blue Wolf Capital Partners,New York,29855,"Gloucester Engineering Co, Inc.",Manufacturing,"Gloucester, Massachusetts, United States",2011-01-05,Special Situations/Distressed,2015-09-04,Divestiture,4.6,False,,2,0,https://mergr.com/company/29855,2026-09-03T23:54:45Z
1071,Blue Wolf Capital Partners,New York,209408,"Pearl Technologies, Inc.",Machinery,"Savannah, New York, United States",2011-01-01,Recapitalization,2012-10-17,Divestiture,1.8,False,,0,0,https://mergr.com/company/209408,2026-09-03T23:54:45Z
1071,Blue Wolf Capital Partners,New York,12164,Healthcare Laundry Systems LLC,Business Services,"Wheeling, Illinois, United States",2008-11-25,"Buyout (LBO, MBO, MBI)",2011-03-08,Divestiture,2.3,False,,0,0,https://mergr.com/company/12164,2026-09-03T23:54:45Z
1071,Blue Wolf Capital Partners,New York,19652,Northern Pulp,Forest Products,"Abercrombie, Nova Scotia, Canada",2008-06-24,"Buyout (LBO, MBO, MBI)",2011-03-31,Divestiture,2.8,False,,0,0,https://mergr.com/company/19652,2026-09-03T23:54:45Z
1071,Blue Wolf Capital Partners,New York,5192,Finch Paper,Forest Products,"Glens Falls, New York, United States",2007-04-24,"Buyout (LBO, MBO, MBI)",,,19.3,True,,0,0,https://mergr.com/company/5192,2026-09-03T23:54:45Z
1224,Lee Equity Partners,New York,346619,KCIC,Business Services,"Washington, District of Columbia, United States",2026-03-02,Growth Capital,,,0.5,True,,0,0,https://mergr.com/company/346619,2026-09-03T23:54:45Z
1224,Lee Equity Partners,New York,304355,Shackleton,Financial Services,"London, United Kingdom",2025-06-17,Secondary Buyout,,,1.2,True,,0,0,https://mergr.com/company/304355,2026-09-03T23:54:45Z
1224,Lee Equity Partners,New York,337744,Shackleton,Financial Services,"London, United Kingdom",2025-06-17,"Buyout (LBO, MBO, MBI)",,,1.2,True,,0,0,https://mergr.com/company/337744,2026-09-03T23:54:45Z
1224,Lee Equity Partners,New York,302027,Cooper Parry,Business Services,"Derby, United Kingdom",2024-12-10,Secondary Buyout,,,1.7,True,,1,0,https://mergr.com/company/302027,2026-09-03T23:54:45Z
1224,Lee Equity Partners,New York,325971,Axis Insurance Managers,Insurance,"Vancouver, British Columbia, Canada",2024-06-10,Growth Capital,,,2.2,True,,5,0,https://mergr.com/company/325971,2026-09-03T23:54:45Z
1224,Lee Equity Partners,New York,244879,PCS Retirement,Business Services,"Beaverton, Oregon, United States",2024-03-04,Secondary Buyout,,,2.5,True,,0,0,https://mergr.com/company/244879,2026-09-03T23:54:45Z
1224,Lee Equity Partners,New York,246016,Carisk Partners,Insurance,"Miami, Florida, United States",2023-12-04,Recapitalization,,,2.8,True,,1,0,https://mergr.com/company/246016,2026-09-03T23:54:45Z
1224,Lee Equity Partners,New York,117737,Tessco Technologies,Distribution,"Hunt Valley, Maryland, United States",2023-04-12,Going Private,,,3.3,True,418,0,0,https://mergr.com/company/117737,2026-09-03T23:54:45Z
1224,Lee Equity Partners,New York,323005,Cardiovascular Logistics,Healthcare Services,"Houma, Louisiana, United States",2023-02-01,"Buyout (LBO, MBO, MBI)",,,3.6,True,,0,0,https://mergr.com/company/323005,2026-09-03T23:54:45Z
1224,Lee Equity Partners,New York,222822,Bradford Health Services,Healthcare Services,"Birmingham, Alabama, United States",2022-10-28,Secondary Buyout,,,3.8,True,,4,0,https://mergr.com/company/222822,2026-09-03T23:54:45Z
1224,Lee Equity Partners,New York,323006,Discovery Senior Living,Consumer Services,"Bonita Springs, Florida, United States",2022-10-13,Growth Capital,,,3.8,True,,0,0,https://mergr.com/company/323006,2026-09-03T23:54:45Z
1224,Lee Equity Partners,New York,295006,Therapy Partner Solutions,Healthcare Services,"Fernandina Beach, Florida, United States",2022-01-14,Growth Capital,,,4.6,True,,0,0,https://mergr.com/company/295006,2026-09-03T23:54:45Z
1224,Lee Equity Partners,New York,293300,Unlimited Technology,Information Technology,"Chester Springs, Pennsylvania, United States",2021-12-02,"Buyout (LBO, MBO, MBI)",,,4.8,True,,1,0,https://mergr.com/company/293300,2026-09-03T23:54:45Z
1224,Lee Equity Partners,New York,203817,Alliance,Distribution,"Mississauga, Ontario, Canada",2021-09-13,Secondary Buyout,,,4.9,True,,1,0,https://mergr.com/company/203817,2026-09-03T23:54:45Z
1224,Lee Equity Partners,New York,290068,Pure Financial Advisors,Business Services,"San Diego, California, United States",2021-09-01,Growth Capital,,,5,True,,2,0,https://mergr.com/company/290068,2026-09-03T23:54:45Z
1224,Lee Equity Partners,New York,257326,Simplicity Group,Business Services,"Summit, New Jersey, United States",2020-10-16,Secondary Buyout,2024-08-08,Trade Sale - Public Company,3.8,False,,42,0,https://mergr.com/company/257326,2026-09-03T23:54:45Z
1224,Lee Equity Partners,New York,273356,Solaris Health,Healthcare Services,"Fort Lauderdale, Florida, United States",2020-06-16,Consolidation,2025-08-12,Divestiture,5.1,False,,4,0,https://mergr.com/company/273356,2026-09-03T23:54:45Z
1224,Lee Equity Partners,New York,265511,Cosmetic Solutions,Consumer Products,"Boca Raton, Florida, United States",2019-10-22,"Buyout (LBO, MBO, MBI)",,,6.8,True,,1,0,https://mergr.com/company/265511,2026-09-03T23:54:45Z
1224,Lee Equity Partners,New York,265244,TLC Hospitality,Transportation,"Garland, Texas, United States",2019-10-15,Secondary Buyout,,,6.8,True,,0,0,https://mergr.com/company/265244,2026-09-03T23:54:45Z
1224,Lee Equity Partners,New York,32159,K2 Insurance,Insurance,"San Diego, California, United States",2019-05-14,Secondary Buyout,2022-12-01,Trade Sale - Public Company,3.5,False,,3,0,https://mergr.com/company/32159,2026-09-03T23:54:45Z
1224,Lee Equity Partners,New York,272288,Inception Fertility,Healthcare Services,"Houston, Texas, United States",2019-03-29,"Buyout (LBO, MBO, MBI)",,,7.4,True,,1,0,https://mergr.com/company/272288,2026-09-03T23:54:45Z
1224,Lee Equity Partners,New York,30808,McLarens,Insurance,"Peachtree Corners, Georgia, United States",2018-10-31,Secondary Buyout,,,7.8,True,,5,0,https://mergr.com/company/30808,2026-09-03T23:54:45Z
1224,Lee Equity Partners,New York,244738,Westfall Technik,Plastics,"Tempe, Arizona, United States",2017-10-23,Growth Capital,,,8.8,True,,6,0,https://mergr.com/company/244738,2026-09-03T23:54:45Z
1224,Lee Equity Partners,New York,178674,Summit BHC,Healthcare Services,"Franklin, Tennessee, United States",2017-10-11,Secondary Buyout,2021-09-09,Trade Sale - Public Company,3.8,False,,3,0,https://mergr.com/company/178674,2026-09-03T23:54:45Z
1224,Lee Equity Partners,New York,250324,Atria Wealth Solutions,Financial Services,"New York, New York, United States",2017-08-02,"Buyout (LBO, MBO, MBI)",2024-10-01,Divestiture,7.1,False,,6,0,https://mergr.com/company/250324,2026-09-03T23:54:45Z
1224,Lee Equity Partners,New York,323015,Mackage,Apparel/Textiles,"Montreal, Quebec, Canada",2017-02-16,"Buyout (LBO, MBO, MBI)",,,9.5,True,,0,0,https://mergr.com/company/323015,2026-09-03T23:54:45Z
1224,Lee Equity Partners,New York,7528,K-MAC Enterprises,Franchising,"Fayetteville, Arkansas, United States",2016-12-20,Secondary Buyout,2021-10-14,Trade Sale - Public Company,4.8,False,,0,0,https://mergr.com/company/7528,2026-09-03T23:54:45Z
1224,Lee Equity Partners,New York,244830,Prelude Fertility,Healthcare Services,"Atlanta, Georgia, United States",2016-10-17,"Buyout (LBO, MBO, MBI)",2019-03-29,Spin Off,2.4,False,,3,0,https://mergr.com/company/244830,2026-09-03T23:54:45Z
1224,Lee Equity Partners,New York,273159,InterLuxe,Apparel/Textiles,"New York, New York, United States",2014-09-05,"Buyout (LBO, MBO, MBI)",,,11.9,True,,1,0,https://mergr.com/company/273159,2026-09-03T23:54:45Z
1224,Lee Equity Partners,New York,76881,Project Pie LLC,Restaurants,"Carlsbad, California, United States",2014-01-21,Growth Capital,2016-06-22,Divestiture,2.4,False,,0,0,https://mergr.com/company/76881,2026-09-03T23:54:45Z
1224,Lee Equity Partners,New York,196214,Aimbridge Hospitality,Business Services,"Plano, Texas, United States",2013-10-08,Secondary Buyout,2019-01-07,Trade Sale - Public Company,5.2,False,,0,0,https://mergr.com/company/196214,2026-09-03T23:54:45Z
1224,Lee Equity Partners,New York,16791,Cadent,Media,"New York, New York, United States",2013-07-01,Secondary Buyout,2023-08-09,Trade Sale - Public Company,10.1,False,,1,0,https://mergr.com/company/16791,2026-09-03T23:54:45Z
1224,Lee Equity Partners,New York,34665,Eating Recovery Center,Healthcare Services,"Denver, Colorado, United States",2013-01-02,Recapitalization,2017-08-30,Trade Sale - Public Company,4.6,False,,0,0,https://mergr.com/company/34665,2026-09-03T23:54:45Z
1224,Lee Equity Partners,New York,66730,"The Edelman Financial Group, Inc.",Financial Services,"Houston, Texas, United States",2012-04-16,Going Private,2015-10-12,Trade Sale - Public Company,3.4,False,,0,0,https://mergr.com/company/66730,2026-09-03T23:54:45Z
1224,Lee Equity Partners,New York,66726,Skopos Financial,Financial Services,"Irving, Texas, United States",2011-07-25,"Buyout (LBO, MBO, MBI)",,,15.1,True,,0,0,https://mergr.com/company/66726,2026-09-03T23:54:45Z
1224,Lee Equity Partners,New York,26092,"Carlile Bancshares, Inc.",Financial Services,"Forth Worth, Texas, United States",2010-05-01,"Buyout (LBO, MBO, MBI)",2016-11-21,Divestiture,6.5,False,,0,0,https://mergr.com/company/26092,2026-09-03T23:54:45Z
1224,Lee Equity Partners,New York,852,Papa Murphy’s,Restaurants,"Vancouver, British Columbia, Canada",2010-03-31,Secondary Buyout,2014-05-02,IPO,4.1,False,809,0,0,https://mergr.com/company/852,2026-09-03T23:54:45Z
1224,Lee Equity Partners,New York,66722,PDR Network,Healthcare Services,"Montvale, New Jersey, United States",2009-09-01,Recapitalization,2015-12-04,Divestiture,6.3,False,,1,0,https://mergr.com/company/66722,2026-09-03T23:54:45Z
1224,Lee Equity Partners,New York,13114,MidCap Financial,Financial Services,"Bethesda, Maryland, United States",2008-11-25,"Buyout (LBO, MBO, MBI)",2013-11-18,Trade Sale - Public Company,4.9,False,,1,1,https://mergr.com/company/13114,2026-09-03T23:54:45Z
1224,Lee Equity Partners,New York,12770,"Deb Shops, Inc.",Retail,"Philadelphia, Pennsylvania, United States",2007-10-01,Going Private,2011-06-27,Bankruptcy,3.7,False,,0,0,https://mergr.com/company/12770,2026-09-03T23:54:45Z
1224,Lee Equity Partners,New York,719,Universal American,Healthcare Services,"White Plains, New York, United States",2007-09-24,PIPE,2016-11-17,Divestiture,9.1,False,1491,2,5,https://mergr.com/company/719,2026-09-03T23:54:45Z
1224,Lee Equity Partners,New York,7700,"MemberHealth, Inc.",Healthcare Services,"Solon, Ohio, United States",2005-11-14,"Buyout (LBO, MBO, MBI)",2007-09-24,Divestiture,1.8,False,,0,0,https://mergr.com/company/7700,2026-09-03T23:54:45Z
1401,NexPhase Capital,New York,233658,Always Best Care,Consumer Services,"Roseville, California, United States",2025-11-04,Secondary Buyout,,,0.8,True,,0,0,https://mergr.com/company/233658,2026-09-03T23:54:45Z
1401,NexPhase Capital,New York,339591,Magic Science,Medical Products,"New York, New York, United States",2025-08-26,Growth Capital,,,1,True,,0,0,https://mergr.com/company/339591,2026-09-03T23:54:45Z
1401,NexPhase Capital,New York,283321,Empower Community Care,Healthcare Services,"Atlanta, Georgia, United States",2025-07-16,Secondary Buyout,,,1.1,True,,0,0,https://mergr.com/company/283321,2026-09-03T23:54:45Z
1401,NexPhase Capital,New York,323111,Behavior Frontiers,Healthcare Services,"El Segundo, California, United States",2025-05-05,Secondary Buyout,,,1.3,True,,0,0,https://mergr.com/company/323111,2026-09-03T23:54:45Z
1401,NexPhase Capital,New York,325759,Insurance Systems,Software,"Toronto, Ontario, Canada",2024-06-06,Growth Capital,,,2.2,True,,0,0,https://mergr.com/company/325759,2026-09-03T23:54:45Z
1401,NexPhase Capital,New York,252910,Brandt Information Services,Internet Software and Services,"Tallahassee, Florida, United States",2024-06-05,Secondary Buyout,2024-06-05,Trade Sale - Public Company,0,False,,0,0,https://mergr.com/company/252910,2026-09-03T23:54:45Z
1401,NexPhase Capital,New York,323305,Tubby Todd Bath,Consumer Products,"Carlsbad, California, United States",2022-07-01,"Buyout (LBO, MBO, MBI)",,,4.2,True,,0,0,https://mergr.com/company/323305,2026-09-03T23:54:45Z
1401,NexPhase Capital,New York,299075,Aztec,Education,"Morristown, New Jersey, United States",2022-04-26,Growth Capital,,,4.3,True,,2,0,https://mergr.com/company/299075,2026-09-03T23:54:45Z
1401,NexPhase Capital,New York,344125,Metz Culinary Management,Food,"Dallas, Pennsylvania, United States",2022-02-16,"Buyout (LBO, MBO, MBI)",,,4.5,True,,0,0,https://mergr.com/company/344125,2026-09-03T23:54:45Z
1401,NexPhase Capital,New York,313910,Calcium+Company,Marketing,"New York, New York, United States",2021-11-09,Growth Capital,,,4.8,True,,1,0,https://mergr.com/company/313910,2026-09-03T23:54:45Z
1401,NexPhase Capital,New York,289675,Selerix Systems,Internet Software and Services,"McKinney, Texas, United States",2021-08-25,Growth Capital,,,5,True,,3,0,https://mergr.com/company/289675,2026-09-03T23:54:45Z
1401,NexPhase Capital,New York,320345,Oliver Winery,Beverages,"Bloomington, Indiana, United States",2021-03-01,"Buyout (LBO, MBO, MBI)",,,5.5,True,,0,0,https://mergr.com/company/320345,2026-09-03T23:54:45Z
1401,NexPhase Capital,New York,267906,DealerOn,Marketing,"Derwood, Maryland, United States",2020-01-06,Growth Capital,,,6.6,True,,2,0,https://mergr.com/company/267906,2026-09-03T23:54:45Z
1401,NexPhase Capital,New York,22001,KnowFully Learning Group,Education,"Radnor, Pennsylvania, United States",2019-11-19,Secondary Buyout,,,6.8,True,,10,0,https://mergr.com/company/22001,2026-09-03T23:54:45Z
1401,NexPhase Capital,New York,265200,Popcornopolis,Food,"Vernon, California, United States",2019-10-03,Growth Capital,2021-10-29,Divestiture,2,False,,0,0,https://mergr.com/company/265200,2026-09-03T23:54:45Z
1401,NexPhase Capital,New York,255352,Action Behavior Centers,Consumer Services,"Austin, Texas, United States",2018-10-24,Recapitalization,2022-08-17,Trade Sale - Public Company,3.8,False,,0,0,https://mergr.com/company/255352,2026-09-03T23:54:45Z
1401,NexPhase Capital,New York,252910,Brandt Information Services,Internet Software and Services,"Tallahassee, Florida, United States",2018-07-27,Growth Capital,2024-06-05,Trade Sale - Public Company,5.8,False,,2,0,https://mergr.com/company/252910,2026-09-03T23:54:45Z
1401,NexPhase Capital,New York,252925,Synergy HomeCare,Franchising,"Tempe, Arizona, United States",2018-04-18,"Buyout (LBO, MBO, MBI)",2025-01-21,Trade Sale - Public Company,6.8,False,,0,0,https://mergr.com/company/252925,2026-09-03T23:54:45Z
1401,NexPhase Capital,New York,264342,Clearway Pain Solutions,Healthcare Services,"Annapolis, Maryland, United States",2018-03-12,Consolidation,,,8.4,True,,4,0,https://mergr.com/company/264342,2026-09-03T23:54:45Z
1401,NexPhase Capital,New York,296995,Meduit,Business Services,"Charlotte, North Carolina, United States",2017-03-02,"Buyout (LBO, MBO, MBI)",,,9.5,True,,4,0,https://mergr.com/company/296995,2026-09-03T23:54:45Z
1401,NexPhase Capital,New York,246347,Inside Real Estate,Internet Software and Services,"Murray, Utah, United States",2016-11-14,"Buyout (LBO, MBO, MBI)",2019-08-23,Trade Sale - Public Company,2.8,False,,1,0,https://mergr.com/company/246347,2026-09-03T23:54:45Z
1401,NexPhase Capital,New York,247944,Zing Zang,Beverages,"Chicago, Illinois, United States",2016-07-06,"Buyout (LBO, MBO, MBI)",2025-07-10,Divestiture,9,False,,0,0,https://mergr.com/company/247944,2026-09-03T23:54:45Z
1401,NexPhase Capital,New York,247946,American Global Logistics LLC,Transportation,"Atlanta, Georgia, United States",2016-06-09,"Buyout (LBO, MBO, MBI)",2020-03-23,Divestiture,3.8,False,,0,0,https://mergr.com/company/247946,2026-09-03T23:54:45Z
1401,NexPhase Capital,New York,209897,Flexible Architecture and Simplified Technology LLC (FAST),Software,"Iselin, New Jersey, United States",2015-09-09,"Buyout (LBO, MBO, MBI)",2019-12-04,Divestiture,4.2,False,,0,0,https://mergr.com/company/209897,2026-09-03T23:54:45Z
1401,NexPhase Capital,New York,27320,Hexure,Software,"Colorado Springs, Colorado, United States",2014-12-10,Secondary Buyout,2020-09-14,Trade Sale - Public Company,5.8,False,,0,0,https://mergr.com/company/27320,2026-09-03T23:54:45Z
1401,NexPhase Capital,New York,98609,ALOFT AeroArchitects,Aerospace,"Georgetown, Delaware, United States",2014-06-05,Secondary Buyout,,,12.2,True,,0,0,https://mergr.com/company/98609,2026-09-03T23:54:45Z
1401,NexPhase Capital,New York,97533,SwipeClock,Internet Software and Services,"South Jordan, Utah, United States",2014-06-02,Growth Capital,2017-07-12,Trade Sale - Public Company,3.1,False,,1,0,https://mergr.com/company/97533,2026-09-03T23:54:45Z
1401,NexPhase Capital,New York,864,OmniSYS,Medical Products,"Dallas, Texas, United States",2013-11-21,Secondary Buyout,2021-12-14,Divestiture,8,False,,3,0,https://mergr.com/company/864,2026-09-03T23:54:45Z
1401,NexPhase Capital,New York,36925,CPS,Healthcare Services,"Dublin, Ohio, United States",2012-11-01,Growth Capital,2019-03-27,Trade Sale - Public Company,6.3,False,,0,0,https://mergr.com/company/36925,2026-09-03T23:54:45Z
1401,NexPhase Capital,New York,190364,Freeport Financial Partners LLC,Financial Services,"Chicago, Illinois, United States",2012-10-03,Add-on Acquisition,,,13.9,True,,1,0,https://mergr.com/company/190364,2026-09-03T23:54:45Z
1401,NexPhase Capital,New York,32144,Dr. Fresh LLC,Consumer Products,"Buena Park, California, United States",2012-06-25,Recapitalization,2017-01-03,Divestiture,4.5,False,,0,0,https://mergr.com/company/32144,2026-09-03T23:54:45Z
1401,NexPhase Capital,New York,32146,Mxi Technologies Ltd.,Software,"Ottawa, Ontario, Canada",2012-05-22,"Buyout (LBO, MBO, MBI)",2016-12-13,Divestiture,4.5,False,,0,0,https://mergr.com/company/32146,2026-09-03T23:54:45Z
1401,NexPhase Capital,New York,32145,Flightstar Aircraft Services LLC,Aerospace,"Jacksonville, Florida, United States",2011-12-01,"Buyout (LBO, MBO, MBI)",2016-09-03,Divestiture,4.8,False,,0,0,https://mergr.com/company/32145,2026-09-03T23:54:45Z
1401,NexPhase Capital,New York,27616,Hawthorne Global Aviation Services,Aerospace,"Ronkonkoma, New York, United States",2011-11-01,"Buyout (LBO, MBO, MBI)",2022-03-15,Trade Sale - Public Company,10.3,False,,4,0,https://mergr.com/company/27616,2026-09-03T23:54:45Z
1401,NexPhase Capital,New York,32147,Uintah Engineering & Land Surveying,Engineering,"Vernal, Utah, United States",2011-07-20,"Buyout (LBO, MBO, MBI)",2014-09-09,Trade Sale - Public Company,3.1,False,,0,0,https://mergr.com/company/32147,2026-09-03T23:54:45Z
1401,NexPhase Capital,New York,3815,CyberCore Technologies,Information Technology,"Elkridge, Maryland, United States",2011-07-11,Secondary Buyout,2017-09-27,Trade Sale - Public Company,6.2,False,,0,0,https://mergr.com/company/3815,2026-09-03T23:54:45Z
1401,NexPhase Capital,New York,27618,North American Partners in Anesthesia,Healthcare Services,"Melville, New York, United States",2011-04-22,Recapitalization,2016-04-19,Merger,4.9,False,,5,0,https://mergr.com/company/27618,2026-09-03T23:54:45Z
1401,NexPhase Capital,New York,2455,Quest Specialty Chemicals,Chemicals,"Charleston, South Carolina, United States",2011-03-23,Secondary Buyout,2015-08-25,Stake Sale,4.4,False,,0,2,https://mergr.com/company/2455,2026-09-03T23:54:45Z
1401,NexPhase Capital,New York,27622,WINFertility,Healthcare Services,"Greenwich, Connecticut, United States",2010-11-01,"Buyout (LBO, MBO, MBI)",,,15.8,True,,0,0,https://mergr.com/company/27622,2026-09-03T23:54:45Z
1401,NexPhase Capital,New York,201795,"Opportunity Bancshares, Inc.",Financial Services,"Bettendorf, Iowa, United States",2010-04-03,Stake Purchase,,,16.4,True,,0,0,https://mergr.com/company/201795,2026-09-03T23:54:45Z
1401,NexPhase Capital,New York,27617,Kinsale Capital Group,Insurance,"Richmond, Virginia, United States",2010-03-09,"Buyout (LBO, MBO, MBI)",2016-07-27,IPO,6.3,False,1874,0,0,https://mergr.com/company/27617,2026-09-03T23:54:45Z
1401,NexPhase Capital,New York,10360,RecoverCare,Medical Products,"Louisville, Kentucky, United States",2009-07-13,Secondary Buyout,2014-05-09,Divestiture,4.8,False,,2,0,https://mergr.com/company/10360,2026-09-03T23:54:45Z
1401,NexPhase Capital,New York,31550,"Wyle, Inc.",Information Technology,"El Segundo, California, United States",2009-06-29,Secondary Buyout,2016-05-23,Divestiture,6.8,False,800,0,1,https://mergr.com/company/31550,2026-09-03T23:54:45Z
1401,NexPhase Capital,New York,13114,MidCap Financial,Financial Services,"Bethesda, Maryland, United States",2008-11-25,"Buyout (LBO, MBO, MBI)",2013-11-18,Trade Sale - Public Company,4.9,False,,1,1,https://mergr.com/company/13114,2026-09-03T23:54:45Z
1469,Bedford Funding,New York,193152,"MDLive, Inc.",Information Technology,"Sunrise, Florida, United States",2015-06-24,Growth Capital,2021-02-26,Divestiture,5.7,False,,0,0,https://mergr.com/company/193152,2026-09-03T23:54:45Z
1469,Bedford Funding,New York,66374,"PeopleFluent, Inc.",Internet Software and Services,"Waltham, Massachusetts, United States",2008-09-29,"Buyout (LBO, MBO, MBI)",2018-04-25,Divestiture,9.5,False,,4,0,https://mergr.com/company/66374,2026-09-03T23:54:45Z
1659,GCP Capital Partners,New York,313221,Superscapes,Construction,"Carrollton, Texas, United States",2025-04-07,Recapitalization,,,1.3,True,,0,0,https://mergr.com/company/313221,2026-09-03T23:54:45Z
1659,GCP Capital Partners,New York,347150,Gavnat & Associates,Insurance,"Eden Prairie, Minnesota, United States",2024-07-23,Growth Capital,,,2.1,True,,0,0,https://mergr.com/company/347150,2026-09-03T23:54:45Z
1659,GCP Capital Partners,New York,180164,Verita Global,Business Services,"El Segundo, California, United States",2023-05-01,Divestiture,,,3.3,True,,0,0,https://mergr.com/company/180164,2026-09-03T23:54:45Z
1659,GCP Capital Partners,New York,327765,Citcon,Internet Software and Services,"San Jose, California, United States",2023-01-01,Growth Capital,,,3.7,True,,0,0,https://mergr.com/company/327765,2026-09-03T23:54:45Z
1659,GCP Capital Partners,New York,313914,Alkeme,Insurance,"Ladera Ranch, California, United States",2021-01-14,"Buyout (LBO, MBO, MBI)",,,5.6,True,,23,0,https://mergr.com/company/313914,2026-09-03T23:54:45Z
1659,GCP Capital Partners,New York,320505,TransNetwork,Financial Services,"Houston, Texas, United States",2021-01-01,Stake Purchase,,,5.7,True,,0,0,https://mergr.com/company/320505,2026-09-03T23:54:45Z
1659,GCP Capital Partners,New York,267392,Geoforce,Internet Software and Services,"Plano, Texas, United States",2019-12-17,Growth Capital,,,6.7,True,,3,0,https://mergr.com/company/267392,2026-09-03T23:54:45Z
1659,GCP Capital Partners,New York,262784,Tresata,Software,"Charlotte, North Carolina, United States",2018-10-10,Growth Capital,,,7.8,True,,0,0,https://mergr.com/company/262784,2026-09-03T23:54:45Z
1659,GCP Capital Partners,New York,327762,UpdatePromise,Internet Software and Services,"Chino, California, United States",2018-04-12,Growth Capital,,,8.3,True,,0,0,https://mergr.com/company/327762,2026-09-03T23:54:45Z
1659,GCP Capital Partners,New York,218616,Nexio,Financial Services,"Orem, Utah, United States",2016-04-12,"Buyout (LBO, MBO, MBI)",,,10.3,True,,0,0,https://mergr.com/company/218616,2026-09-03T23:54:45Z
1659,GCP Capital Partners,New York,221536,"Radius Bancorp, Inc.",Financial Services,"Boston, Massachusetts, United States",2015-10-07,"Buyout (LBO, MBO, MBI)",2020-02-18,Divestiture,4.3,False,,1,0,https://mergr.com/company/221536,2026-09-03T23:54:45Z
1659,GCP Capital Partners,New York,262777,Bridgewater Bank,Financial Services,"Saint Louis Park, Minnesota, United States",2015-09-08,Growth Capital,,,10.9,True,142,1,0,https://mergr.com/company/262777,2026-09-03T23:54:45Z
1659,GCP Capital Partners,New York,176875,First Mariner Bank,Financial Services,"Baltimore, Maryland, United States",2014-02-14,Recapitalization,2017-08-15,Divestiture,3.5,False,,0,0,https://mergr.com/company/176875,2026-09-03T23:54:45Z
1659,GCP Capital Partners,New York,51942,123 LumpSum,Financial Services,"Fort Lauderdale, Florida, United States",2013-04-09,"Buyout (LBO, MBO, MBI)",,,13.3,True,,0,0,https://mergr.com/company/51942,2026-09-03T23:54:45Z
1659,GCP Capital Partners,New York,166889,"Eastern Virginia Bankshares, Inc.",Financial Services,"Tappahannock, Virginia, United States",2013-03-26,PIPE,2017-07-23,Spin Off,4.3,False,54,1,0,https://mergr.com/company/166889,2026-09-03T23:54:45Z
1659,GCP Capital Partners,New York,33977,"Continental Bank Holdings, Inc.",Financial Services,"Plymouth Meeting, Pennsylvania, United States",2012-06-11,"Buyout (LBO, MBO, MBI)",2015-01-02,Divestiture,2.5,False,,0,0,https://mergr.com/company/33977,2026-09-03T23:54:45Z
1659,GCP Capital Partners,New York,291159,Zeta Global,Internet Software and Services,"New York, New York, United States",2012-06-07,Secondary Buyout,2014-01-22,Sold to Management,1.6,False,1305,1,0,https://mergr.com/company/291159,2026-09-03T23:54:45Z
1659,GCP Capital Partners,New York,211179,"SV Resource Partners, LLC",Oil/Gas Exploration,United States,2012-03-06,"Buyout (LBO, MBO, MBI)",,,14.4,True,,0,0,https://mergr.com/company/211179,2026-09-03T23:54:45Z
1659,GCP Capital Partners,New York,28461,Saga Resource Partners,Oil/Gas Exploration,"Denver, Colorado, United States",2011-07-15,"Buyout (LBO, MBO, MBI)",,,15.1,True,,0,0,https://mergr.com/company/28461,2026-09-03T23:54:45Z
1659,GCP Capital Partners,New York,33873,Banner Oil and Gas,Oil/Gas Exploration,"Oklahoma City, Oklahoma, United States",2011-07-01,"Buyout (LBO, MBO, MBI)",,,15.2,True,,0,0,https://mergr.com/company/33873,2026-09-03T23:54:45Z
1659,GCP Capital Partners,New York,33985,Southwest Risk,Insurance,"Dallas, Texas, United States",2010-12-28,"Buyout (LBO, MBO, MBI)",,,15.7,True,,0,0,https://mergr.com/company/33985,2026-09-03T23:54:45Z
1659,GCP Capital Partners,New York,25226,"Stroz Friedberg, Inc.",Business Services,"New York, New York, United States",2010-09-30,Growth Capital,2016-10-11,Divestiture,6,False,,3,0,https://mergr.com/company/25226,2026-09-03T23:54:45Z
1659,GCP Capital Partners,New York,33981,Acrisure,Insurance,"Grand Rapids, Michigan, United States",2010-06-29,"Buyout (LBO, MBO, MBI)",2013-03-01,Trade Sale - Public Company,2.7,False,,0,0,https://mergr.com/company/33981,2026-09-03T23:54:45Z
1659,GCP Capital Partners,New York,12245,Pacific Coast Energy Company LP,Oil/Gas Exploration,"Los Angeles, California, United States",2008-08-01,"Buyout (LBO, MBO, MBI)",2012-05-01,IPO,3.8,False,,0,0,https://mergr.com/company/12245,2026-09-03T23:54:45Z
1659,GCP Capital Partners,New York,1662,FinThrive,Internet Software and Services,"Plano, Texas, United States",2007-10-27,PIPE,,,18.8,True,720,9,1,https://mergr.com/company/1662,2026-09-03T23:54:45Z
1659,GCP Capital Partners,New York,14352,Florida Career College,Education,"Fort Lauderdale, Florida, United States",2007-06-08,Secondary Buyout,2014-08-25,Bankruptcy,7.2,False,,0,0,https://mergr.com/company/14352,2026-09-03T23:54:45Z
1659,GCP Capital Partners,New York,33973,Transfast,Information Technology,"New York, New York, United States",2007-05-28,Growth Capital,2017-01-17,Trade Sale - Public Company,9.6,False,,0,0,https://mergr.com/company/33973,2026-09-03T23:54:45Z
1659,GCP Capital Partners,New York,163,Peregrine Oil & Gas II,Oil/Gas Exploration,"Houston, Texas, United States",2007-01-01,"Buyout (LBO, MBO, MBI)",,,19.7,True,,0,0,https://mergr.com/company/163,2026-09-03T23:54:45Z
1659,GCP Capital Partners,New York,25009,Paris Re Holdings Ltd.,Insurance,"Zug, Switzerland",2006-12-01,"Buyout (LBO, MBO, MBI)",2009-07-05,Divestiture,2.6,False,,0,0,https://mergr.com/company/25009,2026-09-03T23:54:45Z
1659,GCP Capital Partners,New York,33965,"Peachtree Settlement Funding, LLC",Financial Services,"Radnor, Pennsylvania, United States",2006-11-21,Going Private,2011-07-13,Spin Off,4.6,False,,0,0,https://mergr.com/company/33965,2026-09-03T23:54:45Z
1659,GCP Capital Partners,New York,15495,First Equity Card,Safety/Security,"North Wales, Pennsylvania, United States",2006-10-20,Recapitalization,,,19.8,True,,0,0,https://mergr.com/company/15495,2026-09-03T23:54:45Z
1659,GCP Capital Partners,New York,25931,"Augustus Energy Partners, LLC",Oil/Gas Exploration,"Billings, Montana, United States",2006-09-01,"Buyout (LBO, MBO, MBI)",,,20,True,,0,0,https://mergr.com/company/25931,2026-09-03T23:54:45Z
1659,GCP Capital Partners,New York,7491,Validus Re,Insurance,"Pembroke, Bermuda",2005-12-14,"Buyout (LBO, MBO, MBI)",2007-07-31,IPO,1.6,False,2432,1,0,https://mergr.com/company/7491,2026-09-03T23:54:45Z
1659,GCP Capital Partners,New York,2901,Healthcare Finance Group,Financial Services,"New York City, New York, United States",2005-12-01,Growth Capital,2013-06-04,Trade Sale - Public Company,7.5,False,,0,0,https://mergr.com/company/2901,2026-09-03T23:54:45Z
1659,GCP Capital Partners,New York,33969,autoMHatic Financial,Financial Services,"Wayne, Pennsylvania, United States",2005-09-22,Growth Capital,,,20.9,True,,0,0,https://mergr.com/company/33969,2026-09-03T23:54:45Z
1659,GCP Capital Partners,New York,2836,"Hercules Offshore, Inc.",Energy Services and Equipment,"Houston, Texas, United States",2004-08-01,"Buyout (LBO, MBO, MBI)",2005-10-27,IPO,1.2,False,900,0,0,https://mergr.com/company/2836,2026-09-03T23:54:45Z
1659,GCP Capital Partners,New York,5941,"MXenergy, Inc.",Utilities,"Stamford, Connecticut, United States",2004-07-27,"Buyout (LBO, MBO, MBI)",2011-05-12,Divestiture,6.8,False,,0,0,https://mergr.com/company/5941,2026-09-03T23:54:45Z
1659,GCP Capital Partners,New York,28816,Peregrine Oil & Gas I LP,Oil/Gas Exploration,"Houston, Texas, United States",2004-01-01,Stake Purchase,2007-01-01,Unknown,3,False,,0,0,https://mergr.com/company/28816,2026-09-03T23:54:45Z
1659,GCP Capital Partners,New York,17587,"U.S. Exploration Holdings, Inc.",Oil/Gas Exploration,"Billings, Montana, United States",2003-09-22,"Buyout (LBO, MBO, MBI)",2006-02-06,Divestiture,2.3,False,,0,0,https://mergr.com/company/17587,2026-09-03T23:54:45Z
1659,GCP Capital Partners,New York,17970,"Republic Companies, Inc.",Insurance,"Dallas, Texas, United States",2003-01-01,"Buyout (LBO, MBO, MBI)",2006-12-01,Divestiture,3.9,False,,0,0,https://mergr.com/company/17970,2026-09-03T23:54:45Z
1659,GCP Capital Partners,New York,14069,"Everlast Energy, LLC",Oil/Gas Exploration,"Houston, United States",2003-01-01,Stake Purchase,,,23.7,True,,0,0,https://mergr.com/company/14069,2026-09-03T23:54:45Z
1659,GCP Capital Partners,New York,30516,EXCO,Oil/Gas Exploration,"Dallas, Texas, United States",2003-01-01,"Buyout (LBO, MBO, MBI)",2006-09-02,IPO,3.7,False,394,0,0,https://mergr.com/company/30516,2026-09-03T23:54:45Z
1659,GCP Capital Partners,New York,31936,Global Signal,Real Estate,"Sarasota, Florida, United States",2002-10-01,Special Situations/Distressed,2007-01-12,Divestiture,4.3,False,,0,0,https://mergr.com/company/31936,2026-09-03T23:54:45Z
1659,GCP Capital Partners,New York,211409,Energy Transfer Partners LP,Energy Services and Equipment,"Dallas, Texas, United States",2002-01-01,"Buyout (LBO, MBO, MBI)",2006-02-03,IPO,4.1,False,34292,0,0,https://mergr.com/company/211409,2026-09-03T23:54:45Z
1659,GCP Capital Partners,New York,17487,"Triana Energy, LLC",Oil/Gas Exploration,"Charleston, West Virginia, United States",2001-11-01,"Buyout (LBO, MBO, MBI)",2006-01-02,Divestiture,4.2,False,,0,0,https://mergr.com/company/17487,2026-09-03T23:54:45Z
1659,GCP Capital Partners,New York,2902,"Heartland Payment Systems, Inc.",Financial Services,"Princeton, New Jersey, United States",2001-10-11,Growth Capital,2005-08-11,IPO,3.8,False,2682,0,0,https://mergr.com/company/2902,2026-09-03T23:54:45Z
1701,New Silk Route,New York,141429,South Asia Gastronomy Enterprises,Food,India,2013-10-17,Growth Capital,,,12.8,True,,1,0,https://mergr.com/company/141429,2026-09-03T23:54:45Z
1701,New Silk Route,New York,30871,VRL Logistics Ltd.,Transportation,"Hubli, India",2012-04-26,Growth Capital,2015-04-30,IPO,3,False,,0,0,https://mergr.com/company/30871,2026-09-03T23:54:45Z
1701,New Silk Route,New York,30867,Vasudev Adiga's Fast Food,Restaurants,"Bangalore, India",2012-04-25,Growth Capital,,,14.3,True,,0,0,https://mergr.com/company/30867,2026-09-03T23:54:45Z
1701,New Silk Route,New York,30870,Varsity Education,Education,"Hyderabad, India",2012-01-18,Stake Purchase,2021-07-06,Sold to Management,9.4,False,,0,0,https://mergr.com/company/30870,2026-09-03T23:54:45Z
1701,New Silk Route,New York,30869,Kiran Energy,Renewable Energy,"Mumbai, India",2010-06-18,Growth Capital,,,16.2,True,,0,0,https://mergr.com/company/30869,2026-09-03T23:54:45Z
1701,New Silk Route,New York,25777,Amonix,Renewable Energy,"Seal Beach, California, United States",2010-04-21,Venture,2014-06-01,Divestiture,4.1,False,,0,0,https://mergr.com/company/25777,2026-09-03T23:54:45Z
1701,New Silk Route,New York,25405,Coffee Day Resorts Pvt. Ltd.,Restaurants,"Bengaluru, India",2010-03-30,Growth Capital,2015-10-14,IPO,5.5,False,,0,0,https://mergr.com/company/25405,2026-09-03T23:54:45Z
1701,New Silk Route,New York,25786,Nectar Lifesciences,Life Science,"Chandigargh, India",2010-03-02,Stake Purchase,,,16.5,True,254,0,0,https://mergr.com/company/25786,2026-09-03T23:54:45Z
1701,New Silk Route,New York,25785,KS Oils,Consumer Products,"Morena, India",2009-06-30,Secondary Buyout,,,17.2,True,,0,0,https://mergr.com/company/25785,2026-09-03T23:54:45Z
1701,New Silk Route,New York,25783,Destimoney,Financial Services,"Mumbai, India",2008-08-01,Growth Capital,2014-12-02,Trade Sale - Public Company,6.3,False,,0,0,https://mergr.com/company/25783,2026-09-03T23:54:45Z
1701,New Silk Route,New York,25788,Reliance Infratel,Communications,"Navi Mumbai, India",2008-08-01,Growth Capital,,,18.1,True,,1,0,https://mergr.com/company/25788,2026-09-03T23:54:45Z
1701,New Silk Route,New York,25787,Ortel Communications,Communications,"Bhubaneswar, India",2008-02-01,Secondary Buyout,2011-03-22,IPO,3.1,False,,0,0,https://mergr.com/company/25787,2026-09-03T23:54:45Z
1701,New Silk Route,New York,25781,Beaconhouse School System,Education,"Lahore, Pakistan",2008-01-01,Growth Capital,,,18.7,True,,0,0,https://mergr.com/company/25781,2026-09-03T23:54:45Z
1701,New Silk Route,New York,25780,Augere Ltd.,Communications,"London, United Kingdom",2008-01-01,Growth Capital,,,18.7,True,,0,0,https://mergr.com/company/25780,2026-09-03T23:54:45Z
1701,New Silk Route,New York,25789,Rolex Rings,Manufacturing,"Rajkot, India",2007-09-07,Stake Purchase,2021-07-28,IPO,13.8,False,174,0,0,https://mergr.com/company/25789,2026-09-03T23:54:45Z
1701,New Silk Route,New York,25779,Aster,Engineering,"Hyderabad, India",2007-08-27,Growth Capital,,,19,True,,0,0,https://mergr.com/company/25779,2026-09-03T23:54:45Z
1701,New Silk Route,New York,25778,Ascend Telecom Infrastructure,Communications,"Bangalore, India",2007-08-27,"Buyout (LBO, MBO, MBI)",2022-04-09,Trade Sale - Public Company,14.6,False,,0,0,https://mergr.com/company/25778,2026-09-03T23:54:45Z
1701,New Silk Route,New York,27545,9X Media Pvt. Ltd.,Media,"Mumbai, India",2007-03-14,"Buyout (LBO, MBO, MBI)",2010-04-29,Divestiture,3.1,False,,0,0,https://mergr.com/company/27545,2026-09-03T23:54:45Z
1768,Aterian Investment Partners,New York,350442,Vezina Industries,Business Services,"Madera, California, United States",2026-02-01,"Buyout (LBO, MBO, MBI)",,,0.6,True,,0,0,https://mergr.com/company/350442,2026-09-03T23:54:45Z
1768,Aterian Investment Partners,New York,7469,Outlook Group,Packaging,"Neenah, Wisconsin, United States",2024-11-05,Divestiture,,,1.8,True,,0,0,https://mergr.com/company/7469,2026-09-03T23:54:45Z
1768,Aterian Investment Partners,New York,325764,Contract Pharmaceuticals,Life Science,"Mississauga, Ontario, Canada",2024-06-06,"Buyout (LBO, MBO, MBI)",,,2.2,True,,0,0,https://mergr.com/company/325764,2026-09-03T23:54:45Z
1768,Aterian Investment Partners,New York,302541,Everra,Apparel/Textiles,"Charlotte, North Carolina, United States",2022-07-13,Growth Capital,,,4.1,True,,0,0,https://mergr.com/company/302541,2026-09-03T23:54:45Z
1768,Aterian Investment Partners,New York,300168,Vayan,Business Services,"Sterling Heights, Michigan, United States",2022-05-23,"Buyout (LBO, MBO, MBI)",,,4.3,True,,0,0,https://mergr.com/company/300168,2026-09-03T23:54:45Z
1768,Aterian Investment Partners,New York,149917,Allentown,Life Science,"Allentown, New Jersey, United States",2022-05-11,Secondary Buyout,,,4.3,True,,2,0,https://mergr.com/company/149917,2026-09-03T23:54:45Z
1768,Aterian Investment Partners,New York,317571,Instrata,Communications,"Scottsdale, Arizona, United States",2021-07-01,"Buyout (LBO, MBO, MBI)",,,5.2,True,,1,0,https://mergr.com/company/317571,2026-09-03T23:54:45Z
1768,Aterian Investment Partners,New York,331819,Craft Work Capital Partners,Financial Services,United States,2020-01-01,Joint Venture,,,6.7,True,,1,0,https://mergr.com/company/331819,2026-09-03T23:54:45Z
1768,Aterian Investment Partners,New York,331818,Eaglestone,Business Services,"New York, New York, United States",2019-09-09,Consolidation,2025-02-01,Shut Down,5.3,False,,1,0,https://mergr.com/company/331818,2026-09-03T23:54:45Z
1768,Aterian Investment Partners,New York,263477,Bright Innovation Labs,Consumer Products,"Santa Clarita, California, United States",2019-08-14,"Buyout (LBO, MBO, MBI)",,,7,True,,1,0,https://mergr.com/company/263477,2026-09-03T23:54:45Z
1768,Aterian Investment Partners,New York,318842,TableTrust Brands,Food,"Mifflintown, Pennsylvania, United States",2019-06-01,"Buyout (LBO, MBO, MBI)",,,7.3,True,,0,0,https://mergr.com/company/318842,2026-09-03T23:54:45Z
1768,Aterian Investment Partners,New York,3317,Hain Pure Protein,Food,"Fredericksburg, Pennsylvania, United States",2019-05-09,Divestiture,,,7.3,True,,0,0,https://mergr.com/company/3317,2026-09-03T23:54:45Z
1768,Aterian Investment Partners,New York,270063,Pace,Business Services,"Brooklyn, New York, United States",2019-04-09,"Buyout (LBO, MBO, MBI)",,,7.3,True,,0,0,https://mergr.com/company/270063,2026-09-03T23:54:45Z
1768,Aterian Investment Partners,New York,257201,EverZinc,Metals/Mining,"Houston, Texas, United States",2019-01-07,Divestiture,2025-12-22,Trade Sale - Public Company,6.9,False,,1,0,https://mergr.com/company/257201,2026-09-03T23:54:45Z
1768,Aterian Investment Partners,New York,209064,XGS,Transportation,"Chattanooga, Tennessee, United States",2018-12-21,Secondary Buyout,2025-11-06,Divestiture,6.8,False,,1,0,https://mergr.com/company/209064,2026-09-03T23:54:45Z
1768,Aterian Investment Partners,New York,3490,Pioneer Metal Finishing,Metals/Mining,"Green Bay, Wisconsin, United States",2018-08-02,Secondary Buyout,,,8.1,True,,3,1,https://mergr.com/company/3490,2026-09-03T23:54:45Z
1768,Aterian Investment Partners,New York,250628,Vantedge Medical,Manufacturing,"San Jose, California, United States",2018-05-03,"Buyout (LBO, MBO, MBI)",,,8.3,True,,4,0,https://mergr.com/company/250628,2026-09-03T23:54:45Z
1768,Aterian Investment Partners,New York,243148,Albany Industries,Furniture,"New Albany, Mississippi, United States",2017-09-05,Growth Capital,,,8.9,True,,1,0,https://mergr.com/company/243148,2026-09-03T23:54:45Z
1768,Aterian Investment Partners,New York,242041,NeoGraf Solutions,Manufacturing,"Lakewood, Ohio, United States",2017-07-25,Divestiture,2023-01-31,Trade Sale - Public Company,5.5,False,,0,0,https://mergr.com/company/242041,2026-09-03T23:54:45Z
1768,Aterian Investment Partners,New York,230971,Zephyr,Chemicals,"Avon, Ohio, United States",2016-11-22,"Buyout (LBO, MBO, MBI)",,,9.8,True,,0,0,https://mergr.com/company/230971,2026-09-03T23:54:45Z
1768,Aterian Investment Partners,New York,229605,Stewart Tubular Products,Manufacturing,"Houston, Texas, United States",2016-11-02,"Buyout (LBO, MBO, MBI)",2024-01-22,Trade Sale - Public Company,7.2,False,,0,0,https://mergr.com/company/229605,2026-09-03T23:54:45Z
1768,Aterian Investment Partners,New York,201801,Backyard Discovery,Manufacturing,"Pittsburg, Kansas, United States",2015-08-31,Secondary Buyout,,,11,True,,1,2,https://mergr.com/company/201801,2026-09-03T23:54:45Z
1768,Aterian Investment Partners,New York,101313,SourceLink LLC,Marketing,"Itasca, Illinois, United States",2015-05-11,"Buyout (LBO, MBO, MBI)",2019-11-21,Divestiture,4.5,False,,1,0,https://mergr.com/company/101313,2026-09-03T23:54:45Z
1768,Aterian Investment Partners,New York,5459,"Johnstown Wire Technologies, Inc.",Manufacturing,"Johnstown, Pennsylvania, United States",2014-05-13,Secondary Buyout,2019-06-10,Divestiture,5,False,,0,0,https://mergr.com/company/5459,2026-09-03T23:54:45Z
1768,Aterian Investment Partners,New York,138957,Bluewater Thermal Solutions,Metals/Mining,"Greenville, South Carolina, United States",2012-10-25,"Buyout (LBO, MBO, MBI)",,,13.8,True,,2,0,https://mergr.com/company/138957,2026-09-03T23:54:45Z
1768,Aterian Investment Partners,New York,3789,"Burner Systems International, Inc.",Manufacturing,"Chattanooga, Tennessee, United States",2012-05-31,"Buyout (LBO, MBO, MBI)",2016-06-16,Divestiture,4,False,,1,0,https://mergr.com/company/3789,2026-09-03T23:54:45Z
1768,Aterian Investment Partners,New York,181132,Galata Chemicals,Chemicals,"Jersey City, New Jersey, United States",2010-02-26,Divestiture,,,16.5,True,374,1,0,https://mergr.com/company/181132,2026-09-03T23:54:45Z
1768,Aterian Investment Partners,New York,222054,"EnviroSolutions, Inc.",Environmental,"Manassas, Virginia, United States",2009-11-02,"Buyout (LBO, MBO, MBI)",,,16.8,True,,3,0,https://mergr.com/company/222054,2026-09-03T23:54:45Z
1832,GTIS Partners,New York,68206,BHG,Leisure,"Rio de Janeiro, Brazil",2018-09-24,Stake Purchase,,,7.9,True,,0,0,https://mergr.com/company/68206,2026-09-03T23:54:45Z
2022,Beekman Group,New York,309315,Eclipse Fitness,Consumer Services,"Orlando, Florida, United States",2023-01-24,Recapitalization,,,3.6,True,,0,0,https://mergr.com/company/309315,2026-09-03T23:54:45Z
2022,Beekman Group,New York,323774,First Choice Dental,Healthcare Services,"Madison, Wisconsin, United States",2022-07-14,Growth Capital,,,4.1,True,,0,0,https://mergr.com/company/323774,2026-09-03T23:54:45Z
2022,Beekman Group,New York,271201,Fluent,Information Services,"Robbinsville, New Jersey, United States",2022-01-12,Secondary Buyout,,,4.6,True,,3,0,https://mergr.com/company/271201,2026-09-03T23:54:45Z
2022,Beekman Group,New York,323770,Campus Eye Group,Healthcare Services,"Hamilton Township, New Jersey, United States",2022-01-06,Growth Capital,,,4.6,True,,0,0,https://mergr.com/company/323770,2026-09-03T23:54:45Z
2022,Beekman Group,New York,291461,AutoManager,Software,"Canoga Park, California, United States",2021-10-18,Recapitalization,,,4.8,True,,4,0,https://mergr.com/company/291461,2026-09-03T23:54:45Z
2022,Beekman Group,New York,323765,Allergy & ENT Associates,Healthcare Services,"Houston, Texas, United States",2021-09-02,Growth Capital,,,5,True,,0,0,https://mergr.com/company/323765,2026-09-03T23:54:45Z
2022,Beekman Group,New York,13908,GED,Machinery,"Glenwillow, Ohio, United States",2020-03-06,Secondary Buyout,2023-06-28,Trade Sale - Public Company,3.3,False,,1,0,https://mergr.com/company/13908,2026-09-03T23:54:45Z
2022,Beekman Group,New York,269596,Condado Tacos,Restaurants,"Columbus, Ohio, United States",2020-02-26,Recapitalization,,,6.5,True,,0,0,https://mergr.com/company/269596,2026-09-03T23:54:45Z
2022,Beekman Group,New York,264376,Active Pro Rehab Partners,Consumer Services,"Cranford, New Jersey, United States",2019-09-18,Growth Capital,2023-10-04,Divestiture,4,False,,0,0,https://mergr.com/company/264376,2026-09-03T23:54:45Z
2022,Beekman Group,New York,259270,Convenient Brands,Information Technology,"Draper, Utah, United States",2019-03-18,Recapitalization,,,7.4,True,,6,1,https://mergr.com/company/259270,2026-09-03T23:54:45Z
2022,Beekman Group,New York,249529,Riccobene Associates Family Dentistry,Healthcare Services,"Cary, North Carolina, United States",2018-03-20,Growth Capital,2024-11-04,Trade Sale - Public Company,6.6,False,,0,0,https://mergr.com/company/249529,2026-09-03T23:54:45Z
2022,Beekman Group,New York,245351,Another Broken Egg,Restaurants,"Orlando, Florida, United States",2017-11-12,Recapitalization,,,8.8,True,,0,0,https://mergr.com/company/245351,2026-09-03T23:54:45Z
2022,Beekman Group,New York,238783,New Vision Theatres,Media,"Stratford, Connecticut, United States",2017-04-13,Divestiture,,,9.3,True,,0,0,https://mergr.com/company/238783,2026-09-03T23:54:45Z
2022,Beekman Group,New York,235715,Elite ISI,Safety/Security,"Los Angeles, California, United States",2017-02-07,Growth Capital,2025-06-09,Trade Sale - Public Company,8.3,False,,0,0,https://mergr.com/company/235715,2026-09-03T23:54:45Z
2022,Beekman Group,New York,181008,OneWater,Marine,"Buford, Georgia, United States",2016-10-01,Consolidation,2020-02-07,IPO,3.3,False,1872,5,0,https://mergr.com/company/181008,2026-09-03T23:54:45Z
2022,Beekman Group,New York,174173,Direct Connect Holdings LLC,Business Services,"Chantilly, Virginia, United States",2015-01-21,Recapitalization,,,11.6,True,,0,1,https://mergr.com/company/174173,2026-09-03T23:54:45Z
2022,Beekman Group,New York,272343,New England Dental Partners,Healthcare Services,"Bourne, Massachusetts, United States",2015-01-01,"Buyout (LBO, MBO, MBI)",,,11.7,True,,0,0,https://mergr.com/company/272343,2026-09-03T23:54:45Z
2022,Beekman Group,New York,258085,Simply Beautiful Smiles,Healthcare Services,"Langhorne, Pennsylvania, United States",2014-05-19,Growth Capital,2019-02-05,Trade Sale - Public Company,4.7,False,,0,0,https://mergr.com/company/258085,2026-09-03T23:54:45Z
2022,Beekman Group,New York,4535,Mesmerize,Marketing,"New York, New York, United States",2014-04-30,"Buyout (LBO, MBO, MBI)",2023-02-15,Divestiture,8.8,False,,2,0,https://mergr.com/company/4535,2026-09-03T23:54:45Z
2022,Beekman Group,New York,60186,Ted's Cafe,Restaurants,"Oklahoma City, Oklahoma, United States",2013-07-09,Recapitalization,,,13.1,True,,0,0,https://mergr.com/company/60186,2026-09-03T23:54:45Z
2022,Beekman Group,New York,51930,NorthStar Alarm Services,Safety/Security,"Orem, Utah, United States",2013-05-16,Recapitalization,,,13.3,True,,0,0,https://mergr.com/company/51930,2026-09-03T23:54:45Z
2022,Beekman Group,New York,71729,REVA,Healthcare Services,"Fort Lauderdale, Florida, United States",2012-02-24,"Buyout (LBO, MBO, MBI)",,,14.5,True,,2,0,https://mergr.com/company/71729,2026-09-03T23:54:45Z
2022,Beekman Group,New York,24512,Sage Dental Management,Healthcare Services,"Boca Raton, Florida, United States",2010-08-03,"Buyout (LBO, MBO, MBI)",2012-10-08,Trade Sale - Public Company,2.2,False,,0,0,https://mergr.com/company/24512,2026-09-03T23:54:45Z
2022,Beekman Group,New York,29172,"TBG Anesthesia Holdings, Inc.",Healthcare Services,United States,2009-11-10,Stake Purchase,,,16.8,True,,0,0,https://mergr.com/company/29172,2026-09-03T23:54:45Z
2022,Beekman Group,New York,29171,"Ironshore, Inc.",Insurance,"Hamilton, Bermuda",2007-01-03,"Buyout (LBO, MBO, MBI)",2014-06-17,IPO,7.4,False,,5,0,https://mergr.com/company/29171,2026-09-03T23:54:45Z
2022,Beekman Group,New York,29170,TBG Food Acquisition,Franchising,"Tuckahoe, New York, United States",2005-12-30,Special Situations/Distressed,,,20.7,True,,0,0,https://mergr.com/company/29170,2026-09-03T23:54:45Z
2022,Beekman Group,New York,5532,Tysers,Insurance,"London, United Kingdom",2005-05-11,Growth Capital,2015-08-05,Trade Sale - Public Company,10.2,False,,28,0,https://mergr.com/company/5532,2026-09-03T23:54:45Z
2023,Cartesian Capital Group,New York,324956,Tiendamia,E-Commerce,"Miami, Florida, United States",2022-01-24,Growth Capital,,,4.6,True,,0,0,https://mergr.com/company/324956,2026-09-03T23:54:45Z
2023,Cartesian Capital Group,New York,277036,Brilia,Electrical Equipment,"Porto Alegre, Brazil",2017-10-25,Growth Capital,,,8.8,True,,0,0,https://mergr.com/company/277036,2026-09-03T23:54:45Z
2023,Cartesian Capital Group,New York,277035,Aloo Telecom,Communications,"Maceio, Brazil",2017-09-08,Growth Capital,,,8.9,True,,0,0,https://mergr.com/company/277035,2026-09-03T23:54:45Z
2023,Cartesian Capital Group,New York,276991,Flybondi,Airlines,"Buenos Aires, Argentina",2017-07-27,Growth Capital,2023-10-20,IPO,6.2,False,,0,0,https://mergr.com/company/276991,2026-09-03T23:54:45Z
2023,Cartesian Capital Group,New York,276992,BTS Towers,Communications,"Fort Lauderdale, Florida, United States",2017-02-13,Growth Capital,2022-02-09,Divestiture,4.9,False,,0,0,https://mergr.com/company/276992,2026-09-03T23:54:45Z
2023,Cartesian Capital Group,New York,228414,Aqua Comms,Communications,"Dublin, Ireland",2016-05-05,Growth Capital,,,10.3,True,,0,0,https://mergr.com/company/228414,2026-09-03T23:54:45Z
2023,Cartesian Capital Group,New York,7609,Westport,Automotive,"Vancouver, British Columbia, Canada",2016-01-11,Stake Purchase,,,10.6,True,302,2,1,https://mergr.com/company/7609,2026-09-03T23:54:45Z
2023,Cartesian Capital Group,New York,231892,Belgravia Hartford,Business Services,"Kelowna, British Columbia, Canada",2014-11-26,Growth Capital,2017-11-22,IPO,2.9,False,1,0,0,https://mergr.com/company/231892,2026-09-03T23:54:45Z
2023,Cartesian Capital Group,New York,176991,Flemingo,Retail,"Dubai, United Arab Emirates",2014-10-01,Growth Capital,,,11.9,True,,0,0,https://mergr.com/company/176991,2026-09-03T23:54:45Z
2023,Cartesian Capital Group,New York,231906,Circle K Mexico,Restaurants,Mexico,2014-02-01,Growth Capital,,,12.6,True,,0,0,https://mergr.com/company/231906,2026-09-03T23:54:45Z
2023,Cartesian Capital Group,New York,39017,redIT,Information Technology,"Polanco, Mexico",2013-08-21,Stake Purchase,,,13,True,,0,0,https://mergr.com/company/39017,2026-09-03T23:54:45Z
2023,Cartesian Capital Group,New York,264823,Arlington Industries,Manufacturing,"Manchester, United Kingdom",2013-01-01,"Buyout (LBO, MBO, MBI)",,,13.7,True,,2,0,https://mergr.com/company/264823,2026-09-03T23:54:45Z
2023,Cartesian Capital Group,New York,256582,Waypoint Leasing,Aerospace,"Limerick, Ireland",2013-01-01,Joint Venture,2018-11-25,Bankruptcy,5.8,False,,0,0,https://mergr.com/company/256582,2026-09-03T23:54:45Z
2023,Cartesian Capital Group,New York,231912,Moscow Exchange Micex-RTS,Financial Services,"Moscow, Russia",2012-07-20,Stake Purchase,,,14.1,True,1289,0,0,https://mergr.com/company/231912,2026-09-03T23:54:45Z
2023,Cartesian Capital Group,New York,261143,Burger King,Franchising,"Shanghai, China",2012-06-15,Joint Venture,,,14.2,True,,0,0,https://mergr.com/company/261143,2026-09-03T23:54:45Z
2023,Cartesian Capital Group,New York,18937,"Public Mobile, Inc.",Communications,"Toronto, Ontario, Canada",2011-05-06,Venture,2013-10-24,Divestiture,2.4,False,,0,0,https://mergr.com/company/18937,2026-09-03T23:54:45Z
2023,Cartesian Capital Group,New York,28904,TAB Gida,Restaurants,"Istanbul, Turkey",2011-03-23,Stake Purchase,,,15.4,True,500,0,0,https://mergr.com/company/28904,2026-09-03T23:54:45Z
2023,Cartesian Capital Group,New York,28905,Iris Reinsurance Ltd.,Insurance,"Hamilton, Bermuda",2009-06-03,Stake Purchase,,,17.3,True,,0,0,https://mergr.com/company/28905,2026-09-03T23:54:45Z
2023,Cartesian Capital Group,New York,28906,Daycoval Bank,Financial Services,"Sao Paulo, Brazil",2009-03-02,PIPE,,,17.5,True,1157,0,0,https://mergr.com/company/28906,2026-09-03T23:54:45Z
2023,Cartesian Capital Group,New York,255838,Neuberger Berman Insurance-Linked Strategies,Insurance,"New York City, New York, United States",2009-01-01,"Buyout (LBO, MBO, MBI)",2018-11-01,Trade Sale - Public Company,9.8,False,,0,0,https://mergr.com/company/255838,2026-09-03T23:54:45Z
2023,Cartesian Capital Group,New York,28903,Unlimited,Marketing,"London, United Kingdom",2008-10-07,PIPE,2016-11-17,Recapitalization,8.1,False,166,3,1,https://mergr.com/company/28903,2026-09-03T23:54:45Z
2023,Cartesian Capital Group,New York,261158,Ser Educacional,Education,"Recife, Brazil",2008-10-01,Stake Purchase,,,17.9,True,547,1,0,https://mergr.com/company/261158,2026-09-03T23:54:45Z
2023,Cartesian Capital Group,New York,16136,"ReSearch Pharmaceutical Services, Inc.",Life Science,"Fort Washington, Pennsylvania, United States",2008-02-12,"Buyout (LBO, MBO, MBI)",2010-12-28,Trade Sale - Public Company,2.8,False,,0,0,https://mergr.com/company/16136,2026-09-03T23:54:45Z
2106,GenNx360 Capital Partners,New York,346157,NVI,Business Services,"Gray, Louisiana, United States",2026-02-17,Growth Capital,,,0.5,True,,1,0,https://mergr.com/company/346157,2026-09-03T23:54:45Z
2106,GenNx360 Capital Partners,New York,330341,HBS,Information Technology,"Little Chute, Wisconsin, United States",2025-10-07,Secondary Buyout,,,0.8,True,,1,0,https://mergr.com/company/330341,2026-09-03T23:54:45Z
2106,GenNx360 Capital Partners,New York,271492,Shenandoah Industrial Solutions,Environmental,"Pompano Beach, Florida, United States",2024-09-12,Secondary Buyout,,,1.9,True,,2,0,https://mergr.com/company/271492,2026-09-03T23:54:45Z
2106,GenNx360 Capital Partners,New York,303561,ITsavvy,Information Technology,"Addison, Illinois, United States",2022-08-10,Growth Capital,2024-10-17,Divestiture,2.2,False,,1,0,https://mergr.com/company/303561,2026-09-03T23:54:45Z
2106,GenNx360 Capital Partners,New York,296421,Tensentric,Business Services,"Boulder, Colorado, United States",2022-02-15,Growth Capital,,,4.5,True,,0,0,https://mergr.com/company/296421,2026-09-03T23:54:45Z
2106,GenNx360 Capital Partners,New York,295961,Nutra-Med,Packaging,"Whippany, New Jersey, United States",2022-02-04,Growth Capital,,,4.6,True,,1,0,https://mergr.com/company/295961,2026-09-03T23:54:45Z
2106,GenNx360 Capital Partners,New York,290122,Whitsons Culinary Group,Business Services,"Islandia, New York, United States",2021-09-08,"Buyout (LBO, MBO, MBI)",,,4.9,True,,4,0,https://mergr.com/company/290122,2026-09-03T23:54:45Z
2106,GenNx360 Capital Partners,New York,195154,B2B Industrial Packaging,Packaging,"Addison, Illinois, United States",2020-10-08,"Buyout (LBO, MBO, MBI)",,,5.8,True,,14,0,https://mergr.com/company/195154,2026-09-03T23:54:45Z
2106,GenNx360 Capital Partners,New York,199574,Aero 3,Aerospace,"Bedford, New Hampshire, United States",2020-01-14,Secondary Buyout,2025-10-27,Divestiture,5.8,False,120,4,0,https://mergr.com/company/199574,2026-09-03T23:54:45Z
2106,GenNx360 Capital Partners,New York,310354,Pacteon,Machinery,"Greensboro, Georgia, United States",2019-09-01,"Buyout (LBO, MBO, MBI)",,,7,True,,4,0,https://mergr.com/company/310354,2026-09-03T23:54:45Z
2106,GenNx360 Capital Partners,New York,259356,Miller Environmental Group,Environmental,"Calverton, New York, United States",2019-03-20,"Buyout (LBO, MBO, MBI)",2024-09-11,Trade Sale - Public Company,5.4,False,,3,0,https://mergr.com/company/259356,2026-09-03T23:54:45Z
2106,GenNx360 Capital Partners,New York,1450,Precision Aviation Group,Aerospace,"Atlanta, Georgia, United States",2018-07-30,Secondary Buyout,2026-01-29,Divestiture,7.4,False,,11,0,https://mergr.com/company/1450,2026-09-03T23:54:45Z
2106,GenNx360 Capital Partners,New York,25578,GenServe,Energy Services and Equipment,"Plainview, New York, United States",2018-04-16,Secondary Buyout,2024-08-05,Trade Sale - Public Company,6.3,False,,11,0,https://mergr.com/company/25578,2026-09-03T23:54:45Z
2106,GenNx360 Capital Partners,New York,181694,Subsea,Marine,"Miami, Florida, United States",2018-04-03,Secondary Buyout,,,8.4,True,,4,0,https://mergr.com/company/181694,2026-09-03T23:54:45Z
2106,GenNx360 Capital Partners,New York,249559,CRS Temporary Housing,Business Services,"Phoenix, Arizona, United States",2018-03-20,"Buyout (LBO, MBO, MBI)",2021-12-01,Trade Sale - Public Company,3.7,False,,0,0,https://mergr.com/company/249559,2026-09-03T23:54:45Z
2106,GenNx360 Capital Partners,New York,23965,Tooling Tech Group,Machinery,"Fort Loramie, Ohio, United States",2017-08-09,Recapitalization,2017-08-09,Merger,0,False,,0,0,https://mergr.com/company/23965,2026-09-03T23:54:45Z
2106,GenNx360 Capital Partners,New York,237051,"Appalachian Railcar Services, Inc.",Transportation,"Eleanor, West Virginia, United States",2017-03-02,Growth Capital,2020-12-15,Divestiture,3.8,False,,0,0,https://mergr.com/company/237051,2026-09-03T23:54:45Z
2106,GenNx360 Capital Partners,New York,3929,Vintage Parts,Distribution,"Beaver Dam, Wisconsin, United States",2015-09-21,Secondary Buyout,,,10.9,True,,0,0,https://mergr.com/company/3929,2026-09-03T23:54:45Z
2106,GenNx360 Capital Partners,New York,2675,"Truck Bodies & Equipment International, Inc.",Manufacturing,"Eden Prairie, Minnesota, United States",2015-09-11,Secondary Buyout,2017-05-08,Divestiture,1.6,False,206,1,0,https://mergr.com/company/2675,2026-09-03T23:54:45Z
2106,GenNx360 Capital Partners,New York,23965,Tooling Tech Group,Machinery,"Fort Loramie, Ohio, United States",2014-07-23,Secondary Buyout,2017-08-09,Merger,3,False,,2,0,https://mergr.com/company/23965,2026-09-03T23:54:45Z
2106,GenNx360 Capital Partners,New York,72073,Salford Group,Machinery,"Osceola, Iowa, United States",2013-11-21,"Buyout (LBO, MBO, MBI)",2022-04-27,Divestiture,8.4,False,,3,0,https://mergr.com/company/72073,2026-09-03T23:54:45Z
2106,GenNx360 Capital Partners,New York,16194,Horsburgh & Scott,Machinery,"Cleveland, Ohio, United States",2013-04-01,Secondary Buyout,,,13.4,True,,1,0,https://mergr.com/company/16194,2026-09-03T23:54:45Z
2106,GenNx360 Capital Partners,New York,60830,Schramm,Energy Services and Equipment,"West Chester, Pennsylvania, United States",2012-07-02,"Buyout (LBO, MBO, MBI)",2020-09-01,Unknown,8.1,False,,1,0,https://mergr.com/company/60830,2026-09-03T23:54:45Z
2106,GenNx360 Capital Partners,New York,270720,Precinmac Precision Machining,Manufacturing,"South Paris, Maine, United States",2010-07-15,"Buyout (LBO, MBO, MBI)",2020-04-02,Trade Sale - Public Company,9.7,False,,1,0,https://mergr.com/company/270720,2026-09-03T23:54:45Z
2106,GenNx360 Capital Partners,New York,28110,SiVance LLC,Chemicals,"Gainesville, North Carolina, United States",2009-08-31,Divestiture,2011-10-06,Divestiture,2.1,False,,0,0,https://mergr.com/company/28110,2026-09-03T23:54:45Z
2106,GenNx360 Capital Partners,New York,6741,Trimaster Manufacturing,Manufacturing,"Guelph, Ontario, Canada",2009-07-13,Secondary Buyout,2017-01-01,Divestiture,7.4,False,,1,0,https://mergr.com/company/6741,2026-09-03T23:54:45Z
2106,GenNx360 Capital Partners,New York,28108,Syncreon,Transportation,"Cloghran, Ireland",2009-04-01,"Buyout (LBO, MBO, MBI)",2021-07-01,Divestiture,12.3,False,1000,2,0,https://mergr.com/company/28108,2026-09-03T23:54:45Z
2106,GenNx360 Capital Partners,New York,213193,"GVI Security Solutions, Inc.",Safety/Security,"Carrollton, Texas, United States",2009-01-01,"Buyout (LBO, MBO, MBI)",,,17.7,True,,0,0,https://mergr.com/company/213193,2026-09-03T23:54:45Z
2106,GenNx360 Capital Partners,New York,12090,VertexOne,Information Technology,"Houston, Texas, United States",2007-01-15,Divestiture,2019-07-23,Merger,12.5,False,,0,1,https://mergr.com/company/12090,2026-09-03T23:54:45Z
2242,3G Capital,New York,137121,Skechers,Apparel/Textiles,"Manhattan Beach, California, United States",2025-05-05,Going Private,,,1.3,True,8969,0,0,https://mergr.com/company/137121,2026-09-03T23:54:45Z
2242,3G Capital,New York,70801,Hunter Douglas,Consumer Products,"Rotterdam, Netherlands",2021-12-30,Going Private,,,4.7,True,3993,0,1,https://mergr.com/company/70801,2026-09-03T23:54:45Z
2242,3G Capital,New York,37029,Heinz,Food,"Pittsburgh, Pennsylvania, United States",2013-02-14,Going Private,,,13.5,True,11600,2,1,https://mergr.com/company/37029,2026-09-03T23:54:45Z
2242,3G Capital,New York,28339,Burger King,Restaurants,"Miami, Florida, United States",2010-09-02,Going Private,2014-08-26,Spin Off,3.9,False,1146,0,0,https://mergr.com/company/28339,2026-09-03T23:54:45Z
2299,Long Ridge Equity Partners,New York,353092,MarketSphere Consulting,Business Services,"Atlanta, Georgia, United States",2026-08-20,Growth Capital,,,0,True,,0,0,https://mergr.com/company/353092,2026-09-03T23:54:45Z
2299,Long Ridge Equity Partners,New York,345958,GoTu,Software,"Miami, Florida, United States",2025-11-18,Growth Capital,,,0.8,True,,0,0,https://mergr.com/company/345958,2026-09-03T23:54:45Z
2299,Long Ridge Equity Partners,New York,345962,Pacific Crest Services,Insurance,"Eagle, Idaho, United States",2025-05-01,Growth Capital,,,1.3,True,,0,0,https://mergr.com/company/345962,2026-09-03T23:54:45Z
2299,Long Ridge Equity Partners,New York,330845,QX Global Group,Business Services,"Skipton, United Kingdom",2024-07-10,Growth Capital,,,2.1,True,,0,0,https://mergr.com/company/330845,2026-09-03T23:54:45Z
2299,Long Ridge Equity Partners,New York,330853,RFG Advisory,Business Services,"Vestavia Hills, Alabama, United States",2023-08-02,Growth Capital,,,3.1,True,,1,0,https://mergr.com/company/330853,2026-09-03T23:54:45Z
2299,Long Ridge Equity Partners,New York,306315,Acqueon,Software,"Irving, Texas, United States",2022-10-25,Growth Capital,2024-08-08,Divestiture,1.8,False,,0,0,https://mergr.com/company/306315,2026-09-03T23:54:45Z
2299,Long Ridge Equity Partners,New York,309538,Oritain,Information Technology,"Otago, New Zealand",2021-10-21,Growth Capital,,,4.8,True,,0,0,https://mergr.com/company/309538,2026-09-03T23:54:45Z
2299,Long Ridge Equity Partners,New York,289141,TRUE,Information Technology,"Forest Hills, New York, United States",2021-08-10,Growth Capital,,,5,True,,0,0,https://mergr.com/company/289141,2026-09-03T23:54:45Z
2299,Long Ridge Equity Partners,New York,288257,AuthenticID,Information Technology,"Kirkland, Washington, United States",2021-07-22,Growth Capital,2025-08-19,Divestiture,4,False,,0,0,https://mergr.com/company/288257,2026-09-03T23:54:45Z
2299,Long Ridge Equity Partners,New York,304428,Drawbridge,Internet Software and Services,"Palm Beach Gardens, Florida, United States",2021-03-01,Growth Capital,,,5.5,True,,0,0,https://mergr.com/company/304428,2026-09-03T23:54:45Z
2299,Long Ridge Equity Partners,New York,268503,Provana,Information Technology,"Lisle, Illinois, United States",2020-10-01,Growth Capital,,,5.9,True,,3,0,https://mergr.com/company/268503,2026-09-03T23:54:45Z
2299,Long Ridge Equity Partners,New York,309539,Ripjar,Software,"Gloucestershire, United Kingdom",2020-09-24,Venture,,,5.9,True,,0,0,https://mergr.com/company/309539,2026-09-03T23:54:45Z
2299,Long Ridge Equity Partners,New York,309047,MessageGears,Internet Software and Services,"Atlanta, Georgia, United States",2020-06-09,Growth Capital,,,6.2,True,,1,0,https://mergr.com/company/309047,2026-09-03T23:54:45Z
2299,Long Ridge Equity Partners,New York,268586,National Credit Care,Business Services,"Westminster, Colorado, United States",2020-01-29,Growth Capital,,,6.6,True,,0,0,https://mergr.com/company/268586,2026-09-03T23:54:45Z
2299,Long Ridge Equity Partners,New York,272256,NinjaTrader Group,Software,"Chicago, Illinois, United States",2020-01-06,Growth Capital,2025-03-20,Divestiture,5.2,False,,2,0,https://mergr.com/company/272256,2026-09-03T23:54:45Z
2299,Long Ridge Equity Partners,New York,272255,Neighborhoods.com,Internet Software and Services,"Chicago, Illinois, United States",2019-07-19,Growth Capital,,,7.1,True,,0,0,https://mergr.com/company/272255,2026-09-03T23:54:45Z
2299,Long Ridge Equity Partners,New York,254225,ProcessUnity,Internet Software and Services,"Concord, Massachusetts, United States",2018-09-18,Growth Capital,,,7.9,True,,2,0,https://mergr.com/company/254225,2026-09-03T23:54:45Z
2299,Long Ridge Equity Partners,New York,249566,Avetta,Internet Software and Services,"Lehi, Utah, United States",2018-03-21,"Buyout (LBO, MBO, MBI)",2024-04-02,Trade Sale - Public Company,6,False,,3,0,https://mergr.com/company/249566,2026-09-03T23:54:45Z
2299,Long Ridge Equity Partners,New York,254735,SALI Fund Management,Business Services,"Austin, Texas, United States",2018-02-28,Growth Capital,2021-10-07,Divestiture,3.6,False,,0,0,https://mergr.com/company/254735,2026-09-03T23:54:45Z
2299,Long Ridge Equity Partners,New York,239332,Broadway Technology,Information Technology,"New York, New York, United States",2017-05-09,Growth Capital,2020-02-14,Divestiture,2.8,False,,1,0,https://mergr.com/company/239332,2026-09-03T23:54:45Z
2299,Long Ridge Equity Partners,New York,115201,Carson Group,Information Technology,"Omaha, Nebraska, United States",2016-05-24,Growth Capital,2021-07-15,Secondary Sale,5.1,False,50,0,0,https://mergr.com/company/115201,2026-09-03T23:54:45Z
2299,Long Ridge Equity Partners,New York,215699,Freedom Advisors,Information Technology,"Hartford, Connecticut, United States",2016-02-16,Growth Capital,,,10.5,True,,0,0,https://mergr.com/company/215699,2026-09-03T23:54:45Z
2299,Long Ridge Equity Partners,New York,272257,TradAir,Internet Software and Services,"Tel Aviv, Israel",2014-12-01,"Buyout (LBO, MBO, MBI)",,,11.8,True,,0,0,https://mergr.com/company/272257,2026-09-03T23:54:45Z
2299,Long Ridge Equity Partners,New York,112237,Portware LLC,Financial Services,"New York, New York, United States",2014-08-06,Recapitalization,2015-09-22,Divestiture,1.1,False,,0,0,https://mergr.com/company/112237,2026-09-03T23:54:45Z
2299,Long Ridge Equity Partners,New York,63370,Stonegate Mortgage Corp.,Financial Services,"Indianapolis, Indiana, United States",2012-03-13,"Buyout (LBO, MBO, MBI)",2017-01-27,Trade Sale - Public Company,4.8,False,,1,0,https://mergr.com/company/63370,2026-09-03T23:54:45Z
2299,Long Ridge Equity Partners,New York,30044,Ametros Financial,Information Technology,"Burlington, Massachusetts, United States",2010-01-01,Growth Capital,2023-12-14,Divestiture,13.9,False,,0,0,https://mergr.com/company/30044,2026-09-03T23:54:45Z
2299,Long Ridge Equity Partners,New York,63374,Structured Portfolio Management,Financial Services,"Stamford, Connecticut, United States",2007-12-01,"Buyout (LBO, MBO, MBI)",,,18.8,True,,0,0,https://mergr.com/company/63374,2026-09-03T23:54:45Z
2299,Long Ridge Equity Partners,New York,58954,"FXCM, Inc.",Financial Services,"New York, New York, United States",2007-11-20,PIPE,2017-12-11,Bankruptcy,10,False,402,0,1,https://mergr.com/company/58954,2026-09-03T23:54:45Z
2300,NMS Capital,New York,251802,Axiom Medical,Healthcare Services,"The Woodlands, Texas, United States",2025-12-03,Recapitalization,,,0.8,True,,0,0,https://mergr.com/company/251802,2026-09-03T23:54:45Z
2300,NMS Capital,New York,341666,NorthWest Environmental,Environmental,"Baltimore, Maryland, United States",2025-09-04,Recapitalization,,,1,True,,0,0,https://mergr.com/company/341666,2026-09-03T23:54:45Z
2300,NMS Capital,New York,336349,Capstone Mechanical,Business Services,"Portsmouth, New Hampshire, United States",2025-05-06,Recapitalization,,,1.3,True,,0,0,https://mergr.com/company/336349,2026-09-03T23:54:45Z
2300,NMS Capital,New York,330814,CSL Consulting,Construction,"Burlington, Massachusetts, United States",2024-11-15,Recapitalization,,,1.8,True,,1,0,https://mergr.com/company/330814,2026-09-03T23:54:45Z
2300,NMS Capital,New York,319064,Vona Case Management,Insurance,"Daphne, Alabama, United States",2023-11-16,Growth Capital,,,2.8,True,,2,0,https://mergr.com/company/319064,2026-09-03T23:54:45Z
2300,NMS Capital,New York,322032,Texas Pride Disposal,Environmental,"Houston, Texas, United States",2023-04-28,Recapitalization,,,3.3,True,,1,0,https://mergr.com/company/322032,2026-09-03T23:54:45Z
2300,NMS Capital,New York,311376,Health & Wellness Partners,Business Services,"Upper Saddle River, New Jersey, United States",2023-03-07,Recapitalization,,,3.4,True,,2,0,https://mergr.com/company/311376,2026-09-03T23:54:45Z
2300,NMS Capital,New York,308265,Surplus Solutions,Business Services,"Woonsocket, Rhode Island, United States",2022-12-06,Recapitalization,,,3.7,True,,4,0,https://mergr.com/company/308265,2026-09-03T23:54:45Z
2300,NMS Capital,New York,297331,LDR Site Services,Business Services,"Atlanta, Georgia, United States",2022-03-08,Recapitalization,,,4.4,True,,1,0,https://mergr.com/company/297331,2026-09-03T23:54:45Z
2300,NMS Capital,New York,291701,Flourish Research,Life Science,"Apex, North Carolina, United States",2021-08-12,Consolidation,2024-09-18,Trade Sale - Public Company,3.1,False,,8,0,https://mergr.com/company/291701,2026-09-03T23:54:45Z
2300,NMS Capital,New York,240088,DirectMed Imaging,Medical Products,"Poway, California, United States",2021-07-07,Recapitalization,2024-10-15,Trade Sale - Public Company,3.3,False,,4,0,https://mergr.com/company/240088,2026-09-03T23:54:45Z
2300,NMS Capital,New York,280562,Safety Management Group,Business Services,"Indianapolis, Indiana, United States",2021-01-12,Recapitalization,2026-01-08,Trade Sale - Public Company,4.9,False,,1,0,https://mergr.com/company/280562,2026-09-03T23:54:45Z
2300,NMS Capital,New York,280159,Strive Medical,Medical Products,"Irving, Texas, United States",2020-12-17,Recapitalization,2026-07-20,Divestiture,5.6,False,,4,0,https://mergr.com/company/280159,2026-09-03T23:54:45Z
2300,NMS Capital,New York,274166,Exo,Utilities,"The Woodlands, Texas, United States",2020-07-14,Recapitalization,,,6.1,True,,0,0,https://mergr.com/company/274166,2026-09-03T23:54:45Z
2300,NMS Capital,New York,7497,DCM Services,Information Technology,"Bloomington, Minnesota, United States",2020-02-25,Recapitalization,2025-03-17,Trade Sale - Public Company,5,False,,0,0,https://mergr.com/company/7497,2026-09-03T23:54:45Z
2300,NMS Capital,New York,266995,CSD Autism Services,Healthcare Services,"Alameda, California, United States",2019-12-04,Recapitalization,2024-12-03,Divestiture,4.9,False,,3,0,https://mergr.com/company/266995,2026-09-03T23:54:45Z
2300,NMS Capital,New York,286939,Treeways,Business Services,"Allentown, Pennsylvania, United States",2019-10-16,Consolidation,,,6.8,True,,2,0,https://mergr.com/company/286939,2026-09-03T23:54:45Z
2300,NMS Capital,New York,261688,U.S. Foot & Ankle Specialists,Healthcare Services,"Rockville, Maryland, United States",2018-12-01,"Buyout (LBO, MBO, MBI)",,,7.8,True,,34,0,https://mergr.com/company/261688,2026-09-03T23:54:45Z
2300,NMS Capital,New York,244797,GrapeTree Medical Staffing,Staffing,"Milford, Iowa, United States",2017-10-23,Recapitalization,,,8.8,True,,0,0,https://mergr.com/company/244797,2026-09-03T23:54:45Z
2300,NMS Capital,New York,257922,Omni Ophthalmic Management Consultants,Healthcare Services,"Iselin, New Jersey, United States",2017-07-06,Growth Capital,,,9.1,True,,6,0,https://mergr.com/company/257922,2026-09-03T23:54:45Z
2300,NMS Capital,New York,236992,Cordental Group,Healthcare Services,"Cincinnati, Ohio, United States",2017-03-01,Growth Capital,,,9.5,True,,11,0,https://mergr.com/company/236992,2026-09-03T23:54:45Z
2300,NMS Capital,New York,221451,Avaap,Information Technology,"Columbus, Ohio, United States",2016-06-06,Growth Capital,,,10.2,True,,2,0,https://mergr.com/company/221451,2026-09-03T23:54:45Z
2300,NMS Capital,New York,110693,Constellation Behavioral Health,Healthcare Services,"La Mesa, California, United States",2016-05-16,"Buyout (LBO, MBO, MBI)",,,10.3,True,,1,0,https://mergr.com/company/110693,2026-09-03T23:54:45Z
2300,NMS Capital,New York,248085,Anne Arundel Dermatology,Healthcare Services,"Linthicum Heights, Maryland, United States",2015-06-08,"Buyout (LBO, MBO, MBI)",2020-10-20,Trade Sale - Public Company,5.3,False,,14,0,https://mergr.com/company/248085,2026-09-03T23:54:45Z
2300,NMS Capital,New York,109689,ettain group,Staffing,"Charlotte, North Carolina, United States",2014-03-04,Recapitalization,2019-10-22,Trade Sale - Public Company,5.6,False,,3,0,https://mergr.com/company/109689,2026-09-03T23:54:45Z
2300,NMS Capital,New York,181067,Aela Energia,Renewable Energy,"Santiago, Chile",2013-06-07,"Buyout (LBO, MBO, MBI)",2022-02-03,Divestiture,8.6,False,,0,0,https://mergr.com/company/181067,2026-09-03T23:54:45Z
2300,NMS Capital,New York,11847,"SunCrest Healthcare, Inc.",Healthcare Services,"Madison, Tennessee, United States",2011-05-24,Merger,2013-11-05,Divestiture,2.4,False,200,0,0,https://mergr.com/company/11847,2026-09-03T23:54:45Z
2300,NMS Capital,New York,23924,H2O Plus LLC,Consumer Products,"Chicago, Illinois, United States",2008-06-02,"Buyout (LBO, MBO, MBI)",2011-07-11,Divestiture,3.1,False,,0,0,https://mergr.com/company/23924,2026-09-03T23:54:45Z
2319,TruArc Partners,New York,298664,Matrix Adhesives Group,Packaging,"Westerville, Ohio, United States",2026-03-30,Secondary Buyout,,,0.4,True,,1,0,https://mergr.com/company/298664,2026-09-03T23:54:45Z
2319,TruArc Partners,New York,276683,Schill Grounds Management,Business Services,"Westlake, Ohio, United States",2026-01-13,Secondary Buyout,,,0.6,True,,0,0,https://mergr.com/company/276683,2026-09-03T23:54:45Z
2319,TruArc Partners,New York,331571,DMI Solutions,Consumer Products,"Wharton, New Jersey, United States",2024-12-10,Growth Capital,,,1.7,True,,1,0,https://mergr.com/company/331571,2026-09-03T23:54:45Z
2319,TruArc Partners,New York,322484,Meyer Lab,Chemicals,"Blue Springs, Missouri, United States",2024-03-05,"Buyout (LBO, MBO, MBI)",,,2.4,True,,0,0,https://mergr.com/company/322484,2026-09-03T23:54:45Z
2319,TruArc Partners,New York,322485,Watchtower,Safety/Security,"Maryland Heights, Missouri, United States",2023-12-14,Stake Purchase,,,2.7,True,,0,0,https://mergr.com/company/322485,2026-09-03T23:54:45Z
2319,TruArc Partners,New York,312600,Trademark Cosmetics,Consumer Products,"Riverside, California, United States",2023-04-19,Growth Capital,,,3.3,True,,0,0,https://mergr.com/company/312600,2026-09-03T23:54:45Z
2319,TruArc Partners,New York,52262,Aptyx,Manufacturing,"Tempe, Arizona, United States",2022-08-08,Secondary Buyout,,,4,True,,3,0,https://mergr.com/company/52262,2026-09-03T23:54:45Z
2319,TruArc Partners,New York,296349,New Directions Aromatics,Distribution,"Mississauga, Ontario, Canada",2022-02-15,Growth Capital,,,4.5,True,,1,0,https://mergr.com/company/296349,2026-09-03T23:54:45Z
2319,TruArc Partners,New York,300296,Lamark Media,Marketing,"Boca Raton, Florida, United States",2021-12-15,Growth Capital,,,4.7,True,,0,0,https://mergr.com/company/300296,2026-09-03T23:54:45Z
2319,TruArc Partners,New York,50590,AI Fire,Safety/Security,"Long Beach, California, United States",2021-03-23,Secondary Buyout,2025-02-06,Trade Sale - Public Company,3.8,False,,0,0,https://mergr.com/company/50590,2026-09-03T23:54:45Z
2319,TruArc Partners,New York,330918,Northwinds Services Group,Business Services,"Rochester, New York, United States",2021-01-01,Consolidation,,,5.7,True,,3,0,https://mergr.com/company/330918,2026-09-03T23:54:45Z
2319,TruArc Partners,New York,246291,Prototek,Manufacturing,"Contoocook, New Hampshire, United States",2020-09-30,Secondary Buyout,,,5.9,True,,3,0,https://mergr.com/company/246291,2026-09-03T23:54:45Z
2319,TruArc Partners,New York,26638,BlackHawk Industrial Distribution,Distribution,"Tulsa, Oklahoma, United States",2018-09-17,Secondary Buyout,,,7.9,True,,8,1,https://mergr.com/company/26638,2026-09-03T23:54:45Z
2319,TruArc Partners,New York,20509,Brook & Whittle,Packaging,"Guilford, Connecticut, United States",2017-10-18,Secondary Buyout,2021-11-18,Trade Sale - Public Company,4.1,False,,5,0,https://mergr.com/company/20509,2026-09-03T23:54:45Z
2319,TruArc Partners,New York,189793,DecoPac,Food,"Anoka, Minnesota, United States",2017-10-03,Recapitalization,2021-05-17,Trade Sale - Public Company,3.6,False,,0,0,https://mergr.com/company/189793,2026-09-03T23:54:45Z
2319,TruArc Partners,New York,30183,Ideal Tridon,Machinery,"Smyrna, Tennessee, United States",2017-08-01,Secondary Buyout,2025-07-07,Trade Sale - Public Company,7.9,False,,4,0,https://mergr.com/company/30183,2026-09-03T23:54:45Z
2319,TruArc Partners,New York,143,Winchester Interconnect,Electrical Equipment,"Wallingford, Connecticut, United States",2016-07-11,Secondary Buyout,2018-10-24,Divestiture,2.3,False,,4,0,https://mergr.com/company/143,2026-09-03T23:54:45Z
2319,TruArc Partners,New York,60518,ECRM,Software,"Solon, United States",2016-06-23,Secondary Buyout,,,10.2,True,,1,0,https://mergr.com/company/60518,2026-09-03T23:54:45Z
2319,TruArc Partners,New York,221991,Amarok,Safety/Security,"Columbia, South Carolina, United States",2016-06-14,Secondary Buyout,2021-12-13,Trade Sale - Public Company,5.4,False,,1,0,https://mergr.com/company/221991,2026-09-03T23:54:45Z
2319,TruArc Partners,New York,992,Kele,Distribution,"Bartlett, Tennessee, United States",2015-11-06,Secondary Buyout,2020-02-25,Trade Sale - Public Company,4.3,False,,0,0,https://mergr.com/company/992,2026-09-03T23:54:45Z
2319,TruArc Partners,New York,22634,Cascade Drilling,Environmental,"Bothell, Washington, United States",2015-02-24,Secondary Buyout,,,11.5,True,,4,0,https://mergr.com/company/22634,2026-09-03T23:54:45Z
2319,TruArc Partners,New York,32058,Teasdale Latin Foods,Food,"Carrollton, Texas, United States",2014-10-29,Secondary Buyout,,,11.8,True,,3,0,https://mergr.com/company/32058,2026-09-03T23:54:45Z
2319,TruArc Partners,New York,178246,FeraDyne Outdoors,Consumer Products,"Superior, Wisconsin, United States",2014-04-29,"Buyout (LBO, MBO, MBI)",,,12.3,True,,1,0,https://mergr.com/company/178246,2026-09-03T23:54:45Z
2319,TruArc Partners,New York,49041,HCTec,Information Technology,"Brentwood, Tennessee, United States",2013-01-23,Recapitalization,,,13.6,True,,2,1,https://mergr.com/company/49041,2026-09-03T23:54:45Z
2319,TruArc Partners,New York,3923,Boyd,Manufacturing,"Boca Raton, Florida, United States",2012-07-19,Secondary Buyout,2015-04-02,Trade Sale - Public Company,2.7,False,,0,0,https://mergr.com/company/3923,2026-09-03T23:54:45Z
2319,TruArc Partners,New York,24099,Service Champ,Distribution,"Chalfont, Pennsylvania, United States",2012-04-24,Secondary Buyout,2017-03-17,Divestiture,4.8,False,,0,0,https://mergr.com/company/24099,2026-09-03T23:54:45Z
2319,TruArc Partners,New York,30484,Velvet,Apparel/Textiles,"Culver City, California, United States",2011-04-04,Growth Capital,2017-04-06,Divestiture,6,False,,0,0,https://mergr.com/company/30484,2026-09-03T23:54:45Z
2319,TruArc Partners,New York,1,Workforce Logiq,Information Technology,"Orlando, Florida, United States",2010-12-01,Secondary Buyout,2017-07-17,Trade Sale - Public Company,6.6,False,,2,0,https://mergr.com/company/1,2026-09-03T23:54:45Z
2319,TruArc Partners,New York,19269,Acentia LLC,Information Technology,"Falls Church, Virginia, United States",2009-06-30,Secondary Buyout,2015-03-09,Divestiture,5.7,False,,4,0,https://mergr.com/company/19269,2026-09-03T23:54:45Z
2319,TruArc Partners,New York,17102,"ArrMaz Custom Chemicals, Inc.",Chemicals,"Mulberry, Florida, United States",2008-08-11,Secondary Buyout,2012-12-20,Trade Sale - Public Company,4.3,False,290,0,0,https://mergr.com/company/17102,2026-09-03T23:54:45Z
2319,TruArc Partners,New York,9529,Laureate,Education,"Miami, Florida, United States",2007-08-17,Going Private,2017-02-01,IPO,9.4,False,1702,1,3,https://mergr.com/company/9529,2026-09-03T23:54:45Z
2319,TruArc Partners,New York,30480,Tasti D-Lite LLC,Food,"Franklin, Tennessee, United States",2007-02-12,"Buyout (LBO, MBO, MBI)",2015-06-02,Divestiture,8.3,False,,1,1,https://mergr.com/company/30480,2026-09-03T23:54:45Z
2319,TruArc Partners,New York,268496,Velocity,Financial Services,"Westlake Village, California, United States",2007-01-01,"Buyout (LBO, MBO, MBI)",2020-01-06,IPO,13,False,312,0,0,https://mergr.com/company/268496,2026-09-03T23:54:45Z
2319,TruArc Partners,New York,30482,Excel Mining Systems LLC,Metals/Mining,"Bowerston, Ohio, United States",2006-09-19,"Buyout (LBO, MBO, MBI)",2007-09-23,Divestiture,1,False,,0,0,https://mergr.com/company/30482,2026-09-03T23:54:45Z
2319,TruArc Partners,New York,30483,FiberVisions Corp.,Manufacturing,"Duluth, Georgia, United States",2006-03-31,Divestiture,2012-01-06,Divestiture,5.8,False,,0,0,https://mergr.com/company/30483,2026-09-03T23:54:45Z
2319,TruArc Partners,New York,30479,EnviroFinance Group,Real Estate,"Sacramento, California, United States",2006-01-01,"Buyout (LBO, MBO, MBI)",,,20.7,True,,0,0,https://mergr.com/company/30479,2026-09-03T23:54:45Z
2690,Tamarix Capital,New York,342555,CCRA International,Business Services,"Fort Worth, Texas, United States",2025-11-06,Acquisition Financing,,,0.8,True,,0,0,https://mergr.com/company/342555,2026-09-03T23:54:45Z
2690,Tamarix Capital,New York,70905,Royal Oak Recycling,Environmental,"Royal Oak, Michigan, United States",2025-09-01,Divestiture,,,1,True,,0,0,https://mergr.com/company/70905,2026-09-03T23:54:45Z
2690,Tamarix Capital,New York,326285,Diamond Builders,Construction,"Douglas, Georgia, United States",2023-11-02,Growth Capital,,,2.8,True,,0,0,https://mergr.com/company/326285,2026-09-03T23:54:45Z
2690,Tamarix Capital,New York,326287,Pool Service Partners,Consumer Services,"Avon, Connecticut, United States",2022-09-27,Consolidation,,,3.9,True,,0,0,https://mergr.com/company/326287,2026-09-03T23:54:45Z
2690,Tamarix Capital,New York,326461,Blue Ocean Aesthetic Holdings,Healthcare Services,"New York City, New York, United States",2022-04-25,Consolidation,,,4.3,True,,0,0,https://mergr.com/company/326461,2026-09-03T23:54:45Z
2690,Tamarix Capital,New York,326289,Rohrer Aesthetics,Medical Products,"Homewood, Alabama, United States",2022-03-23,Growth Capital,,,4.4,True,,0,0,https://mergr.com/company/326289,2026-09-03T23:54:45Z
2690,Tamarix Capital,New York,326290,Playa Bowls,Franchising,"Belmar, New Jersey, United States",2021-08-23,Growth Capital,2024-09-03,Trade Sale - Public Company,3,False,,0,0,https://mergr.com/company/326290,2026-09-03T23:54:45Z
2690,Tamarix Capital,New York,326291,Catalogue Brands,Restaurants,"Washington, District of Columbia, United States",2021-06-07,Growth Capital,,,5.2,True,,0,0,https://mergr.com/company/326291,2026-09-03T23:54:45Z
2690,Tamarix Capital,New York,285987,FoodPrep Solutions,Consumer Products,"Stamford, Connecticut, United States",2020-06-01,Consolidation,,,6.3,True,,4,0,https://mergr.com/company/285987,2026-09-03T23:54:45Z
2690,Tamarix Capital,New York,76193,Convene,Business Services,"New York City, New York, United States",2013-07-09,Growth Capital,2017-05-04,Merger,3.8,False,,0,0,https://mergr.com/company/76193,2026-09-03T23:54:45Z
2690,Tamarix Capital,New York,21508,"Malabar International, Inc.",Manufacturing,"Swanton, Ohio, United States",2011-11-01,Recapitalization,,,14.8,True,,0,0,https://mergr.com/company/21508,2026-09-03T23:54:45Z
2690,Tamarix Capital,New York,60874,Tangible Security,Software,"Mclean, Virginia, United States",2011-09-01,Recapitalization,,,15,True,,0,0,https://mergr.com/company/60874,2026-09-03T23:54:45Z
2934,Patriarch Partners,New York,69942,Vulcan Engineering,Machinery,"Helena, Alabama, United States",2014-01-01,"Buyout (LBO, MBO, MBI)",,,12.7,True,,0,0,https://mergr.com/company/69942,2026-09-03T23:54:45Z
2934,Patriarch Partners,New York,69986,Remco Maintenance,Building Materials,"Long Island City, New York, United States",2012-12-11,"Buyout (LBO, MBO, MBI)",,,13.7,True,,0,0,https://mergr.com/company/69986,2026-09-03T23:54:45Z
2934,Patriarch Partners,New York,70102,Hussey Copper,Metals/Mining,"Leetsdale, Pennsylvania, United States",2011-12-16,Special Situations/Distressed,2020-12-23,Trade Sale - Public Company,9,False,,0,0,https://mergr.com/company/70102,2026-09-03T23:54:45Z
2934,Patriarch Partners,New York,70114,Gorham Paper and Tissue,Forest Products,"Gorham, New Hampshire, United States",2011-05-13,Divestiture,2020-11-04,Bankruptcy,9.4,False,,0,0,https://mergr.com/company/70114,2026-09-03T23:54:45Z
2934,Patriarch Partners,New York,113073,Dura,Automotive,"Auburn Hills, Michigan, United States",2009-12-14,Recapitalization,2020-08-04,Trade Sale - Public Company,10.6,False,,0,0,https://mergr.com/company/113073,2026-09-03T23:54:45Z
2934,Patriarch Partners,New York,70126,Global Automotive Systems,Automotive,"Auburn Hills, Michigan, United States",2009-12-14,"Buyout (LBO, MBO, MBI)",,,16.7,True,,0,0,https://mergr.com/company/70126,2026-09-03T23:54:45Z
2934,Patriarch Partners,New York,4051,Jane Cosmetics,Consumer Products,"Glendale, California, United States",2009-12-01,"Buyout (LBO, MBO, MBI)",,,16.8,True,,0,0,https://mergr.com/company/4051,2026-09-03T23:54:45Z
2934,Patriarch Partners,New York,69966,Spiegel,Retail,"New York, New York, United States",2009-06-18,Secondary Buyout,,,17.2,True,,0,0,https://mergr.com/company/69966,2026-09-03T23:54:45Z
2934,Patriarch Partners,New York,69954,Stila,Consumer Products,"Glendale, California, United States",2009-04-21,"Buyout (LBO, MBO, MBI)",,,17.3,True,,0,0,https://mergr.com/company/69954,2026-09-03T23:54:45Z
2934,Patriarch Partners,New York,70038,Netversant,Communications,"Houston, Texas, United States",2009-04-01,Special Situations/Distressed,,,17.4,True,,0,0,https://mergr.com/company/70038,2026-09-03T23:54:45Z
2934,Patriarch Partners,New York,264609,Croscill,Apparel/Textiles,"Fremont, California, United States",2008-11-13,"Buyout (LBO, MBO, MBI)",2021-01-01,Divestiture,12.1,False,,0,0,https://mergr.com/company/264609,2026-09-03T23:54:45Z
2934,Patriarch Partners,New York,70022,Old Town Fuel & Fiber,Manufacturing,"Old Town, Maine, United States",2008-11-01,"Buyout (LBO, MBO, MBI)",2014-11-14,Divestiture,6,False,,0,0,https://mergr.com/company/70022,2026-09-03T23:54:45Z
2934,Patriarch Partners,New York,43077,Rand McNally,Information Technology,"Chicago, Illinois, United States",2007-12-01,Secondary Buyout,2020-11-10,Trade Sale - Public Company,12.9,False,,0,0,https://mergr.com/company/43077,2026-09-03T23:54:45Z
2934,Patriarch Partners,New York,70030,Oasis International,Consumer Products,"Columbus, Ohio, United States",2005-09-01,"Buyout (LBO, MBO, MBI)",2020-01-01,Divestiture,14.3,False,,0,0,https://mergr.com/company/70030,2026-09-03T23:54:45Z
2934,Patriarch Partners,New York,69982,Scan-Optics,Business Services,"Manchester, Connecticut, United States",2005-08-15,"Buyout (LBO, MBO, MBI)",,,21,True,,0,0,https://mergr.com/company/69982,2026-09-03T23:54:45Z
2934,Patriarch Partners,New York,69974,Snelling Staffing Services,Staffing,"Richardson, Texas, United States",2005-02-09,"Buyout (LBO, MBO, MBI)",2021-02-01,Divestiture,15.9,False,,0,0,https://mergr.com/company/69974,2026-09-03T23:54:45Z
2934,Patriarch Partners,New York,70070,MD Helicopters,Aerospace,"Mesa, Arizona, United States",2005-01-01,"Buyout (LBO, MBO, MBI)",2022-03-30,Bankruptcy,17.2,False,,0,0,https://mergr.com/company/70070,2026-09-03T23:54:45Z
2934,Patriarch Partners,New York,141325,Hartwell Apparel,Apparel/Textiles,"Hartwell, Georgia, United States",2005-01-01,"Buyout (LBO, MBO, MBI)",,,21.7,True,,0,0,https://mergr.com/company/141325,2026-09-03T23:54:45Z
2934,Patriarch Partners,New York,38421,Galey & Lord LLC,Apparel/Textiles,"Society Hill, South Carolina, United States",2004-10-28,Special Situations/Distressed,,,21.8,True,,0,0,https://mergr.com/company/38421,2026-09-03T23:54:45Z
2934,Patriarch Partners,New York,15715,TransCare Corp.,Healthcare Services,"Brooklyn, New York, United States",1997-01-01,Stake Purchase,2002-09-01,Bankruptcy,5.7,False,,0,0,https://mergr.com/company/15715,2026-09-03T23:54:45Z
3085,Ulysses Management,New York,263053,Artisanal Brewing Ventures,Beverages,"Charlotte, North Carolina, United States",2016-04-21,Growth Capital,,,10.3,True,,1,0,https://mergr.com/company/263053,2026-09-03T23:54:45Z
3085,Ulysses Management,New York,339656,Southern Tier Brewing,Beverages,"Lakewood, New York, United States",2014-09-23,"Buyout (LBO, MBO, MBI)",2016-02-16,Spin Off,1.3,False,,0,0,https://mergr.com/company/339656,2026-09-03T23:54:45Z
3085,Ulysses Management,New York,233712,Ice House America,Manufacturing,"Moultrie, Georgia, United States",2011-03-30,"Buyout (LBO, MBO, MBI)",2024-01-23,Trade Sale - Public Company,12.8,False,,0,0,https://mergr.com/company/233712,2026-09-03T23:54:45Z
3085,Ulysses Management,New York,221991,Amarok,Safety/Security,"Columbia, South Carolina, United States",2007-02-09,Recapitalization,2016-06-14,Trade Sale - Public Company,9.3,False,,0,0,https://mergr.com/company/221991,2026-09-03T23:54:45Z
3265,Consonance Capital Partners,New York,284132,Surrozen,Life Science,"South San Francisco, California, United States",2021-04-15,PIPE,,,5.3,True,3,0,0,https://mergr.com/company/284132,2026-09-03T23:54:45Z
3265,Consonance Capital Partners,New York,273802,Sellers Dorsey & Associates,Business Services,"Philadelphia, Pennsylvania, United States",2019-05-22,Recapitalization,,,7.3,True,,2,0,https://mergr.com/company/273802,2026-09-03T23:54:45Z
3265,Consonance Capital Partners,New York,273798,Orsini,Life Science,"Elk Grove Village, Illinois, United States",2019-02-06,Recapitalization,,,7.5,True,,0,0,https://mergr.com/company/273798,2026-09-03T23:54:45Z
3265,Consonance Capital Partners,New York,97345,Psychiatric Medical Care,Healthcare Services,"Brentwood, Tennessee, United States",2018-12-21,Recapitalization,2025-06-30,Trade Sale - Public Company,6.5,False,,0,0,https://mergr.com/company/97345,2026-09-03T23:54:45Z
3265,Consonance Capital Partners,New York,238812,CityMD,Healthcare Services,"New York, New York, United States",2017-04-18,Growth Capital,2022-11-07,Divestiture,5.5,False,,4,1,https://mergr.com/company/238812,2026-09-03T23:54:45Z
3265,Consonance Capital Partners,New York,236903,"Corindus Vascular Robotics, Inc.",Medical Products,"Waltham, Massachusetts, United States",2017-02-28,Going Private,2019-08-08,Divestiture,2.4,False,,0,0,https://mergr.com/company/236903,2026-09-03T23:54:45Z
3265,Consonance Capital Partners,New York,213634,BakoDx,Healthcare Services,"Alpharetta, Georgia, United States",2016-01-08,Recapitalization,2025-12-22,Divestiture,9.9,False,,0,0,https://mergr.com/company/213634,2026-09-03T23:54:45Z
3265,Consonance Capital Partners,New York,2026,Kepro,Healthcare Services,"Nashville, Tennessee, United States",2015-05-07,Divestiture,2017-05-30,Trade Sale - Public Company,2,False,,0,0,https://mergr.com/company/2026,2026-09-03T23:54:45Z
3265,Consonance Capital Partners,New York,24714,"Enclara Pharmacia, Inc.",Healthcare Services,"Philadelphia, Pennsylvania, United States",2014-08-18,Divestiture,2019-12-16,Divestiture,5.3,False,,1,0,https://mergr.com/company/24714,2026-09-03T23:54:45Z
3389,Capital Z Partners,New York,112589,Leavitt Insurance Services,Insurance,"Cedar City, Utah, United States",2024-11-22,Stake Purchase,,,1.8,True,,0,0,https://mergr.com/company/112589,2026-09-03T23:54:45Z
3389,Capital Z Partners,New York,276670,Partners&,Business Services,"High Wycombe, United Kingdom",2020-04-17,Growth Capital,,,6.3,True,,0,0,https://mergr.com/company/276670,2026-09-03T23:54:45Z
3389,Capital Z Partners,New York,276673,Prestige Insurance Holdings,Insurance,"Belfast, United Kingdom",2018-10-03,"Buyout (LBO, MBO, MBI)",,,7.9,True,,0,0,https://mergr.com/company/276673,2026-09-03T23:54:45Z
3389,Capital Z Partners,New York,222820,Portfolio,Insurance,"Lake Forest, California, United States",2016-06-30,Secondary Buyout,2019-08-19,Trade Sale - Public Company,3.1,False,,0,0,https://mergr.com/company/222820,2026-09-03T23:54:45Z
3389,Capital Z Partners,New York,191097,Fidelis Insurance,Insurance,"Pembroke, Bermuda",2015-06-09,"Buyout (LBO, MBO, MBI)",2023-06-29,IPO,8,False,2422,0,1,https://mergr.com/company/191097,2026-09-03T23:54:45Z
3389,Capital Z Partners,New York,240824,Pearl Capital Business Funding,Financial Services,"Jersey City, New York, United States",2015-01-01,"Buyout (LBO, MBO, MBI)",,,11.7,True,,0,0,https://mergr.com/company/240824,2026-09-03T23:54:45Z
3389,Capital Z Partners,New York,230048,Centrue Financial Corp.,Financial Services,"Ottawa, Illinois, United States",2014-11-08,Stake Purchase,2017-01-26,Divestiture,2.2,False,41,0,0,https://mergr.com/company/230048,2026-09-03T23:54:45Z
3389,Capital Z Partners,New York,98225,Minova Insurance Holdings Ltd,Insurance,"London, United Kingdom",2014-06-03,Growth Capital,,,12.3,True,105,0,0,https://mergr.com/company/98225,2026-09-03T23:54:45Z
3389,Capital Z Partners,New York,179596,"Anchor BanCorp Wisconsin, Inc.",Financial Services,"Madison, Wisconsin, United States",2013-09-27,Recapitalization,2014-10-21,IPO,1,False,108,0,0,https://mergr.com/company/179596,2026-09-03T23:54:45Z
3389,Capital Z Partners,New York,100137,Hamilton Insurance,Insurance,"Pembroke, Bermuda",2012-07-01,Growth Capital,2019-06-10,Stake Sale,6.9,False,2961,4,0,https://mergr.com/company/100137,2026-09-03T23:54:45Z
3389,Capital Z Partners,New York,179597,Jelf Insurance Brokers Ltd.,Insurance,"Bristol, United Kingdom",2010-03-19,PIPE,,,16.4,True,128,2,0,https://mergr.com/company/179597,2026-09-03T23:54:45Z
3389,Capital Z Partners,New York,179598,MountainView Capital Holdings LLC,Financial Services,"Denver, Colorado, United States",2007-10-01,Recapitalization,,,18.9,True,,0,0,https://mergr.com/company/179598,2026-09-03T23:54:45Z
3389,Capital Z Partners,New York,719,Universal American,Healthcare Services,"White Plains, New York, United States",2007-09-24,PIPE,2016-11-17,Divestiture,9.1,False,1491,2,5,https://mergr.com/company/719,2026-09-03T23:54:45Z
3389,Capital Z Partners,New York,6078,"NewStar Financial, Inc.",Financial Services,"Boston, Massachusetts, United States",2004-07-21,Growth Capital,2006-12-15,IPO,2.3,False,220,2,1,https://mergr.com/company/6078,2026-09-03T23:54:45Z
3389,Capital Z Partners,New York,31386,Aames Investment Corp.,Financial Services,"Los Angele, United States",1999-02-01,Growth Capital,2006-05-25,Divestiture,7.3,False,,0,0,https://mergr.com/company/31386,2026-09-03T23:54:45Z
3549,Raine,New York,321091,DUPR,Information Services,"Delray Beach, Florida, United States",2024-01-24,Stake Purchase,,,2.6,True,,0,0,https://mergr.com/company/321091,2026-09-03T23:54:45Z
3549,Raine,New York,311980,Code Advisors,Financial Services,"San Francisco, California, United States",2023-04-05,"Buyout (LBO, MBO, MBI)",,,3.3,True,,0,0,https://mergr.com/company/311980,2026-09-03T23:54:45Z
3549,Raine,New York,188924,Foursquare,Internet Software and Services,"New York City, New York, United States",2019-05-30,Growth Capital,,,7.3,True,,3,0,https://mergr.com/company/188924,2026-09-03T23:54:45Z
3549,Raine,New York,247514,Propagate,Media,"Los Angeles, California, United States",2018-01-16,Growth Capital,,,8.6,True,,2,0,https://mergr.com/company/247514,2026-09-03T23:54:45Z
3549,Raine,New York,203212,Olo,Internet Software and Services,"New York, New York, United States",2014-10-27,Growth Capital,2021-03-16,IPO,6.3,False,285,0,0,https://mergr.com/company/203212,2026-09-03T23:54:45Z
3549,Raine,New York,189187,DraftKings,Gaming,"Boston, Massachusetts, United States",2014-08-25,Venture,2019-12-23,SPAC,5.3,False,6055,1,0,https://mergr.com/company/189187,2026-09-03T23:54:45Z
3549,Raine,New York,111465,Margaritaville Enterprises,Apparel/Textiles,"Orlando, Florida, United States",2014-07-30,Stake Purchase,,,12.1,True,,0,1,https://mergr.com/company/111465,2026-09-03T23:54:45Z
3549,Raine,New York,189188,Nitro Circus,Media,"San Clemente, California, United States",2013-11-11,Stake Purchase,2020-01-16,Spin Off,6.2,False,,0,0,https://mergr.com/company/189188,2026-09-03T23:54:45Z
3549,Raine,New York,20107,"beRecruited, Inc.",Staffing,"Fort Lauderdale, Florida, United States",2013-10-21,Secondary Buyout,,,12.8,True,,0,0,https://mergr.com/company/20107,2026-09-03T23:54:45Z
3549,Raine,New York,216944,Imagine Entertainment,Media,"Beverly Hills, California, United States",2013-01-23,Growth Capital,,,13.6,True,,1,0,https://mergr.com/company/216944,2026-09-03T23:54:45Z
3549,Raine,New York,111269,Parchment,Internet Software and Services,"Scottsdale, Arizona, United States",2012-10-17,Venture,2020-02-11,Unknown,7.3,False,,1,0,https://mergr.com/company/111269,2026-09-03T23:54:45Z
3549,Raine,New York,111273,"textPlus, Inc.",Communications,"Marina del Rey, California, United States",2012-10-16,Growth Capital,,,13.8,True,5,0,0,https://mergr.com/company/111273,2026-09-03T23:54:45Z
3549,Raine,New York,111461,Zumba Fitness,Consumer Services,"Hallandale Beach, Florida, United States",2012-03-08,Growth Capital,,,14.4,True,,0,0,https://mergr.com/company/111461,2026-09-03T23:54:45Z
3549,Raine,New York,32319,OpenSky Corp.,Internet Software and Services,"New York, New York, United States",2011-10-24,Growth Capital,2014-01-10,Divestiture,2.2,False,,0,0,https://mergr.com/company/32319,2026-09-03T23:54:45Z
3549,Raine,New York,111277,Vice Media,Media,"Brooklyn, New York, United States",2011-04-05,Joint Venture,2017-06-19,Sold to Management,6.2,False,600,3,0,https://mergr.com/company/111277,2026-09-03T23:54:45Z
3549,Raine,New York,32025,Jagex,Digital Media,"Cambridge, United Kingdom",2011-02-08,Growth Capital,2016-03-15,Divestiture,5.1,False,,0,0,https://mergr.com/company/32025,2026-09-03T23:54:45Z
4113,Bregal Partners,New York,294772,Juniper,Business Services,"Fort Myers, Florida, United States",2022-01-10,Secondary Buyout,,,4.6,True,,7,0,https://mergr.com/company/294772,2026-09-03T23:54:45Z
4113,Bregal Partners,New York,290615,Oggi Foods,Food,"Montreal, Quebec, Canada",2021-09-21,Growth Capital,,,4.9,True,,0,0,https://mergr.com/company/290615,2026-09-03T23:54:45Z
4113,Bregal Partners,New York,268629,My/Mochi Ice Cream,Food,"Los Angeles, California, United States",2020-01-30,Secondary Buyout,2026-03-09,Divestiture,6.1,False,,0,0,https://mergr.com/company/268629,2026-09-03T23:54:45Z
4113,Bregal Partners,New York,266772,State of Play,Leisure,"London, United Kingdom",2019-11-25,Growth Capital,,,6.8,True,,0,0,https://mergr.com/company/266772,2026-09-03T23:54:45Z
4113,Bregal Partners,New York,248507,JuJuBe,Consumer Products,"Aliso Viejo, California, United States",2018-02-13,Growth Capital,,,8.5,True,,0,0,https://mergr.com/company/248507,2026-09-03T23:54:45Z
4113,Bregal Partners,New York,263393,TDBBS,Consumer Products,"Richmond, Virginia, United States",2018-01-24,"Buyout (LBO, MBO, MBI)",2023-11-03,Divestiture,5.8,False,,0,0,https://mergr.com/company/263393,2026-09-03T23:54:45Z
4113,Bregal Partners,New York,4732,American Seafoods,Food,"Seattle, Washington, United States",2015-08-30,Recapitalization,,,11,True,,0,0,https://mergr.com/company/4732,2026-09-03T23:54:45Z
4113,Bregal Partners,New York,185424,Blue Harvest Fisheries,Agriculture,"New Bedford, Massachusetts, United States",2015-04-27,Divestiture,2023-09-12,Bankruptcy,8.3,False,,3,0,https://mergr.com/company/185424,2026-09-03T23:54:45Z
4113,Bregal Partners,New York,152317,Arcus Hunting,Consumer Products,"Covington, Georgia, United States",2014-11-17,Consolidation,2023-07-27,Unknown,8.7,False,,5,0,https://mergr.com/company/152317,2026-09-03T23:54:45Z
4113,Bregal Partners,New York,12183,United Sports Brands,Consumer Products,"Fountain Valley, California, United States",2014-03-17,Secondary Buyout,2023-11-27,Trade Sale - Public Company,9.7,False,,4,0,https://mergr.com/company/12183,2026-09-03T23:54:45Z
4113,Bregal Partners,New York,200259,Aqua Terra Water Management,Environmental,"Houston, Texas, United States",2013-11-13,Consolidation,,,12.8,True,,5,0,https://mergr.com/company/200259,2026-09-03T23:54:45Z
4113,Bregal Partners,New York,155389,US Community Behavioral LLC,Healthcare Services,"New York, New York, United States",2013-09-05,Secondary Buyout,,,12.9,True,,2,1,https://mergr.com/company/155389,2026-09-03T23:54:45Z
4113,Bregal Partners,New York,263386,CauseForce,Media,"Los Angeles, California, United States",2013-08-20,Growth Capital,,,13,True,,0,0,https://mergr.com/company/263386,2026-09-03T23:54:45Z
4153,Dunes Point Capital,New York,297609,Greenwood Industries,Construction,"Worcester, Massachusetts, United States",2025-05-08,"Buyout (LBO, MBO, MBI)",,,1.3,True,,3,0,https://mergr.com/company/297609,2026-09-03T23:54:45Z
4153,Dunes Point Capital,New York,332539,Eastern Communications,Communications,"Queens, New York, United States",2025-01-07,"Buyout (LBO, MBO, MBI)",,,1.6,True,,1,0,https://mergr.com/company/332539,2026-09-03T23:54:45Z
4153,Dunes Point Capital,New York,331365,Kravet,Furniture,"Woodbury, New York, United States",2024-12-04,"Buyout (LBO, MBO, MBI)",,,1.8,True,,0,0,https://mergr.com/company/331365,2026-09-03T23:54:45Z
4153,Dunes Point Capital,New York,325618,RSS,Construction,"Clermont, Florida, United States",2023-12-26,Consolidation,,,2.7,True,,7,0,https://mergr.com/company/325618,2026-09-03T23:54:45Z
4153,Dunes Point Capital,New York,316460,Warshaw Supply,Electrical Equipment,"New York, New York, United States",2023-08-28,"Buyout (LBO, MBO, MBI)",,,3,True,,0,0,https://mergr.com/company/316460,2026-09-03T23:54:45Z
4153,Dunes Point Capital,New York,335262,Eleconnex,Distribution,"Rye, New York, United States",2023-08-01,"Buyout (LBO, MBO, MBI)",,,3.1,True,,2,0,https://mergr.com/company/335262,2026-09-03T23:54:45Z
4153,Dunes Point Capital,New York,347543,FastLap,Automotive,"Oklahoma City, United States",2022-12-01,"Buyout (LBO, MBO, MBI)",,,3.8,True,,0,0,https://mergr.com/company/347543,2026-09-03T23:54:45Z
4153,Dunes Point Capital,New York,305849,K-1 Packaging,Packaging,"City of Industry, California, United States",2022-10-11,"Buyout (LBO, MBO, MBI)",,,3.8,True,,0,0,https://mergr.com/company/305849,2026-09-03T23:54:45Z
4153,Dunes Point Capital,New York,305252,Kwalu,Furniture,"Atlanta, Georgia, United States",2022-09-28,"Buyout (LBO, MBO, MBI)",,,3.9,True,,0,0,https://mergr.com/company/305252,2026-09-03T23:54:45Z
4153,Dunes Point Capital,New York,304454,NextGen,Safety/Security,"Exton, Pennsylvania, United States",2022-09-07,Growth Capital,,,3.9,True,,3,0,https://mergr.com/company/304454,2026-09-03T23:54:45Z
4153,Dunes Point Capital,New York,302054,Atalys,Medical Products,"Rochester, New York, United States",2022-07-05,Divestiture,,,4.1,True,,1,0,https://mergr.com/company/302054,2026-09-03T23:54:45Z
4153,Dunes Point Capital,New York,2883,Stanton Carpet,Consumer Products,"Woodbury, New York, United States",2021-10-04,Secondary Buyout,,,4.9,True,,1,0,https://mergr.com/company/2883,2026-09-03T23:54:45Z
4153,Dunes Point Capital,New York,290142,All-Lift Systems,Automotive,"Neenah, Wisconsin, United States",2021-09-08,"Buyout (LBO, MBO, MBI)",,,4.9,True,,0,0,https://mergr.com/company/290142,2026-09-03T23:54:45Z
4153,Dunes Point Capital,New York,192461,Hy-Tek Intralogistics,Business Services,"Columbus, Ohio, United States",2021-03-24,"Buyout (LBO, MBO, MBI)",,,5.4,True,,6,0,https://mergr.com/company/192461,2026-09-03T23:54:45Z
4153,Dunes Point Capital,New York,283439,Premium Label & Packaging Solutions,Packaging,"Rye, New York, United States",2021-02-22,Consolidation,,,5.5,True,,4,0,https://mergr.com/company/283439,2026-09-03T23:54:45Z
4153,Dunes Point Capital,New York,286787,Best in Class Technology Services,Business Services,"Lenexa, Kansas, United States",2020-10-14,Consolidation,2024-01-09,Trade Sale - Public Company,3.2,False,,6,0,https://mergr.com/company/286787,2026-09-03T23:54:45Z
4153,Dunes Point Capital,New York,271291,Vanguard Packaging,Packaging,"Kansas, Missouri, United States",2019-09-03,Growth Capital,,,7,True,,0,0,https://mergr.com/company/271291,2026-09-03T23:54:45Z
4153,Dunes Point Capital,New York,271304,Unified,Distribution,"Pennsauken, New Jersey, United States",2019-06-01,Growth Capital,2024-09-03,Divestiture,5.3,False,,5,0,https://mergr.com/company/271304,2026-09-03T23:54:45Z
4153,Dunes Point Capital,New York,222116,Specialty Products & Insulation,Distribution,"Charlotte, North Carolina, United States",2018-11-02,Divestiture,2021-12-22,Trade Sale - Public Company,3.1,False,,4,0,https://mergr.com/company/222116,2026-09-03T23:54:45Z
4153,Dunes Point Capital,New York,254500,Foundation Building Materials - Mechanical Insulation Segment,Building Materials,"Tusin, California, United States",2018-09-27,Divestiture,,,7.9,True,,0,0,https://mergr.com/company/254500,2026-09-03T23:54:45Z
4153,Dunes Point Capital,New York,251953,Sonneman,Electrical Equipment,"Larchmont, New York, United States",2018-06-25,"Buyout (LBO, MBO, MBI)",2025-07-30,Divestiture,7.1,False,,0,0,https://mergr.com/company/251953,2026-09-03T23:54:45Z
4153,Dunes Point Capital,New York,13399,"Power Distribution, Inc.",Electrical Equipment,"Richmond, Virginia, United States",2017-01-27,Divestiture,2020-02-03,Divestiture,3,False,125,0,0,https://mergr.com/company/13399,2026-09-03T23:54:45Z
4153,Dunes Point Capital,New York,256761,Artisan Design Group,Building Materials,"Dallas, Texas, United States",2016-12-23,Consolidation,2018-12-17,Trade Sale - Public Company,1.9,False,,9,0,https://mergr.com/company/256761,2026-09-03T23:54:45Z
4153,Dunes Point Capital,New York,205935,Harvey Building Products,Building Materials,"Waltham, Massachusetts, United States",2015-10-05,"Buyout (LBO, MBO, MBI)",2024-03-20,Divestiture,8.4,False,,2,1,https://mergr.com/company/205935,2026-09-03T23:54:45Z
4153,Dunes Point Capital,New York,209101,Industrial Group Holdings,Manufacturing,United States,2014-05-01,Consolidation,,,12.3,True,,7,3,https://mergr.com/company/209101,2026-09-03T23:54:45Z
4153,Dunes Point Capital,New York,153737,PPG,Building Materials,"Glen Mills, Pennsylvania, United States",2013-08-01,Secondary Buyout,2021-12-20,Divestiture,8.3,False,,0,0,https://mergr.com/company/153737,2026-09-03T23:54:45Z
4353,BBHCP Private Equity,New York,339443,Grote,Machinery,"Columbus, Ohio, United States",2025-04-14,Growth Capital,,,1.3,True,,0,0,https://mergr.com/company/339443,2026-09-03T23:54:45Z
4353,BBHCP Private Equity,New York,266072,Wolter,Machinery,"Brookfield, Wisconsin, United States",2024-02-28,Growth Capital,,,2.5,True,,4,0,https://mergr.com/company/266072,2026-09-03T23:54:45Z
4353,BBHCP Private Equity,New York,268660,Westrock Coffee,Agriculture,"North Little Rock, Arkansas, United States",2023-08-07,Stake Purchase,,,3,True,851,0,0,https://mergr.com/company/268660,2026-09-03T23:54:45Z
4353,BBHCP Private Equity,New York,281035,Quest Technology Management,Internet Software and Services,"Roseville, California, United States",2022-06-23,Growth Capital,,,4.2,True,,1,0,https://mergr.com/company/281035,2026-09-03T23:54:45Z
4353,BBHCP Private Equity,New York,324305,Granite Group,Distribution,"Concord, New Hampshire, United States",2021-10-18,Growth Capital,,,4.8,True,,4,0,https://mergr.com/company/324305,2026-09-03T23:54:45Z
4353,BBHCP Private Equity,New York,284456,Gifted Healthcare,Staffing,"Metairie, Louisiana, United States",2021-07-22,Growth Capital,,,5.1,True,,0,0,https://mergr.com/company/284456,2026-09-03T23:54:45Z
4353,BBHCP Private Equity,New York,240656,Clever Devices,Information Technology,"Woodbury, New York, United States",2021-02-03,"Buyout (LBO, MBO, MBI)",,,5.6,True,,0,0,https://mergr.com/company/240656,2026-09-03T23:54:45Z
4353,BBHCP Private Equity,New York,280711,American Spraytech,Manufacturing,"Branchburg, New Jersey, United States",2021-01-19,Growth Capital,,,5.6,True,,0,0,https://mergr.com/company/280711,2026-09-03T23:54:45Z
4353,BBHCP Private Equity,New York,280421,DynaGrid,Engineering,"Lewisville, Texas, United States",2021-01-13,Secondary Buyout,2025-02-19,Trade Sale - Public Company,4.1,False,,0,0,https://mergr.com/company/280421,2026-09-03T23:54:45Z
4353,BBHCP Private Equity,New York,199486,Sunstar Insurance Group,Insurance,"Memphis, Tennessee, United States",2020-06-30,Recapitalization,2024-07-01,Trade Sale - Public Company,4,False,,0,0,https://mergr.com/company/199486,2026-09-03T23:54:45Z
4353,BBHCP Private Equity,New York,257305,Ethos Veterinary Health,Healthcare Services,"Woburn, Massachusetts, United States",2019-01-09,Recapitalization,2021-08-16,Divestiture,2.6,False,,0,1,https://mergr.com/company/257305,2026-09-03T23:54:45Z
4353,BBHCP Private Equity,New York,249413,American Physician Partners,Healthcare Services,"Brentwood, Tennessee, United States",2017-01-05,Recapitalization,2023-09-18,Bankruptcy,6.7,False,,7,0,https://mergr.com/company/249413,2026-09-03T23:54:45Z
4353,BBHCP Private Equity,New York,333022,UtilityPipeline,Oil/Gas Exploration,"Canton, Ohio, United States",2017-01-01,Stake Purchase,2023-11-10,Sold to Management,6.8,False,,0,0,https://mergr.com/company/333022,2026-09-03T23:54:45Z
4353,BBHCP Private Equity,New York,4426,Haven Behavioral Healthcare,Healthcare Services,"Nashville, Tennessee, United States",2016-08-10,Recapitalization,2018-04-01,Trade Sale - Public Company,1.6,False,,0,0,https://mergr.com/company/4426,2026-09-03T23:54:45Z
4353,BBHCP Private Equity,New York,183436,PrimeRevenue,Financial Services,"Atlanta, Georgia, United States",2015-04-14,Growth Capital,,,11.3,True,,0,0,https://mergr.com/company/183436,2026-09-03T23:54:45Z
4353,BBHCP Private Equity,New York,149261,Vyve Broadband LLC,Communications,"Purchase, New York, United States",2013-06-01,Growth Capital,2019-07-30,Divestiture,6.1,False,,0,0,https://mergr.com/company/149261,2026-09-03T23:54:45Z
4353,BBHCP Private Equity,New York,13313,North American Substation Services,Business Services,"Alamonte Springs, Florida, United States",2011-08-16,Secondary Buyout,2015-01-08,Trade Sale - Public Company,3.3,False,,0,0,https://mergr.com/company/13313,2026-09-03T23:54:45Z
4353,BBHCP Private Equity,New York,213950,Tomia,Software,"Vienna, Virginia, United States",2010-03-31,Growth Capital,2016-01-14,Trade Sale - Public Company,5.8,False,,0,0,https://mergr.com/company/213950,2026-09-03T23:54:45Z
4353,BBHCP Private Equity,New York,12410,"Liguria Foods, Inc.",Food,"Humboldt, Iowa, United States",2008-01-01,"Buyout (LBO, MBO, MBI)",2016-02-15,Divestiture,8.1,False,,0,0,https://mergr.com/company/12410,2026-09-03T23:54:45Z
4523,StepStone Private Equity,New York,281241,Vitalia Home,Consumer Services,"Zaragoza, Spain",2025-12-16,Secondary Buyout,,,0.7,True,,0,0,https://mergr.com/company/281241,2026-09-03T23:54:45Z
4523,StepStone Private Equity,New York,233855,a&o hostel,Leisure,"Berlin, Germany",2023-11-10,Secondary Buyout,,,2.8,True,,0,0,https://mergr.com/company/233855,2026-09-03T23:54:45Z
4523,StepStone Private Equity,New York,28336,Waterlogic,Utilities,"High Wycombe, United Kingdom",2020-01-28,Secondary Buyout,2022-02-11,Spin Off,2,False,,18,0,https://mergr.com/company/28336,2026-09-03T23:54:45Z
4523,StepStone Private Equity,New York,254004,Strata Fund Solutions,Business Services,"Salt Lake City, Utah, United States",2018-09-06,Growth Capital,2021-01-12,Divestiture,2.3,False,,0,0,https://mergr.com/company/254004,2026-09-03T23:54:45Z
4523,StepStone Private Equity,New York,169533,Ruby Receptionists,Communications,"Portland, Oregon, United States",2015-01-06,Growth Capital,,,11.6,True,,1,0,https://mergr.com/company/169533,2026-09-03T23:54:45Z
4523,StepStone Private Equity,New York,147977,"DivX, Inc.",Digital Media,"San Diego, California, United States",2014-03-31,Divestiture,2015-01-30,Divestiture,0.8,False,,0,0,https://mergr.com/company/147977,2026-09-03T23:54:45Z
4523,StepStone Private Equity,New York,67854,"IdenTrust, Inc.",Internet Software and Services,"San Francisco, California, United States",2013-09-25,"Buyout (LBO, MBO, MBI)",2014-01-17,Divestiture,0.3,False,,0,0,https://mergr.com/company/67854,2026-09-03T23:54:45Z
4545,W Capital Partners,New York,334369,Egnyte,Internet Software and Services,"Mountain View, California, United States",2025-02-25,Growth Capital,,,1.5,True,,0,0,https://mergr.com/company/334369,2026-09-03T23:54:45Z
4545,W Capital Partners,New York,197970,"Workfront, Inc.",Internet Software and Services,"Lehi, Utah, United States",2019-03-13,Secondary Buyout,2020-11-09,Divestiture,1.6,False,200,1,0,https://mergr.com/company/197970,2026-09-03T23:54:45Z
4545,W Capital Partners,New York,227679,Allied Universal,Safety/Security,"Conshohocken, Pennsylvania, United States",2019-02-20,Secondary Buyout,,,7.5,True,,26,0,https://mergr.com/company/227679,2026-09-03T23:54:45Z
4545,W Capital Partners,New York,31946,Renaissance,Education,"Wisconsin Rapids, Wisconsin, United States",2018-05-03,Secondary Buyout,,,8.3,True,,6,0,https://mergr.com/company/31946,2026-09-03T23:54:45Z
4545,W Capital Partners,New York,216024,Billtrust,Internet Software and Services,"Lawrenceville, New Jersey, United States",2017-05-25,Growth Capital,2021-01-12,SPAC,3.6,False,166,0,0,https://mergr.com/company/216024,2026-09-03T23:54:45Z
4545,W Capital Partners,New York,216252,Alida,Internet Software and Services,"Toronto, Ontario, Canada",2017-02-28,Stake Purchase,,,9.5,True,,1,0,https://mergr.com/company/216252,2026-09-03T23:54:45Z
4545,W Capital Partners,New York,238175,Netwrix,Software,"Frisco, Texas, United States",2017-02-07,Venture,,,9.5,True,,3,0,https://mergr.com/company/238175,2026-09-03T23:54:45Z
4545,W Capital Partners,New York,222021,impact.com,Internet Software and Services,"Santa Barbara, California, United States",2016-06-08,Growth Capital,,,10.2,True,,7,0,https://mergr.com/company/222021,2026-09-03T23:54:45Z
4545,W Capital Partners,New York,199229,Ravn Air,Airlines,"Anchorage, Alaska, United States",2015-08-03,Recapitalization,2020-04-05,Bankruptcy,4.7,False,,1,0,https://mergr.com/company/199229,2026-09-03T23:54:45Z
4545,W Capital Partners,New York,180822,Inspirato,Leisure,"Denver, Colorado, United States",2014-09-24,Growth Capital,2021-07-02,SPAC,6.8,False,280,0,0,https://mergr.com/company/180822,2026-09-03T23:54:45Z
4545,W Capital Partners,New York,125369,Ping Identity,Information Technology,"Denver, Colorado, United States",2014-09-18,Venture,2016-06-01,Trade Sale - Public Company,1.7,False,299,0,0,https://mergr.com/company/125369,2026-09-03T23:54:45Z
4545,W Capital Partners,New York,186891,"Kony, Inc.",Internet Software and Services,"Orlando, Florida, United States",2014-06-17,Venture,2017-09-28,Trade Sale - Public Company,3.3,False,,0,0,https://mergr.com/company/186891,2026-09-03T23:54:45Z
4545,W Capital Partners,New York,11,HUB International,Insurance,"Chicago, Illinois, United States",2013-08-05,Secondary Buyout,,,13,True,2150,476,2,https://mergr.com/company/11,2026-09-03T23:54:45Z
4545,W Capital Partners,New York,180833,Corelle Brands LLC,Consumer Products,"Rosemont, Illinois, United States",2013-05-06,Special Situations/Distressed,2016-04-19,Trade Sale - Public Company,2.9,False,,0,0,https://mergr.com/company/180833,2026-09-03T23:54:45Z
4545,W Capital Partners,New York,55306,"Standard Bancshares, Inc.",Financial Services,"Hickory Hills, Illinois, United States",2013-02-01,Recapitalization,2016-06-28,Divestiture,3.3,False,,0,0,https://mergr.com/company/55306,2026-09-03T23:54:45Z
4545,W Capital Partners,New York,35301,MModal,Information Technology,"Franklin, Tennessee, United States",2012-07-02,Going Private,,,14.2,True,,0,1,https://mergr.com/company/35301,2026-09-03T23:54:45Z
4545,W Capital Partners,New York,180839,Conduit,Internet Software and Services,"New York, New York, United States",2012-04-11,Stake Purchase,,,14.3,True,,0,1,https://mergr.com/company/180839,2026-09-03T23:54:45Z
4545,W Capital Partners,New York,153581,Telaria,Software,"New York, New York, United States",2011-09-13,Venture,2013-06-27,IPO,1.8,False,77,0,0,https://mergr.com/company/153581,2026-09-03T23:54:45Z
4545,W Capital Partners,New York,17408,Dynacast,Manufacturing,"Charlotte, North Carolina, United States",2011-07-11,Divestiture,2014-12-17,Trade Sale - Public Company,3.4,False,,0,0,https://mergr.com/company/17408,2026-09-03T23:54:45Z
4545,W Capital Partners,New York,22393,Moosejaw,Retail,"Madison Heights, Michigan, United States",2009-12-14,Recapitalization,2017-02-15,Divestiture,7.2,False,,0,0,https://mergr.com/company/22393,2026-09-03T23:54:45Z
4545,W Capital Partners,New York,180838,SS8,Software,"Milpitas, California, United States",2009-06-15,Venture,2018-11-06,Trade Sale - Public Company,9.3,False,,0,0,https://mergr.com/company/180838,2026-09-03T23:54:45Z
4545,W Capital Partners,New York,17038,MindBody,Software,"San Luis Obispo, California, United States",2009-04-09,Growth Capital,2015-06-18,IPO,6.2,False,101,3,0,https://mergr.com/company/17038,2026-09-03T23:54:45Z
4545,W Capital Partners,New York,11877,First Data,Financial Services,"Atlanta, Georgia, United States",2007-09-24,Going Private,2015-10-15,IPO,8,False,8679,4,1,https://mergr.com/company/11877,2026-09-03T23:54:45Z
4545,W Capital Partners,New York,8055,"Brainshark, Inc.",Internet Software and Services,"Waltham, Massachusetts, United States",2005-06-13,Venture,,,21.2,True,,1,0,https://mergr.com/company/8055,2026-09-03T23:54:45Z
4545,W Capital Partners,New York,23079,Ancestry,Information Services,"Lehi, Utah, United States",2003-01-01,Stake Purchase,2009-11-01,IPO,6.8,False,,0,0,https://mergr.com/company/23079,2026-09-03T23:54:45Z
4545,W Capital Partners,New York,9043,"Bay Microsystems, Inc.",Technology Hardware,"San Jose, California, United States",1999-12-27,Venture,,,26.7,True,,0,0,https://mergr.com/company/9043,2026-09-03T23:54:45Z
4676,Cyrus Capital Partners,New York,325105,Hurtigruten,Leisure,"Oslo, Norway",2014-10-29,Going Private,2024-11-28,Sold to Existing Investors,10,False,,0,0,https://mergr.com/company/325105,2026-09-03T23:54:45Z
4676,Cyrus Capital Partners,New York,5001,NRG Media LLC,Media,"Cedar Rapids, Iowa, United States",2013-10-08,Secondary Buyout,,,12.8,True,,0,0,https://mergr.com/company/5001,2026-09-03T23:54:45Z
4752,Tiger Infrastructure Partners,New York,270859,Orbis Protect,Business Services,"Uxbridge, United Kingdom",2026-03-31,Secondary Buyout,,,0.4,True,,0,0,https://mergr.com/company/270859,2026-09-03T23:54:45Z
4752,Tiger Infrastructure Partners,New York,343434,Raptor,Business Services,"Grandview, Missouri, United States",2025-12-02,Growth Capital,,,0.8,True,,0,0,https://mergr.com/company/343434,2026-09-03T23:54:45Z
4752,Tiger Infrastructure Partners,New York,342986,ELM Utility Services,Energy Services and Equipment,"Peoria, Illinois, United States",2025-11-18,Growth Capital,,,0.8,True,,0,0,https://mergr.com/company/342986,2026-09-03T23:54:45Z
4752,Tiger Infrastructure Partners,New York,175289,EMED Group,Healthcare Services,"Leeds, United Kingdom",2025-03-01,Secondary Buyout,2025-03-01,Trade Sale - Public Company,0,False,154,0,0,https://mergr.com/company/175289,2026-09-03T23:54:45Z
4752,Tiger Infrastructure Partners,New York,333763,Bolder Industries,Environmental,"Boulder, Colorado, United States",2025-02-10,Growth Capital,,,1.5,True,,0,0,https://mergr.com/company/333763,2026-09-03T23:54:45Z
4752,Tiger Infrastructure Partners,New York,335854,Minnesota Coaches,Transportation,"Hastings, Minnesota, United States",2024-12-09,Growth Capital,,,1.7,True,,0,0,https://mergr.com/company/335854,2026-09-03T23:54:45Z
4752,Tiger Infrastructure Partners,New York,264412,Unison Energy,Energy Services and Equipment,"Greenwich, Connecticut, United States",2024-06-17,Secondary Buyout,,,2.2,True,,0,0,https://mergr.com/company/264412,2026-09-03T23:54:45Z
4752,Tiger Infrastructure Partners,New York,175289,EMED Group,Healthcare Services,"Leeds, United Kingdom",2023-02-01,"Buyout (LBO, MBO, MBI)",2025-03-01,Trade Sale - Public Company,2.1,False,154,2,0,https://mergr.com/company/175289,2026-09-03T23:54:45Z
4752,Tiger Infrastructure Partners,New York,32208,IAC,Aerospace,"Shannon, Ireland",2022-12-06,Secondary Buyout,2026-05-15,Trade Sale - Public Company,3.4,False,,1,0,https://mergr.com/company/32208,2026-09-03T23:54:45Z
4752,Tiger Infrastructure Partners,New York,300990,Qwello,Electrical Equipment,"Munich, Germany",2022-06-02,Growth Capital,,,4.3,True,,0,0,https://mergr.com/company/300990,2026-09-03T23:54:45Z
4752,Tiger Infrastructure Partners,New York,337045,Voneus,Communications,"London, United Kingdom",2022-01-01,Growth Capital,,,4.7,True,,1,0,https://mergr.com/company/337045,2026-09-03T23:54:45Z
4752,Tiger Infrastructure Partners,New York,301057,NorthLink Aviation,Infrastructure,"Anchorage, Alaska, United States",2021-11-04,Growth Capital,,,4.8,True,,0,0,https://mergr.com/company/301057,2026-09-03T23:54:45Z
4752,Tiger Infrastructure Partners,New York,291081,11:11 Systems,Information Technology,"Fairfield, New Jersey, United States",2021-09-22,Growth Capital,,,4.9,True,,8,0,https://mergr.com/company/291081,2026-09-03T23:54:45Z
4752,Tiger Infrastructure Partners,New York,300994,Summit Carbon Solutions,Environmental,"Ames, Iowa, United States",2021-04-20,Growth Capital,,,5.3,True,,0,0,https://mergr.com/company/300994,2026-09-03T23:54:45Z
4752,Tiger Infrastructure Partners,New York,31329,Forsa Energy,Utilities,"Greenock, United Kingdom",2020-11-11,Secondary Buyout,,,5.8,True,,0,0,https://mergr.com/company/31329,2026-09-03T23:54:45Z
4752,Tiger Infrastructure Partners,New York,271286,Stellium Datacenters,Information Technology,"Tyne & Wear, United Kingdom",2019-11-04,Growth Capital,,,6.8,True,,0,0,https://mergr.com/company/271286,2026-09-03T23:54:45Z
4752,Tiger Infrastructure Partners,New York,300992,Strategic Venue Partners,Communications,"Greenwich, Connecticut, United States",2019-01-01,Growth Capital,,,7.7,True,,0,0,https://mergr.com/company/300992,2026-09-03T23:54:45Z
4752,Tiger Infrastructure Partners,New York,282242,Granite Comfort,Business Services,"New York, New York, United States",2019-01-01,Growth Capital,,,7.7,True,,2,0,https://mergr.com/company/282242,2026-09-03T23:54:45Z
4752,Tiger Infrastructure Partners,New York,248843,Modern Aviation,Aerospace,"New York, New York, United States",2018-02-22,Consolidation,2023-11-02,Trade Sale - Public Company,5.7,False,,7,0,https://mergr.com/company/248843,2026-09-03T23:54:45Z
4752,Tiger Infrastructure Partners,New York,246184,Crosslake Fibre,Communications,"Toronto, Ontario, Canada",2017-12-07,Growth Capital,,,8.7,True,,0,0,https://mergr.com/company/246184,2026-09-03T23:54:45Z
4752,Tiger Infrastructure Partners,New York,249699,Zenobe,Utilities,"London, United Kingdom",2017-11-21,Growth Capital,,,8.8,True,,1,0,https://mergr.com/company/249699,2026-09-03T23:54:45Z
4752,Tiger Infrastructure Partners,New York,243410,Danskammer,Energy Services and Equipment,"Newburgh, New York, United States",2017-09-14,Divestiture,,,8.9,True,,0,0,https://mergr.com/company/243410,2026-09-03T23:54:45Z
4752,Tiger Infrastructure Partners,New York,208230,SmartSky Networks,Communications,"Morrisville, North Carolina, United States",2015-10-23,Growth Capital,2024-10-22,Divestiture,8.9,False,,0,0,https://mergr.com/company/208230,2026-09-03T23:54:45Z
4752,Tiger Infrastructure Partners,New York,206656,Sunlight Financial,Financial Services,"New York, New York, United States",2015-09-16,Growth Capital,2021-01-30,SPAC,5.3,False,115,0,0,https://mergr.com/company/206656,2026-09-03T23:54:45Z
4752,Tiger Infrastructure Partners,New York,229809,American Natural,Energy Services and Equipment,"Tampa, Florida, United States",2015-05-28,Growth Capital,,,11.3,True,,1,0,https://mergr.com/company/229809,2026-09-03T23:54:45Z
4752,Tiger Infrastructure Partners,New York,229815,Etix Everywhere,Information Technology,"Luxembourg, Luxembourg",2015-02-10,Growth Capital,2020-02-10,Divestiture,5,False,,0,0,https://mergr.com/company/229815,2026-09-03T23:54:45Z
4752,Tiger Infrastructure Partners,New York,229803,Hudson Fiber Network,Information Technology,"Paramus, New Jersey, United States",2014-09-22,"Buyout (LBO, MBO, MBI)",2015-02-17,Unknown,0.3,False,,0,0,https://mergr.com/company/229803,2026-09-03T23:54:45Z
4752,Tiger Infrastructure Partners,New York,301257,FS,Renewable Energy,"Sao Paulo, Brazil",2014-01-01,"Buyout (LBO, MBO, MBI)",,,12.7,True,,0,0,https://mergr.com/company/301257,2026-09-03T23:54:45Z
4752,Tiger Infrastructure Partners,New York,229806,Tiger Cool Express,Transportation,"Overland Park, Kansas, United States",2013-10-23,Growth Capital,2023-06-16,Shut Down,9.6,False,,0,0,https://mergr.com/company/229806,2026-09-03T23:54:45Z
4777,York Private Equity,New York,318624,Comprehensive Rehab Consultants,Healthcare Services,"Oakbrook Terrace, Illinois, United States",2023-11-02,Stake Purchase,,,2.8,True,,0,0,https://mergr.com/company/318624,2026-09-03T23:54:45Z
4777,York Private Equity,New York,20827,Healthcare Linen Services Group,Business Services,"St. Charles, Illinois, United States",2022-04-06,Secondary Buyout,2026-04-10,Trade Sale - Public Company,4,False,,2,0,https://mergr.com/company/20827,2026-09-03T23:54:45Z
4777,York Private Equity,New York,334803,APT Healthcare,Healthcare Services,"Glen Burnie, Maryland, United States",2022-01-20,Growth Capital,,,4.6,True,,0,0,https://mergr.com/company/334803,2026-09-03T23:54:45Z
4777,York Private Equity,New York,232222,CURiO,Consumer Products,"Starkville, Minnesota, United States",2021-12-01,Secondary Buyout,,,4.8,True,,0,0,https://mergr.com/company/232222,2026-09-03T23:54:45Z
4777,York Private Equity,New York,287152,AMC Health,Information Technology,"New York City, New York, United States",2021-06-29,Growth Capital,,,5.2,True,,0,0,https://mergr.com/company/287152,2026-09-03T23:54:45Z
4777,York Private Equity,New York,235993,Cennox,Business Services,"Surrey, United Kingdom",2021-06-22,Secondary Buyout,,,5.2,True,,6,0,https://mergr.com/company/235993,2026-09-03T23:54:45Z
4777,York Private Equity,New York,278896,Corvia,Financial Services,"Austin, Texas, United States",2020-12-03,Growth Capital,,,5.8,True,,0,0,https://mergr.com/company/278896,2026-09-03T23:54:45Z
4777,York Private Equity,New York,167837,Mode Transportation,Transportation,"Dallas, Texas, United States",2018-08-31,Divestiture,,,8,True,,1,0,https://mergr.com/company/167837,2026-09-03T23:54:45Z
4777,York Private Equity,New York,273682,Neuromonitoring Associates,Medical Products,"McKinney, Texas, United States",2018-01-01,Stake Purchase,,,8.7,True,,0,0,https://mergr.com/company/273682,2026-09-03T23:54:45Z
4777,York Private Equity,New York,1869,Houlihan's Restaurants,Restaurants,"Leawood, Kansas, United States",2015-11-09,Secondary Buyout,2019-11-14,Bankruptcy,4,False,145,0,0,https://mergr.com/company/1869,2026-09-03T23:54:45Z
4777,York Private Equity,New York,11680,Bay Clubs,Leisure,"San Francisco, California, United States",2014-06-17,Secondary Buyout,2018-07-26,Trade Sale - Public Company,4.1,False,,5,0,https://mergr.com/company/11680,2026-09-03T23:54:45Z
4875,Mill Point Capital,New York,350012,Total Safety Supplies & Solutions,Distribution,"Fairfield, California, United States",2026-06-05,Divestiture,,,0.2,True,,0,0,https://mergr.com/company/350012,2026-09-03T23:54:45Z
4875,Mill Point Capital,New York,180838,SS8,Software,"Milpitas, California, United States",2025-06-27,Secondary Buyout,,,1.2,True,,0,0,https://mergr.com/company/180838,2026-09-03T23:54:45Z
4875,Mill Point Capital,New York,241543,Koozie Group,Business Services,"Clearwater, Florida, United States",2025-04-16,Secondary Buyout,,,1.3,True,,0,0,https://mergr.com/company/241543,2026-09-03T23:54:45Z
4875,Mill Point Capital,New York,290109,Voltaris,Electrical Equipment,"Goodyear, Arizona, United States",2024-10-29,Consolidation,,,1.8,True,,3,0,https://mergr.com/company/290109,2026-09-03T23:54:45Z
4875,Mill Point Capital,New York,330495,AeriTek,Machinery,"Kennesaw, Georgia, United States",2024-07-17,Divestiture,,,2.1,True,,4,0,https://mergr.com/company/330495,2026-09-03T23:54:45Z
4875,Mill Point Capital,New York,29789,iQor,Business Services,"Fort Lauderdale, Florida, United States",2024-05-14,"Buyout (LBO, MBO, MBI)",,,2.3,True,,2,0,https://mergr.com/company/29789,2026-09-03T23:54:45Z
4875,Mill Point Capital,New York,323254,Proficium,Communications,"Union City, California, United States",2024-03-27,Growth Capital,,,2.4,True,,0,0,https://mergr.com/company/323254,2026-09-03T23:54:45Z
4875,Mill Point Capital,New York,5084,CREO Group,Plastics,"Kissimmee, Florida, United States",2023-04-03,Secondary Buyout,,,3.4,True,,2,0,https://mergr.com/company/5084,2026-09-03T23:54:45Z
4875,Mill Point Capital,New York,323481,ServicePoint,Information Technology,"Chicago, Illinois, United States",2023-01-01,"Buyout (LBO, MBO, MBI)",,,3.7,True,,2,0,https://mergr.com/company/323481,2026-09-03T23:54:45Z
4875,Mill Point Capital,New York,308428,Seviroli,Food,"Garden City, New York, United States",2022-12-21,Growth Capital,,,3.7,True,,2,0,https://mergr.com/company/308428,2026-09-03T23:54:45Z
4875,Mill Point Capital,New York,308426,Vertullo,Food,"Garden City, New York, United States",2022-12-21,Growth Capital,,,3.7,True,,0,0,https://mergr.com/company/308426,2026-09-03T23:54:45Z
4875,Mill Point Capital,New York,303250,CrashPlan,Information Technology,"Minneapolis, Minnesota, United States",2022-08-03,Divestiture,,,4.1,True,,1,0,https://mergr.com/company/303250,2026-09-03T23:54:45Z
4875,Mill Point Capital,New York,5824,Vehicle Management Solutions,Business Services,"Tinley Park, Illinois, United States",2022-07-26,"Buyout (LBO, MBO, MBI)",,,4.1,True,,6,0,https://mergr.com/company/5824,2026-09-03T23:54:45Z
4875,Mill Point Capital,New York,316281,International Designs Group,Building Materials,"Decatur, Georgia, United States",2022-01-01,Consolidation,2023-11-20,Divestiture,1.8,False,,3,0,https://mergr.com/company/316281,2026-09-03T23:54:45Z
4875,Mill Point Capital,New York,283870,Prime Pensions,Financial Services,"Florham Park, New Jersey, United States",2021-02-05,"Buyout (LBO, MBO, MBI)",2024-02-26,Trade Sale - Public Company,3,False,,5,0,https://mergr.com/company/283870,2026-09-03T23:54:45Z
4875,Mill Point Capital,New York,293649,GlacierPoint,Transportation,"Bronx, New York, United States",2021-01-01,Growth Capital,,,5.7,True,,7,0,https://mergr.com/company/293649,2026-09-03T23:54:45Z
4875,Mill Point Capital,New York,277362,Full Circle Fiber Partners,Communications,"Englewood, Colorado, United States",2020-04-14,"Buyout (LBO, MBO, MBI)",,,6.3,True,,3,0,https://mergr.com/company/277362,2026-09-03T23:54:45Z
4875,Mill Point Capital,New York,270715,Pythian Services,Information Technology,"Ottawa, Ontario, Canada",2019-09-09,"Buyout (LBO, MBO, MBI)",,,6.9,True,,3,0,https://mergr.com/company/270715,2026-09-03T23:54:45Z
4875,Mill Point Capital,New York,262176,Spire Power Solutions,Electrical Equipment,"Athens, Georgia, United States",2019-08-16,Divestiture,2022-12-15,Divestiture,3.3,False,,2,0,https://mergr.com/company/262176,2026-09-03T23:54:45Z
4875,Mill Point Capital,New York,171077,Verinext,Information Technology,"Blue Bell, Pennsylvania, United States",2019-06-25,Secondary Buyout,2026-02-04,Divestiture,6.6,False,,2,0,https://mergr.com/company/171077,2026-09-03T23:54:45Z
4875,Mill Point Capital,New York,32728,KEMP,Software,"Melville, New York, United States",2019-04-01,Secondary Buyout,2021-09-23,Divestiture,2.4,False,,2,0,https://mergr.com/company/32728,2026-09-03T23:54:45Z
4875,Mill Point Capital,New York,252209,Franklin Madison Group,Insurance,"Franklin, Tennessee, United States",2018-07-03,Divestiture,,,8.2,True,,1,0,https://mergr.com/company/252209,2026-09-03T23:54:45Z
4875,Mill Point Capital,New York,21263,KKSP Precision Machining,Manufacturing,"Glendale Heights, Illinois, United States",2017-11-30,Secondary Buyout,2022-06-23,Trade Sale - Public Company,4.5,False,,3,0,https://mergr.com/company/21263,2026-09-03T23:54:45Z
4875,Mill Point Capital,New York,236923,Avenu Insights & Analytics,Software,"Centreville, Virginia, United States",2017-01-24,Divestiture,2023-10-02,Trade Sale - Public Company,6.7,False,,8,0,https://mergr.com/company/236923,2026-09-03T23:54:45Z
4875,Mill Point Capital,New York,270197,Outworx Group,Business Services,"Westbury, New York, United States",2017-01-01,"Buyout (LBO, MBO, MBI)",,,9.7,True,,6,0,https://mergr.com/company/270197,2026-09-03T23:54:45Z
4875,Mill Point Capital,New York,90681,Huntington Solutions,Packaging,"Greer, South Carolina, United States",2016-09-22,"Buyout (LBO, MBO, MBI)",2020-12-28,Divestiture,4.3,False,,3,0,https://mergr.com/company/90681,2026-09-03T23:54:45Z
4875,Mill Point Capital,New York,34693,MPP,Manufacturing,"Fishers, Indiana, United States",2016-05-05,"Buyout (LBO, MBO, MBI)",,,10.3,True,,3,0,https://mergr.com/company/34693,2026-09-03T23:54:45Z
4875,Mill Point Capital,New York,208406,Atlantix Global Systems LLC,Technology Hardware,"Norcross, Georgia, United States",2015-10-26,Divestiture,2017-08-22,Bankruptcy,1.8,False,,0,0,https://mergr.com/company/208406,2026-09-03T23:54:45Z
4875,Mill Point Capital,New York,27924,"DLT Solutions, Inc.",Information Technology,"Herndon, Virginia, United States",2015-01-30,Secondary Buyout,2019-10-30,Divestiture,4.8,False,,0,0,https://mergr.com/company/27924,2026-09-03T23:54:45Z
4930,Brightstar Capital Partners,New York,351752,BrightTree Studios,Media,"Warrendale, Pennsylvania, United States",2026-07-20,"Buyout (LBO, MBO, MBI)",,,0.1,True,,0,0,https://mergr.com/company/351752,2026-09-03T23:54:45Z
4930,Brightstar Capital Partners,New York,29807,Erdman,Business Services,"Madison, Wisconsin, United States",2026-06-22,Secondary Buyout,,,0.2,True,,0,0,https://mergr.com/company/29807,2026-09-03T23:54:45Z
4930,Brightstar Capital Partners,New York,328931,Simon Eye,Healthcare Services,"Wilmington, Delaware, United States",2026-05-07,Secondary Buyout,,,0.3,True,,0,0,https://mergr.com/company/328931,2026-09-03T23:54:45Z
4930,Brightstar Capital Partners,New York,338918,Analyte Health,Information Technology,"Houston, Texas, United States",2025-08-04,"Buyout (LBO, MBO, MBI)",,,1.1,True,,0,0,https://mergr.com/company/338918,2026-09-03T23:54:45Z
4930,Brightstar Capital Partners,New York,225616,Arden University,Education,"Coventry, United Kingdom",2025-07-28,Stake Purchase,,,1.1,True,,0,0,https://mergr.com/company/225616,2026-09-03T23:54:45Z
4930,Brightstar Capital Partners,New York,337199,KZF Design,Engineering,"Cincinnati, Ohio, United States",2025-06-04,"Buyout (LBO, MBO, MBI)",,,1.3,True,,0,0,https://mergr.com/company/337199,2026-09-03T23:54:45Z
4930,Brightstar Capital Partners,New York,233816,WW Williams,Automotive,"Dublin, Ohio, United States",2025-01-30,Secondary Buyout,,,1.6,True,,0,0,https://mergr.com/company/233816,2026-09-03T23:54:45Z
4930,Brightstar Capital Partners,New York,180713,Amerit Fleet Solutions,Automotive,"Walnut Creek, California, United States",2025-01-28,Secondary Buyout,2025-01-28,Trade Sale - Public Company,0,False,,0,0,https://mergr.com/company/180713,2026-09-03T23:54:45Z
4930,Brightstar Capital Partners,New York,327845,Best Choice Roofing,Construction,"Hendersonville, Tennessee, United States",2024-08-07,"Buyout (LBO, MBO, MBI)",,,2,True,,0,0,https://mergr.com/company/327845,2026-09-03T23:54:45Z
4930,Brightstar Capital Partners,New York,314073,Stratus Team,Engineering,"Coraopolis, Pennsylvania, United States",2024-07-01,Secondary Buyout,,,2.2,True,,0,0,https://mergr.com/company/314073,2026-09-03T23:54:45Z
4930,Brightstar Capital Partners,New York,256759,AGS,Gaming,"Las Vegas, Nevada, United States",2024-05-09,Going Private,,,2.3,True,357,0,0,https://mergr.com/company/256759,2026-09-03T23:54:45Z
4930,Brightstar Capital Partners,New York,245520,Ausenco,Business Services,"South Brisbane, Australia",2023-09-21,Secondary Buyout,,,2.9,True,,0,0,https://mergr.com/company/245520,2026-09-03T23:54:45Z
4930,Brightstar Capital Partners,New York,195027,Douglas Products,Chemicals,"Liberty, Missouri, United States",2023-09-21,Secondary Buyout,,,2.9,True,,0,0,https://mergr.com/company/195027,2026-09-03T23:54:45Z
4930,Brightstar Capital Partners,New York,324773,BrightCell Logistics,Transportation,"Miami, Florida, United States",2023-01-01,"Buyout (LBO, MBO, MBI)",,,3.7,True,,0,0,https://mergr.com/company/324773,2026-09-03T23:54:45Z
4930,Brightstar Capital Partners,New York,302955,WindsorONE,Forest Products,"Petaluma, California, United States",2022-07-27,Growth Capital,,,4.1,True,,0,0,https://mergr.com/company/302955,2026-09-03T23:54:45Z
4930,Brightstar Capital Partners,New York,293807,Novae,Automotive,"Markle, Indiana, United States",2021-12-15,"Buyout (LBO, MBO, MBI)",,,4.7,True,,1,0,https://mergr.com/company/293807,2026-09-03T23:54:45Z
4930,Brightstar Capital Partners,New York,25284,America’s Auto Auction,Business Services,"Carmel, Indiana, United States",2021-09-02,Secondary Buyout,,,5,True,,5,0,https://mergr.com/company/25284,2026-09-03T23:54:45Z
4930,Brightstar Capital Partners,New York,142173,Astrion,Information Technology,"Huntsville, Alabama, United States",2021-05-11,"Buyout (LBO, MBO, MBI)",,,5.3,True,,2,0,https://mergr.com/company/142173,2026-09-03T23:54:45Z
4930,Brightstar Capital Partners,New York,180713,Amerit Fleet Solutions,Automotive,"Walnut Creek, California, United States",2020-12-28,Secondary Buyout,2025-01-28,Trade Sale - Public Company,4.1,False,,0,0,https://mergr.com/company/180713,2026-09-03T23:54:45Z
4930,Brightstar Capital Partners,New York,2853,Likewize,Insurance,"Southlake, Texas, United States",2020-09-17,Divestiture,,,5.9,True,,2,0,https://mergr.com/company/2853,2026-09-03T23:54:45Z
4930,Brightstar Capital Partners,New York,263922,Capstone Nutrition,Business Services,"Ogden, Utah, United States",2019-09-03,"Buyout (LBO, MBO, MBI)",2021-06-08,Divestiture,1.8,False,,0,0,https://mergr.com/company/263922,2026-09-03T23:54:45Z
4930,Brightstar Capital Partners,New York,261828,Gateway Dealer Network,Business Services,"Valley Park, Missouri, United States",2019-06-19,"Buyout (LBO, MBO, MBI)",2024-02-13,Trade Sale - Public Company,4.6,False,,2,0,https://mergr.com/company/261828,2026-09-03T23:54:45Z
4930,Brightstar Capital Partners,New York,246065,InfraServices,Communications,"Blue Bell, Pennsylvania, United States",2018-06-13,"Buyout (LBO, MBO, MBI)",2021-06-16,IPO,3,False,,8,0,https://mergr.com/company/246065,2026-09-03T23:54:45Z
4930,Brightstar Capital Partners,New York,244167,Texas Water Supply,Utilities,"Boerne, Texas, United States",2017-10-10,Growth Capital,,,8.8,True,,0,0,https://mergr.com/company/244167,2026-09-03T23:54:45Z
4930,Brightstar Capital Partners,New York,218120,ReMarkets,Information Technology,"Austin, Texas, United States",2016-03-31,"Buyout (LBO, MBO, MBI)",,,10.4,True,,2,0,https://mergr.com/company/218120,2026-09-03T23:54:45Z
4930,Brightstar Capital Partners,New York,30152,Bendon,Publishing,"Ashland, Ohio, United States",2015-03-31,Secondary Buyout,,,11.4,True,,1,0,https://mergr.com/company/30152,2026-09-03T23:54:45Z
5121,Gamut Capital Management,New York,276785,Acousti,Construction,"Orlando, Florida, United States",2026-04-07,Secondary Buyout,,,0.3,True,,0,0,https://mergr.com/company/276785,2026-09-03T23:54:45Z
5121,Gamut Capital Management,New York,327886,Airtron Heating & Air Conditioning,Business Services,"Columbus, Ohio, United States",2024-08-08,Divestiture,,,2,True,,1,0,https://mergr.com/company/327886,2026-09-03T23:54:45Z
5121,Gamut Capital Management,New York,229173,DEX Imaging,Retail,"Tampa, Florida, United States",2024-04-23,Divestiture,,,2.3,True,,0,0,https://mergr.com/company/229173,2026-09-03T23:54:45Z
5121,Gamut Capital Management,New York,4776,Petmate,Consumer Products,"Arlington, Texas, United States",2024-03-20,Secondary Buyout,,,2.4,True,,0,0,https://mergr.com/company/4776,2026-09-03T23:54:45Z
5121,Gamut Capital Management,New York,91685,XR Extreme Reach,Marketing,"New York, New York, United States",2022-09-07,Secondary Buyout,,,3.9,True,,0,0,https://mergr.com/company/91685,2026-09-03T23:54:45Z
5121,Gamut Capital Management,New York,2098,Davis-Standard,Machinery,"Pawcatuck, Connecticut, United States",2021-11-09,Secondary Buyout,,,4.8,True,,2,0,https://mergr.com/company/2098,2026-09-03T23:54:45Z
5121,Gamut Capital Management,New York,272275,PS Logistics,Transportation,"Birmingham, Alabama, United States",2021-06-25,Secondary Buyout,,,5.2,True,,2,0,https://mergr.com/company/272275,2026-09-03T23:54:45Z
5121,Gamut Capital Management,New York,58946,Grede,Automotive,"Southfield, Michigan, United States",2019-09-18,Divestiture,,,6.9,True,,1,1,https://mergr.com/company/58946,2026-09-03T23:54:45Z
5121,Gamut Capital Management,New York,250006,IAC Group,Automotive,"Luxembourg, Luxembourg",2018-04-06,Recapitalization,,,8.3,True,,0,0,https://mergr.com/company/250006,2026-09-03T23:54:45Z
5121,Gamut Capital Management,New York,166009,JPW Industries,Machinery,"LaVergne, Tennessee, United States",2017-07-19,Secondary Buyout,,,9.1,True,,2,0,https://mergr.com/company/166009,2026-09-03T23:54:45Z
5121,Gamut Capital Management,New York,13413,Hoffmaster Group,Consumer Products,"Oshkosh, Wisconsin, United States",2016-10-19,Secondary Buyout,,,9.8,True,,2,0,https://mergr.com/company/13413,2026-09-03T23:54:45Z
5175,PPC Enterprises,New York,339076,Shook Research,Business Services,"Boca Raton, Florida, United States",2025-08-07,Growth Capital,,,1,True,,0,0,https://mergr.com/company/339076,2026-09-03T23:54:45Z
5175,PPC Enterprises,New York,326250,Indus Valley Partners,Information Technology,"Noida, India",2024-06-20,Growth Capital,,,2.2,True,,0,0,https://mergr.com/company/326250,2026-09-03T23:54:45Z
5175,PPC Enterprises,New York,313364,Aduro Advisors,Financial Services,"Denver, Colorado, United States",2024-05-23,Growth Capital,,,2.3,True,,0,0,https://mergr.com/company/313364,2026-09-03T23:54:45Z
5175,PPC Enterprises,New York,325101,Hotel Equities,Real Estate,"Alpharetta, Georgia, United States",2024-01-22,Growth Capital,,,2.6,True,,0,0,https://mergr.com/company/325101,2026-09-03T23:54:45Z
5175,PPC Enterprises,New York,309609,Edustaff,Staffing,"Grand Rapids, Michigan, United States",2023-01-18,Growth Capital,,,3.6,True,,1,0,https://mergr.com/company/309609,2026-09-03T23:54:45Z
5175,PPC Enterprises,New York,224741,Life Science Outsourcing,Medical Products,"Brea, California, United States",2021-01-25,Growth Capital,,,5.6,True,,1,0,https://mergr.com/company/224741,2026-09-03T23:54:45Z
5175,PPC Enterprises,New York,24687,Bluegrass Ingredients,Food,"Bowling Green, Kentucky, United States",2019-06-28,Secondary Buyout,2024-06-12,Trade Sale - Public Company,4.9,False,,0,0,https://mergr.com/company/24687,2026-09-03T23:54:45Z
5175,PPC Enterprises,New York,181004,Cendyn,Software,"Boca Raton, Florida, United States",2019-06-18,Growth Capital,,,7.2,True,,7,0,https://mergr.com/company/181004,2026-09-03T23:54:45Z
5175,PPC Enterprises,New York,261442,Private Client Resources,Information Technology,"Danbury, Connecticut, United States",2019-06-06,Growth Capital,,,7.2,True,,1,0,https://mergr.com/company/261442,2026-09-03T23:54:45Z
5175,PPC Enterprises,New York,269261,Inframark,Infrastructure,"Katy, Texas, United States",2017-07-03,Divestiture,2020-12-21,Trade Sale - Public Company,3.4,False,,0,0,https://mergr.com/company/269261,2026-09-03T23:54:45Z
5175,PPC Enterprises,New York,238342,Viteos Fund Services LLC,Business Services,"Somerset, New Jersey, United States",2017-04-03,"Buyout (LBO, MBO, MBI)",2019-06-18,Divestiture,2.2,False,,0,0,https://mergr.com/company/238342,2026-09-03T23:54:45Z
5241,Stonecourt Capital,New York,328631,Moon Valley Nurseries,Agriculture,"Scottsdale, Arizona, United States",2021-10-14,"Buyout (LBO, MBO, MBI)",,,4.8,True,,0,0,https://mergr.com/company/328631,2026-09-03T23:54:45Z
5241,Stonecourt Capital,New York,238967,365 Data Centers,Information Technology,"Norwalk, Connecticut, United States",2020-10-06,Secondary Buyout,,,5.8,True,,1,1,https://mergr.com/company/238967,2026-09-03T23:54:45Z
5241,Stonecourt Capital,New York,271698,PetroLogistics II,Energy Services and Equipment,"Houston, Texas, United States",2018-01-16,"Buyout (LBO, MBO, MBI)",,,8.6,True,,0,0,https://mergr.com/company/271698,2026-09-03T23:54:45Z
5241,Stonecourt Capital,New York,241649,Alpenglow Rail,Transportation,"Denver, Colorado, United States",2017-01-01,"Buyout (LBO, MBO, MBI)",,,9.7,True,,2,0,https://mergr.com/company/241649,2026-09-03T23:54:45Z
5280,InterVest Capital Partners,New York,343172,Flagship Credit,Financial Services,"Chadds Ford, Pennsylvania, United States",2025-11-21,"Buyout (LBO, MBO, MBI)",,,0.8,True,,0,0,https://mergr.com/company/343172,2026-09-03T23:54:45Z
5280,InterVest Capital Partners,New York,305132,Foundation Finance,Financial Services,"Schofield, Wisconsin, United States",2022-09-26,Secondary Buyout,,,3.9,True,,0,0,https://mergr.com/company/305132,2026-09-03T23:54:45Z
5280,InterVest Capital Partners,New York,100093,FinanceIt,Software,"Toronto, Ontario, Canada",2022-02-11,Secondary Buyout,,,4.5,True,,0,0,https://mergr.com/company/100093,2026-09-03T23:54:45Z
5280,InterVest Capital Partners,New York,32004,Access Point Financial,Financial Services,"Atlanta, Georgia, United States",2017-10-05,Recapitalization,,,8.8,True,,0,0,https://mergr.com/company/32004,2026-09-03T23:54:45Z
5406,Australis Partners,New York,299212,Sekura,Insurance,"Mexico, Mexico",2021-01-11,"Buyout (LBO, MBO, MBI)",,,5.6,True,,1,0,https://mergr.com/company/299212,2026-09-03T23:54:45Z
5406,Australis Partners,New York,299224,Galenica,Life Science,"Santiago, Chile",2020-12-29,"Buyout (LBO, MBO, MBI)",,,5.7,True,,0,0,https://mergr.com/company/299224,2026-09-03T23:54:45Z
5406,Australis Partners,New York,255715,Alianza,Financial Services,"Bogota, Colombia",2018-11-06,Stake Purchase,,,7.8,True,,0,0,https://mergr.com/company/255715,2026-09-03T23:54:45Z
5406,Australis Partners,New York,271099,Reve Group,Retail,Colombia,2018-08-30,Growth Capital,2022-07-01,Unknown,3.8,False,,0,0,https://mergr.com/company/271099,2026-09-03T23:54:45Z
5406,Australis Partners,New York,251342,Vitalmex,Healthcare Services,"Tlalnepantla de Baz, Mexico",2018-06-04,Growth Capital,,,8.3,True,,0,0,https://mergr.com/company/251342,2026-09-03T23:54:45Z
5406,Australis Partners,New York,251359,Disal Chile,Environmental,"Santiago, Chile",2017-06-22,"Buyout (LBO, MBO, MBI)",2021-07-08,Divestiture,4,False,,0,0,https://mergr.com/company/251359,2026-09-03T23:54:45Z
5570,Further Global,New York,188335,Armanino,Business Services,"San Ramon, California, United States",2024-10-21,Growth Capital,,,1.8,True,,2,0,https://mergr.com/company/188335,2026-09-03T23:54:45Z
5570,Further Global,New York,317445,Fidelis Partnership,Insurance,"Pembroke, Bermuda",2022-07-25,Divestiture,,,4.1,True,,0,0,https://mergr.com/company/317445,2026-09-03T23:54:45Z
5570,Further Global,New York,308391,Phaidon International,Business Services,"London, United Kingdom",2022-07-18,"Buyout (LBO, MBO, MBI)",,,4.1,True,,0,0,https://mergr.com/company/308391,2026-09-03T23:54:45Z
5570,Further Global,New York,280952,E78 Partners,Business Services,"Oak Brook, Illinois, United States",2021-12-02,"Buyout (LBO, MBO, MBI)",,,4.8,True,,5,0,https://mergr.com/company/280952,2026-09-03T23:54:45Z
5570,Further Global,New York,308398,Progeny,Business Services,"Leeds, United Kingdom",2021-10-31,"Buyout (LBO, MBO, MBI)",,,4.8,True,,0,0,https://mergr.com/company/308398,2026-09-03T23:54:45Z
5570,Further Global,New York,280478,Coaction,Insurance,"Morristown, New Jersey, United States",2021-01-15,Going Private,,,5.6,True,,0,0,https://mergr.com/company/280478,2026-09-03T23:54:45Z
5570,Further Global,New York,222835,AA Insurance,Insurance,"Dublin, Ireland",2020-10-01,Secondary Buyout,2025-10-28,Trade Sale - Public Company,5,False,,0,0,https://mergr.com/company/222835,2026-09-03T23:54:45Z
5570,Further Global,New York,2927,Kroll,Financial Services,"New York, New York, United States",2020-01-22,Secondary Buyout,,,6.6,True,384,10,0,https://mergr.com/company/2927,2026-09-03T23:54:45Z
5570,Further Global,New York,284023,USClaims,Insurance,"Boca Raton, Florida, United States",2020-01-01,"Buyout (LBO, MBO, MBI)",,,6.7,True,,0,0,https://mergr.com/company/284023,2026-09-03T23:54:45Z
5570,Further Global,New York,7112,PAI,Business Services,"Louisville, Kentucky, United States",2019-03-01,Secondary Buyout,2021-04-06,Divestiture,2.1,False,,3,0,https://mergr.com/company/7112,2026-09-03T23:54:45Z
5570,Further Global,New York,30004,GBG,Insurance,"Princeton, New Jersey, United States",2018-11-07,"Buyout (LBO, MBO, MBI)",2023-12-21,Bankruptcy,5.1,False,,0,0,https://mergr.com/company/30004,2026-09-03T23:54:45Z
5570,Further Global,New York,31832,LegalShield,Business Services,"Ada, Oklahoma, United States",2018-02-27,Secondary Buyout,,,8.5,True,,0,0,https://mergr.com/company/31832,2026-09-03T23:54:45Z
5570,Further Global,New York,201429,Celink,Financial Services,"Lansing, Michigan, United States",2018-01-01,"Buyout (LBO, MBO, MBI)",,,8.7,True,,0,0,https://mergr.com/company/201429,2026-09-03T23:54:45Z
5643,Bessemer Investors,New York,178849,Xanitos,Business Services,"Newtown Square, Pennsylvania, United States",2025-12-09,Secondary Buyout,,,0.7,True,,0,0,https://mergr.com/company/178849,2026-09-03T23:54:45Z
5643,Bessemer Investors,New York,339106,W Services Group,Business Services,"Hauppauge, New York, United States",2024-10-02,Growth Capital,,,1.9,True,,0,0,https://mergr.com/company/339106,2026-09-03T23:54:45Z
5643,Bessemer Investors,New York,316202,Roto-Rooter,Consumer Services,"Vista, California, United States",2022-07-13,Growth Capital,,,4.1,True,,0,0,https://mergr.com/company/316202,2026-09-03T23:54:45Z
5643,Bessemer Investors,New York,316203,Pet Flavors,Consumer Products,"Melbourne, Florida, United States",2021-12-20,Growth Capital,,,4.7,True,,0,0,https://mergr.com/company/316203,2026-09-03T23:54:45Z
5643,Bessemer Investors,New York,220082,Tencarva,Distribution,"Greensboro, North Carolina, United States",2021-11-18,Growth Capital,,,4.8,True,,6,0,https://mergr.com/company/220082,2026-09-03T23:54:45Z
5643,Bessemer Investors,New York,288998,Legacy Restoration,Construction,"Plymouth, Minnesota, United States",2021-08-09,Stake Purchase,,,5,True,,1,0,https://mergr.com/company/288998,2026-09-03T23:54:45Z
5643,Bessemer Investors,New York,270024,Leonard Valve,Building Materials,"Cranston, Rhode Island, United States",2020-03-09,"Buyout (LBO, MBO, MBI)",2025-11-12,Divestiture,5.7,False,,1,0,https://mergr.com/company/270024,2026-09-03T23:54:45Z
5643,Bessemer Investors,New York,259511,Mas Restaurant Group,Franchising,"Houston, Texas, United States",2019-03-27,Consolidation,,,7.4,True,,1,1,https://mergr.com/company/259511,2026-09-03T23:54:45Z
5643,Bessemer Investors,New York,283529,Verato,Internet Software and Services,"McLean, Virginia, United States",2019-01-07,Venture,,,7.6,True,,0,0,https://mergr.com/company/283529,2026-09-03T23:54:45Z
5643,Bessemer Investors,New York,276626,North American Helium,Metals/Mining,"Calgary, Alberta, Canada",2017-07-01,"Buyout (LBO, MBO, MBI)",,,9.2,True,,0,0,https://mergr.com/company/276626,2026-09-03T23:54:45Z
5828,Morgan Stanley Tactical Value Investing,New York,262452,Buyers Edge Platform,Information Technology,"Waltham, Massachusetts, United States",2024-04-08,Secondary Buyout,,,2.3,True,,11,0,https://mergr.com/company/262452,2026-09-03T23:54:45Z
5828,Morgan Stanley Tactical Value Investing,New York,266431,OneTeam Partners,Media,"Santa Monica, California, United States",2022-09-15,Secondary Buyout,,,3.9,True,,0,0,https://mergr.com/company/266431,2026-09-03T23:54:45Z
5828,Morgan Stanley Tactical Value Investing,New York,227658,Kobalt,Media,"London, United Kingdom",2022-09-07,Growth Capital,2026-03-23,Divestiture,3.5,False,,0,0,https://mergr.com/company/227658,2026-09-03T23:54:45Z
5828,Morgan Stanley Tactical Value Investing,New York,5060,Nivel Parts & Manufacturing,Automotive,"Jacksonville, Florida, United States",2021-05-21,Secondary Buyout,,,5.3,True,,4,0,https://mergr.com/company/5060,2026-09-03T23:54:45Z
5828,Morgan Stanley Tactical Value Investing,New York,302552,Lifetime Value,Information Technology,"New York, New York, United States",2020-12-17,Growth Capital,,,5.7,True,,0,0,https://mergr.com/company/302552,2026-09-03T23:54:45Z
5828,Morgan Stanley Tactical Value Investing,New York,302799,IQHQ,Real Estate,"Solana Beach, California, United States",2020-01-01,"Buyout (LBO, MBO, MBI)",,,6.7,True,,0,0,https://mergr.com/company/302799,2026-09-03T23:54:45Z
5828,Morgan Stanley Tactical Value Investing,New York,233605,Olympia,Staffing,"Hoofddorp, Netherlands",2019-11-13,Secondary Buyout,,,6.8,True,,0,0,https://mergr.com/company/233605,2026-09-03T23:54:45Z
5828,Morgan Stanley Tactical Value Investing,New York,251374,Angel Oak Capital Advisors,Financial Services,"Atlanta, Georgia, United States",2019-01-01,"Buyout (LBO, MBO, MBI)",,,7.7,True,,0,0,https://mergr.com/company/251374,2026-09-03T23:54:45Z
5828,Morgan Stanley Tactical Value Investing,New York,274227,Game Nation,Gaming,"London, United Kingdom",2019-01-01,Growth Capital,,,7.7,True,,0,0,https://mergr.com/company/274227,2026-09-03T23:54:45Z
5828,Morgan Stanley Tactical Value Investing,New York,302792,Avelo Airlines,Airlines,"Houston, Texas, United States",2019-01-01,Venture,,,7.7,True,,0,0,https://mergr.com/company/302792,2026-09-03T23:54:45Z
5828,Morgan Stanley Tactical Value Investing,New York,274234,Dataminr,Information Technology,"New York, New York, United States",2018-06-06,Venture,,,8.2,True,,3,0,https://mergr.com/company/274234,2026-09-03T23:54:45Z
5828,Morgan Stanley Tactical Value Investing,New York,274231,Unipharma,Medical Products,"Tamarac, Florida, United States",2018-01-01,"Buyout (LBO, MBO, MBI)",2020-12-10,Bankruptcy,2.9,False,,0,0,https://mergr.com/company/274231,2026-09-03T23:54:45Z
5828,Morgan Stanley Tactical Value Investing,New York,296227,New Vision Pharmaceuticals,Life Science,"Tamarac, Florida, United States",2018-01-01,"Buyout (LBO, MBO, MBI)",2024-03-18,Divestiture,6.2,False,,1,1,https://mergr.com/company/296227,2026-09-03T23:54:45Z
5828,Morgan Stanley Tactical Value Investing,New York,274235,Geru Tecnologia & Servicos,Financial Services,"Sao Paulo, Brazil",2017-01-01,Growth Capital,2021-03-02,Spin Off,4.2,False,,0,0,https://mergr.com/company/274235,2026-09-03T23:54:45Z
5828,Morgan Stanley Tactical Value Investing,New York,225805,XRI Blue,Utilities,"Houston, Texas, United States",2016-08-23,"Buyout (LBO, MBO, MBI)",,,10,True,,1,0,https://mergr.com/company/225805,2026-09-03T23:54:45Z
5828,Morgan Stanley Tactical Value Investing,New York,31871,Lineage,Real Estate,"Novi, Michigan, United States",2012-04-18,Consolidation,2024-07-26,IPO,12.3,False,5355,44,0,https://mergr.com/company/31871,2026-09-03T23:54:45Z
5851,Energy Impact Partners,New York,340205,ComNet Communications,Communications,"Bethel, Connecticut, United States",2025-09-10,"Buyout (LBO, MBO, MBI)",,,0.9,True,,0,0,https://mergr.com/company/340205,2026-09-03T23:54:45Z
5851,Energy Impact Partners,New York,327963,Site 20/20,Technology Hardware,"Dartmouth, Nova Scotia, Canada",2024-08-12,Growth Capital,,,2,True,,0,0,https://mergr.com/company/327963,2026-09-03T23:54:45Z
5851,Energy Impact Partners,New York,323768,Convey,Software,"Denver, Colorado, United States",2024-04-11,"Buyout (LBO, MBO, MBI)",,,2.3,True,,4,0,https://mergr.com/company/323768,2026-09-03T23:54:45Z
5851,Energy Impact Partners,New York,317455,TMC,Engineering,"Orlando, Florida, United States",2023-08-28,"Buyout (LBO, MBO, MBI)",,,3,True,,4,0,https://mergr.com/company/317455,2026-09-03T23:54:45Z
5851,Energy Impact Partners,New York,304900,Powin,Energy Services and Equipment,"Tualatin, Oregon, United States",2022-07-14,Growth Capital,2025-06-11,Bankruptcy,2.8,False,,1,1,https://mergr.com/company/304900,2026-09-03T23:54:45Z
5851,Energy Impact Partners,New York,299815,6K,Chemicals,"North Andover, Massachusetts, United States",2022-05-12,Venture,,,4.3,True,,1,0,https://mergr.com/company/299815,2026-09-03T23:54:45Z
5851,Energy Impact Partners,New York,313222,ION Solar,Renewable Energy,"Provo, Utah, United States",2022-03-08,Growth Capital,,,4.4,True,,0,0,https://mergr.com/company/313222,2026-09-03T23:54:45Z
5851,Energy Impact Partners,New York,287830,Celerity Consulting,Information Services,"San Francisco, California, United States",2021-07-12,Growth Capital,,,5.1,True,,1,0,https://mergr.com/company/287830,2026-09-03T23:54:45Z
5851,Energy Impact Partners,New York,267515,Swimlane,Information Technology,"Denver, Colorado, United States",2019-05-30,Venture,,,7.3,True,,1,0,https://mergr.com/company/267515,2026-09-03T23:54:45Z
5851,Energy Impact Partners,New York,317444,Enchanted Rock,Utilities,"Houston, Texas, United States",2017-02-27,Growth Capital,,,9.5,True,,0,0,https://mergr.com/company/317444,2026-09-03T23:54:45Z
5864,Declaration Partners,New York,350000,CP Group,Machinery,"San Diego, California, United States",2025-08-08,"Buyout (LBO, MBO, MBI)",,,1,True,,0,0,https://mergr.com/company/350000,2026-09-03T23:54:45Z
5864,Declaration Partners,New York,226222,LMI,Business Services,"Tysons, Virginia, United States",2022-07-12,"Buyout (LBO, MBO, MBI)",,,4.1,True,,0,0,https://mergr.com/company/226222,2026-09-03T23:54:45Z
5864,Declaration Partners,New York,317980,New Frontier Materials,Building Materials,"Maryland Heights, Missouri, United States",2021-06-01,"Buyout (LBO, MBO, MBI)",2026-04-30,Divestiture,4.8,False,,0,0,https://mergr.com/company/317980,2026-09-03T23:54:45Z
5864,Declaration Partners,New York,302631,Axiomatic,Business Services,"Los Angeles, California, United States",2018-10-30,Growth Capital,,,7.8,True,,0,0,https://mergr.com/company/302631,2026-09-03T23:54:45Z
5864,Declaration Partners,New York,350002,Enstructure,Transportation,"Wellesley, Massachusetts, United States",2018-03-01,"Buyout (LBO, MBO, MBI)",,,8.5,True,,1,0,https://mergr.com/company/350002,2026-09-03T23:54:45Z
5900,Innovatus Capital Partners,New York,317910,Nuvaira,Life Science,"Minneapolis, Minnesota, United States",2021-12-01,"Buyout (LBO, MBO, MBI)",,,4.8,True,,0,0,https://mergr.com/company/317910,2026-09-03T23:54:45Z
5900,Innovatus Capital Partners,New York,282911,Public Label,Marketing,"Denver, Colorado, United States",2021-03-17,Divestiture,,,5.4,True,,0,0,https://mergr.com/company/282911,2026-09-03T23:54:45Z
5900,Innovatus Capital Partners,New York,282913,Match Retail,Marketing,"Mississauga, Ontario, Canada",2021-03-17,Divestiture,,,5.4,True,,0,0,https://mergr.com/company/282913,2026-09-03T23:54:45Z
5900,Innovatus Capital Partners,New York,23968,VSA,Marketing,"Chicago, Illinois, United States",2021-01-27,Secondary Buyout,,,5.6,True,,0,0,https://mergr.com/company/23968,2026-09-03T23:54:45Z
5900,Innovatus Capital Partners,New York,279686,Certor Sports,Consumer Products,"Plainfield, Indiana, United States",2020-12-23,Consolidation,,,5.7,True,,1,0,https://mergr.com/company/279686,2026-09-03T23:54:45Z
5900,Innovatus Capital Partners,New York,16270,Guerdon,Construction,"Boise, Idaho, United States",2020-02-10,Secondary Buyout,,,6.5,True,,0,0,https://mergr.com/company/16270,2026-09-03T23:54:45Z
6031,CBRE Caledon,New York,264418,CitySwitch,Communications,"Atlanta, Georgia, United States",2021-09-14,Secondary Buyout,,,4.9,True,,0,0,https://mergr.com/company/264418,2026-09-03T23:54:45Z
6031,CBRE Caledon,New York,248122,WANRack,Communications,"Overland Park, Kansas, United States",2021-04-08,Secondary Buyout,,,5.3,True,,1,0,https://mergr.com/company/248122,2026-09-03T23:54:45Z
6031,CBRE Caledon,New York,280988,Karlssons Buss,Transportation,"Stanga, Sweden",2021-01-27,"Buyout (LBO, MBO, MBI)",,,5.6,True,,0,0,https://mergr.com/company/280988,2026-09-03T23:54:45Z
6041,OceanSound Partners,New York,129881,AFS,Software,"Exton, Pennsylvania, United States",2026-02-19,"Buyout (LBO, MBO, MBI)",,,0.5,True,,0,0,https://mergr.com/company/129881,2026-09-03T23:54:45Z
6041,OceanSound Partners,New York,343395,Burns,Engineering,"Philadelphia, Pennsylvania, United States",2025-12-02,Growth Capital,,,0.8,True,,1,0,https://mergr.com/company/343395,2026-09-03T23:54:45Z
6041,OceanSound Partners,New York,330147,Antenna Research Associates,Communications,"Laurel, Maryland, United States",2024-10-29,"Buyout (LBO, MBO, MBI)",,,1.8,True,,0,0,https://mergr.com/company/330147,2026-09-03T23:54:45Z
6041,OceanSound Partners,New York,235148,PAR Excellence,Software,"Cincinnati, Ohio, United States",2024-09-09,Secondary Buyout,,,1.9,True,,1,0,https://mergr.com/company/235148,2026-09-03T23:54:45Z
6041,OceanSound Partners,New York,323768,Convey,Software,"Denver, Colorado, United States",2024-04-11,"Buyout (LBO, MBO, MBI)",,,2.3,True,,4,0,https://mergr.com/company/323768,2026-09-03T23:54:45Z
6041,OceanSound Partners,New York,317948,Kinective,Software,"Gilbert, Arizona, United States",2023-06-06,"Buyout (LBO, MBO, MBI)",,,3.2,True,,8,0,https://mergr.com/company/317948,2026-09-03T23:54:45Z
6041,OceanSound Partners,New York,308880,GFT,Engineering,"Mechanicsburg, Pennsylvania, United States",2023-01-09,Growth Capital,,,3.6,True,,5,1,https://mergr.com/company/308880,2026-09-03T23:54:45Z
6041,OceanSound Partners,New York,301649,Lynx Software Technologies,Information Technology,"Campbell, California, United States",2022-06-23,Growth Capital,,,4.2,True,,3,0,https://mergr.com/company/301649,2026-09-03T23:54:45Z
6041,OceanSound Partners,New York,312299,CFM,Information Technology,"Tempe, Arizona, United States",2022-01-18,Growth Capital,2023-06-06,Spin Off,1.3,False,,1,0,https://mergr.com/company/312299,2026-09-03T23:54:45Z
6041,OceanSound Partners,New York,189578,DMI,Information Technology,"McLean, Virginia, United States",2021-10-26,Growth Capital,,,4.8,True,,3,1,https://mergr.com/company/189578,2026-09-03T23:54:45Z
6041,OceanSound Partners,New York,290845,Certerra,Engineering,"Rancho Cucamonga, California, United States",2021-09-28,Growth Capital,,,4.9,True,,18,0,https://mergr.com/company/290845,2026-09-03T23:54:45Z
6041,OceanSound Partners,New York,274999,Netrix,Information Technology,"Bannockburn, Illinois, United States",2020-08-06,Recapitalization,,,6,True,,5,0,https://mergr.com/company/274999,2026-09-03T23:54:45Z
6041,OceanSound Partners,New York,275022,SMX,Information Technology,"Hollywood, Maryland, United States",2020-01-17,Recapitalization,,,6.6,True,,6,0,https://mergr.com/company/275022,2026-09-03T23:54:45Z
6073,Bansk Group,New York,310367,So Good So You,Beverages,"Minneapolis, Minnesota, United States",2026-03-24,Secondary Buyout,,,0.4,True,,0,0,https://mergr.com/company/310367,2026-09-03T23:54:45Z
6073,Bansk Group,New York,335954,Byoma,Consumer Products,"New York, New York, United States",2025-09-09,Secondary Buyout,,,0.9,True,,0,0,https://mergr.com/company/335954,2026-09-03T23:54:45Z
6073,Bansk Group,New York,4681,Foundation Wellness,Consumer Products,"Wadsworth, Ohio, United States",2024-09-04,Secondary Buyout,,,2,True,,0,0,https://mergr.com/company/4681,2026-09-03T23:54:45Z
6073,Bansk Group,New York,247181,PetIQ,Consumer Services,"Eagle, Idaho, United States",2024-08-07,Going Private,,,2,True,1102,1,1,https://mergr.com/company/247181,2026-09-03T23:54:45Z
6073,Bansk Group,New York,321410,No Man’s Land Beef Jerky,Food,"Enid, Oklahoma, United States",2024-02-01,"Buyout (LBO, MBO, MBI)",,,2.6,True,,0,0,https://mergr.com/company/321410,2026-09-03T23:54:45Z
6073,Bansk Group,New York,314327,Red’s All Natural,Food,"Franklin, Tennessee, United States",2022-12-15,"Buyout (LBO, MBO, MBI)",,,3.7,True,,0,0,https://mergr.com/company/314327,2026-09-03T23:54:45Z
6073,Bansk Group,New York,299827,Amika,Consumer Products,"Brooklyn, New York, United States",2022-05-12,"Buyout (LBO, MBO, MBI)",,,4.3,True,,0,0,https://mergr.com/company/299827,2026-09-03T23:54:45Z
6073,Bansk Group,New York,299845,Eva NYC,Consumer Products,"Brooklyn, New York, United States",2022-05-12,"Buyout (LBO, MBO, MBI)",,,4.3,True,,0,0,https://mergr.com/company/299845,2026-09-03T23:54:45Z
6073,Bansk Group,New York,250593,Arcadia Consumer Healthcare,Consumer Products,"Bridgewater, New Jersey, United States",2021-08-09,Secondary Buyout,,,5,True,,0,0,https://mergr.com/company/250593,2026-09-03T23:54:45Z
6073,Bansk Group,New York,16018,Woodstream,Consumer Products,"Lancaster, Pennsylvania, United States",2020-10-19,Secondary Buyout,,,5.8,True,240,1,0,https://mergr.com/company/16018,2026-09-03T23:54:45Z
6073,Bansk Group,New York,309457,Ethique Beauty,Consumer Products,"Christchurch, New Zealand",2020-01-01,Growth Capital,,,6.7,True,,0,0,https://mergr.com/company/309457,2026-09-03T23:54:45Z
6335,Wildcat Capital Management,New York,324210,Range Media Partners,Media,"Santa Monica, California, United States",2024-04-24,Growth Capital,,,2.3,True,,0,0,https://mergr.com/company/324210,2026-09-03T23:54:45Z
6335,Wildcat Capital Management,New York,348986,Luna Aesthetics Group,Consumer Services,"Columbus, Ohio, United States",2024-01-01,"Buyout (LBO, MBO, MBI)",,,2.7,True,,0,0,https://mergr.com/company/348986,2026-09-03T23:54:45Z
6335,Wildcat Capital Management,New York,226546,Groff Tractor & Equipment,Machinery,"Mechanicsburg, Pennsylvania, United States",2023-02-01,Secondary Buyout,,,3.6,True,,0,0,https://mergr.com/company/226546,2026-09-03T23:54:45Z
6335,Wildcat Capital Management,New York,279737,Express Wash Concepts,Business Services,"Etna, Ohio, United States",2022-01-18,Growth Capital,,,4.6,True,,3,0,https://mergr.com/company/279737,2026-09-03T23:54:45Z
6335,Wildcat Capital Management,New York,318229,Milan Laser,Consumer Services,"Omaha, Nebraska, United States",2019-01-01,"Buyout (LBO, MBO, MBI)",,,7.7,True,,0,0,https://mergr.com/company/318229,2026-09-03T23:54:45Z
6337,Recognize Partners,New York,176371,Smartlink,Staffing,"Annapolis, Maryland, United States",2026-07-08,Secondary Buyout,,,0.1,True,,0,0,https://mergr.com/company/176371,2026-09-03T23:54:45Z
6337,Recognize Partners,New York,341561,Security Risk Advisors,Information Technology,"Philadelphia, Pennsylvania, United States",2025-10-13,Growth Capital,,,0.8,True,,0,0,https://mergr.com/company/341561,2026-09-03T23:54:45Z
6337,Recognize Partners,New York,270030,HealthEdge,Information Technology,"Burlington, Massachusetts, United States",2025-04-08,Secondary Buyout,,,1.3,True,,0,0,https://mergr.com/company/270030,2026-09-03T23:54:45Z
6337,Recognize Partners,New York,265638,Sprout,Information Technology,"Charlotte, North Carolina, United States",2025-01-09,Secondary Buyout,,,1.6,True,,0,0,https://mergr.com/company/265638,2026-09-03T23:54:45Z
6337,Recognize Partners,New York,2094,TranZact,Marketing,"Fort Lee, New Jersey, United States",2024-10-01,Divestiture,,,1.9,True,,0,0,https://mergr.com/company/2094,2026-09-03T23:54:45Z
6337,Recognize Partners,New York,27235,Blue Mantis,Information Technology,"Portsmouth, New Hampshire, United States",2024-09-09,Secondary Buyout,,,1.9,True,,6,0,https://mergr.com/company/27235,2026-09-03T23:54:45Z
6337,Recognize Partners,New York,330024,Egen,Information Technology,"Naperville, Illinois, United States",2023-08-16,"Buyout (LBO, MBO, MBI)",,,3,True,,2,0,https://mergr.com/company/330024,2026-09-03T23:54:45Z
6337,Recognize Partners,New York,345446,MediaMint,Marketing,"Columbia, Maryland, United States",2023-07-26,Growth Capital,,,3.1,True,,0,0,https://mergr.com/company/345446,2026-09-03T23:54:45Z
6337,Recognize Partners,New York,318725,2X,Marketing,"Malvern, Pennsylvania, United States",2023-06-14,Growth Capital,,,3.2,True,,5,0,https://mergr.com/company/318725,2026-09-03T23:54:45Z
6337,Recognize Partners,New York,336264,Qubika,Information Technology,"Austin, Texas, United States",2023-05-17,"Buyout (LBO, MBO, MBI)",,,3.3,True,,3,0,https://mergr.com/company/336264,2026-09-03T23:54:45Z
6337,Recognize Partners,New York,287890,Blend360,Information Technology,"Columbia, Maryland, United States",2022-08-09,Growth Capital,,,4,True,,5,0,https://mergr.com/company/287890,2026-09-03T23:54:45Z
6337,Recognize Partners,New York,310272,Torc,Information Technology,"Boston, Massachusetts, United States",2022-03-01,Venture,2024-05-16,Divestiture,2.2,False,,1,0,https://mergr.com/company/310272,2026-09-03T23:54:45Z
6337,Recognize Partners,New York,219498,AST,Information Technology,"Lisle, Illinois, United States",2022-01-24,Secondary Buyout,2025-01-16,Divestiture,2.9,False,,3,0,https://mergr.com/company/219498,2026-09-03T23:54:45Z
6337,Recognize Partners,New York,310271,SpringML,Information Technology,"Pleasanton, California, United States",2021-10-14,Growth Capital,2023-08-16,Spin Off,1.8,False,,0,0,https://mergr.com/company/310271,2026-09-03T23:54:45Z
6337,Recognize Partners,New York,34081,Ciklum,Information Technology,"London, United Kingdom",2015-11-18,Secondary Buyout,,,10.8,True,,2,0,https://mergr.com/company/34081,2026-09-03T23:54:45Z
6397,Palistar Capital,New York,181364,Symphony Towers Infrastructure,Communications,"White Plains, New York, United States",2020-09-01,"Buyout (LBO, MBO, MBI)",,,6,True,,2,0,https://mergr.com/company/181364,2026-09-03T23:54:45Z
6397,Palistar Capital,New York,300380,Harmoni Towers,Communications,"Charlotte, North Carolina, United States",2020-06-02,Divestiture,,,6.3,True,,1,0,https://mergr.com/company/300380,2026-09-03T23:54:45Z
6415,Morgan Stanley Energy Partners,New York,302730,SolMicroGrid,Energy Services and Equipment,"New York, New York, United States",2021-01-07,Growth Capital,,,5.6,True,,0,0,https://mergr.com/company/302730,2026-09-03T23:54:45Z
6415,Morgan Stanley Energy Partners,New York,253645,Catalyst Energy Services,Energy Services and Equipment,"Odessa, Texas, United States",2018-08-20,Growth Capital,,,8,True,,0,0,https://mergr.com/company/253645,2026-09-03T23:54:45Z
6415,Morgan Stanley Energy Partners,New York,251308,Presidio Petroleum,Oil/Gas Exploration,"Fort Worth, Texas, United States",2018-06-01,Growth Capital,,,8.3,True,,1,0,https://mergr.com/company/251308,2026-09-03T23:54:45Z
6415,Morgan Stanley Energy Partners,New York,204295,Specialized Desanders,Energy Services and Equipment,"Calgary, Alberta, Canada",2018-03-21,Secondary Buyout,,,8.4,True,,0,0,https://mergr.com/company/204295,2026-09-03T23:54:45Z
6415,Morgan Stanley Energy Partners,New York,302731,Mission Creek Resources,Oil/Gas Exploration,"The Woodlands, Texas, United States",2018-01-01,"Buyout (LBO, MBO, MBI)",,,8.7,True,,0,0,https://mergr.com/company/302731,2026-09-03T23:54:45Z
6415,Morgan Stanley Energy Partners,New York,302687,Durango Midstream,Oil/Gas Exploration,"The Woodlands, Texas, United States",2017-11-21,Growth Capital,,,8.8,True,,0,0,https://mergr.com/company/302687,2026-09-03T23:54:45Z
6415,Morgan Stanley Energy Partners,New York,225805,XRI Blue,Utilities,"Houston, Texas, United States",2016-08-23,"Buyout (LBO, MBO, MBI)",,,10,True,,1,0,https://mergr.com/company/225805,2026-09-03T23:54:45Z
6415,Morgan Stanley Energy Partners,New York,345944,Signal Power Group,Energy Services and Equipment,"Brookshire, Texas, United States",2016-08-01,"Buyout (LBO, MBO, MBI)",,,10.1,True,,0,0,https://mergr.com/company/345944,2026-09-03T23:54:45Z
6415,Morgan Stanley Energy Partners,New York,302733,M.G. Bryan,Machinery,"Fort Worth, Texas, United States",2016-01-01,"Buyout (LBO, MBO, MBI)",,,10.7,True,,0,0,https://mergr.com/company/302733,2026-09-03T23:54:45Z
6415,Morgan Stanley Energy Partners,New York,302511,Sterling Energy,Oil/Gas Exploration,"Denver, Colorado, United States",2011-08-11,"Buyout (LBO, MBO, MBI)",2022-10-17,Divestiture,11.2,False,,0,0,https://mergr.com/company/302511,2026-09-03T23:54:45Z
6592,Ember Infrastructure,New York,341980,Advanced Recycling Technologies,Environmental,"Flemington, New Jersey, United States",2024-11-26,Growth Capital,,,1.8,True,,0,0,https://mergr.com/company/341980,2026-09-03T23:54:45Z
6592,Ember Infrastructure,New York,192003,H2O Innovation,Environmental,"Quebec City, Quebec, Canada",2023-10-03,Going Private,,,2.9,True,192,1,0,https://mergr.com/company/192003,2026-09-03T23:54:45Z
6592,Ember Infrastructure,New York,341986,OnSyte,Environmental,"Buford, Georgia, United States",2023-06-28,Growth Capital,,,3.2,True,,0,0,https://mergr.com/company/341986,2026-09-03T23:54:45Z
6592,Ember Infrastructure,New York,94465,GWTT,Machinery,"Wharton, New Jersey, United States",2023-06-21,Secondary Buyout,,,3.2,True,,1,0,https://mergr.com/company/94465,2026-09-03T23:54:45Z
6592,Ember Infrastructure,New York,342021,LID Tech,Business Services,"Gorham, Maine, United States",2022-11-01,Growth Capital,,,3.8,True,,0,0,https://mergr.com/company/342021,2026-09-03T23:54:45Z
6592,Ember Infrastructure,New York,342037,Caban Systems,Energy Services and Equipment,"Plano, Texas, United States",2021-06-17,Growth Capital,,,5.2,True,,0,0,https://mergr.com/company/342037,2026-09-03T23:54:45Z
6592,Ember Infrastructure,New York,342011,ReGenerate,Renewable Energy,"Stratton, Maine, United States",2021-04-29,Joint Venture,,,5.3,True,,0,0,https://mergr.com/company/342011,2026-09-03T23:54:45Z
6592,Ember Infrastructure,New York,307348,SunShare,Renewable Energy,"Denver, Colorado, United States",2018-01-01,Growth Capital,,,8.7,True,,0,0,https://mergr.com/company/307348,2026-09-03T23:54:45Z
6727,Coalesce Capital,New York,351926,Workstreet,Information Technology,"San Francisco, California, United States",2026-07-23,Growth Capital,,,0.1,True,,0,0,https://mergr.com/company/351926,2026-09-03T23:54:45Z
6727,Coalesce Capital,New York,323119,Marshall & Stevens,Business Services,"Los Angeles, California, United States",2026-01-06,Recapitalization,,,0.6,True,,0,0,https://mergr.com/company/323119,2026-09-03T23:54:45Z
6727,Coalesce Capital,New York,342746,DecisionHR,Staffing,"Saint Petersburg, Florida, United States",2025-11-11,"Buyout (LBO, MBO, MBI)",,,0.8,True,,1,0,https://mergr.com/company/342746,2026-09-03T23:54:45Z
6727,Coalesce Capital,New York,213591,DAS Health,Information Technology,"Tampa, Florida, United States",2025-05-27,Secondary Buyout,,,1.3,True,,0,0,https://mergr.com/company/213591,2026-09-03T23:54:45Z
6727,Coalesce Capital,New York,69294,Pearl Meyer,Business Services,"Wellesley, Massachusetts, United States",2025-01-06,Recapitalization,,,1.6,True,,1,0,https://mergr.com/company/69294,2026-09-03T23:54:45Z
6727,Coalesce Capital,New York,259356,Miller Environmental Group,Environmental,"Calverton, New York, United States",2024-09-11,Secondary Buyout,,,1.9,True,,3,0,https://mergr.com/company/259356,2026-09-03T23:54:45Z
6727,Coalesce Capital,New York,248691,Examinetics,Healthcare Services,"Overland Park, Kansas, United States",2023-08-16,Recapitalization,,,3,True,,2,0,https://mergr.com/company/248691,2026-09-03T23:54:45Z
6884,Franchise Equity Partners,New York,340913,Bravo Fit,Consumer Services,"Tigard, Oregon, United States",2026-07-20,Divestiture,,,0.1,True,,0,0,https://mergr.com/company/340913,2026-09-03T23:54:45Z
6884,Franchise Equity Partners,New York,16809,IMO Car Wash,Consumer Services,"High Wycombe, United States",2026-01-27,Divestiture,,,0.6,True,,0,0,https://mergr.com/company/16809,2026-09-03T23:54:45Z
6884,Franchise Equity Partners,New York,321827,7 Brew,Beverages,"Springdale, Arkansas, United States",2025-09-16,Secondary Buyout,,,0.9,True,,0,0,https://mergr.com/company/321827,2026-09-03T23:54:45Z
6884,Franchise Equity Partners,New York,343636,Parks Automotive Group,Automotive,"Kernersville, North Carolina, United States",2023-06-01,Stake Purchase,,,3.3,True,,0,0,https://mergr.com/company/343636,2026-09-03T23:54:45Z
6884,Franchise Equity Partners,New York,333966,Georgica Auto Holdings,Automotive,United States,2022-10-28,Stake Purchase,,,3.8,True,,1,0,https://mergr.com/company/333966,2026-09-03T23:54:45Z
6884,Franchise Equity Partners,New York,266963,Fresh Dining Concepts,Franchising,"Coral Gables, Florida, United States",2022-05-01,Stake Purchase,,,4.3,True,,0,0,https://mergr.com/company/266963,2026-09-03T23:54:45Z
6896,Springcoast Partners,New York,343147,Peek,Internet Software and Services,"Cottonwood Heights, United States",2025-11-20,Growth Capital,,,0.8,True,,2,0,https://mergr.com/company/343147,2026-09-03T23:54:45Z
6896,Springcoast Partners,New York,281323,Cart.com,Internet Software and Services,"Houston, Texas, United States",2021-04-15,Venture,,,5.3,True,,7,0,https://mergr.com/company/281323,2026-09-03T23:54:45Z
6896,Springcoast Partners,New York,203460,CallMiner,Software,"Waltham, Massachusetts, United States",2015-07-14,Growth Capital,,,11.1,True,,2,0,https://mergr.com/company/203460,2026-09-03T23:54:45Z
1270,VSS Capital Partners,New York,352693,Cordoba,Engineering,"Los Angeles, California, United States",2026-08-10,Growth Capital,,,0,True,,0,0,https://mergr.com/company/352693,2026-09-07T00:00:00Z
1270,VSS Capital Partners,New York,349445,Hausch & Company,Insurance,"Elgin, Illinois, United States",2026-01-23,Recapitalization,,,0.6,True,,0,0,https://mergr.com/company/349445,2026-09-07T00:00:00Z
1270,VSS Capital Partners,New York,349444,Granite Trade Services,Business Services,United States,2025-10-01,"Buyout (LBO, MBO, MBI)",,,0.9,True,,0,0,https://mergr.com/company/349444,2026-09-07T00:00:00Z
1270,VSS Capital Partners,New York,331934,Lumenci,Business Services,"Austin, Texas, United States",2024-12-18,Growth Capital,,,1.7,True,,0,0,https://mergr.com/company/331934,2026-09-07T00:00:00Z
1270,VSS Capital Partners,New York,330288,Lane Four Consulting,Information Technology,"Toronto, Ontario, Canada",2024-10-31,Growth Capital,,,1.8,True,,0,0,https://mergr.com/company/330288,2026-09-07T00:00:00Z
1270,VSS Capital Partners,New York,333563,Treya Partners,Business Services,"San Francisco, California, United States",2024-10-07,Growth Capital,,,1.9,True,,0,0,https://mergr.com/company/333563,2026-09-07T00:00:00Z
1270,VSS Capital Partners,New York,317716,Eximia Research,Life Science,"Raleigh, North Carolina, United States",2023-10-04,Growth Capital,,,2.9,True,,2,0,https://mergr.com/company/317716,2026-09-07T00:00:00Z
1270,VSS Capital Partners,New York,314944,Olympus Cosmetic Group,Healthcare Services,"Boca Raton, Florida, United States",2023-06-13,Growth Capital,,,3.2,True,,1,0,https://mergr.com/company/314944,2026-09-07T00:00:00Z
1270,VSS Capital Partners,New York,333620,S&A Legal Management,Business Services,"Carrollton, Texas, United States",2023-01-01,"Buyout (LBO, MBO, MBI)",,,3.7,True,,0,0,https://mergr.com/company/333620,2026-09-07T00:00:00Z
1270,VSS Capital Partners,New York,305992,Center for Rheumatology,Healthcare Services,"Los Angeles, California, United States",2022-10-13,Growth Capital,,,3.8,True,,0,0,https://mergr.com/company/305992,2026-09-07T00:00:00Z
1270,VSS Capital Partners,New York,294829,GLOBO,Internet Software and Services,"Philadelphia, Pennsylvania, United States",2022-01-11,Growth Capital,,,4.6,True,,0,0,https://mergr.com/company/294829,2026-09-07T00:00:00Z
1270,VSS Capital Partners,New York,301756,HFW,Engineering,"Dallas, Texas, United States",2021-11-09,Consolidation,,,4.8,True,,0,0,https://mergr.com/company/301756,2026-09-07T00:00:00Z
1270,VSS Capital Partners,New York,231453,Coretelligent,Information Technology,"Needham, Massachusetts, United States",2021-10-25,Secondary Buyout,2021-10-25,Trade Sale - Public Company,0,False,,0,0,https://mergr.com/company/231453,2026-09-07T00:00:00Z
1270,VSS Capital Partners,New York,285790,Centroid Systems,Internet Software and Services,"Troy, Michigan, United States",2021-05-26,Growth Capital,2026-07-15,Trade Sale - Public Company,5.1,False,,4,0,https://mergr.com/company/285790,2026-09-07T00:00:00Z
1270,VSS Capital Partners,New York,284612,REMEDI8,Safety/Security,"Lenexa, Kansas, United States",2021-04-28,Growth Capital,,,5.3,True,,3,0,https://mergr.com/company/284612,2026-09-07T00:00:00Z
1270,VSS Capital Partners,New York,284506,Ambulatory Anesthesia Care,Business Services,"Rosemont, Illinois, United States",2021-04-26,Growth Capital,,,5.3,True,,0,0,https://mergr.com/company/284506,2026-09-07T00:00:00Z
1270,VSS Capital Partners,New York,280981,Really Great Reading,Education,"Cabin John, Maryland, United States",2020-07-10,Growth Capital,,,6.1,True,,1,0,https://mergr.com/company/280981,2026-09-07T00:00:00Z
1270,VSS Capital Partners,New York,271023,BRC Healthcare,Healthcare Services,"Manor, Texas, United States",2020-04-09,Growth Capital,,,6.3,True,,4,0,https://mergr.com/company/271023,2026-09-07T00:00:00Z
1270,VSS Capital Partners,New York,269362,Ascent Behavioral Health,Healthcare Services,"Boise, Idaho, United States",2020-02-19,Growth Capital,,,6.5,True,,0,0,https://mergr.com/company/269362,2026-09-07T00:00:00Z
1270,VSS Capital Partners,New York,323013,Pacesetter Health,Healthcare Services,"San Antonio, Texas, United States",2020-01-01,"Buyout (LBO, MBO, MBI)",,,6.7,True,,0,0,https://mergr.com/company/323013,2026-09-07T00:00:00Z
1270,VSS Capital Partners,New York,267167,Specialty1 Partners,Business Services,"Houston, Texas, United States",2019-12-10,Recapitalization,,,6.7,True,,1,0,https://mergr.com/company/267167,2026-09-07T00:00:00Z
1270,VSS Capital Partners,New York,265220,Powerhouse,Business Services,"Crowley, Texas, United States",2019-10-15,Growth Capital,,,6.8,True,,4,1,https://mergr.com/company/265220,2026-09-07T00:00:00Z
1270,VSS Capital Partners,New York,38445,ContinuServe,Business Services,"Marietta, Georgia, United States",2019-10-07,Secondary Buyout,,,6.9,True,,6,0,https://mergr.com/company/38445,2026-09-07T00:00:00Z
1270,VSS Capital Partners,New York,255244,GreenSlate,Internet Software and Services,"Burbank, California, United States",2018-10-22,Stake Purchase,,,7.8,True,,1,0,https://mergr.com/company/255244,2026-09-07T00:00:00Z
1270,VSS Capital Partners,New York,251006,QuadraNet,Information Technology,"Los Angeles, California, United States",2018-05-16,Growth Capital,2024-04-08,Divestiture,5.8,False,,1,0,https://mergr.com/company/251006,2026-09-07T00:00:00Z
1270,VSS Capital Partners,New York,247991,Caravan Health,Healthcare Services,"Kansas City, Missouri, United States",2018-01-09,Growth Capital,2022-02-10,Divestiture,4.1,False,,0,0,https://mergr.com/company/247991,2026-09-07T00:00:00Z
1270,VSS Capital Partners,New York,236197,"VKIDZ Holdings, Inc.",Education,"Ft. Lauderdale, Florida, United States",2017-02-15,Growth Capital,2018-10-15,Divestiture,1.7,False,,0,0,https://mergr.com/company/236197,2026-09-07T00:00:00Z
1270,VSS Capital Partners,New York,231453,Coretelligent,Information Technology,"Needham, Massachusetts, United States",2016-11-29,Growth Capital,2021-10-25,Trade Sale - Public Company,4.8,False,,3,0,https://mergr.com/company/231453,2026-09-07T00:00:00Z
1270,VSS Capital Partners,New York,33981,Acrisure,Insurance,"Grand Rapids, Michigan, United States",2016-10-22,Secondary Buyout,2022-06-01,Sold to Management,5.6,False,,8,0,https://mergr.com/company/33981,2026-09-07T00:00:00Z
1270,VSS Capital Partners,New York,228715,Connexion Point LLC ,Information Technology,"Sandy, Utah, United States",2016-10-18,Growth Capital,2021-01-12,Divestiture,4.2,False,,0,0,https://mergr.com/company/228715,2026-09-07T00:00:00Z
1270,VSS Capital Partners,New York,4944,"Navtech, Inc.",Aerospace,"Waterloo, Ontario, Canada",2013-06-11,Secondary Buyout,2015-12-22,Divestiture,2.5,False,42,1,0,https://mergr.com/company/4944,2026-09-07T00:00:00Z
1270,VSS Capital Partners,New York,51966,IT-Ernity Internet Services,Information Technology,"Zwolle, Netherlands",2013-05-16,Secondary Buyout,,,13.3,True,,2,0,https://mergr.com/company/51966,2026-09-07T00:00:00Z
1270,VSS Capital Partners,New York,4930,Cast & Crew,Software,"Burbank, California, United States",2013-02-05,Secondary Buyout,2015-06-29,Trade Sale - Public Company,2.3,False,,0,0,https://mergr.com/company/4930,2026-09-07T00:00:00Z
1270,VSS Capital Partners,New York,16189,Thomsons Online Benefits Ltd.,Software,"London, United Kingdom",2013-01-29,Secondary Buyout,2016-12-15,Divestiture,3.8,False,33,0,0,https://mergr.com/company/16189,2026-09-07T00:00:00Z
1270,VSS Capital Partners,New York,44349,Tax Credit,Financial Services,"Los Angeles, California, United States",2012-11-14,"Buyout (LBO, MBO, MBI)",2021-06-16,Divestiture,8.6,False,,2,0,https://mergr.com/company/44349,2026-09-07T00:00:00Z
1270,VSS Capital Partners,New York,29963,Strata Decision Technology LLC,Software,"Champaign, Illinois, United States",2011-07-20,"Buyout (LBO, MBO, MBI)",2015-01-23,Divestiture,3.5,False,,0,0,https://mergr.com/company/29963,2026-09-07T00:00:00Z
1270,VSS Capital Partners,New York,27576,"Trover Solutions, Inc.",Software,"Louisville, Kentucky, United States",2011-01-05,Secondary Buyout,2016-01-05,Merger,5,False,,0,0,https://mergr.com/company/27576,2026-09-07T00:00:00Z
1270,VSS Capital Partners,New York,14309,System One,Staffing,"Pittsburgh, Pennsylvania, United States",2010-10-20,Divestiture,2013-01-11,Trade Sale - Public Company,2.2,False,,0,0,https://mergr.com/company/14309,2026-09-07T00:00:00Z
1270,VSS Capital Partners,New York,23945,Hostway,Information Technology,"Chicago, Illinois, United States",2010-03-29,Growth Capital,2013-12-16,Trade Sale - Public Company,3.7,False,,0,0,https://mergr.com/company/23945,2026-09-07T00:00:00Z
1270,VSS Capital Partners,New York,29966,MetSchools,Education,"New York, New York, United States",2010-03-01,"Buyout (LBO, MBO, MBI)",,,16.5,True,,0,2,https://mergr.com/company/29966,2026-09-07T00:00:00Z
1270,VSS Capital Partners,New York,18752,Cannella Media,Media,"Burlington, Wisconsin, United States",2009-06-16,"Buyout (LBO, MBO, MBI)",,,17.2,True,,2,0,https://mergr.com/company/18752,2026-09-07T00:00:00Z
1270,VSS Capital Partners,New York,23944,Brand Connections LLC,Digital Media,"New York, New York, United States",2008-06-30,Secondary Buyout,2017-08-08,Divestiture,9.1,False,,0,0,https://mergr.com/company/23944,2026-09-07T00:00:00Z
1270,VSS Capital Partners,New York,14036,Avatar International LLC,Business Services,"Lake Mary, Florida, United States",2008-06-19,"Buyout (LBO, MBO, MBI)",2011-09-07,Trade Sale - Public Company,3.2,False,,0,0,https://mergr.com/company/14036,2026-09-07T00:00:00Z
1270,VSS Capital Partners,New York,17521,Clarion Events,Business Services,"London, United Kingdom",2008-02-08,Secondary Buyout,2015-01-08,Trade Sale - Public Company,6.9,False,154,0,0,https://mergr.com/company/17521,2026-09-07T00:00:00Z
1270,VSS Capital Partners,New York,29967,MediaResponse,Media,"Madrid, Spain",2008-02-01,"Buyout (LBO, MBO, MBI)",2018-02-19,Divestiture,10,False,,0,0,https://mergr.com/company/29967,2026-09-07T00:00:00Z
1270,VSS Capital Partners,New York,23358,"Executive Health Resources, Inc.",Business Services,"Newtown Square, Pennsylvania, United States",2007-11-01,Secondary Buyout,2010-08-04,Divestiture,2.8,False,,0,0,https://mergr.com/company/23358,2026-09-07T00:00:00Z
1270,VSS Capital Partners,New York,14053,Sandow,Media,"Boca Raton, Florida, United States",2007-11-01,"Buyout (LBO, MBO, MBI)",,,18.8,True,,4,1,https://mergr.com/company/14053,2026-09-07T00:00:00Z
1270,VSS Capital Partners,New York,2094,TranZact,Marketing,"Fort Lee, New Jersey, United States",2007-10-04,Secondary Buyout,2014-10-13,Divestiture,7,False,,0,1,https://mergr.com/company/2094,2026-09-07T00:00:00Z
1270,VSS Capital Partners,New York,10214,BrandShop,Software,"Shelton, Connecticut, United States",2007-08-02,"Buyout (LBO, MBO, MBI)",2017-11-07,Trade Sale - Public Company,10.3,False,,1,0,https://mergr.com/company/10214,2026-09-07T00:00:00Z
1270,VSS Capital Partners,New York,13490,Loewy Group Ltd.,Business Services,"London, United Kingdom",2007-07-18,"Buyout (LBO, MBO, MBI)",2011-07-19,Divestiture,4,False,,0,0,https://mergr.com/company/13490,2026-09-07T00:00:00Z
1270,VSS Capital Partners,New York,11772,Zed Group,Digital Media,"Madrid, Spain",2007-04-19,"Buyout (LBO, MBO, MBI)",,,19.3,True,,0,0,https://mergr.com/company/11772,2026-09-07T00:00:00Z
1270,VSS Capital Partners,New York,17330,"Advanstar Communications, Inc.",Media,"Santa Monica, California, United States",2007-03-29,Secondary Buyout,2014-10-01,Divestiture,7.5,False,,1,0,https://mergr.com/company/17330,2026-09-07T00:00:00Z
1270,VSS Capital Partners,New York,10229,HealthCentral,Internet Software and Services,"Arlington, Virginia, United States",2007-03-20,"Buyout (LBO, MBO, MBI)",2017-11-29,Trade Sale - Public Company,10.7,False,,4,0,https://mergr.com/company/10229,2026-09-07T00:00:00Z
1270,VSS Capital Partners,New York,10220,Cambium Learning Group,Education,"Dallas, Texas, United States",2007-01-31,"Buyout (LBO, MBO, MBI)",2009-06-23,IPO,2.3,False,,0,0,https://mergr.com/company/10220,2026-09-07T00:00:00Z
1270,VSS Capital Partners,New York,10222,CSC Media Group Ltd.,Media,"London, United Kingdom",2007-01-08,Growth Capital,2014-06-26,Divestiture,7.4,False,,0,0,https://mergr.com/company/10222,2026-09-07T00:00:00Z
1270,VSS Capital Partners,New York,29987,De Telefoongids BV,Business Services,"Amsterdam, Netherlands",2007-01-01,Growth Capital,,,19.7,True,,0,0,https://mergr.com/company/29987,2026-09-07T00:00:00Z
1270,VSS Capital Partners,New York,81305,Writtle,Marketing,"London, United Kingdom",2007-01-01,Consolidation,,,19.7,True,,2,1,https://mergr.com/company/81305,2026-09-07T00:00:00Z
1270,VSS Capital Partners,New York,10232,"Red 7 Media, Inc.",Media,"Norwalk, Connecticut, United States",2006-09-06,"Buyout (LBO, MBO, MBI)",2011-02-22,Divestiture,4.4,False,,0,0,https://mergr.com/company/10232,2026-09-07T00:00:00Z
1270,VSS Capital Partners,New York,10227,ITN Networks,Media,"New York, New York, United States",2006-09-05,Growth Capital,,,20,True,,0,0,https://mergr.com/company/10227,2026-09-07T00:00:00Z
1270,VSS Capital Partners,New York,10221,Contexo Media LLC,Software,"Sandy, Utah, United States",2006-06-12,"Buyout (LBO, MBO, MBI)",2009-07-02,Divestiture,3,False,,0,0,https://mergr.com/company/10221,2026-09-07T00:00:00Z
1270,VSS Capital Partners,New York,252050,Escalent,Business Services,"Livonia, Michigan, United States",2006-06-06,Growth Capital,2018-06-26,Trade Sale - Public Company,12,False,,2,0,https://mergr.com/company/252050,2026-09-07T00:00:00Z
1270,VSS Capital Partners,New York,6328,"Source Medical Solutions, Inc. (SourceMedical)",Information Services,"Birmingham, Alabama, United States",2006-05-10,Venture,2017-04-25,Divestiture,10.9,False,,1,1,https://mergr.com/company/6328,2026-09-07T00:00:00Z
1270,VSS Capital Partners,New York,9607,Radancy,Software,"New York, New York, United States",2006-05-01,"Buyout (LBO, MBO, MBI)",2018-04-23,Trade Sale - Public Company,11.9,False,,0,0,https://mergr.com/company/9607,2026-09-07T00:00:00Z
1270,VSS Capital Partners,New York,4948,Alexander Gallo,Business Services,"Atlanta, Georgia, United States",2006-04-25,"Buyout (LBO, MBO, MBI)",2008-09-26,Trade Sale - Public Company,2.4,False,,0,0,https://mergr.com/company/4948,2026-09-07T00:00:00Z
1270,VSS Capital Partners,New York,10212,GL Education,Publishing,"Brentford, United Kingdom",2006-04-06,"Buyout (LBO, MBO, MBI)",2012-03-19,Trade Sale - Public Company,5.9,False,,0,0,https://mergr.com/company/10212,2026-09-07T00:00:00Z
1270,VSS Capital Partners,New York,10231,"PreVisor, Inc.",Business Services,"Roswell, Georgia, United States",2006-01-03,Consolidation,2011-01-01,Trade Sale,4.9,False,,0,0,https://mergr.com/company/10231,2026-09-07T00:00:00Z
1270,VSS Capital Partners,New York,14038,Berliner Verlag GmbH,Publishing,"Berlin, Germany",2005-10-25,"Buyout (LBO, MBO, MBI)",2009-03-27,Trade Sale,3.4,False,,0,0,https://mergr.com/company/14038,2026-09-07T00:00:00Z
1270,VSS Capital Partners,New York,10233,Riviera Broadcast Group LLC,Media,"Phoenix, Arizona, United States",2005-08-16,"Buyout (LBO, MBO, MBI)",,,21,True,,0,0,https://mergr.com/company/10233,2026-09-07T00:00:00Z
1270,VSS Capital Partners,New York,9212,SHL Group,Business Services,"Thames Ditton, United Kingdom",2005-07-01,PIPE,2012-07-02,Divestiture,7,False,,1,0,https://mergr.com/company/9212,2026-09-07T00:00:00Z
1270,VSS Capital Partners,New York,10223,"DOAR Communications, Inc.",Business Services,"Lynbrook, New York, United States",2005-06-16,Growth Capital,,,21.2,True,,2,0,https://mergr.com/company/10223,2026-09-07T00:00:00Z
1270,VSS Capital Partners,New York,10430,Southern Theaters,Consumer Services,"New Orleans, Louisiana, United States",2005-05-22,"Buyout (LBO, MBO, MBI)",2023-07-18,Divestiture,18.1,False,,0,0,https://mergr.com/company/10430,2026-09-07T00:00:00Z
1270,VSS Capital Partners,New York,10234,Schofield Media Group LLC,Publishing,"Chicago, Illinois, United States",2005-04-04,"Buyout (LBO, MBO, MBI)",2011-07-18,Shut Down,6.3,False,,0,0,https://mergr.com/company/10234,2026-09-07T00:00:00Z
1270,VSS Capital Partners,New York,10225,Infobase,Internet Software and Services,"Dover, Delaware, United States",2005-04-01,Growth Capital,2018-01-08,Trade Sale - Public Company,12.8,False,,3,0,https://mergr.com/company/10225,2026-09-07T00:00:00Z
1270,VSS Capital Partners,New York,14602,Yellow Brick Road Group Pty Ltd. ,Publishing,"Perth, Australia",2004-04-01,Recapitalization,2005-07-01,Secondary Sale,1.3,False,8,0,0,https://mergr.com/company/14602,2026-09-07T00:00:00Z
1270,VSS Capital Partners,New York,10217,Access Intelligence,Media,"Rockville, Maryland, United States",2004-01-23,Consolidation,,,22.6,True,,15,2,https://mergr.com/company/10217,2026-09-07T00:00:00Z
1270,VSS Capital Partners,New York,10226,Ipreo Holdings LLC,Information Technology,"New York, New York, United States",2003-10-01,"Buyout (LBO, MBO, MBI)",2011-08-05,Trade Sale - Public Company,7.8,False,,3,1,https://mergr.com/company/10226,2026-09-07T00:00:00Z
1270,VSS Capital Partners,New York,10237,User Friendly Media,Publishing,"The Woodlands, Texas, United States",2003-10-01,"Buyout (LBO, MBO, MBI)",,,22.9,True,,0,0,https://mergr.com/company/10237,2026-09-07T00:00:00Z
1270,VSS Capital Partners,New York,10219,Ascend Media,Media,"Lee’s Summit, Missouri, United States",2003-03-01,"Buyout (LBO, MBO, MBI)",2009-11-13,Trade Sale - Public Company,6.7,False,,0,0,https://mergr.com/company/10219,2026-09-07T00:00:00Z
1270,VSS Capital Partners,New York,14062,Golden State Towers LLC,Communications,"Canonsburg, Pennsylvania, United States",2002-11-01,"Buyout (LBO, MBO, MBI)",2004-09-24,Trade Sale,1.8,False,,0,0,https://mergr.com/company/14062,2026-09-07T00:00:00Z
1270,VSS Capital Partners,New York,24590,Pepcom GmbH,Media,"Unterfohring, Germany",2002-11-01,"Buyout (LBO, MBO, MBI)",2010-08-12,Trade Sale - Public Company,7.8,False,,1,0,https://mergr.com/company/24590,2026-09-07T00:00:00Z
1270,VSS Capital Partners,New York,29993,Fonecta,Media,"Helsinki, Finland",2002-03-01,"Buyout (LBO, MBO, MBI)",,,24.5,True,,1,0,https://mergr.com/company/29993,2026-09-07T00:00:00Z
1270,VSS Capital Partners,New York,14039,"Birch Communications, Inc.",Communications,"Macon, Georgia, United States",2000-11-01,"Buyout (LBO, MBO, MBI)",,,25.8,True,,8,1,https://mergr.com/company/14039,2026-09-07T00:00:00Z
1270,VSS Capital Partners,New York,14049,ITE Group Plc,Business Services,"London, United Kingdom",2000-11-01,"Buyout (LBO, MBO, MBI)",2010-03-01,Sold to Management,9.3,False,,0,0,https://mergr.com/company/14049,2026-09-07T00:00:00Z
1270,VSS Capital Partners,New York,266863,Hart Publications,Publishing,"Houston, Texas, United States",2000-10-06,"Buyout (LBO, MBO, MBI)",2004-04-01,Divestiture,3.4,False,,0,0,https://mergr.com/company/266863,2026-09-07T00:00:00Z
1270,VSS Capital Partners,New York,14045,"DTN, Inc.",Business Services,"Omaha, Nebraska, United States",2000-04-01,"Buyout (LBO, MBO, MBI)",2008-10-28,Divestiture,8.5,False,,0,0,https://mergr.com/company/14045,2026-09-07T00:00:00Z
1270,VSS Capital Partners,New York,14055,Solucient LLC,Information Services,"Evanston, Illinois, United States",1999-11-01,"Buyout (LBO, MBO, MBI)",2006-09-18,Divestiture,6.8,False,,0,0,https://mergr.com/company/14055,2026-09-07T00:00:00Z
1270,VSS Capital Partners,New York,29862,Hanley Wood,Media,"Washington, District of Columbia, United States",1999-09-01,"Buyout (LBO, MBO, MBI)",2005-05-26,Trade Sale - Public Company,5.7,False,,0,0,https://mergr.com/company/29862,2026-09-07T00:00:00Z
1270,VSS Capital Partners,New York,14044,Centaur Media,Publishing,"London, United Kingdom",1998-08-01,"Buyout (LBO, MBO, MBI)",,,28.1,True,54,4,1,https://mergr.com/company/14044,2026-09-07T00:00:00Z
1270,VSS Capital Partners,New York,14056,Spectrum Resources Towers LP,Communications,"Cupertino, California, United States",1998-03-01,"Buyout (LBO, MBO, MBI)",2000-05-13,Trade Sale,2.2,False,,0,0,https://mergr.com/company/14056,2026-09-07T00:00:00Z
1270,VSS Capital Partners,New York,14057,The Official Information Co.,Business Services,"New York, Delaware, United States",1997-10-01,"Buyout (LBO, MBO, MBI)",,,28.9,True,,0,0,https://mergr.com/company/14057,2026-09-07T00:00:00Z
1270,VSS Capital Partners,New York,14060,"Yellow Book USA, Inc.",Publishing,"New York,, New York, United States",1997-09-01,"Buyout (LBO, MBO, MBI)",,,29,True,,2,0,https://mergr.com/company/14060,2026-09-07T00:00:00Z
1270,VSS Capital Partners,New York,14054,SNL Financial LLC,Information Services,"Charlottesville, Virginia, United States",1997-05-01,"Buyout (LBO, MBO, MBI)",2011-07-26,Trade Sale - Public Company,14.2,False,,4,0,https://mergr.com/company/14054,2026-09-07T00:00:00Z
1270,VSS Capital Partners,New York,11126,Canon Communications LLC,Business Services,"Los Angeles, California, United States",1996-10-01,"Buyout (LBO, MBO, MBI)",2005-04-01,Trade Sale - Public Company,8.5,False,106,0,0,https://mergr.com/company/11126,2026-09-07T00:00:00Z
1270,VSS Capital Partners,New York,23948,"Triax Midwest Associates, Inc.",Media,"Mound, Minnesota, United States",1996-08-01,"Buyout (LBO, MBO, MBI)",1999-01-01,Trade Sale - Public Company,2.4,False,,0,0,https://mergr.com/company/23948,2026-09-07T00:00:00Z
1270,VSS Capital Partners,New York,14052,Rifkin Acquisition Partners LP,Media,"Saint Louis, Missouri, United States",1995-08-01,"Buyout (LBO, MBO, MBI)",1999-02-16,Trade Sale - Public Company,3.5,False,,0,0,https://mergr.com/company/14052,2026-09-07T00:00:00Z
1270,VSS Capital Partners,New York,16113,Broadcasting Partners Holdings LP,Media,"New York, New York, United States",1993-05-01,"Buyout (LBO, MBO, MBI)",1999-10-26,Divestiture,6.4,False,,0,0,https://mergr.com/company/16113,2026-09-07T00:00:00Z
1270,VSS Capital Partners,New York,14059,"Triax Southeast Associates, Inc.",Communications,"Wilmington, Delaware, United States",1992-07-01,"Buyout (LBO, MBO, MBI)",,,34.2,True,,0,0,https://mergr.com/company/14059,2026-09-07T00:00:00Z
1270,VSS Capital Partners,New York,14047,Hughes Broadcasting Partners,Media,"Rochester, New York, United States",1991-06-01,"Buyout (LBO, MBO, MBI)",,,35.3,True,,0,0,https://mergr.com/company/14047,2026-09-07T00:00:00Z
1270,VSS Capital Partners,New York,14048,"International Media Partners, Inc.",Business Services,"Bellevue, Washington, United States",1991-06-01,"Buyout (LBO, MBO, MBI)",1997-01-01,Trade Sale - Public Company,5.6,False,,0,0,https://mergr.com/company/14048,2026-09-07T00:00:00Z
1270,VSS Capital Partners,New York,14603,Cable Management Ireland Ltd.,Media,"Dublin, Ireland",1990-06-01,"Buyout (LBO, MBO, MBI)",1995-05-01,Trade Sale - Public Company,4.9,False,,0,0,https://mergr.com/company/14603,2026-09-07T00:00:00Z
176,EW Healthcare Partners,New York,323723,Ascend,Life Science,"Cheshire, United Kingdom",2024-11-12,Growth Capital,,,1.8,True,,1,0,https://mergr.com/company/323723,2026-09-07T00:00:00Z
176,EW Healthcare Partners,New York,182890,Boiron,Life Science,"Messimy, France",2023-10-27,Stake Purchase,,,2.8,True,550,0,0,https://mergr.com/company/182890,2026-09-07T00:00:00Z
176,EW Healthcare Partners,New York,345821,Enercon Technologies,Electronics,"Gray, Maine, United States",2023-05-18,"Buyout (LBO, MBO, MBI)",,,3.3,True,,0,0,https://mergr.com/company/345821,2026-09-07T00:00:00Z
176,EW Healthcare Partners,New York,310567,Germfree,Life Science,"Ormond Beach, Florida, United States",2022-10-18,Growth Capital,,,3.8,True,,1,0,https://mergr.com/company/310567,2026-09-07T00:00:00Z
176,EW Healthcare Partners,New York,310566,Grundium,Technology Hardware,"Tampere, Finland",2022-05-05,Stake Purchase,,,4.3,True,,1,0,https://mergr.com/company/310566,2026-09-07T00:00:00Z
176,EW Healthcare Partners,New York,284737,Laboratoires Majorelle,Life Science,"Paris, France",2021-04-30,"Buyout (LBO, MBO, MBI)",,,5.3,True,,0,0,https://mergr.com/company/284737,2026-09-07T00:00:00Z
176,EW Healthcare Partners,New York,204547,MiMedx,Life Science,"Marietta, Georgia, United States",2020-07-02,Stake Purchase,,,6.2,True,419,1,0,https://mergr.com/company/204547,2026-09-07T00:00:00Z
176,EW Healthcare Partners,New York,153221,EyePoint,Life Science,"Watertown, Massachusetts, United States",2018-03-28,Stake Purchase,,,8.4,True,31,1,0,https://mergr.com/company/153221,2026-09-07T00:00:00Z
176,EW Healthcare Partners,New York,248747,Cognate BioServices,Life Science,"Memphis, Tennessee, United States",2018-02-20,"Buyout (LBO, MBO, MBI)",2021-02-17,Divestiture,2.9,False,,1,0,https://mergr.com/company/248747,2026-09-07T00:00:00Z
176,EW Healthcare Partners,New York,241784,Venus Concept,Medical Products,"Toronto, Ontario, Canada",2017-07-13,Growth Capital,2019-11-08,IPO,2.3,False,65,1,0,https://mergr.com/company/241784,2026-09-07T00:00:00Z
176,EW Healthcare Partners,New York,240131,Xenex,Medical Products,"San Antonio, Texas, United States",2017-02-24,Venture,,,9.5,True,,0,0,https://mergr.com/company/240131,2026-09-07T00:00:00Z
176,EW Healthcare Partners,New York,236254,"Cota, Inc.",Information Technology,"New York, New Jersey, United States",2016-12-20,Growth Capital,2020-11-10,Divestiture,3.8,False,,0,0,https://mergr.com/company/236254,2026-09-07T00:00:00Z
176,EW Healthcare Partners,New York,225486,Metabolon,Life Science,"Morrisville, North Carolina, United States",2016-08-11,Growth Capital,,,10,True,,1,0,https://mergr.com/company/225486,2026-09-07T00:00:00Z
176,EW Healthcare Partners,New York,201494,AxoGen,Medical Products,"Alachua, Florida, United States",2015-08-27,Stake Purchase,2017-11-20,Stake Sale,2.2,False,225,0,0,https://mergr.com/company/201494,2026-09-07T00:00:00Z
176,EW Healthcare Partners,New York,309821,Suneva Medical,Medical Products,"San Diego, California, United States",2014-01-09,Venture,2024-10-17,Divestiture,10.8,False,,0,0,https://mergr.com/company/309821,2026-09-07T00:00:00Z
176,EW Healthcare Partners,New York,83153,Kona Medical,Healthcare Services,"Bellevue, Washington, United States",2012-05-31,Venture,,,14.3,True,,0,0,https://mergr.com/company/83153,2026-09-07T00:00:00Z
176,EW Healthcare Partners,New York,32094,"Influence Health, Inc.",Software,"Birmingham, Alabama, United States",2012-05-10,Secondary Buyout,2019-01-08,Divestiture,6.6,False,,2,1,https://mergr.com/company/32094,2026-09-07T00:00:00Z
176,EW Healthcare Partners,New York,31679,Bioventus,Medical Products,"Durham, North Carolina, United States",2012-05-07,"Buyout (LBO, MBO, MBI)",2021-02-04,IPO,8.7,False,568,2,0,https://mergr.com/company/31679,2026-09-07T00:00:00Z
176,EW Healthcare Partners,New York,34073,Grupo Farmaceutico Biotoscana,Life Science,"Montevideo, Uruguay",2012-01-31,"Buyout (LBO, MBO, MBI)",2017-08-22,IPO,5.5,False,492,1,0,https://mergr.com/company/34073,2026-09-07T00:00:00Z
176,EW Healthcare Partners,New York,19964,Abiomed,Medical Products,"Danvers, Massachusetts, United States",2011-12-29,Stake Purchase,,,14.7,True,1032,3,0,https://mergr.com/company/19964,2026-09-07T00:00:00Z
176,EW Healthcare Partners,New York,34077,BreatheAmerica,Healthcare Services,"Nashville, Tennessee, United States",2011-09-06,Venture,2021-03-12,Divestiture,9.5,False,,0,0,https://mergr.com/company/34077,2026-09-07T00:00:00Z
176,EW Healthcare Partners,New York,6030,Key Health,Healthcare Services,"Westlake Village, California, United States",2011-05-16,Recapitalization,2017-05-15,Divestiture,5.9,False,,0,0,https://mergr.com/company/6030,2026-09-07T00:00:00Z
176,EW Healthcare Partners,New York,26746,ProteinSimple,Medical Products,"Santa Clara, California, United States",2011-05-13,Venture,2014-08-01,Divestiture,3.2,False,,0,0,https://mergr.com/company/26746,2026-09-07T00:00:00Z
176,EW Healthcare Partners,New York,26742,Endologix,Medical Products,"Irvine, California, United States",2010-10-27,PIPE,,,15.8,True,156,3,0,https://mergr.com/company/26742,2026-09-07T00:00:00Z
176,EW Healthcare Partners,New York,26744,"MedAvante, Inc.",Information Technology,"Hamilton, New Jersey, United States",2010-08-31,Growth Capital,2017-05-09,Divestiture,6.7,False,,0,0,https://mergr.com/company/26744,2026-09-07T00:00:00Z
176,EW Healthcare Partners,New York,83849,TearScience,Medical Products,"Morrisville, North Carolina, United States",2010-05-05,Venture,2017-08-04,Divestiture,7.2,False,,0,0,https://mergr.com/company/83849,2026-09-07T00:00:00Z
176,EW Healthcare Partners,New York,83185,Molecular Partners,Life Science,"Schlieren, Switzerland",2009-12-15,Venture,,,16.7,True,5,0,0,https://mergr.com/company/83185,2026-09-07T00:00:00Z
176,EW Healthcare Partners,New York,22461,ikaSystems Corp.,Internet Software and Services,"Southborough, Massachusetts, United States",2009-12-08,Growth Capital,2015-11-25,Divestiture,5.9,False,,0,0,https://mergr.com/company/22461,2026-09-07T00:00:00Z
176,EW Healthcare Partners,New York,83109,"Entellus Medical, Inc.",Medical Products,"Plymouth, Minnesota, United States",2009-11-01,Venture,2017-12-07,Divestiture,8.1,False,,1,0,https://mergr.com/company/83109,2026-09-07T00:00:00Z
176,EW Healthcare Partners,New York,83789,QSpex Technologies,Medical Products,"Alpharetta, Georgia, United States",2009-10-19,Venture,,,16.8,True,,0,0,https://mergr.com/company/83789,2026-09-07T00:00:00Z
176,EW Healthcare Partners,New York,83841,Symphogen AS,Life Science,"Ballerup, Denmark",2009-02-04,Venture,2020-06-04,Divestiture,11.3,False,,0,0,https://mergr.com/company/83841,2026-09-07T00:00:00Z
176,EW Healthcare Partners,New York,83817,"ROX Medical, Inc.",Medical Products,"San Clemente, California, United States",2008-06-02,Venture,,,18.3,True,,0,0,https://mergr.com/company/83817,2026-09-07T00:00:00Z
176,EW Healthcare Partners,New York,83193,"Open Monoclonal Technology, Inc. (OMT)",Life Science,"Palo Alto, California, United States",2008-01-01,Venture,2015-12-17,Divestiture,7.9,False,,0,0,https://mergr.com/company/83193,2026-09-07T00:00:00Z
176,EW Healthcare Partners,New York,1367,Healthcare Brands International,Medical Products,"London, United Kingdom",2007-12-01,Growth Capital,2011-04-21,Divestiture,3.3,False,,0,0,https://mergr.com/company/1367,2026-09-07T00:00:00Z
176,EW Healthcare Partners,New York,1370,United Orthopedic Group,Medical Products,"Carlsbad, California, United States",2007-10-26,Growth Capital,2014-10-15,Spin Off,6.9,False,,0,0,https://mergr.com/company/1370,2026-09-07T00:00:00Z
176,EW Healthcare Partners,New York,1366,Corium,Life Science,"Cambridge, Massachusetts, United States",2007-09-26,Venture,2014-03-03,IPO,6.4,False,31,0,0,https://mergr.com/company/1366,2026-09-07T00:00:00Z
176,EW Healthcare Partners,New York,1369,Orthovita,Medical Products,"Malvern, Pennsylvania, United States",2007-07-01,"Buyout (LBO, MBO, MBI)",2011-05-16,Divestiture,3.8,False,,0,0,https://mergr.com/company/1369,2026-09-07T00:00:00Z
176,EW Healthcare Partners,New York,1376,Millennium,Healthcare Services,"Oak Brook, Illinois, United States",2007-06-12,Growth Capital,2014-09-26,Divestiture,7.3,False,,0,0,https://mergr.com/company/1376,2026-09-07T00:00:00Z
176,EW Healthcare Partners,New York,83177,MediciNova,Life Science,"La Jolla, California, United States",2007-03-13,PIPE,,,19.4,True,1,1,0,https://mergr.com/company/83177,2026-09-07T00:00:00Z
176,EW Healthcare Partners,New York,1381,EUSA Pharma,Life Science,"Langhorne, Pennsylvania, United States",2007-03-01,Growth Capital,2012-04-30,Divestiture,5.1,False,,0,0,https://mergr.com/company/1381,2026-09-07T00:00:00Z
176,EW Healthcare Partners,New York,83749,"Oraya Therapeutics, Inc.",Medical Products,"Newark, California, United States",2007-01-01,Venture,,,19.7,True,,0,0,https://mergr.com/company/83749,2026-09-07T00:00:00Z
176,EW Healthcare Partners,New York,1417,Touchstone Health,Healthcare Services,"New York City, New York, United States",2006-03-31,Venture,2015-07-27,Divestiture,9.3,False,,0,0,https://mergr.com/company/1417,2026-09-07T00:00:00Z
176,EW Healthcare Partners,New York,1377,Acura Pharmaceuticals,Life Science,"Palatine, Illinois, United States",2006-02-13,Stake Purchase,,,20.5,True,2,0,0,https://mergr.com/company/1377,2026-09-07T00:00:00Z
176,EW Healthcare Partners,New York,5151,"Victory Pharma, Inc.",Life Science,"San Diego, California, United States",2006-01-01,Venture,2011-07-18,Divestiture,5.5,False,,0,0,https://mergr.com/company/5151,2026-09-07T00:00:00Z
176,EW Healthcare Partners,New York,1398,Light Sciences Oncology,Life Science,"Bellevue, Washington, United States",2005-10-12,Venture,,,20.8,True,,0,0,https://mergr.com/company/1398,2026-09-07T00:00:00Z
176,EW Healthcare Partners,New York,4985,"Xanodyne Pharmaceuticals, Inc.",Medical Products,"Newport, Kentucky, United States",2005-07-18,Venture,,,21.1,True,,0,0,https://mergr.com/company/4985,2026-09-07T00:00:00Z
176,EW Healthcare Partners,New York,1666,"Dow Pharmaceutical Sciences, Inc.",Life Science,"Petaluma, California, United States",2005-07-06,Venture,2008-12-10,Divestiture,3.4,False,,0,0,https://mergr.com/company/1666,2026-09-07T00:00:00Z
176,EW Healthcare Partners,New York,82913,Benu,Internet Software and Services,"San Mateo, California, United States",2005-04-11,Venture,,,21.3,True,,2,2,https://mergr.com/company/82913,2026-09-07T00:00:00Z
176,EW Healthcare Partners,New York,59086,"LipoSonix, Inc.",Medical Products,"California, United States",2004-07-11,Venture,2008-06-16,Divestiture,3.9,False,,0,0,https://mergr.com/company/59086,2026-09-07T00:00:00Z
176,EW Healthcare Partners,New York,6371,Proteus Digital Health,Medical Products,"Redwood City, California, United States",2004-06-22,Venture,2020-06-16,Bankruptcy,15.9,False,,0,0,https://mergr.com/company/6371,2026-09-07T00:00:00Z
176,EW Healthcare Partners,New York,83053,Chroma Therapeutics,Life Science,"Abingdon, United Kingdom",2004-06-14,Venture,,,22.2,True,,0,1,https://mergr.com/company/83053,2026-09-07T00:00:00Z
176,EW Healthcare Partners,New York,83797,Revance Therapeutics,Life Science,"Newark, California, United States",2004-04-26,Venture,2014-02-06,IPO,9.8,False,234,0,0,https://mergr.com/company/83797,2026-09-07T00:00:00Z
176,EW Healthcare Partners,New York,61126,"Prism Pharmaceuticals, Inc.",Medical Products,"King of Prussia, Pennsylvania, United States",2004-01-01,"Buyout (LBO, MBO, MBI)",2011-04-18,Divestiture,7.3,False,,0,0,https://mergr.com/company/61126,2026-09-07T00:00:00Z
176,EW Healthcare Partners,New York,1405,NeoVista,Medical Products,"Fremont, California, United States",2003-05-01,"Buyout (LBO, MBO, MBI)",,,23.3,True,,0,0,https://mergr.com/company/1405,2026-09-07T00:00:00Z
176,EW Healthcare Partners,New York,83837,"St. Francis Medical Technologies, Inc.",Medical Products,"Alameda, California, United States",2003-04-21,Venture,2006-12-04,Divestiture,3.6,False,,0,0,https://mergr.com/company/83837,2026-09-07T00:00:00Z
176,EW Healthcare Partners,New York,26737,Iomai Corp.,Medical Products,"Gaithersburg, Pennsylvania, United States",2003-01-03,Venture,2008-08-05,Divestiture,5.6,False,,0,0,https://mergr.com/company/26737,2026-09-07T00:00:00Z
176,EW Healthcare Partners,New York,18172,"Active Day, Inc.",Healthcare Services,"Baltimore, Maryland, United States",2002-12-24,Venture,2011-11-02,Spin Off,8.8,False,,0,0,https://mergr.com/company/18172,2026-09-07T00:00:00Z
176,EW Healthcare Partners,New York,1410,Cord Blood Registry (CBR),Healthcare Services,"San Bruno, California, United States",2002-10-15,Venture,2012-09-19,Trade Sale - Public Company,9.9,False,,0,0,https://mergr.com/company/1410,2026-09-07T00:00:00Z
176,EW Healthcare Partners,New York,83833,Sound ID,Technology Hardware,"Redwood City, California, United States",2002-02-13,Venture,,,24.5,True,,0,0,https://mergr.com/company/83833,2026-09-07T00:00:00Z
176,EW Healthcare Partners,New York,83809,Rinat Neuroscience Corp.,Life Science,"Palo Alto, California, United States",2001-11-06,Venture,2006-04-06,Divestiture,4.4,False,,0,0,https://mergr.com/company/83809,2026-09-07T00:00:00Z
176,EW Healthcare Partners,New York,26739,"Spinal Concepts, Inc.",Medical Products,"Reading, Pennsylvania, United States",2001-08-10,Venture,2003-06-02,Divestiture,1.8,False,,0,0,https://mergr.com/company/26739,2026-09-07T00:00:00Z
176,EW Healthcare Partners,New York,1415,HealthHelp,Healthcare Services,"Houston, Texas, United States",2001-07-08,Venture,2008-02-13,Trade Sale - Public Company,6.6,False,,0,0,https://mergr.com/company/1415,2026-09-07T00:00:00Z
413,Palladium Equity Partners,New York,232924,DME Express,Medical Products,"Port Allen, Louisiana, United States",2026-03-20,Secondary Buyout,,,0.4,True,,0,0,https://mergr.com/company/232924,2026-09-07T00:00:00Z
413,Palladium Equity Partners,New York,228161,Del Real Foods,Food,"Mira Loma, California, United States",2024-10-31,Stake Purchase,2024-10-31,Sold to Management,0,False,,0,0,https://mergr.com/company/228161,2026-09-07T00:00:00Z
413,Palladium Equity Partners,New York,252321,Source Logistics,Transportation,"The Woodlands, Texas, United States",2023-11-02,Divestiture,,,2.8,True,,1,0,https://mergr.com/company/252321,2026-09-07T00:00:00Z
413,Palladium Equity Partners,New York,240613,Superior Environmental Solutions,Environmental,"Cincinnati, Ohio, United States",2023-08-02,Secondary Buyout,,,3.1,True,,6,0,https://mergr.com/company/240613,2026-09-07T00:00:00Z
413,Palladium Equity Partners,New York,333759,Collision Auto Parts,Distribution,"San Diego, California, United States",2023-01-01,"Buyout (LBO, MBO, MBI)",,,3.7,True,,0,0,https://mergr.com/company/333759,2026-09-07T00:00:00Z
413,Palladium Equity Partners,New York,335785,Bodewell Group,Marketing,"San Diego, California, United States",2022-12-01,Growth Capital,,,3.8,True,,1,0,https://mergr.com/company/335785,2026-09-07T00:00:00Z
413,Palladium Equity Partners,New York,272065,Health Connect America,Healthcare Services,"Brentwood, Tennessee, United States",2021-08-10,Secondary Buyout,,,5,True,,5,0,https://mergr.com/company/272065,2026-09-07T00:00:00Z
413,Palladium Equity Partners,New York,207672,Trachte,Building Materials,"Oregon, Wisconsin, United States",2020-09-22,Secondary Buyout,2024-06-06,Divestiture,3.7,False,,1,0,https://mergr.com/company/207672,2026-09-07T00:00:00Z
413,Palladium Equity Partners,New York,269722,EverDriven,Transportation,"Greenwood Village, Colorado, United States",2020-03-02,Divestiture,2024-03-05,Trade Sale - Public Company,4,False,,0,0,https://mergr.com/company/269722,2026-09-07T00:00:00Z
413,Palladium Equity Partners,New York,2023,Accupac,Consumer Products,"Mainland, Pennsylvania, United States",2020-01-22,Secondary Buyout,,,6.6,True,,0,0,https://mergr.com/company/2023,2026-09-07T00:00:00Z
413,Palladium Equity Partners,New York,261266,Skinny Mixes,Beverages,"Clearwater, Florida, United States",2019-05-31,"Buyout (LBO, MBO, MBI)",,,7.3,True,,0,0,https://mergr.com/company/261266,2026-09-07T00:00:00Z
413,Palladium Equity Partners,New York,259080,Quirch,Distribution,"Coral Gables, Florida, United States",2018-12-20,Growth Capital,,,7.7,True,,2,0,https://mergr.com/company/259080,2026-09-07T00:00:00Z
413,Palladium Equity Partners,New York,18383,Kymera International,Metals/Mining,"Durham, North Carolina, United States",2018-10-11,Secondary Buyout,,,7.8,True,,8,0,https://mergr.com/company/18383,2026-09-07T00:00:00Z
413,Palladium Equity Partners,New York,252343,Spice World,Food,"Orlando, Florida, United States",2018-07-10,Growth Capital,,,8.1,True,,0,0,https://mergr.com/company/252343,2026-09-07T00:00:00Z
413,Palladium Equity Partners,New York,290591,Envoy Global,Software,"Chicago, Illinois, United States",2017-10-03,Venture,,,8.9,True,,2,0,https://mergr.com/company/290591,2026-09-07T00:00:00Z
413,Palladium Equity Partners,New York,299100,Second Nature Brands,Food,"Madison Heights, Michigan, United States",2017-04-05,Stake Purchase,2022-04-26,Trade Sale - Public Company,5,False,,1,0,https://mergr.com/company/299100,2026-09-07T00:00:00Z
413,Palladium Equity Partners,New York,234175,Sky Zone,Leisure,"Dallas, Texas, United States",2017-01-10,Growth Capital,,,9.6,True,,2,0,https://mergr.com/company/234175,2026-09-07T00:00:00Z
413,Palladium Equity Partners,New York,228161,Del Real Foods,Food,"Mira Loma, California, United States",2016-10-11,Growth Capital,2024-10-31,Sold to Management,8,False,,0,0,https://mergr.com/company/228161,2026-09-07T00:00:00Z
413,Palladium Equity Partners,New York,206974,Fora Financial,Financial Services,"New York, New York, United States",2015-10-14,Growth Capital,,,10.8,True,,0,0,https://mergr.com/company/206974,2026-09-07T00:00:00Z
413,Palladium Equity Partners,New York,201229,GoodWest,Beverages,"Douglassville, Pennsylvania, United States",2015-08-24,Growth Capital,2022-10-13,Divestiture,7.1,False,,0,0,https://mergr.com/company/201229,2026-09-07T00:00:00Z
413,Palladium Equity Partners,New York,4293,TransForce,Staffing,"Alexandria, Virginia, United States",2015-07-06,Secondary Buyout,,,11.2,True,,8,0,https://mergr.com/company/4293,2026-09-07T00:00:00Z
413,Palladium Equity Partners,New York,160585,Raben Tire Co. LLC,Automotive,"Evansville, Indiana, United States",2014-12-10,Growth Capital,2019-12-16,Divestiture,5,False,,0,0,https://mergr.com/company/160585,2026-09-07T00:00:00Z
413,Palladium Equity Partners,New York,154241,Daniel's Jewelers,Retail,"Culver City, California, United States",2014-11-24,"Buyout (LBO, MBO, MBI)",,,11.8,True,,0,0,https://mergr.com/company/154241,2026-09-07T00:00:00Z
413,Palladium Equity Partners,New York,250806,Pronto Insurance,Insurance,"San Antonio, Texas, United States",2014-10-01,"Buyout (LBO, MBO, MBI)",2018-05-10,Divestiture,3.6,False,,0,0,https://mergr.com/company/250806,2026-09-07T00:00:00Z
413,Palladium Equity Partners,New York,246,Q'Max Solutions,Energy Services and Equipment,"Calgary, Alberta, Canada",2014-06-02,Secondary Buyout,,,12.3,True,,0,0,https://mergr.com/company/246,2026-09-07T00:00:00Z
413,Palladium Equity Partners,New York,35525,Hy Cite Enterprises LLC,Marketing,"Madison, Wisconsin, United States",2013-01-16,Recapitalization,,,13.6,True,,0,0,https://mergr.com/company/35525,2026-09-07T00:00:00Z
413,Palladium Equity Partners,New York,3457,ABRA Auto Body & Glass LP,Automotive,"Brooklyn Park, Minnesota, United States",2011-11-07,Recapitalization,2014-08-04,Trade Sale - Public Company,2.7,False,,0,0,https://mergr.com/company/3457,2026-09-07T00:00:00Z
413,Palladium Equity Partners,New York,32058,Teasdale Latin Foods,Food,"Carrollton, Texas, United States",2011-09-20,"Buyout (LBO, MBO, MBI)",2014-10-29,Trade Sale - Public Company,3.1,False,,1,0,https://mergr.com/company/32058,2026-09-07T00:00:00Z
413,Palladium Equity Partners,New York,4545,Jordan Health Services,Healthcare Services,"Addison, Texas, United States",2010-12-27,Secondary Buyout,2018-04-10,Spin Off,7.3,False,,15,0,https://mergr.com/company/4545,2026-09-07T00:00:00Z
413,Palladium Equity Partners,New York,25707,DolEx Dollar Express,Financial Services,"Arlington, Texas, United States",2010-05-26,Divestiture,2020-01-27,Unknown,9.7,False,,0,0,https://mergr.com/company/25707,2026-09-07T00:00:00Z
413,Palladium Equity Partners,New York,18753,"Capital Contractors, Inc.",Business Services,"Melville, New York, United States",2009-09-21,"Buyout (LBO, MBO, MBI)",2019-04-02,Divestiture,9.5,False,,0,0,https://mergr.com/company/18753,2026-09-07T00:00:00Z
413,Palladium Equity Partners,New York,18752,Cannella Media,Media,"Burlington, Wisconsin, United States",2009-06-16,"Buyout (LBO, MBO, MBI)",,,17.2,True,,2,0,https://mergr.com/company/18752,2026-09-07T00:00:00Z
413,Palladium Equity Partners,New York,12593,Herald National Bank N.A.,Financial Services,"New York, New York, United States",2008-11-19,Stake Purchase,,,17.8,True,,0,0,https://mergr.com/company/12593,2026-09-07T00:00:00Z
413,Palladium Equity Partners,New York,3236,"Castro Cheese Co, Inc.",Food,"Houston, Texas, United States",2008-08-04,Stake Purchase,2010-11-05,Divestiture,2.3,False,,0,0,https://mergr.com/company/3236,2026-09-07T00:00:00Z
413,Palladium Equity Partners,New York,12592,"Carpio Solutions, Inc.",Software,"Cary, North Carolina, United States",2008-04-22,"Buyout (LBO, MBO, MBI)",2011-02-24,Bankruptcy,2.8,False,,0,0,https://mergr.com/company/12592,2026-09-07T00:00:00Z
413,Palladium Equity Partners,New York,12595,"Remesas Quisqueyana, Inc.",Financial Services,"Lawrenceville, Georgia, United States",2008-04-16,"Buyout (LBO, MBO, MBI)",,,18.3,True,,0,0,https://mergr.com/company/12595,2026-09-07T00:00:00Z
413,Palladium Equity Partners,New York,24490,American Gilsonite Co.,Chemicals,"Bonanza, Utah, United States",2008-03-17,"Buyout (LBO, MBO, MBI)",,,18.4,True,,0,0,https://mergr.com/company/24490,2026-09-07T00:00:00Z
413,Palladium Equity Partners,New York,12594,Mission Community Bancorp.,Financial Services,"San Luis Obispo, California, United States",2008-03-01,"Buyout (LBO, MBO, MBI)",2014-02-28,Divestiture,5.9,False,,0,0,https://mergr.com/company/12594,2026-09-07T00:00:00Z
413,Palladium Equity Partners,New York,18754,"Celeritas Management, Inc.",Business Services,"Richmond, Virginia, United States",2008-01-01,"Buyout (LBO, MBO, MBI)",,,18.7,True,,0,0,https://mergr.com/company/18754,2026-09-07T00:00:00Z
413,Palladium Equity Partners,New York,3237,"DailyMe, Inc.",Media,"Hollywood, Florida, United States",2007-10-24,"Buyout (LBO, MBO, MBI)",2011-08-24,Divestiture,3.8,False,,0,0,https://mergr.com/company/3237,2026-09-07T00:00:00Z
413,Palladium Equity Partners,New York,3238,"Starfire Systems, Inc.",Manufacturing,"Schenectady, New York, United States",2007-07-11,"Buyout (LBO, MBO, MBI)",,,19.1,True,,0,0,https://mergr.com/company/3238,2026-09-07T00:00:00Z
413,Palladium Equity Partners,New York,3243,Sahale,Food,"Seattle, Washington, United States",2007-03-08,"Buyout (LBO, MBO, MBI)",2014-08-06,Divestiture,7.3,False,,0,0,https://mergr.com/company/3243,2026-09-07T00:00:00Z
413,Palladium Equity Partners,New York,3246,"Todobebé, Inc.",Media,"Miami, Florida, United States",2007-03-06,"Buyout (LBO, MBO, MBI)",,,19.5,True,,0,0,https://mergr.com/company/3246,2026-09-07T00:00:00Z
413,Palladium Equity Partners,New York,3242,Regional Management,Financial Services,"Greer, South Carolina, United States",2007-03-01,Recapitalization,2012-03-28,IPO,5,False,561,0,0,https://mergr.com/company/3242,2026-09-07T00:00:00Z
413,Palladium Equity Partners,New York,24514,Vibrantz,Chemicals,"Houston, Texas, United States",2007-01-09,Recapitalization,2018-03-29,Trade Sale - Public Company,11.2,False,,6,0,https://mergr.com/company/24514,2026-09-07T00:00:00Z
413,Palladium Equity Partners,New York,3239,"ATC Panels, Inc.",Manufacturing,"Moncure, North Carolina, United States",2006-11-16,Stake Purchase,,,19.8,True,,0,0,https://mergr.com/company/3239,2026-09-07T00:00:00Z
413,Palladium Equity Partners,New York,3241,ProAmerica Bank,Financial Services,"Los Angeles, California, United States",2006-10-26,Growth Capital,,,19.8,True,,0,0,https://mergr.com/company/3241,2026-09-07T00:00:00Z
413,Palladium Equity Partners,New York,3245,Taco Bueno,Restaurants,"Farmers Branch, Texas, United States",2005-06-27,Secondary Buyout,2015-12-04,Trade Sale - Public Company,10.4,False,,0,0,https://mergr.com/company/3245,2026-09-07T00:00:00Z
413,Palladium Equity Partners,New York,27763,Phibro,Food,"Teaneck, New Jersey, United States",2005-02-28,"Buyout (LBO, MBO, MBI)",2008-03-01,Trade Sale - Public Company,3,False,1296,0,0,https://mergr.com/company/27763,2026-09-07T00:00:00Z
413,Palladium Equity Partners,New York,15963,Hilco Vision,Consumer Products,"Mansfield, Massachusetts, United States",2003-05-20,"Buyout (LBO, MBO, MBI)",2007-01-02,Trade Sale - Public Company,3.6,False,,0,0,https://mergr.com/company/15963,2026-09-07T00:00:00Z
413,Palladium Equity Partners,New York,18763,"Haden International Group, Inc.",Chemicals,"Auburn Hills, Michigan, United States",2001-08-16,"Buyout (LBO, MBO, MBI)",2005-01-01,Shut Down,3.3,False,,0,0,https://mergr.com/company/18763,2026-09-07T00:00:00Z
413,Palladium Equity Partners,New York,3247,"Wise Foods, Inc.",Food,"Berwick, Pennsylvania, United States",2000-10-01,"Buyout (LBO, MBO, MBI)",2012-12-17,Divestiture,12.2,False,,0,0,https://mergr.com/company/3247,2026-09-07T00:00:00Z
413,Palladium Equity Partners,New York,18756,NexPak Corp.,Packaging,"Canton, Ohio, United States",1999-01-01,"Buyout (LBO, MBO, MBI)",,,27.7,True,,0,0,https://mergr.com/company/18756,2026-09-07T00:00:00Z
413,Palladium Equity Partners,New York,18761,Guide Corp.,Automotive,"Anderson, Indiana, United States",1998-01-01,"Buyout (LBO, MBO, MBI)",2001-02-01,Sold to Management,3.1,False,,0,0,https://mergr.com/company/18761,2026-09-07T00:00:00Z
413,Palladium Equity Partners,New York,18765,Hibernia Communications LLC,Communications,"New York, New York, United States",1997-11-01,"Buyout (LBO, MBO, MBI)",2000-06-29,Trade Sale,2.6,False,,0,0,https://mergr.com/company/18765,2026-09-07T00:00:00Z
413,Palladium Equity Partners,New York,18755,"Fairfield Manufacturing Co., Inc.",Automotive,"Lafayette, Indiana, United States",1989-01-01,"Buyout (LBO, MBO, MBI)",,,37.7,True,,0,0,https://mergr.com/company/18755,2026-09-07T00:00:00Z
641,Revelar Capital,New York,351287,GSMS,Life Science,"Camarillo, California, United States",2026-04-15,"Buyout (LBO, MBO, MBI)",,,0.3,True,,0,0,https://mergr.com/company/351287,2026-09-07T00:00:00Z
641,Revelar Capital,New York,323966,Lettermen's Energy,Distribution,"Overland Park, Kansas, United States",2025-12-18,Secondary Buyout,,,0.7,True,,0,0,https://mergr.com/company/323966,2026-09-07T00:00:00Z
641,Revelar Capital,New York,286570,Summit Spine & Joint Centers,Healthcare Services,"Lawrenceville, Georgia, United States",2025-04-03,Secondary Buyout,,,1.4,True,,0,0,https://mergr.com/company/286570,2026-09-07T00:00:00Z
641,Revelar Capital,New York,351288,CNS Cares,Healthcare Services,"Grand Junction, Colorado, United States",2024-01-01,"Buyout (LBO, MBO, MBI)",,,2.7,True,,0,0,https://mergr.com/company/351288,2026-09-07T00:00:00Z
641,Revelar Capital,New York,328821,Pinnacle Service Brands,Consumer Services,"Rosemont, Illinois, United States",2024-01-01,"Buyout (LBO, MBO, MBI)",,,2.7,True,,0,0,https://mergr.com/company/328821,2026-09-07T00:00:00Z
641,Revelar Capital,New York,17973,Caring Brands International,Consumer Services,"Sunrise, Florida, United States",2021-10-25,Secondary Buyout,,,4.8,True,,0,0,https://mergr.com/company/17973,2026-09-07T00:00:00Z
641,Revelar Capital,New York,1247,Pentec Health,Healthcare Services,"Boothwyn, Pennsylvania, United States",2021-10-11,Secondary Buyout,,,4.8,True,,0,0,https://mergr.com/company/1247,2026-09-07T00:00:00Z
641,Revelar Capital,New York,24719,Coverall North America,Franchising,"Deerfield Beach, Florida, United States",2021-06-01,"Buyout (LBO, MBO, MBI)",,,5.3,True,,0,0,https://mergr.com/company/24719,2026-09-07T00:00:00Z
641,Revelar Capital,New York,176795,Rohrer,Packaging,"Wadsworth, Ohio, United States",2021-03-17,Secondary Buyout,,,5.4,True,,2,0,https://mergr.com/company/176795,2026-09-07T00:00:00Z
641,Revelar Capital,New York,256336,HealthPRO Heritage,Healthcare Services,"Hunt Valley, Maryland, United States",2021-03-15,Recapitalization,,,5.4,True,,0,0,https://mergr.com/company/256336,2026-09-07T00:00:00Z
641,Revelar Capital,New York,277059,Cadence Petroleum Group,Distribution,"Charlotte, North Carolina, United States",2020-10-08,Secondary Buyout,,,5.8,True,,0,0,https://mergr.com/company/277059,2026-09-07T00:00:00Z
641,Revelar Capital,New York,260447,Steele Solutions,Building Materials,"South Milwaukee, Wisconsin, United States",2020-05-29,Secondary Buyout,,,6.3,True,,1,0,https://mergr.com/company/260447,2026-09-07T00:00:00Z
641,Revelar Capital,New York,203146,Ascend Leasing,Transportation,"Nashville, Tennessee, United States",2019-09-30,Secondary Buyout,,,6.9,True,,2,0,https://mergr.com/company/203146,2026-09-07T00:00:00Z
641,Revelar Capital,New York,24461,Lucky Strike Entertainment,Leisure,"Sherman Oaks, California, United States",2019-04-04,"Buyout (LBO, MBO, MBI)",2023-09-18,Divestiture,4.4,False,,0,0,https://mergr.com/company/24461,2026-09-07T00:00:00Z
641,Revelar Capital,New York,11637,RAYUS Radiology,Healthcare Services,"St Louis Park, Minnesota, United States",2019-03-19,Divestiture,,,7.4,True,149,3,0,https://mergr.com/company/11637,2026-09-07T00:00:00Z
641,Revelar Capital,New York,232437,Paragon Films,Manufacturing,"Broken Arrow, Oklahoma, United States",2019-03-06,Secondary Buyout,2021-11-11,Trade Sale - Public Company,2.7,False,,0,0,https://mergr.com/company/232437,2026-09-07T00:00:00Z
641,Revelar Capital,New York,3843,SupplyOne,Packaging,"Newtown Square, Pennsylvania, United States",2018-02-05,Secondary Buyout,,,8.6,True,,10,0,https://mergr.com/company/3843,2026-09-07T00:00:00Z
641,Revelar Capital,New York,13413,Hoffmaster Group,Consumer Products,"Oshkosh, Wisconsin, United States",2016-10-19,Secondary Buyout,,,9.8,True,,2,0,https://mergr.com/company/13413,2026-09-07T00:00:00Z
641,Revelar Capital,New York,3752,Batteries Plus,Retail,"Hartland, Wisconsin, United States",2016-07-06,Secondary Buyout,,,10.2,True,,0,0,https://mergr.com/company/3752,2026-09-07T00:00:00Z
641,Revelar Capital,New York,215845,Airswift,Staffing,"Houston, Texas, United States",2016-01-29,Consolidation,2024-07-01,Trade Sale - Public Company,8.4,False,,4,0,https://mergr.com/company/215845,2026-09-07T00:00:00Z
641,Revelar Capital,New York,25297,Bellwether Behavioral Health,Healthcare Services,"Bear, Delaware, United States",2015-11-24,Secondary Buyout,2019-05-25,Shut Down,3.5,False,,0,0,https://mergr.com/company/25297,2026-09-07T00:00:00Z
641,Revelar Capital,New York,211706,ProAmpac,Packaging,"Cincinnati, Ohio, United States",2015-11-03,Consolidation,2016-10-17,Trade Sale - Public Company,0.9,False,,2,0,https://mergr.com/company/211706,2026-09-07T00:00:00Z
641,Revelar Capital,New York,213226,Help at Home,Healthcare Services,"Chicago, Illinois, United States",2015-08-25,"Buyout (LBO, MBO, MBI)",2020-10-30,Trade Sale - Public Company,5.2,False,,2,0,https://mergr.com/company/213226,2026-09-07T00:00:00Z
641,Revelar Capital,New York,203,Qualitor,Automotive,"Southfield, Michigan, United States",2014-11-03,Secondary Buyout,,,11.8,True,,0,0,https://mergr.com/company/203,2026-09-07T00:00:00Z
641,Revelar Capital,New York,213213,Tradesmen International,Staffing,"Macedonia, Ohio, United States",2014-10-01,"Buyout (LBO, MBO, MBI)",2017-01-03,Trade Sale - Public Company,2.3,False,,0,0,https://mergr.com/company/213213,2026-09-07T00:00:00Z
641,Revelar Capital,New York,3466,Great Lakes Caring,Healthcare Services,"Jackson, Michigan, United States",2014-05-13,Secondary Buyout,2016-11-29,Trade Sale - Public Company,2.5,False,,0,0,https://mergr.com/company/3466,2026-09-07T00:00:00Z
641,Revelar Capital,New York,13945,Swift Technical Group Ltd. (Swift Worldwide Resources),Staffing,"Enfield, United Kingdom",2013-11-04,Secondary Buyout,2016-01-29,Spin Off,2.2,False,,0,0,https://mergr.com/company/13945,2026-09-07T00:00:00Z
641,Revelar Capital,New York,5449,National Seating & Mobility,Medical Products,"Franklin, Tennessee, United States",2013-01-02,Secondary Buyout,2016-08-10,Trade Sale - Public Company,3.6,False,,7,0,https://mergr.com/company/5449,2026-09-07T00:00:00Z
641,Revelar Capital,New York,25569,United Sporting Companies,Distribution,"Chapin, South Carolina, United States",2012-10-01,Recapitalization,2019-06-11,Bankruptcy,6.7,False,,0,0,https://mergr.com/company/25569,2026-09-07T00:00:00Z
641,Revelar Capital,New York,16054,API Heat Transfer,Machinery,"Buffalo, New York, United States",2012-04-05,Secondary Buyout,2019-01-14,Trade Sale - Public Company,6.8,False,,0,0,https://mergr.com/company/16054,2026-09-07T00:00:00Z
641,Revelar Capital,New York,7792,ThermaSys Corp.,Manufacturing,"Montgomery, Alabama, United States",2012-01-31,Secondary Buyout,2013-03-13,Merger,1.1,False,,0,0,https://mergr.com/company/7792,2026-09-07T00:00:00Z
641,Revelar Capital,New York,3573,Resco Products,Manufacturing,"Pittsburgh, Pennsylvania, United States",2011-09-07,Secondary Buyout,2022-03-08,Trade Sale - Public Company,10.5,False,,0,0,https://mergr.com/company/3573,2026-09-07T00:00:00Z
641,Revelar Capital,New York,33961,Prolamina Corp.,Packaging,"Lake Forest, Illinois, United States",2011-08-02,Divestiture,2015-11-03,Spin Off,4.3,False,,1,0,https://mergr.com/company/33961,2026-09-07T00:00:00Z
641,Revelar Capital,New York,20999,Crosman Corp.,Consumer Products,"Bloomfield, New York, United States",2011-04-18,Secondary Buyout,2017-06-05,Trade Sale - Public Company,6.1,False,118,0,0,https://mergr.com/company/20999,2026-09-07T00:00:00Z
641,Revelar Capital,New York,25567,OMNI Energy Services Corp.,Energy Services and Equipment,"Carencro, Louisiana, United States",2010-10-27,Going Private,2012-11-01,Divestiture,2,False,,0,0,https://mergr.com/company/25567,2026-09-07T00:00:00Z
641,Revelar Capital,New York,25568,"Jen-Coat, Inc.",Packaging,"Westfield, Massachusetts, United States",2010-08-05,Secondary Buyout,2011-08-02,Divestiture,0.9,False,,0,0,https://mergr.com/company/25568,2026-09-07T00:00:00Z
641,Revelar Capital,New York,18523,Cleaver-Brooks,Machinery,"Thomasville, Georgia, United States",2008-06-01,"Buyout (LBO, MBO, MBI)",2012-12-20,Trade Sale - Public Company,4.5,False,,0,0,https://mergr.com/company/18523,2026-09-07T00:00:00Z
641,Revelar Capital,New York,18522,PFG,Distribution,"Richmond, Virginia, United States",2008-01-18,Going Private,2015-10-01,IPO,7.7,False,63299,1,0,https://mergr.com/company/18522,2026-09-07T00:00:00Z
641,Revelar Capital,New York,4766,"ChemAid Laboratories, Inc.",Consumer Products,"Saddle Brook, New Jersey, United States",2007-01-16,Recapitalization,2015-01-07,Divestiture,7.9,False,,0,0,https://mergr.com/company/4766,2026-09-07T00:00:00Z
641,Revelar Capital,New York,4767,JW Aluminum,Building Materials,"Mt. Holly, South Carolina, United States",2006-11-20,Divestiture,2015-11-20,Recapitalization,9,False,,0,0,https://mergr.com/company/4767,2026-09-07T00:00:00Z
641,Revelar Capital,New York,4772,Checkers,Restaurants,"Tampa, Florida, United States",2006-02-17,Going Private,2014-01-24,Trade Sale - Public Company,7.9,False,,0,0,https://mergr.com/company/4772,2026-09-07T00:00:00Z
641,Revelar Capital,New York,4762,"Hess Print Solutions, Inc.",Business Services,"Brimfield, Ohio, United States",2006-01-01,"Buyout (LBO, MBO, MBI)",2013-06-04,Bankruptcy,7.4,False,,0,0,https://mergr.com/company/4762,2026-09-07T00:00:00Z
641,Revelar Capital,New York,16491,Stripes Holdings LLC,Distribution,"Corpus Christi, Texas, United States",2005-12-27,Secondary Buyout,2006-10-01,IPO,0.8,False,5194,0,0,https://mergr.com/company/16491,2026-09-07T00:00:00Z
641,Revelar Capital,New York,4769,Dave & Buster's,Leisure,"Coppell, Texas, United States",2005-12-08,Going Private,2010-05-03,Trade Sale - Public Company,4.3,False,2103,0,0,https://mergr.com/company/4769,2026-09-07T00:00:00Z
641,Revelar Capital,New York,4770,Neucel Specialty Cellulose Ltd.,Forest Products,"Vancouver, British Columbia, Canada",2005-12-06,"Buyout (LBO, MBO, MBI)",2011-02-04,Divestiture,5.1,False,,0,0,https://mergr.com/company/4770,2026-09-07T00:00:00Z
641,Revelar Capital,New York,4763,Home Decor GB Ltd.,Building Materials,"Sheffield, United Kingdom",2004-12-06,Divestiture,,,21.8,True,,0,0,https://mergr.com/company/4763,2026-09-07T00:00:00Z
641,Revelar Capital,New York,20991,TMS International,Business Services,"Pittsburgh, Pennsylvania, United States",2004-11-30,Secondary Buyout,2006-11-10,Trade Sale - Public Company,1.9,False,,0,0,https://mergr.com/company/20991,2026-09-07T00:00:00Z
641,Revelar Capital,New York,18525,Edwin Watts Golf Shops LLC,Retail,"Fort Walton Beach, Florida, United States",2003-12-01,"Buyout (LBO, MBO, MBI)",2007-05-25,Trade Sale - Public Company,3.4,False,,0,0,https://mergr.com/company/18525,2026-09-07T00:00:00Z
641,Revelar Capital,New York,18529,"Residential Services Group, Inc.",Consumer Services,"Dayton, Ohio, United States",2003-05-23,"Buyout (LBO, MBO, MBI)",2004-09-28,Divestiture,1.3,False,,0,0,https://mergr.com/company/18529,2026-09-07T00:00:00Z
641,Revelar Capital,New York,14360,Vatterott,Education,"Olivette, Missouri, United States",2003-01-17,"Buyout (LBO, MBO, MBI)",2009-09-18,Trade Sale - Public Company,6.7,False,,0,0,https://mergr.com/company/14360,2026-09-07T00:00:00Z
641,Revelar Capital,New York,4767,JW Aluminum,Building Materials,"Mt. Holly, South Carolina, United States",2003-01-01,Divestiture,2005-11-01,Divestiture,2.8,False,,1,0,https://mergr.com/company/4767,2026-09-07T00:00:00Z
641,Revelar Capital,New York,4765,Vistar Corp.,Food,"Centennial, Colorado, United States",2002-01-01,"Buyout (LBO, MBO, MBI)",2008-05-27,Divestiture,6.3,False,,0,0,https://mergr.com/company/4765,2026-09-07T00:00:00Z
641,Revelar Capital,New York,18530,"American Coin Merchandising, Inc.",Franchising,"Louisville, Colorado, United States",2001-09-11,Going Private,2004-05-24,Divestiture,2.7,False,,0,0,https://mergr.com/company/18530,2026-09-07T00:00:00Z
641,Revelar Capital,New York,18528,"Reliance Protectron, Inc.",Safety/Security,"Montreal, Quebec, Canada",2001-05-01,"Buyout (LBO, MBO, MBI)",2005-06-01,Divestiture,4.1,False,,0,0,https://mergr.com/company/18528,2026-09-07T00:00:00Z
641,Revelar Capital,New York,18531,"Paragon Trade Brands, Inc.",Consumer Products,"Norcross, Georgia, United States",2000-01-01,"Buyout (LBO, MBO, MBI)",2001-12-03,Divestiture,1.9,False,,0,0,https://mergr.com/company/18531,2026-09-07T00:00:00Z
641,Revelar Capital,New York,18526,The Hockey Co.,Consumer Products,"Montreal, Quebec, Canada",1997-04-01,"Buyout (LBO, MBO, MBI)",2004-04-08,Divestiture,7,False,,0,0,https://mergr.com/company/18526,2026-09-07T00:00:00Z
641,Revelar Capital,New York,4768,Lionel,Consumer Products,"Concord, North Carolina, United States",1995-09-25,"Buyout (LBO, MBO, MBI)",,,30.9,True,,0,0,https://mergr.com/company/4768,2026-09-07T00:00:00Z
672,Aisling Capital,New York,347457,Scholar Rock,Life Science,"Cambridge, Massachusetts, United States",2026-03-04,Stake Purchase,,,0.5,True,33,0,0,https://mergr.com/company/347457,2026-09-07T00:00:00Z
672,Aisling Capital,New York,347453,CalciMedica,Life Science,"La Jolla, California, United States",2024-01-22,Stake Purchase,,,2.6,True,,0,0,https://mergr.com/company/347453,2026-09-07T00:00:00Z
672,Aisling Capital,New York,322338,Mindful Health Solutions,Healthcare Services,"San Francisco, California, United States",2024-01-01,"Buyout (LBO, MBO, MBI)",,,2.7,True,,0,0,https://mergr.com/company/322338,2026-09-07T00:00:00Z
672,Aisling Capital,New York,276518,Compass Pathways,Healthcare Services,"London, United Kingdom",2023-08-16,Stake Purchase,,,3,True,,0,0,https://mergr.com/company/276518,2026-09-07T00:00:00Z
672,Aisling Capital,New York,278644,Monte Rosa Therapeutics,Life Science,"Boston, Massachusetts, United States",2020-11-24,Venture,2021-06-23,IPO,0.5,False,124,0,0,https://mergr.com/company/278644,2026-09-07T00:00:00Z
672,Aisling Capital,New York,278661,Tourmaline Bio,Life Science,"New York, New York, United States",2020-10-06,Venture,2021-05-11,IPO,0.6,False,45,0,0,https://mergr.com/company/278661,2026-09-07T00:00:00Z
672,Aisling Capital,New York,277276,Spruce Biosciences,Life Science,"South San Francisco, California, United States",2020-02-19,PIPE,,,6.5,True,5,0,0,https://mergr.com/company/277276,2026-09-07T00:00:00Z
672,Aisling Capital,New York,940,Medical Knowledge Group,Information Technology,"New York, New York, United States",2020-01-08,Recapitalization,2022-01-03,Trade Sale - Public Company,1.9,False,,1,0,https://mergr.com/company/940,2026-09-07T00:00:00Z
672,Aisling Capital,New York,278660,Syndax,Life Science,"New York, New York, United States",2020-01-01,PIPE,,,6.7,True,172,0,0,https://mergr.com/company/278660,2026-09-07T00:00:00Z
672,Aisling Capital,New York,278646,Nuvation Bio,Life Science,"New York, New York, United States",2019-10-28,Venture,2021-02-10,SPAC,1.3,False,63,0,0,https://mergr.com/company/278646,2026-09-07T00:00:00Z
672,Aisling Capital,New York,278628,Elevation Oncology,Life Science,"New York, New York, United States",2019-01-01,Venture,2025-06-09,Divestiture,6.4,False,,0,0,https://mergr.com/company/278628,2026-09-07T00:00:00Z
672,Aisling Capital,New York,278632,Marker Therapeutics,Life Science,"Houston, Texas, United States",2018-01-01,PIPE,,,8.7,True,3,0,0,https://mergr.com/company/278632,2026-09-07T00:00:00Z
672,Aisling Capital,New York,223400,Spyre Therapeutics,Life Science,"Waltham, Massachusetts, United States",2018-01-01,PIPE,,,8.7,True,1,1,0,https://mergr.com/company/223400,2026-09-07T00:00:00Z
672,Aisling Capital,New York,278609,Atreca,Life Science,"South San Francisco, California, United States",2018-01-01,PIPE,,,8.7,True,,0,1,https://mergr.com/company/278609,2026-09-07T00:00:00Z
672,Aisling Capital,New York,278612,Tectonic Therapeutic,Life Science,"Watertown, Massachusetts, United States",2018-01-01,PIPE,,,8.7,True,,1,0,https://mergr.com/company/278612,2026-09-07T00:00:00Z
672,Aisling Capital,New York,278623,Eidos Therapeutics,Life Science,"San Francisco, California, United States",2018-01-01,PIPE,2020-10-05,Divestiture,2.8,False,27,0,0,https://mergr.com/company/278623,2026-09-07T00:00:00Z
672,Aisling Capital,New York,252800,Nabriva Therapeutics,Life Science,"Dublin, Ireland",2018-01-01,PIPE,,,8.7,True,36,1,0,https://mergr.com/company/252800,2026-09-07T00:00:00Z
672,Aisling Capital,New York,278662,Zosano Pharma,Life Science,"Fremont, California, United States",2018-01-01,Stake Purchase,2022-06-02,Bankruptcy,4.4,False,,0,0,https://mergr.com/company/278662,2026-09-07T00:00:00Z
672,Aisling Capital,New York,263261,Harmony,Life Science,"Plymouth Meeting, Pennsylvania, United States",2017-10-06,Venture,2020-08-19,IPO,2.8,False,715,0,0,https://mergr.com/company/263261,2026-09-07T00:00:00Z
672,Aisling Capital,New York,278615,BridgeBio,Life Science,"Palo Alto, California, United States",2017-01-02,PIPE,,,9.7,True,502,2,0,https://mergr.com/company/278615,2026-09-07T00:00:00Z
672,Aisling Capital,New York,267416,Ajax Health,Business Services,"Menlo Park, California, United States",2017-01-01,Venture,,,9.7,True,,1,1,https://mergr.com/company/267416,2026-09-07T00:00:00Z
672,Aisling Capital,New York,215001,"Syros Pharmaceuticals, Inc.",Life Science,"Cambridge, Massachusetts, United States",2016-01-12,Venture,,,10.6,True,,0,1,https://mergr.com/company/215001,2026-09-07T00:00:00Z
672,Aisling Capital,New York,8880,Prolacta Bioscience,Life Science,"Duarte, California, United States",2016-01-01,Venture,,,10.7,True,,0,0,https://mergr.com/company/8880,2026-09-07T00:00:00Z
672,Aisling Capital,New York,278656,Promentis Pharmaceuticals,Life Science,"Milwaukee, Wisconsin, United States",2016-01-01,Venture,,,10.7,True,,0,0,https://mergr.com/company/278656,2026-09-07T00:00:00Z
672,Aisling Capital,New York,267407,"Aimmune Therapeutics, Inc.",Life Science,"Brisbane, California, United States",2015-01-01,Stake Purchase,2020-08-31,Divestiture,5.6,False,,0,0,https://mergr.com/company/267407,2026-09-07T00:00:00Z
672,Aisling Capital,New York,72177,"Loxo Oncology, Inc.",Life Science,"Stamford, Connecticut, United States",2013-07-10,Venture,2014-08-01,IPO,1,False,,0,0,https://mergr.com/company/72177,2026-09-07T00:00:00Z
672,Aisling Capital,New York,8857,Chimerix,Life Science,"Durham, North Carolina, United States",2013-04-11,PIPE,,,13.3,True,34,1,0,https://mergr.com/company/8857,2026-09-07T00:00:00Z
672,Aisling Capital,New York,4966,Ambit Biosciences Corp.,Life Science,"San Diego, California, United States",2012-11-16,Venture,2014-09-28,Divestiture,1.8,False,,0,0,https://mergr.com/company/4966,2026-09-07T00:00:00Z
672,Aisling Capital,New York,217756,Aclaris,Life Science,"Wayne, Pennsylvania, United States",2012-10-04,PIPE,,,13.9,True,8,2,1,https://mergr.com/company/217756,2026-09-07T00:00:00Z
672,Aisling Capital,New York,35281,Agile,Medical Products,"Princeton, New Jersey, United States",2012-07-19,Venture,2014-05-22,IPO,1.8,False,20,0,0,https://mergr.com/company/35281,2026-09-07T00:00:00Z
672,Aisling Capital,New York,35289,Cytos Biotechnology AG,Healthcare Services,"Schlieren, Switzerland",2012-05-15,"Buyout (LBO, MBO, MBI)",,,14.3,True,,0,0,https://mergr.com/company/35289,2026-09-07T00:00:00Z
672,Aisling Capital,New York,27175,"Pernix Therapeutics Holdings, Inc.",Life Science,"Morristown, New Jersey, United States",2012-04-01,Stake Purchase,,,14.4,True,176,1,0,https://mergr.com/company/27175,2026-09-07T00:00:00Z
672,Aisling Capital,New York,13144,"LensAR, Inc.",Medical Products,"Orlando, Florida, United States",2012-03-12,Growth Capital,,,14.4,True,,1,0,https://mergr.com/company/13144,2026-09-07T00:00:00Z
672,Aisling Capital,New York,27177,"ZELTIQ Aesthetics, Inc.",Medical Products,"Pleasanton, California, United States",2011-10-25,Stake Purchase,2017-02-13,Divestiture,5.3,False,255,0,0,https://mergr.com/company/27177,2026-09-07T00:00:00Z
672,Aisling Capital,New York,27176,"T2 Biosystems, Inc.",Life Science,"Lexington, Massachusetts, United States",2011-08-10,Venture,,,15,True,,0,0,https://mergr.com/company/27176,2026-09-07T00:00:00Z
672,Aisling Capital,New York,35297,"Miramar Labs, Inc.",Medical Products,"Sunnyvale, California, United States",2011-07-01,Venture,2017-06-12,Divestiture,5.9,False,,0,0,https://mergr.com/company/35297,2026-09-07T00:00:00Z
672,Aisling Capital,New York,22270,"Aragon Pharmaceuticals, Inc.",Life Science,"San Diego, California, United States",2010-04-22,Venture,2013-06-17,Divestiture,3.1,False,,0,0,https://mergr.com/company/22270,2026-09-07T00:00:00Z
672,Aisling Capital,New York,22278,Asensus,Medical Products,"Durham, North Carolina, United States",2009-10-07,Venture,2014-05-07,IPO,4.6,False,9,1,0,https://mergr.com/company/22278,2026-09-07T00:00:00Z
672,Aisling Capital,New York,29951,"Roka Bioscience, Inc.",Life Science,"Warren, New Jersey, United States",2009-09-12,Venture,2014-05-21,IPO,4.7,False,,0,0,https://mergr.com/company/29951,2026-09-07T00:00:00Z
672,Aisling Capital,New York,4974,"CeNeRx BioPharma, Inc.",Life Science,"Cary, North Carolina, United States",2008-10-17,Venture,,,17.8,True,,0,0,https://mergr.com/company/4974,2026-09-07T00:00:00Z
672,Aisling Capital,New York,13151,Tria,Consumer Products,"Dublin, California, United States",2008-07-10,Venture,,,18.1,True,,0,0,https://mergr.com/company/13151,2026-09-07T00:00:00Z
672,Aisling Capital,New York,4964,"Advion, Inc.",Life Science,"Ithaca, New York, United States",2008-03-12,"Buyout (LBO, MBO, MBI)",2011-10-27,Divestiture,3.6,False,,0,0,https://mergr.com/company/4964,2026-09-07T00:00:00Z
672,Aisling Capital,New York,13152,ViewRay,Medical Products,"Oakwood, Ohio, United States",2008-01-01,Venture,2018-08-14,IPO,10.6,False,102,0,1,https://mergr.com/company/13152,2026-09-07T00:00:00Z
672,Aisling Capital,New York,4982,IQVIA,Life Science,"Durham, North Carolina, United States",2007-12-21,Recapitalization,2013-09-05,IPO,5.7,False,16310,8,0,https://mergr.com/company/4982,2026-09-07T00:00:00Z
672,Aisling Capital,New York,13147,Paratek Pharmaceuticals,Life Science,"King of Prussia, Pennsylvania, United States",2007-10-25,Venture,2013-07-24,IPO,5.7,False,47,0,0,https://mergr.com/company/13147,2026-09-07T00:00:00Z
672,Aisling Capital,New York,4779,HerbalScience Group LLC,Life Science,"Naples, Florida, United States",2007-08-14,"Buyout (LBO, MBO, MBI)",,,19,True,,0,0,https://mergr.com/company/4779,2026-09-07T00:00:00Z
672,Aisling Capital,New York,13145,"The Natural Dentist, Inc.",Consumer Products,"Medford, Massachusetts, United States",2007-04-24,Venture,2010-02-23,Divestiture,2.8,False,,0,0,https://mergr.com/company/13145,2026-09-07T00:00:00Z
672,Aisling Capital,New York,13149,"Sirion Therapeutics, Inc.",Life Science,"Tampa, Florida, United States",2007-04-09,Venture,2010-01-19,Divestiture,2.8,False,,0,0,https://mergr.com/company/13149,2026-09-07T00:00:00Z
672,Aisling Capital,New York,1787,Catalent,Life Science,"Somerset, New Jersey, United States",2007-01-25,Divestiture,2014-07-31,IPO,7.5,False,4263,1,1,https://mergr.com/company/1787,2026-09-07T00:00:00Z
672,Aisling Capital,New York,13135,ADMA Biologics,Life Science,"Ramsey, New Jersey, United States",2007-01-01,PIPE,,,19.7,True,510,1,0,https://mergr.com/company/13135,2026-09-07T00:00:00Z
672,Aisling Capital,New York,13146,NextWave Pharmaceuticals,Life Science,"Cupertino, California, United States",2007-01-01,Venture,2012-10-22,Divestiture,5.8,False,,0,0,https://mergr.com/company/13146,2026-09-07T00:00:00Z
672,Aisling Capital,New York,13140,"Cempra Pharmaceuticals, Inc.",Life Science,"Chapel Hill, North Carolina, United States",2006-10-03,Venture,,,19.9,True,,1,1,https://mergr.com/company/13140,2026-09-07T00:00:00Z
672,Aisling Capital,New York,22279,"Interpharm Holdings, Inc.",Life Science,"Hauppauge, New York, United States",2006-09-15,Venture,2008-06-01,Divestiture,1.7,False,,0,0,https://mergr.com/company/22279,2026-09-07T00:00:00Z
672,Aisling Capital,New York,7721,Archimica SPA,Life Science,"Origgio, Virginia, United States",2006-06-01,"Buyout (LBO, MBO, MBI)",2011-02-01,Divestiture,4.7,False,,0,0,https://mergr.com/company/7721,2026-09-07T00:00:00Z
672,Aisling Capital,New York,13137,RyCarma Therapeutics,Life Science,"Tarrytown, New York, United States",2006-01-02,Venture,,,20.7,True,,0,0,https://mergr.com/company/13137,2026-09-07T00:00:00Z
672,Aisling Capital,New York,4985,"Xanodyne Pharmaceuticals, Inc.",Medical Products,"Newport, Kentucky, United States",2005-07-18,Venture,,,21.1,True,,0,0,https://mergr.com/company/4985,2026-09-07T00:00:00Z
672,Aisling Capital,New York,4981,"Oculex Pharmaceuticals, Inc.",Life Science,"Sunnyvale, California, United States",2002-08-01,"Buyout (LBO, MBO, MBI)",2003-11-20,Divestiture,1.3,False,,0,0,https://mergr.com/company/4981,2026-09-07T00:00:00Z
672,Aisling Capital,New York,4979,"Myogen, Inc. ",Life Science,"Westminster, Colorado, United States",2001-08-28,Venture,2004-03-26,IPO,2.5,False,,0,0,https://mergr.com/company/4979,2026-09-07T00:00:00Z
763,Centre Partners,New York,340483,TruTemp,Business Services,"New York, New York, United States",2025-09-16,"Buyout (LBO, MBO, MBI)",,,0.9,True,,1,0,https://mergr.com/company/340483,2026-09-07T00:00:00Z
763,Centre Partners,New York,349401,Alerion Advisors,Business Services,"Overland Park, Kansas, United States",2025-01-06,"Buyout (LBO, MBO, MBI)",,,1.7,True,,1,0,https://mergr.com/company/349401,2026-09-07T00:00:00Z
763,Centre Partners,New York,320552,Quick Roofing,Construction,"Kennedale, Texas, United States",2024-01-08,"Buyout (LBO, MBO, MBI)",,,2.6,True,,0,0,https://mergr.com/company/320552,2026-09-07T00:00:00Z
763,Centre Partners,New York,307519,Toney Healthcare Consulting,Business Services,"Tampa, Florida, United States",2022-11-14,Stake Purchase,2025-01-06,Divestiture,2.1,False,,0,0,https://mergr.com/company/307519,2026-09-07T00:00:00Z
763,Centre Partners,New York,25374,Captain D's,Restaurants,"Nashville, Tennessee, United States",2022-05-19,Secondary Buyout,,,4.3,True,,0,0,https://mergr.com/company/25374,2026-09-07T00:00:00Z
763,Centre Partners,New York,246478,KNS International,Apparel/Textiles,"Draper, Utah, United States",2021-11-16,Secondary Buyout,,,4.8,True,,1,0,https://mergr.com/company/246478,2026-09-07T00:00:00Z
763,Centre Partners,New York,289975,Alliance Mobile,Retail,"Troy, Michigan, United States",2021-09-01,Recapitalization,,,5,True,,2,0,https://mergr.com/company/289975,2026-09-07T00:00:00Z
763,Centre Partners,New York,307438,United Land Services,Business Services,"Jacksonville, Florida, United States",2020-06-06,Consolidation,,,6.3,True,,4,0,https://mergr.com/company/307438,2026-09-07T00:00:00Z
763,Centre Partners,New York,22983,Sabrosura Foods,Food,"Bloomington, Minnesota, United States",2019-10-21,Growth Capital,,,6.8,True,,1,0,https://mergr.com/company/22983,2026-09-07T00:00:00Z
763,Centre Partners,New York,259559,One World Fitness,Consumer Services,"Windham, New Hampshire, United States",2019-03-29,"Buyout (LBO, MBO, MBI)",,,7.4,True,,1,0,https://mergr.com/company/259559,2026-09-07T00:00:00Z
763,Centre Partners,New York,255103,Guy & O'Neill,Consumer Products,"Fredonia, Wisconsin, United States",2018-10-16,Growth Capital,2025-05-20,Divestiture,6.6,False,,1,1,https://mergr.com/company/255103,2026-09-07T00:00:00Z
763,Centre Partners,New York,269546,IMA Group,Healthcare Services,"Tarrytown, New York, United States",2018-01-01,Growth Capital,,,8.7,True,,13,0,https://mergr.com/company/269546,2026-09-07T00:00:00Z
763,Centre Partners,New York,246472,Nearly Natural,Consumer Products,"Hialeah, Florida, United States",2017-12-19,Growth Capital,,,8.7,True,,0,0,https://mergr.com/company/246472,2026-09-07T00:00:00Z
763,Centre Partners,New York,242299,Golding Farms Foods,Food,"Winston-Salem, North Carolina, United States",2017-08-01,Growth Capital,,,9.1,True,,1,0,https://mergr.com/company/242299,2026-09-07T00:00:00Z
763,Centre Partners,New York,265069,Vision Innovation Partners,Healthcare Services,"Annapolis, Maryland, United States",2017-07-24,Growth Capital,2022-04-07,Trade Sale - Public Company,4.7,False,,12,0,https://mergr.com/company/265069,2026-09-07T00:00:00Z
763,Centre Partners,New York,222822,Bradford Health Services,Healthcare Services,"Birmingham, Alabama, United States",2016-06-30,Growth Capital,2022-10-28,Trade Sale - Public Company,6.3,False,,3,0,https://mergr.com/company/222822,2026-09-07T00:00:00Z
763,Centre Partners,New York,169065,Sun Orchard,Beverages,"Doral, Florida, United States",2015-01-05,Growth Capital,,,11.7,True,,0,0,https://mergr.com/company/169065,2026-09-07T00:00:00Z
763,Centre Partners,New York,6805,Stonewall Kitchen,Food,"York, Maine, United States",2014-10-27,Growth Capital,2019-08-01,Trade Sale - Public Company,4.8,False,,1,0,https://mergr.com/company/6805,2026-09-07T00:00:00Z
763,Centre Partners,New York,199505,Medalist,Consumer Products,"San Diego, California, United States",2014-06-19,Growth Capital,,,12.2,True,,2,0,https://mergr.com/company/199505,2026-09-07T00:00:00Z
763,Centre Partners,New York,234579,Gathr Outdoors,Consumer Products,"Nashville, Tennessee, United States",2014-01-01,"Buyout (LBO, MBO, MBI)",,,12.7,True,,6,0,https://mergr.com/company/234579,2026-09-07T00:00:00Z
763,Centre Partners,New York,25374,Captain D's,Restaurants,"Nashville, Tennessee, United States",2013-10-15,Secondary Buyout,2017-12-18,Trade Sale - Public Company,4.2,False,,0,0,https://mergr.com/company/25374,2026-09-07T00:00:00Z
763,Centre Partners,New York,199523,Monte Nido,Healthcare Services,"Miami, Florida, United States",2012-12-21,Growth Capital,2015-09-09,Trade Sale - Public Company,2.7,False,,0,0,https://mergr.com/company/199523,2026-09-07T00:00:00Z
763,Centre Partners,New York,71285,Taylor Precision Products,Consumer Products,"Oak Brook, Illinois, United States",2012-06-11,"Buyout (LBO, MBO, MBI)",,,14.2,True,,2,0,https://mergr.com/company/71285,2026-09-07T00:00:00Z
763,Centre Partners,New York,196336,Lifetime Brands,Consumer Products,"Garden City, New York, United States",2012-01-01,Stake Purchase,,,14.7,True,648,7,0,https://mergr.com/company/196336,2026-09-07T00:00:00Z
763,Centre Partners,New York,29812,"Bellisio Foods, Inc.",Food,"Duluth, Minnesota, United States",2011-12-16,"Buyout (LBO, MBO, MBI)",2016-11-17,Divestiture,4.9,False,,1,0,https://mergr.com/company/29812,2026-09-07T00:00:00Z
763,Centre Partners,New York,29813,DenMat,Medical Products,"Santa Maria, California, United States",2011-11-16,"Buyout (LBO, MBO, MBI)",,,14.8,True,,4,0,https://mergr.com/company/29813,2026-09-07T00:00:00Z
763,Centre Partners,New York,12112,Covenant Care,Healthcare Services,"Aliso Viejo, California, United States",2008-07-22,Growth Capital,,,18.1,True,,0,0,https://mergr.com/company/12112,2026-09-07T00:00:00Z
763,Centre Partners,New York,12113,U.S. Retirement & Benefits Partners,Consumer Services,"Iselin, New Jersey, United States",2008-06-09,Recapitalization,2018-04-02,Trade Sale - Public Company,9.8,False,,3,0,https://mergr.com/company/12113,2026-09-07T00:00:00Z
763,Centre Partners,New York,5890,Environmental Logistics Services,Environmental,"Pittsburgh, Pennsylvania, United States",2007-12-18,"Buyout (LBO, MBO, MBI)",,,18.7,True,,0,0,https://mergr.com/company/5890,2026-09-07T00:00:00Z
763,Centre Partners,New York,761,Centre Environmental Partners,Business Services,"New York, New York, United States",2007-12-18,"Buyout (LBO, MBO, MBI)",,,18.7,True,,0,0,https://mergr.com/company/761,2026-09-07T00:00:00Z
763,Centre Partners,New York,5892,Orion Talent,Staffing,"Virginia Beach, Virginia, United States",2007-06-22,"Buyout (LBO, MBO, MBI)",2018-12-03,Trade Sale - Public Company,11.4,False,,2,1,https://mergr.com/company/5892,2026-09-07T00:00:00Z
763,Centre Partners,New York,5891,K2 Pure Solutions,Business Services,"Toronto, Ontario, Canada",2007-01-16,"Buyout (LBO, MBO, MBI)",,,19.6,True,,0,0,https://mergr.com/company/5891,2026-09-07T00:00:00Z
763,Centre Partners,New York,26166,Nexus Gas Partners LLC,Oil/Gas Exploration,"Dallas, Texas, United States",2007-01-16,"Buyout (LBO, MBO, MBI)",2008-03-25,Divestiture,1.2,False,,0,0,https://mergr.com/company/26166,2026-09-07T00:00:00Z
763,Centre Partners,New York,29845,"Group Dekko Holdings, Inc.",Electrical Equipment,"Garrett, Indiana, United States",2006-07-25,"Buyout (LBO, MBO, MBI)",,,20.1,True,,0,0,https://mergr.com/company/29845,2026-09-07T00:00:00Z
763,Centre Partners,New York,5894,Gray Energy Services LLC,Energy Services and Equipment,"Houston, Texas, United States",2006-03-09,Recapitalization,2010-12-01,Divestiture,4.7,False,1983,0,0,https://mergr.com/company/5894,2026-09-07T00:00:00Z
763,Centre Partners,New York,5895,DSI Holdings Ltd.,Healthcare Services,"Nashville, Tennessee, United States",2006-02-16,"Buyout (LBO, MBO, MBI)",,,20.5,True,,0,0,https://mergr.com/company/5895,2026-09-07T00:00:00Z
763,Centre Partners,New York,5893,Distant Lands Trading Co.,Beverages,"Renton, Washington, United States",2006-01-01,"Buyout (LBO, MBO, MBI)",,,20.7,True,,0,0,https://mergr.com/company/5893,2026-09-07T00:00:00Z
763,Centre Partners,New York,775,Uno Restaurant,Restaurants,"Boston, Massachusetts, United States",2005-02-23,"Buyout (LBO, MBO, MBI)",,,21.5,True,,0,1,https://mergr.com/company/775,2026-09-07T00:00:00Z
763,Centre Partners,New York,5896,Ross Aviation,Aerospace,"Denver, Colorado, United States",2005-01-10,"Buyout (LBO, MBO, MBI)",2014-08-05,Divestiture,9.5,False,,9,3,https://mergr.com/company/5896,2026-09-07T00:00:00Z
763,Centre Partners,New York,5898,Quickie Manufacturing Corp.,Consumer Products,"Cinnaminson, New Jersey, United States",2004-12-27,Growth Capital,2010-12-20,Divestiture,5.9,False,,0,0,https://mergr.com/company/5898,2026-09-07T00:00:00Z
763,Centre Partners,New York,29839,Garden Fresh,Restaurants,"San Diego, California, United States",2003-11-25,Going Private,2005-10-19,Trade Sale - Public Company,1.8,False,,0,0,https://mergr.com/company/29839,2026-09-07T00:00:00Z
763,Centre Partners,New York,770,ActionEmco,Distribution,"North Bergen, New Jersey, United States",2003-10-16,"Buyout (LBO, MBO, MBI)",2008-10-03,Divestiture,4.9,False,,0,0,https://mergr.com/company/770,2026-09-07T00:00:00Z
763,Centre Partners,New York,20969,Bumble Bee Foods,Food,"San Diego, California, United States",2003-05-22,"Buyout (LBO, MBO, MBI)",2010-12-15,Trade Sale - Public Company,7.5,False,960,0,0,https://mergr.com/company/20969,2026-09-07T00:00:00Z
763,Centre Partners,New York,5899,"Kaz, Inc.",Consumer Products,"Southborough, Massachusetts, United States",2003-03-03,"Buyout (LBO, MBO, MBI)",2011-01-01,Divestiture,7.8,False,,0,0,https://mergr.com/company/5899,2026-09-07T00:00:00Z
763,Centre Partners,New York,20384,Catlin Group Ltd.,Insurance,"Hamilton, Bermuda",2002-07-04,"Buyout (LBO, MBO, MBI)",2004-04-01,IPO,1.7,False,6773,0,0,https://mergr.com/company/20384,2026-09-07T00:00:00Z
763,Centre Partners,New York,5348,The Learning Company,Software,"Hiawatha, Iowa, United States",2000-09-30,Divestiture,2001-09-06,Divestiture,0.9,False,,0,0,https://mergr.com/company/5348,2026-09-07T00:00:00Z
763,Centre Partners,New York,29822,"Autoland, Inc.",Automotive,"Sherman Oaks, California, United States",2000-08-16,"Buyout (LBO, MBO, MBI)",2007-03-02,Divestiture,6.5,False,,0,0,https://mergr.com/company/29822,2026-09-07T00:00:00Z
763,Centre Partners,New York,29838,Dan Howard Industries,Retail,"Philadelphia, Pennsylvania, United States",2000-07-10,"Buyout (LBO, MBO, MBI)",,,26.1,True,,0,0,https://mergr.com/company/29838,2026-09-07T00:00:00Z
763,Centre Partners,New York,29846,International Imaging Materials,Manufacturing,"Amherst, New York, United States",2000-03-01,"Buyout (LBO, MBO, MBI)",2012-06-06,Trade Sale - Public Company,12.3,False,,0,0,https://mergr.com/company/29846,2026-09-07T00:00:00Z
763,Centre Partners,New York,16193,Wind River Environmental,Environmental,"Marlborough, Massachusetts, United States",1999-11-01,"Buyout (LBO, MBO, MBI)",2014-07-08,Trade Sale - Public Company,14.7,False,,0,0,https://mergr.com/company/16193,2026-09-07T00:00:00Z
763,Centre Partners,New York,5902,Maverick Media LLC,Media,"Westport, Connecticut, United States",1999-01-01,"Buyout (LBO, MBO, MBI)",,,27.7,True,,0,0,https://mergr.com/company/5902,2026-09-07T00:00:00Z
763,Centre Partners,New York,4732,American Seafoods,Food,"Seattle, Washington, United States",1999-01-01,"Buyout (LBO, MBO, MBI)",2006-02-27,Sold to Management,7.1,False,,0,0,https://mergr.com/company/4732,2026-09-07T00:00:00Z
763,Centre Partners,New York,29820,Salton Inc,Manufacturing,"Miramar, Florida, United States",1998-10-30,"Buyout (LBO, MBO, MBI)",,,27.8,True,,0,0,https://mergr.com/company/29820,2026-09-07T00:00:00Z
763,Centre Partners,New York,29831,"Nationwide Credit, Inc.",Financial Services,"Kennesaw, Georgia, United States",1998-01-02,"Buyout (LBO, MBO, MBI)",,,28.7,True,,0,0,https://mergr.com/company/29831,2026-09-07T00:00:00Z
763,Centre Partners,New York,5903,"Hyco International, Inc.",Machinery,"Atlanta, Georgia, United States",1998-01-01,"Buyout (LBO, MBO, MBI)",2011-07-22,Divestiture,13.5,False,,1,0,https://mergr.com/company/5903,2026-09-07T00:00:00Z
763,Centre Partners,New York,23203,Muzak LLC,Media,"Fort Mill, South Carolina, United States",1998-01-01,Secondary Buyout,2009-02-10,Bankruptcy,11.1,False,,0,0,https://mergr.com/company/23203,2026-09-07T00:00:00Z
763,Centre Partners,New York,23206,Light & Wonder,Gaming,"Las Vegas, Nevada, United States",1991-01-01,"Buyout (LBO, MBO, MBI)",,,35.7,True,3314,25,1,https://mergr.com/company/23206,2026-09-07T00:00:00Z
1293,Tinicum Capital Partners,New York,69318,GracoRoberts,Distribution,"Arlington, Texas, United States",2026-07-23,Secondary Buyout,,,0.1,True,,0,0,https://mergr.com/company/69318,2026-09-07T00:00:00Z
1293,Tinicum Capital Partners,New York,342438,TriMas Aerospace,Aerospace,"Irvine, California, United States",2025-11-04,Divestiture,,,0.8,True,,0,0,https://mergr.com/company/342438,2026-09-07T00:00:00Z
1293,Tinicum Capital Partners,New York,344409,AeroFlow Technologies,Aerospace,"Kirkland, Washington, United States",2025-04-03,Divestiture,,,1.4,True,,1,0,https://mergr.com/company/344409,2026-09-07T00:00:00Z
1293,Tinicum Capital Partners,New York,286714,Aeronix Technologies Group,Technology Hardware,"Melbourne, Florida, United States",2024-11-04,Secondary Buyout,,,1.8,True,,0,0,https://mergr.com/company/286714,2026-09-07T00:00:00Z
1293,Tinicum Capital Partners,New York,329639,Tornatech,Manufacturing,"Laval, Quebec, Canada",2024-10-10,"Buyout (LBO, MBO, MBI)",,,1.8,True,,0,0,https://mergr.com/company/329639,2026-09-07T00:00:00Z
1293,Tinicum Capital Partners,New York,345306,PennAero,Manufacturing,United States,2024-07-01,Consolidation,,,2.2,True,,2,0,https://mergr.com/company/345306,2026-09-07T00:00:00Z
1293,Tinicum Capital Partners,New York,296350,KGM,Distribution,"Tulsa, Oklahoma, United States",2024-05-24,Secondary Buyout,,,2.3,True,,0,0,https://mergr.com/company/296350,2026-09-07T00:00:00Z
1293,Tinicum Capital Partners,New York,315203,Greene Group Industries,Manufacturing,"Oceanside, California, United States",2023-07-17,"Buyout (LBO, MBO, MBI)",,,3.1,True,,1,0,https://mergr.com/company/315203,2026-09-07T00:00:00Z
1293,Tinicum Capital Partners,New York,320662,PMI Group,Manufacturing,"Montgomeryville, Pennsylvania, United States",2023-06-01,Growth Capital,2024-07-01,Divestiture,1.1,False,,0,0,https://mergr.com/company/320662,2026-09-07T00:00:00Z
1293,Tinicum Capital Partners,New York,253709,Watlow,Electrical Equipment,"Saint Louis, Missouri, United States",2021-03-02,"Buyout (LBO, MBO, MBI)",,,5.5,True,,1,0,https://mergr.com/company/253709,2026-09-07T00:00:00Z
1293,Tinicum Capital Partners,New York,165877,Continental Disc Corporation,Machinery,"Liberty, Missouri, United States",2021-01-13,Growth Capital,2025-06-16,Divestiture,4.4,False,,0,0,https://mergr.com/company/165877,2026-09-07T00:00:00Z
1293,Tinicum Capital Partners,New York,177983,Permag,Manufacturing,"Elk Grove Village, Illinois, United States",2021-01-12,"Buyout (LBO, MBO, MBI)",,,5.6,True,,0,0,https://mergr.com/company/177983,2026-09-07T00:00:00Z
1293,Tinicum Capital Partners,New York,301625,Advantek,Packaging,"Eden Prairie, Minnesota, United States",2021-01-01,Growth Capital,2022-06-23,Trade Sale - Public Company,1.4,False,,0,0,https://mergr.com/company/301625,2026-09-07T00:00:00Z
1293,Tinicum Capital Partners,New York,115189,STS Metals,Metals/Mining,"Irwindale, California, United States",2019-08-28,Secondary Buyout,,,7,True,,1,0,https://mergr.com/company/115189,2026-09-07T00:00:00Z
1293,Tinicum Capital Partners,New York,259291,Engineered Medical Systems,Medical Products,"Bartlett, Tennessee, United States",2019-01-31,Growth Capital,,,7.6,True,,0,0,https://mergr.com/company/259291,2026-09-07T00:00:00Z
1293,Tinicum Capital Partners,New York,259302,Eagle Holdco,Distribution,United States,2018-06-01,Growth Capital,,,8.3,True,,0,0,https://mergr.com/company/259302,2026-09-07T00:00:00Z
1293,Tinicum Capital Partners,New York,345304,American Drilling,Manufacturing,"Torrance, California, United States",2018-03-01,"Buyout (LBO, MBO, MBI)",2024-07-01,Divestiture,6.3,False,,0,0,https://mergr.com/company/345304,2026-09-07T00:00:00Z
1293,Tinicum Capital Partners,New York,12467,Astrodyne TDI,Electrical Equipment,"Hackettstown, New Jersey, United States",2017-11-27,Secondary Buyout,,,8.8,True,,1,0,https://mergr.com/company/12467,2026-09-07T00:00:00Z
1293,Tinicum Capital Partners,New York,238647,PAS Global LLC,Software,"Houston, Texas, United States",2017-04-11,Growth Capital,2020-11-04,Divestiture,3.5,False,,0,0,https://mergr.com/company/238647,2026-09-07T00:00:00Z
1293,Tinicum Capital Partners,New York,89941,Kennametal,Machinery,"Pittsburgh, Pennsylvania, United States",2015-02-01,Stake Purchase,,,11.6,True,1967,0,5,https://mergr.com/company/89941,2026-09-07T00:00:00Z
1293,Tinicum Capital Partners,New York,203990,Antero Midstream Partners,Oil/Gas Exploration,"Denver, Colorado, United States",2014-11-01,Stake Purchase,,,11.8,True,1177,2,0,https://mergr.com/company/203990,2026-09-07T00:00:00Z
1293,Tinicum Capital Partners,New York,259295,Pontos,Financial Services,"New York, New York, United States",2014-05-22,"Buyout (LBO, MBO, MBI)",2019-12-01,Unknown,5.5,False,,0,0,https://mergr.com/company/259295,2026-09-07T00:00:00Z
1293,Tinicum Capital Partners,New York,4933,"F+W Media, Inc.",Publishing,"Blue Ash, Ohio, United States",2014-05-05,Recapitalization,,,12.3,True,,0,3,https://mergr.com/company/4933,2026-09-07T00:00:00Z
1293,Tinicum Capital Partners,New York,101189,Flat Rock,Oil/Gas Exploration,"Morgantown, West Virginia, United States",2014-02-28,"Buyout (LBO, MBO, MBI)",,,12.5,True,,0,0,https://mergr.com/company/101189,2026-09-07T00:00:00Z
1293,Tinicum Capital Partners,New York,167241,"Rebellion Photonics, Inc.",Technology Hardware,"Houston, Texas, United States",2014-01-08,Venture,,,12.6,True,,0,0,https://mergr.com/company/167241,2026-09-07T00:00:00Z
1293,Tinicum Capital Partners,New York,101177,Envera Systems,Safety/Security,"Coconut Creek, Florida, United States",2013-10-01,"Buyout (LBO, MBO, MBI)",2022-11-18,Trade Sale - Public Company,9.1,False,,0,0,https://mergr.com/company/101177,2026-09-07T00:00:00Z
1293,Tinicum Capital Partners,New York,101209,Skyway Towers,Communications,"Tampa, Florida, United States",2012-12-01,"Buyout (LBO, MBO, MBI)",2022-05-27,Trade Sale - Public Company,9.4,False,,0,0,https://mergr.com/company/101209,2026-09-07T00:00:00Z
1293,Tinicum Capital Partners,New York,101153,CAM,Aerospace,"Brea, California, United States",2012-12-01,"Buyout (LBO, MBO, MBI)",2020-01-29,Divestiture,7.1,False,,1,0,https://mergr.com/company/101153,2026-09-07T00:00:00Z
1293,Tinicum Capital Partners,New York,7830,Forum Energy Technologies,Energy Services and Equipment,"Houston, Texas, United States",2012-04-12,PIPE,2020-05-01,Stake Sale,8,False,791,14,0,https://mergr.com/company/7830,2026-09-07T00:00:00Z
1293,Tinicum Capital Partners,New York,101141,Ashby Street Outdoor Holdings LLC,Marketing,"Fayetteville, Arizona, United States",2011-04-01,"Buyout (LBO, MBO, MBI)",2019-07-15,Divestiture,8.3,False,,0,0,https://mergr.com/company/101141,2026-09-07T00:00:00Z
1293,Tinicum Capital Partners,New York,101161,Doduco,Metals/Mining,"Pforzheim, Germany",2010-08-02,Divestiture,2020-06-03,Divestiture,9.8,False,,0,0,https://mergr.com/company/101161,2026-09-07T00:00:00Z
1293,Tinicum Capital Partners,New York,24177,"R3 Treatment, Inc.(dba R360 Environmental Solutions, Inc.)",Environmental,"The Woodlands, Texas, United States",2010-07-16,Divestiture,2012-09-17,Divestiture,2.2,False,,3,0,https://mergr.com/company/24177,2026-09-07T00:00:00Z
1293,Tinicum Capital Partners,New York,12289,"X-Rite, Inc.",Test/Measurement Equipment,"Grand Rapids, Michigan, United States",2008-08-22,PIPE,2012-04-10,Divestiture,3.6,False,,0,0,https://mergr.com/company/12289,2026-09-07T00:00:00Z
1293,Tinicum Capital Partners,New York,10380,NutriSystem,Healthcare Services,"Fort Washington, Pennsylvania, United States",2007-11-01,Stake Purchase,2013-01-01,Stake Sale,5.2,False,463,1,0,https://mergr.com/company/10380,2026-09-07T00:00:00Z
1293,Tinicum Capital Partners,New York,97341,"Solutia, Inc.",Chemicals,"St Louis, Missouri, United States",2007-10-01,Stake Purchase,2009-01-01,Stake Sale,1.3,False,,0,0,https://mergr.com/company/97341,2026-09-07T00:00:00Z
1293,Tinicum Capital Partners,New York,77009,Western Pneumatic Tube Co.,Manufacturing,"Kirkland, Washington, United States",2007-03-01,"Buyout (LBO, MBO, MBI)",2012-01-12,Divestiture,4.8,False,57,0,0,https://mergr.com/company/77009,2026-09-07T00:00:00Z
1293,Tinicum Capital Partners,New York,101201,"Liberman Broadcasting, Inc.",Media,"Burbank, California, United States",2007-03-01,"Buyout (LBO, MBO, MBI)",,,19.5,True,,0,0,https://mergr.com/company/101201,2026-09-07T00:00:00Z
1293,Tinicum Capital Partners,New York,34685,Plano Molding,Business Services,"Plano, Illinois, United States",2007-02-27,Recapitalization,2013-01-02,Trade Sale - Public Company,5.8,False,,0,0,https://mergr.com/company/34685,2026-09-07T00:00:00Z
1293,Tinicum Capital Partners,New York,5372,Accuride,Manufacturing,"Livonia, Michigan, United States",2006-05-01,Stake Purchase,,,20.3,True,685,3,5,https://mergr.com/company/5372,2026-09-07T00:00:00Z
1293,Tinicum Capital Partners,New York,70605,Enesco,Distribution,"Itasca, Illinois, United States",2006-02-15,Special Situations/Distressed,2015-11-09,Trade Sale - Public Company,9.7,False,,1,0,https://mergr.com/company/70605,2026-09-07T00:00:00Z
1293,Tinicum Capital Partners,New York,101145,Breeze-Eastern Corp.,Aerospace,"Whippany, New Jersey, United States",2006-02-01,Stake Purchase,,,20.6,True,89,0,0,https://mergr.com/company/101145,2026-09-07T00:00:00Z
1293,Tinicum Capital Partners,New York,101617,Skyway Towers Holdings I LLC,Communications,"Land O' Lakes, Florida, United States",2005-11-11,"Buyout (LBO, MBO, MBI)",,,20.8,True,,0,0,https://mergr.com/company/101617,2026-09-07T00:00:00Z
1293,Tinicum Capital Partners,New York,101233,"Capital Assurance Co., Inc.",Insurance,"Coral Gables, Florida, United States",2005-06-01,"Buyout (LBO, MBO, MBI)",2008-08-18,Divestiture,3.2,False,,0,0,https://mergr.com/company/101233,2026-09-07T00:00:00Z
1293,Tinicum Capital Partners,New York,99673,PennTool Group,Manufacturing,"Westland, Michigan, United States",2005-05-01,"Buyout (LBO, MBO, MBI)",,,21.3,True,,0,1,https://mergr.com/company/99673,2026-09-07T00:00:00Z
1293,Tinicum Capital Partners,New York,101225,"Adam Aircraft Industries, Inc.",Aerospace,"Englewood, Colorado, United States",2003-11-01,"Buyout (LBO, MBO, MBI)",2008-02-15,Bankruptcy,4.3,False,,0,0,https://mergr.com/company/101225,2026-09-07T00:00:00Z
1293,Tinicum Capital Partners,New York,8423,Charles River Laboratories International,Life Science,"Wilmington, Massachusetts, United States",2003-10-01,Stake Purchase,,,22.9,True,4015,31,5,https://mergr.com/company/8423,2026-09-07T00:00:00Z
1293,Tinicum Capital Partners,New York,101305,Hallmark Data Systems LLC,Information Technology,"Skokie, Illinois, United States",2003-08-07,Divestiture,2008-03-12,Divestiture,4.6,False,,0,0,https://mergr.com/company/101305,2026-09-07T00:00:00Z
1293,Tinicum Capital Partners,New York,101361,Palm Coast Data LLC,Business Services,"Palm Coast, Florida, United States",2002-04-04,"Buyout (LBO, MBO, MBI)",2005-08-09,Secondary Sale,3.3,False,,0,0,https://mergr.com/company/101361,2026-09-07T00:00:00Z
1293,Tinicum Capital Partners,New York,17364,CB&I,Engineering,"S-Gravenhage, Netherlands",2001-01-01,"Buyout (LBO, MBO, MBI)",2004-01-01,IPO,3,False,12930,0,0,https://mergr.com/company/17364,2026-09-07T00:00:00Z
1293,Tinicum Capital Partners,New York,101277,FEI Women's Health LLC,Medical Products,"North Tonawanda, New York, United States",2000-10-26,"Buyout (LBO, MBO, MBI)",2005-11-09,Divestiture,5,False,,0,0,https://mergr.com/company/101277,2026-09-07T00:00:00Z
1293,Tinicum Capital Partners,New York,85985,Flowserve,Energy Services and Equipment,"Irving, Texas, United States",2000-03-01,Stake Purchase,2003-01-01,Stake Sale,2.8,False,4729,1,0,https://mergr.com/company/85985,2026-09-07T00:00:00Z
1293,Tinicum Capital Partners,New York,101249,"Cordant Technologies, Inc.",Aerospace,"Salt Lake City, Utah, United States",2000-02-01,Stake Purchase,2000-05-25,Trade Sale - Public Company,0.3,False,,0,0,https://mergr.com/company/101249,2026-09-07T00:00:00Z
1293,Tinicum Capital Partners,New York,101293,Grupo Clarín,Media,"Buenos Aires, Argentina",1999-12-01,"Buyout (LBO, MBO, MBI)",2007-01-01,IPO,7.1,False,353850,0,0,https://mergr.com/company/101293,2026-09-07T00:00:00Z
1293,Tinicum Capital Partners,New York,101333,"Haskel International, Inc.",Machinery,"Burbank, California, United States",1999-04-01,"Buyout (LBO, MBO, MBI)",2004-10-29,Divestiture,5.5,False,,0,0,https://mergr.com/company/101333,2026-09-07T00:00:00Z
1293,Tinicum Capital Partners,New York,101357,XIK Corp.,Machinery,"Lisle, Illinois, United States",1999-01-01,"Buyout (LBO, MBO, MBI)",1999-02-01,Divestiture,0.1,False,,0,0,https://mergr.com/company/101357,2026-09-07T00:00:00Z
1975,TZP Group,New York,350277,PURE HomeRiver,Real Estate,"Los Gatos, California, United States",2026-01-22,"Buyout (LBO, MBO, MBI)",,,0.6,True,,2,0,https://mergr.com/company/350277,2026-09-07T00:00:00Z
1975,TZP Group,New York,326619,Results Roofing,Construction,"Carrollton, Texas, United States",2025-04-22,Recapitalization,,,1.3,True,,0,0,https://mergr.com/company/326619,2026-09-07T00:00:00Z
1975,TZP Group,New York,313221,Superscapes,Construction,"Carrollton, Texas, United States",2025-04-07,Recapitalization,,,1.4,True,,0,0,https://mergr.com/company/313221,2026-09-07T00:00:00Z
1975,TZP Group,New York,336156,Thrivewell Infusion,Healthcare Services,"Manhasset, New York, United States",2025-01-01,Growth Capital,,,1.7,True,,0,0,https://mergr.com/company/336156,2026-09-07T00:00:00Z
1975,TZP Group,New York,331750,TruVideo,Internet Software and Services,"Wellesley, Massachusetts, United States",2024-12-12,Growth Capital,,,1.7,True,,0,0,https://mergr.com/company/331750,2026-09-07T00:00:00Z
1975,TZP Group,New York,274813,TruBlue Technologies,Consumer Products,"Louisville, Colorado, United States",2024-01-16,Recapitalization,,,2.6,True,,0,0,https://mergr.com/company/274813,2026-09-07T00:00:00Z
1975,TZP Group,New York,336215,DanceOne,Media,"Los Angeles, California, United States",2023-11-30,"Buyout (LBO, MBO, MBI)",,,2.8,True,,0,0,https://mergr.com/company/336215,2026-09-07T00:00:00Z
1975,TZP Group,New York,277441,Trash Butler,Consumer Services,"Tampa, Florida, United States",2023-07-10,Growth Capital,,,3.1,True,,0,0,https://mergr.com/company/277441,2026-09-07T00:00:00Z
1975,TZP Group,New York,307370,Soccer Post,Retail,"North Eatontown, New Jersey, United States",2022-11-21,Growth Capital,2025-02-19,Sold to Management,2.2,False,,3,0,https://mergr.com/company/307370,2026-09-07T00:00:00Z
1975,TZP Group,New York,305943,Wave Sports + Entertainment,Media,"Santa Monica, California, United States",2022-02-24,Venture,,,4.5,True,,0,0,https://mergr.com/company/305943,2026-09-07T00:00:00Z
1975,TZP Group,New York,110657,America's Thrift Stores,Retail,"Birmingham, Alabama, United States",2022-02-15,Recapitalization,,,4.5,True,,0,0,https://mergr.com/company/110657,2026-09-07T00:00:00Z
1975,TZP Group,New York,336790,JAM Paper & Envelope,E-Commerce,"Northvale, New Jersey, United States",2021-12-07,"Buyout (LBO, MBO, MBI)",,,4.8,True,,1,0,https://mergr.com/company/336790,2026-09-07T00:00:00Z
1975,TZP Group,New York,233031,Re-Bath,Franchising,"Phoenix, Arizona, United States",2021-11-09,Secondary Buyout,,,4.8,True,,0,0,https://mergr.com/company/233031,2026-09-07T00:00:00Z
1975,TZP Group,New York,305944,Force Management,Business Services,"Charlotte, North Carolina, United States",2021-07-12,Recapitalization,,,5.1,True,,0,0,https://mergr.com/company/305944,2026-09-07T00:00:00Z
1975,TZP Group,New York,284408,Itzy Ritzy,Consumer Products,"Naperville, Illinois, United States",2021-04-22,"Buyout (LBO, MBO, MBI)",,,5.3,True,,0,0,https://mergr.com/company/284408,2026-09-07T00:00:00Z
1975,TZP Group,New York,283909,Kindred Bravely,Apparel/Textiles,"Oceanside, California, United States",2021-04-12,"Buyout (LBO, MBO, MBI)",,,5.3,True,,1,0,https://mergr.com/company/283909,2026-09-07T00:00:00Z
1975,TZP Group,New York,305946,Xero Shoes,Apparel/Textiles,"Broomfield, Colorado, United States",2020-12-15,Stake Purchase,,,5.7,True,,0,0,https://mergr.com/company/305946,2026-09-07T00:00:00Z
1975,TZP Group,New York,26067,Awareness Technologies,Software,"Westport, Connecticut, United States",2020-12-07,Secondary Buyout,,,5.8,True,,0,0,https://mergr.com/company/26067,2026-09-07T00:00:00Z
1975,TZP Group,New York,305947,SA Company,E-Commerce,"Boynton Beach, Florida, United States",2020-10-21,Stake Purchase,,,5.8,True,,0,0,https://mergr.com/company/305947,2026-09-07T00:00:00Z
1975,TZP Group,New York,272215,Evergent,Internet Software and Services,"Sunnyvale, California, United States",2020-05-14,Growth Capital,,,6.3,True,,0,0,https://mergr.com/company/272215,2026-09-07T00:00:00Z
1975,TZP Group,New York,273007,Constellation Advisers,Business Services,"New York, New York, United States",2020-02-18,Growth Capital,2021-01-05,Divestiture,0.8,False,,0,0,https://mergr.com/company/273007,2026-09-07T00:00:00Z
1975,TZP Group,New York,212178,Christy Sports,Retail,"Lakewood, Colorado, United States",2019-12-02,Secondary Buyout,,,6.8,True,,1,0,https://mergr.com/company/212178,2026-09-07T00:00:00Z
1975,TZP Group,New York,273134,Knix,Apparel/Textiles,"Toronto, Ontario, Canada",2019-11-26,Venture,2022-07-08,Divestiture,2.6,False,,0,0,https://mergr.com/company/273134,2026-09-07T00:00:00Z
1975,TZP Group,New York,191085,Quest Events,Business Services,"Frisco, Texas, United States",2019-01-08,Secondary Buyout,,,7.6,True,,1,0,https://mergr.com/company/191085,2026-09-07T00:00:00Z
1975,TZP Group,New York,252968,Resolvion,Business Services,"Charlotte, North Carolina, United States",2018-07-31,"Buyout (LBO, MBO, MBI)",,,8.1,True,,1,0,https://mergr.com/company/252968,2026-09-07T00:00:00Z
1975,TZP Group,New York,18322,Dwellworks,Business Services,"Cleveland, Ohio, United States",2018-05-30,Secondary Buyout,,,8.3,True,,0,1,https://mergr.com/company/18322,2026-09-07T00:00:00Z
1975,TZP Group,New York,253650,Triangle Home Fashions,Apparel/Textiles,"East Brunswick, New Jersey, United States",2018-03-28,Growth Capital,,,8.4,True,,0,0,https://mergr.com/company/253650,2026-09-07T00:00:00Z
1975,TZP Group,New York,249024,AtData,Information Technology,"Dedham, Massachusetts, United States",2018-03-01,Growth Capital,2026-02-23,Divestiture,7.9,False,,1,0,https://mergr.com/company/249024,2026-09-07T00:00:00Z
1975,TZP Group,New York,249025,Advocate Solutions,Business Services,"Columbus, Ohio, United States",2017-03-29,Growth Capital,2020-05-29,Divestiture,3.2,False,,0,0,https://mergr.com/company/249025,2026-09-07T00:00:00Z
1975,TZP Group,New York,253665,Pyramid Global Hospitality,Leisure,"Boston, Massachusetts, United States",2016-11-04,Growth Capital,,,9.8,True,,0,0,https://mergr.com/company/253665,2026-09-07T00:00:00Z
1975,TZP Group,New York,224485,Hylan,Engineering,"Holmdel, New Jersey, United States",2016-07-26,Growth Capital,2024-04-11,Sold to Management,7.7,False,,0,0,https://mergr.com/company/224485,2026-09-07T00:00:00Z
1975,TZP Group,New York,253667,"Del Mar Recovery Solutions, Inc.",Financial Services,"Carlsbad, California, United States",2016-07-19,Growth Capital,2019-11-11,Spin Off,3.3,False,,0,0,https://mergr.com/company/253667,2026-09-07T00:00:00Z
1975,TZP Group,New York,253666,Kingsbridge Holdings,Financial Services,"Lake Forest, Illinois, United States",2016-07-15,Growth Capital,2020-11-05,Trade Sale - Public Company,4.3,False,,1,0,https://mergr.com/company/253666,2026-09-07T00:00:00Z
1975,TZP Group,New York,218092,This Old House Ventures,Media,"Stamford, Connecticut, United States",2016-04-01,Divestiture,2021-03-19,Divestiture,4.9,False,,0,0,https://mergr.com/company/218092,2026-09-07T00:00:00Z
1975,TZP Group,New York,215032,LAC Group,Information Services,"Los Angeles, California, United States",2016-02-03,Growth Capital,2022-07-21,Spin Off,6.4,False,,1,1,https://mergr.com/company/215032,2026-09-07T00:00:00Z
1975,TZP Group,New York,265244,TLC Hospitality,Transportation,"Garland, Texas, United States",2016-01-06,"Buyout (LBO, MBO, MBI)",2019-10-15,Trade Sale - Public Company,3.8,False,,0,0,https://mergr.com/company/265244,2026-09-07T00:00:00Z
1975,TZP Group,New York,253672,HomeRiver Group,Real Estate,"Parsippany, New Jersey, United States",2016-01-01,"Buyout (LBO, MBO, MBI)",2026-01-22,Spin Off,10,False,,0,0,https://mergr.com/company/253672,2026-09-07T00:00:00Z
1975,TZP Group,New York,253678,ASSOS of Switzerland,Apparel/Textiles,"Stabio, Switzerland",2015-09-11,"Buyout (LBO, MBO, MBI)",,,10.9,True,,0,0,https://mergr.com/company/253678,2026-09-07T00:00:00Z
1975,TZP Group,New York,218420,Black Tux,Apparel/Textiles,"Gardena, California, United States",2015-09-09,Growth Capital,,,10.9,True,,0,0,https://mergr.com/company/218420,2026-09-07T00:00:00Z
1975,TZP Group,New York,191080,Family Entertainment Group,Leisure,"Itasca, Illinois, United States",2015-06-10,Recapitalization,2022-07-21,Trade Sale - Public Company,7.1,False,,0,0,https://mergr.com/company/191080,2026-09-07T00:00:00Z
1975,TZP Group,New York,253638,BigName Commerce,E-Commerce,"Amityville, New York, United States",2015-04-06,Consolidation,2021-12-07,Spin Off,6.7,False,,3,0,https://mergr.com/company/253638,2026-09-07T00:00:00Z
1975,TZP Group,New York,16152,"Global Employment Solutions, Inc.",Staffing,"Littleton, Colorado, United States",2014-03-31,Secondary Buyout,2019-10-22,Divestiture,5.5,False,,0,0,https://mergr.com/company/16152,2026-09-07T00:00:00Z
1975,TZP Group,New York,12639,Lift Brands,Franchising,"Chanhassen, Minnesota, United States",2014-01-09,Secondary Buyout,,,12.6,True,,0,0,https://mergr.com/company/12639,2026-09-07T00:00:00Z
1975,TZP Group,New York,197229,Cloud5,Business Services,"Springfield, Massachusetts, United States",2013-10-15,Growth Capital,2019-10-22,Trade Sale - Public Company,6,False,,1,0,https://mergr.com/company/197229,2026-09-07T00:00:00Z
1975,TZP Group,New York,56314,Sapphire Resorts,Leisure,"Las Vegas, Nevada, United States",2013-04-01,Growth Capital,,,13.4,True,,0,0,https://mergr.com/company/56314,2026-09-07T00:00:00Z
1975,TZP Group,New York,22415,Total Military Management,Consumer Services,"Jacksonville, Florida, United States",2012-05-01,Secondary Buyout,2015-04-20,Trade Sale - Public Company,2.9,False,,0,0,https://mergr.com/company/22415,2026-09-07T00:00:00Z
1975,TZP Group,New York,202816,Media Storm,Marketing,"New York, New York, United States",2011-10-24,Secondary Buyout,2020-02-13,Divestiture,8.3,False,,0,0,https://mergr.com/company/202816,2026-09-07T00:00:00Z
1975,TZP Group,New York,27925,Neighborly,Franchising,"Waco, Texas, United States",2010-12-08,Secondary Buyout,2014-08-18,Trade Sale - Public Company,3.7,False,,0,0,https://mergr.com/company/27925,2026-09-07T00:00:00Z
1975,TZP Group,New York,232750,SAXX Underwear,Apparel/Textiles,"Vancouver, British Columbia, Canada",2010-04-01,Growth Capital,,,16.4,True,,0,0,https://mergr.com/company/232750,2026-09-07T00:00:00Z
1975,TZP Group,New York,27924,"DLT Solutions, Inc.",Information Technology,"Herndon, Virginia, United States",2009-10-15,Growth Capital,2015-01-30,Trade Sale - Public Company,5.3,False,,0,0,https://mergr.com/company/27924,2026-09-07T00:00:00Z
1975,TZP Group,New York,27923,avVenta Worldwide LLC,Marketing,"New York, New York, United States",2009-01-12,Growth Capital,2012-10-09,Divestiture,3.7,False,,0,0,https://mergr.com/company/27923,2026-09-07T00:00:00Z
2834,Graycliff Partners,New York,349653,Apex Plumbing,Business Services,"Clearwater, Florida, United States",2026-05-27,"Buyout (LBO, MBO, MBI)",,,0.3,True,,0,0,https://mergr.com/company/349653,2026-09-07T00:00:00Z
2834,Graycliff Partners,New York,349071,Tramont,Manufacturing,"Milwaukee, Wisconsin, United States",2026-05-12,"Buyout (LBO, MBO, MBI)",,,0.3,True,,0,0,https://mergr.com/company/349071,2026-09-07T00:00:00Z
2834,Graycliff Partners,New York,346514,Dynamic Drain Technologies,Environmental,"Alexandria, Virginia, United States",2025-10-01,"Buyout (LBO, MBO, MBI)",,,0.9,True,,0,0,https://mergr.com/company/346514,2026-09-07T00:00:00Z
2834,Graycliff Partners,New York,346517,Rosco Vision,Automotive,"Jamaica, New York, United States",2025-09-23,Growth Capital,,,0.9,True,,0,0,https://mergr.com/company/346517,2026-09-07T00:00:00Z
2834,Graycliff Partners,New York,340279,Vytex,Building Materials,"Laurel, Maryland, United States",2025-09-11,Growth Capital,,,0.9,True,,1,0,https://mergr.com/company/340279,2026-09-07T00:00:00Z
2834,Graycliff Partners,New York,30549,Griswold Home Care,Consumer Services,"Blue Bell, Pennsylvania, United States",2025-07-22,Secondary Buyout,,,1.1,True,,0,0,https://mergr.com/company/30549,2026-09-07T00:00:00Z
2834,Graycliff Partners,New York,338585,Richardson,Business Services,"Richardson, Texas, United States",2025-07-22,Growth Capital,,,1.1,True,,0,0,https://mergr.com/company/338585,2026-09-07T00:00:00Z
2834,Graycliff Partners,New York,336106,TriStar Plastics,Plastics,"Shrewsbury, Massachusetts, United States",2025-04-29,"Buyout (LBO, MBO, MBI)",,,1.3,True,,0,0,https://mergr.com/company/336106,2026-09-07T00:00:00Z
2834,Graycliff Partners,New York,332643,Global Compression Services,Distribution,"Midland, Texas, United States",2025-01-09,Divestiture,,,1.6,True,,0,0,https://mergr.com/company/332643,2026-09-07T00:00:00Z
2834,Graycliff Partners,New York,186163,Boss Industries,Machinery,"LaPorte, Indiana, United States",2025-01-06,Secondary Buyout,,,1.7,True,,0,0,https://mergr.com/company/186163,2026-09-07T00:00:00Z
2834,Graycliff Partners,New York,337328,REI Utility Services,Utilities,"Athens, Texas, United States",2024-09-17,"Buyout (LBO, MBO, MBI)",,,1.9,True,,1,0,https://mergr.com/company/337328,2026-09-07T00:00:00Z
2834,Graycliff Partners,New York,327479,Diamond Chemical,Chemicals,"East Rutherford, New Jersey, United States",2024-07-26,Growth Capital,,,2.1,True,,2,0,https://mergr.com/company/327479,2026-09-07T00:00:00Z
2834,Graycliff Partners,New York,319869,Phaedon,Marketing,"Minneapolis, Minnesota, United States",2023-12-14,Divestiture,,,2.7,True,,0,0,https://mergr.com/company/319869,2026-09-07T00:00:00Z
2834,Graycliff Partners,New York,259369,XCEL NDT,Business Services,"Norman, Oklahoma, United States",2023-10-30,Divestiture,,,2.8,True,,0,0,https://mergr.com/company/259369,2026-09-07T00:00:00Z
2834,Graycliff Partners,New York,312435,Rishi Tea & Botanicals,Consumer Products,"Milwaukee, Wisconsin, United States",2023-04-18,Growth Capital,,,3.3,True,,0,0,https://mergr.com/company/312435,2026-09-07T00:00:00Z
2834,Graycliff Partners,New York,311684,Republic Electric,Distribution,"Davenport, Iowa, United States",2023-03-29,Growth Capital,,,3.4,True,,0,0,https://mergr.com/company/311684,2026-09-07T00:00:00Z
2834,Graycliff Partners,New York,268509,Fulham,Electrical Equipment,"Hawthorne, California, United States",2022-09-06,Growth Capital,,,4,True,,0,0,https://mergr.com/company/268509,2026-09-07T00:00:00Z
2834,Graycliff Partners,New York,303834,FLEX Logistics,Transportation,"Eastvale, California, United States",2022-08-18,"Buyout (LBO, MBO, MBI)",,,4,True,,2,0,https://mergr.com/company/303834,2026-09-07T00:00:00Z
2834,Graycliff Partners,New York,204897,Metaltec Steel Abrasive,Metals/Mining,"Canton, Michigan, United States",2022-08-10,Recapitalization,,,4,True,,0,0,https://mergr.com/company/204897,2026-09-07T00:00:00Z
2834,Graycliff Partners,New York,299908,Phlebototomy Training Specialists,Education,"Lindon, Utah, United States",2022-05-16,Growth Capital,,,4.3,True,,0,0,https://mergr.com/company/299908,2026-09-07T00:00:00Z
2834,Graycliff Partners,New York,323827,Guidewell Education,Education,"Sacramento, California, United States",2022-05-02,Growth Capital,,,4.3,True,,0,0,https://mergr.com/company/323827,2026-09-07T00:00:00Z
2834,Graycliff Partners,New York,320501,Landmark Structures,Construction,"Fort Worth, Texas, United States",2022-04-18,"Buyout (LBO, MBO, MBI)",2024-12-19,Trade Sale - Public Company,2.7,False,,0,0,https://mergr.com/company/320501,2026-09-07T00:00:00Z
2834,Graycliff Partners,New York,294065,Talk More Wireless,Retail,"Saint Petersburg, Florida, United States",2021-12-21,Growth Capital,2025-01-01,Unknown,3,False,,0,0,https://mergr.com/company/294065,2026-09-07T00:00:00Z
2834,Graycliff Partners,New York,292175,BDV Solutions,Business Services,"Greenville, South Carolina, United States",2021-11-04,"Buyout (LBO, MBO, MBI)",,,4.8,True,,2,0,https://mergr.com/company/292175,2026-09-07T00:00:00Z
2834,Graycliff Partners,New York,291801,Genesis Rail Services,Transportation,"Roanoke, Virginia, United States",2021-10-27,"Buyout (LBO, MBO, MBI)",,,4.8,True,,2,1,https://mergr.com/company/291801,2026-09-07T00:00:00Z
2834,Graycliff Partners,New York,290979,C-Hawk,Plastics,"Hayward, California, United States",2021-10-04,Recapitalization,,,4.9,True,,0,0,https://mergr.com/company/290979,2026-09-07T00:00:00Z
2834,Graycliff Partners,New York,314094,Premier Outdoor Living,Furniture,"Hometown, Pennsylvania, United States",2021-10-04,Consolidation,,,4.9,True,,2,0,https://mergr.com/company/314094,2026-09-07T00:00:00Z
2834,Graycliff Partners,New York,290665,Electro-Mechanical,Manufacturing,"Bristol, Virginia, United States",2021-09-22,"Buyout (LBO, MBO, MBI)",2024-03-01,Trade Sale - Public Company,2.4,False,,0,0,https://mergr.com/company/290665,2026-09-07T00:00:00Z
2834,Graycliff Partners,New York,339687,Scruggs,Distribution,"Houston, Texas, United States",2021-08-30,"Buyout (LBO, MBO, MBI)",2026-04-24,Trade Sale - Public Company,4.6,False,,2,0,https://mergr.com/company/339687,2026-09-07T00:00:00Z
2834,Graycliff Partners,New York,287442,Gold Tech Industries,Manufacturing,"Tempe, Arizona, United States",2021-07-07,"Buyout (LBO, MBO, MBI)",,,5.2,True,,0,0,https://mergr.com/company/287442,2026-09-07T00:00:00Z
2834,Graycliff Partners,New York,226987,PumpMan,Business Services,"Saddle Brook, New Jersey, United States",2021-06-29,Growth Capital,2023-12-04,Divestiture,2.4,False,,2,0,https://mergr.com/company/226987,2026-09-07T00:00:00Z
2834,Graycliff Partners,New York,286371,NewAir,Consumer Products,"Cypress, California, United States",2021-06-09,Recapitalization,,,5.2,True,,0,0,https://mergr.com/company/286371,2026-09-07T00:00:00Z
2834,Graycliff Partners,New York,281602,Ballymore,Building Materials,"Coatesville, Pennsylvania, United States",2021-02-09,"Buyout (LBO, MBO, MBI)",2024-04-17,Trade Sale - Public Company,3.2,False,,1,0,https://mergr.com/company/281602,2026-09-07T00:00:00Z
2834,Graycliff Partners,New York,281258,MKD Electric,Engineering,"Elgin, Illinois, United States",2021-02-03,Recapitalization,,,5.6,True,,6,0,https://mergr.com/company/281258,2026-09-07T00:00:00Z
2834,Graycliff Partners,New York,248797,Griffin Fluid Management,Machinery,"Houston, Texas, United States",2020-12-02,"Buyout (LBO, MBO, MBI)",,,5.8,True,,1,0,https://mergr.com/company/248797,2026-09-07T00:00:00Z
2834,Graycliff Partners,New York,276869,ATRO Engineered Systems,Automotive,"St. Clair, Missouri, United States",2020-10-01,Growth Capital,,,5.9,True,,0,0,https://mergr.com/company/276869,2026-09-07T00:00:00Z
2834,Graycliff Partners,New York,275835,Gerard Daniel Worldwide,Manufacturing,"Hanover, Pennsylvania, United States",2020-09-02,"Buyout (LBO, MBO, MBI)",,,6,True,,3,0,https://mergr.com/company/275835,2026-09-07T00:00:00Z
2834,Graycliff Partners,New York,271716,Accelalpha,Information Technology,"Bellevue, Washington, United States",2020-04-20,Recapitalization,2024-09-09,Divestiture,4.3,False,,3,0,https://mergr.com/company/271716,2026-09-07T00:00:00Z
2834,Graycliff Partners,New York,181020,Japonesque,Consumer Products,"San Ramon, California, United States",2019-09-23,Secondary Buyout,,,6.9,True,,1,0,https://mergr.com/company/181020,2026-09-07T00:00:00Z
2834,Graycliff Partners,New York,266068,Raptor Scientific,Test/Measurement Equipment,"Berlin, Connecticut, United States",2019-09-10,Consolidation,2024-05-28,Divestiture,4.7,False,,4,0,https://mergr.com/company/266068,2026-09-07T00:00:00Z
2834,Graycliff Partners,New York,260861,Ingredients PLUS,Food,"Rochester, New York, United States",2019-05-14,"Buyout (LBO, MBO, MBI)",2024-01-01,Divestiture,4.6,False,,0,0,https://mergr.com/company/260861,2026-09-07T00:00:00Z
2834,Graycliff Partners,New York,32321,Custom Profile,Plastics,"Grand Rapids, Michigan, United States",2019-04-25,Secondary Buyout,,,7.3,True,,0,0,https://mergr.com/company/32321,2026-09-07T00:00:00Z
2834,Graycliff Partners,New York,259168,Echelon Supply and Service,Manufacturing,"Liverpool, New York, United States",2018-12-01,"Buyout (LBO, MBO, MBI)",,,7.8,True,,3,0,https://mergr.com/company/259168,2026-09-07T00:00:00Z
2834,Graycliff Partners,New York,254662,PebbleTec,Building Materials,"Scottsdale, Arizona, United States",2018-10-03,"Buyout (LBO, MBO, MBI)",2021-11-03,Divestiture,3.1,False,,0,0,https://mergr.com/company/254662,2026-09-07T00:00:00Z
2834,Graycliff Partners,New York,254191,AmpliSource,Food,"Elizabethtown, Pennsylvania, United States",2018-09-17,Growth Capital,,,7.9,True,,0,0,https://mergr.com/company/254191,2026-09-07T00:00:00Z
2834,Graycliff Partners,New York,259156,VoiceComm,Business Services,"Pennsauken, New Jersey, United States",2018-09-06,Growth Capital,,,8,True,,1,0,https://mergr.com/company/259156,2026-09-07T00:00:00Z
2834,Graycliff Partners,New York,259154,Worldwide Electric,Electrical Equipment,"Rochester, New York, United States",2018-06-25,Growth Capital,2022-10-04,Trade Sale - Public Company,4.3,False,,1,0,https://mergr.com/company/259154,2026-09-07T00:00:00Z
2834,Graycliff Partners,New York,37317,Oberfields,Building Materials,"Columbus, Ohio, United States",2017-04-05,Secondary Buyout,,,9.4,True,,0,0,https://mergr.com/company/37317,2026-09-07T00:00:00Z
2834,Graycliff Partners,New York,229981,Palmetto Moon,Retail,"North Charleston, South Carolina, United States",2016-11-07,"Buyout (LBO, MBO, MBI)",,,9.8,True,,0,0,https://mergr.com/company/229981,2026-09-07T00:00:00Z
2834,Graycliff Partners,New York,22178,Installs,Business Services,"Buffalo, New York, United States",2016-11-04,Growth Capital,2018-02-21,Spin Off,1.3,False,,0,0,https://mergr.com/company/22178,2026-09-07T00:00:00Z
2834,Graycliff Partners,New York,4057,LTI,Manufacturing,"Baldwin Park, California, United States",2016-11-03,Divestiture,2022-03-01,Unknown,5.3,False,,0,0,https://mergr.com/company/4057,2026-09-07T00:00:00Z
2834,Graycliff Partners,New York,228170,Dedoes Industries,Machinery,"Walled Lake, Michigan, United States",2016-10-10,"Buyout (LBO, MBO, MBI)",,,9.8,True,,0,0,https://mergr.com/company/228170,2026-09-07T00:00:00Z
2834,Graycliff Partners,New York,259169,NAL Group,Transportation,"Edison, New Jersey, United States",2016-10-01,"Buyout (LBO, MBO, MBI)",2020-03-03,Divestiture,3.4,False,,1,0,https://mergr.com/company/259169,2026-09-07T00:00:00Z
2834,Graycliff Partners,New York,226417,Impakt Holdings LLC,Manufacturing,"Santa Clara, California, United States",2016-09-07,Growth Capital,2018-11-13,Divestiture,2.2,False,,0,0,https://mergr.com/company/226417,2026-09-07T00:00:00Z
2834,Graycliff Partners,New York,223149,901D LLC,Defense,"Airmont, New York, United States",2016-07-06,"Buyout (LBO, MBO, MBI)",2019-11-26,Divestiture,3.3,False,,0,0,https://mergr.com/company/223149,2026-09-07T00:00:00Z
2834,Graycliff Partners,New York,26396,Williams AV,Technology Hardware,"Eden Prairie, Minnesota, United States",2016-03-17,Recapitalization,,,10.4,True,,0,0,https://mergr.com/company/26396,2026-09-07T00:00:00Z
2834,Graycliff Partners,New York,32278,Alpha Imaging,Distribution,"Willoughby, Ohio, United States",2015-11-06,Recapitalization,2020-06-01,Sold to Management,4.5,False,,2,0,https://mergr.com/company/32278,2026-09-07T00:00:00Z
2834,Graycliff Partners,New York,26878,Super Color Digital,Business Services,"Irvine, California, United States",2015-09-30,Growth Capital,,,10.9,True,,0,0,https://mergr.com/company/26878,2026-09-07T00:00:00Z
2834,Graycliff Partners,New York,1608,Stone Source,Building Materials,"New York, New York, United States",2015-09-23,Recapitalization,2022-04-01,Divestiture,6.5,False,,0,0,https://mergr.com/company/1608,2026-09-07T00:00:00Z
2834,Graycliff Partners,New York,3126,Wood Pro,Distribution,"Auburn, Massachusetts, United States",2015-06-01,Secondary Buyout,2020-12-18,Divestiture,5.5,False,,0,0,https://mergr.com/company/3126,2026-09-07T00:00:00Z
2834,Graycliff Partners,New York,13504,FCA Packaging,Packaging,"Moline, Illinois, United States",2015-01-06,Secondary Buyout,2022-07-21,Trade Sale - Public Company,7.5,False,,2,0,https://mergr.com/company/13504,2026-09-07T00:00:00Z
2834,Graycliff Partners,New York,163641,Hillsboro Aero Academy,Education,"Hillsboro, Oregon, United States",2014-11-30,Divestiture,2024-05-01,Unknown,9.4,False,,0,0,https://mergr.com/company/163641,2026-09-07T00:00:00Z
2834,Graycliff Partners,New York,13910,Mark Andy,Machinery,"Chesterfield, Missouri, United States",2014-08-22,Secondary Buyout,2023-06-08,Trade Sale - Public Company,8.8,False,,1,0,https://mergr.com/company/13910,2026-09-07T00:00:00Z
2834,Graycliff Partners,New York,113169,Fairway Architectural Railing Solutions,Building Materials,"Mount Joy, Pennsylvania, United States",2014-08-07,Growth Capital,2021-01-04,Divestiture,6.3,False,,1,0,https://mergr.com/company/113169,2026-09-07T00:00:00Z
2834,Graycliff Partners,New York,222325,E&E IT Consulting Services,Information Technology,"Mechanicsburg, Pennsylvania, United States",2014-07-19,Growth Capital,,,12.1,True,,1,0,https://mergr.com/company/222325,2026-09-07T00:00:00Z
2834,Graycliff Partners,New York,215706,Ambrell Corp.,Machinery,"Scottsville, New York, United States",2014-05-07,"Buyout (LBO, MBO, MBI)",2017-05-24,Divestiture,3,False,,0,0,https://mergr.com/company/215706,2026-09-07T00:00:00Z
2834,Graycliff Partners,New York,215710,HarperLove,Chemicals,"Charlotte, North Carolina, United States",2014-04-28,Growth Capital,2020-01-02,Trade Sale - Public Company,5.7,False,,0,0,https://mergr.com/company/215710,2026-09-07T00:00:00Z
2834,Graycliff Partners,New York,25724,Essent,Financial Services,"Hamilton, Bermuda",2013-10-31,PIPE,2013-10-31,Sold to Existing Investors,0,False,1288,0,0,https://mergr.com/company/25724,2026-09-07T00:00:00Z
2834,Graycliff Partners,New York,175975,Talon Innovations Corp.,Manufacturing,"Sauk Rapids, Minnesota, United States",2013-10-23,Growth Capital,2017-11-09,Divestiture,4,False,,1,0,https://mergr.com/company/175975,2026-09-07T00:00:00Z
2834,Graycliff Partners,New York,4390,Moss,Marketing,"Franklin Park, Illinois, United States",2013-07-09,Secondary Buyout,2016-05-06,Trade Sale - Public Company,2.8,False,,2,0,https://mergr.com/company/4390,2026-09-07T00:00:00Z
2834,Graycliff Partners,New York,247985,CSAT Solutions,Business Services,"Houston, Texas, United States",2013-01-01,"Buyout (LBO, MBO, MBI)",2019-10-10,Trade Sale - Public Company,6.8,False,,0,0,https://mergr.com/company/247985,2026-09-07T00:00:00Z
2834,Graycliff Partners,New York,27438,Naumann Hobbs Material Handling,Business Services,"Phoenix, Arizona, United States",2012-12-13,Recapitalization,2019-08-30,Trade Sale - Public Company,6.7,False,,0,0,https://mergr.com/company/27438,2026-09-07T00:00:00Z
2834,Graycliff Partners,New York,38961,"Skandia, Inc.",Aerospace,"Davis Junction, Illinois, United States",2012-04-24,"Buyout (LBO, MBO, MBI)",2018-07-13,Divestiture,6.2,False,,0,0,https://mergr.com/company/38961,2026-09-07T00:00:00Z
2834,Graycliff Partners,New York,17918,Globe Food Equipment Co.,Manufacturing,"Dayton, Ohio, United States",2011-12-05,Secondary Buyout,2017-10-18,Divestiture,5.8,False,,0,0,https://mergr.com/company/17918,2026-09-07T00:00:00Z
2834,Graycliff Partners,New York,17923,Collins,Automotive,"Hutchinson, Kansas, United States",2011-12-05,"Buyout (LBO, MBO, MBI)",,,14.8,True,,0,0,https://mergr.com/company/17923,2026-09-07T00:00:00Z
2834,Graycliff Partners,New York,17928,Tops Markets LLC,Retail,"Williamsville, New York, United States",2011-12-05,Secondary Buyout,2013-12-02,Secondary Sale,1.9,False,,0,0,https://mergr.com/company/17928,2026-09-07T00:00:00Z
2834,Graycliff Partners,New York,34321,Impresa Aerospace,Aerospace,"Gardena, California, United States",2010-10-28,"Buyout (LBO, MBO, MBI)",2014-10-15,Secondary Sale,3.9,False,,0,0,https://mergr.com/company/34321,2026-09-07T00:00:00Z
2834,Graycliff Partners,New York,69474,Harmon Hall,Education,"Mexico City, Mexico",2010-09-06,"Buyout (LBO, MBO, MBI)",2019-03-26,Divestiture,8.5,False,,0,0,https://mergr.com/company/69474,2026-09-07T00:00:00Z
2834,Graycliff Partners,New York,5617,Arabela,Retail,"Toluca, Mexico",2009-10-02,Secondary Buyout,,,16.9,True,,0,0,https://mergr.com/company/5617,2026-09-07T00:00:00Z
2834,Graycliff Partners,New York,220495,Herndon Aerospace & Defense LLC,Distribution,"O'Fallon, Missouri, United States",2009-10-01,Recapitalization,2016-05-17,Divestiture,6.6,False,,4,0,https://mergr.com/company/220495,2026-09-07T00:00:00Z
2834,Graycliff Partners,New York,8657,"Information Storage Consolidation Co., LLC",Business Services,"Carrollton, Texas, United States",2008-10-01,"Buyout (LBO, MBO, MBI)",2013-05-21,Divestiture,4.6,False,,0,0,https://mergr.com/company/8657,2026-09-07T00:00:00Z
2834,Graycliff Partners,New York,25724,Essent,Financial Services,"Hamilton, Bermuda",2008-10-01,Stake Purchase,2013-10-31,Sold to Existing Investors,5,False,1288,0,0,https://mergr.com/company/25724,2026-09-07T00:00:00Z
2834,Graycliff Partners,New York,69354,StrataTech Education Group,Education,"Phoenix, Arizona, United States",2008-09-01,"Buyout (LBO, MBO, MBI)",2019-06-18,Trade Sale - Public Company,10.8,False,,0,0,https://mergr.com/company/69354,2026-09-07T00:00:00Z
2834,Graycliff Partners,New York,69366,"Aptalis Pharma, Inc.",Medical Products,"Mont-Saint-Hilaire, Quebec, Canada",2008-01-01,"Buyout (LBO, MBO, MBI)",2014-01-08,Divestiture,6,False,,0,0,https://mergr.com/company/69366,2026-09-07T00:00:00Z
2834,Graycliff Partners,New York,17921,VLS Environmental Solutions,Environmental,"Houston, Texas, United States",2007-12-01,"Buyout (LBO, MBO, MBI)",2017-10-17,Trade Sale - Public Company,9.8,False,,0,0,https://mergr.com/company/17921,2026-09-07T00:00:00Z
2834,Graycliff Partners,New York,17924,Flash Global,Transportation,"Parsippany, New Jersey, United States",2007-04-01,"Buyout (LBO, MBO, MBI)",2022-12-15,Trade Sale - Public Company,15.7,False,,0,0,https://mergr.com/company/17924,2026-09-07T00:00:00Z
2834,Graycliff Partners,New York,17935,"Rutland Plastic Technologies, Inc.",Plastics,"Pineville, North Carolina, United States",2004-12-01,Secondary Buyout,2013-09-10,Trade Sale - Public Company,8.8,False,,0,0,https://mergr.com/company/17935,2026-09-07T00:00:00Z
3237,GreyLion,New York,349388,Tanis Brush,Manufacturing,"Delafield, Wisconsin, United States",2026-05-20,Growth Capital,,,0.3,True,,0,0,https://mergr.com/company/349388,2026-09-07T00:00:00Z
3237,GreyLion,New York,337819,Torginol,Building Materials,"Sheboygan, Wisconsin, United States",2025-06-26,Growth Capital,,,1.2,True,,1,0,https://mergr.com/company/337819,2026-09-07T00:00:00Z
3237,GreyLion,New York,329766,Birdseye Security Solutions,Safety/Security,"Mississauga, Ontario, Canada",2024-10-15,Growth Capital,,,1.8,True,,0,0,https://mergr.com/company/329766,2026-09-07T00:00:00Z
3237,GreyLion,New York,297344,Norwood Sawmills,Machinery,"Oro-Medonte, Ontario, Canada",2022-03-10,"Buyout (LBO, MBO, MBI)",2025-10-23,Divestiture,3.6,False,,0,0,https://mergr.com/company/297344,2026-09-07T00:00:00Z
3237,GreyLion,New York,297528,Trifecta Collective,Media,"Arlington, Virginia, United States",2022-03-01,"Buyout (LBO, MBO, MBI)",,,4.5,True,,5,0,https://mergr.com/company/297528,2026-09-07T00:00:00Z
3237,GreyLion,New York,300374,Webconnex,Software,"Sacramento, California, United States",2022-01-10,Growth Capital,,,4.6,True,,0,0,https://mergr.com/company/300374,2026-09-07T00:00:00Z
3237,GreyLion,New York,338998,Slipstream IT,Information Technology,"Blue Bell, Pennsylvania, United States",2022-01-01,Growth Capital,,,4.7,True,,1,0,https://mergr.com/company/338998,2026-09-07T00:00:00Z
3237,GreyLion,New York,313108,Swyft Filings,Business Services,"Houston, Texas, United States",2021-12-01,"Buyout (LBO, MBO, MBI)",,,4.8,True,,0,0,https://mergr.com/company/313108,2026-09-07T00:00:00Z
3237,GreyLion,New York,153673,ADC Aerospace,Metals/Mining,"Buena Park, California, United States",2019-08-26,Secondary Buyout,,,7,True,,2,0,https://mergr.com/company/153673,2026-09-07T00:00:00Z
3237,GreyLion,New York,250663,TickPick,Internet Software and Services,"New York City, New York, United States",2019-01-01,"Buyout (LBO, MBO, MBI)",2024-08-22,Trade Sale - Public Company,5.6,False,,0,0,https://mergr.com/company/250663,2026-09-07T00:00:00Z
3237,GreyLion,New York,177735,Quick Med Claims,Business Services,"Pittsburgh, Pennsylvania, United States",2018-11-12,Secondary Buyout,2025-11-01,Unknown,6.9,False,,0,0,https://mergr.com/company/177735,2026-09-07T00:00:00Z
3237,GreyLion,New York,256214,SkinSpirit,Consumer Services,"Palo Alto, California, United States",2018-10-11,Growth Capital,,,7.8,True,,0,0,https://mergr.com/company/256214,2026-09-07T00:00:00Z
3237,GreyLion,New York,199873,360training,Education,"Austin, Texas, United States",2018-02-20,Growth Capital,,,8.5,True,,16,0,https://mergr.com/company/199873,2026-09-07T00:00:00Z
3237,GreyLion,New York,254654,BuildASign.com,Business Services,"Austin, Texas, United States",2018-02-10,Growth Capital,2018-09-25,Divestiture,0.6,False,129,0,0,https://mergr.com/company/254654,2026-09-07T00:00:00Z
3237,GreyLion,New York,4151,Delphon,Manufacturing,"Hayward, California, United States",2018-01-11,Secondary Buyout,,,8.6,True,,0,0,https://mergr.com/company/4151,2026-09-07T00:00:00Z
3237,GreyLion,New York,243508,Luna Grill,Restaurants,"San Diego, California, United States",2017-09-18,Growth Capital,,,8.9,True,,0,0,https://mergr.com/company/243508,2026-09-07T00:00:00Z
3237,GreyLion,New York,240275,RealReal,E-Commerce,"San Francisco, California, United States",2017-06-06,Growth Capital,2019-06-28,IPO,2,False,693,0,0,https://mergr.com/company/240275,2026-09-07T00:00:00Z
3237,GreyLion,New York,74325,Hyphen Solutions,Internet Software and Services,"Dallas, Texas, United States",2016-06-21,Growth Capital,,,10.2,True,,5,0,https://mergr.com/company/74325,2026-09-07T00:00:00Z
3237,GreyLion,New York,215880,Black Bear Diner,Restaurants,"Redding, California, United States",2016-02-22,Growth Capital,,,10.5,True,,0,0,https://mergr.com/company/215880,2026-09-07T00:00:00Z
3237,GreyLion,New York,194039,MSA Security,Safety/Security,"New York, New York, United States",2015-06-30,Growth Capital,2021-09-20,Divestiture,6.2,False,,0,0,https://mergr.com/company/194039,2026-09-07T00:00:00Z
3237,GreyLion,New York,16211,MOD Pizza,Restaurants,"Bellevue, Washington, United States",2015-03-06,Secondary Buyout,2024-07-10,Divestiture,9.3,False,,0,0,https://mergr.com/company/16211,2026-09-07T00:00:00Z
3237,GreyLion,New York,85001,Youfit Health Club,Consumer Services,"Petersburg, Florida, United States",2014-04-09,Growth Capital,,,12.3,True,,0,0,https://mergr.com/company/85001,2026-09-07T00:00:00Z
3237,GreyLion,New York,25059,Western Window Systems,Building Materials,"Phoenix, Arizona, United States",2014-02-01,Recapitalization,2018-07-24,Divestiture,4.4,False,,0,0,https://mergr.com/company/25059,2026-09-07T00:00:00Z
3237,GreyLion,New York,256223,Fashion To Figure,Retail,"New York, New York, United States",2013-02-01,Growth Capital,,,13.6,True,,0,0,https://mergr.com/company/256223,2026-09-07T00:00:00Z
3237,GreyLion,New York,197805,National Trench Safety,Safety/Security,"Houston, Texas, United States",2012-08-01,"Buyout (LBO, MBO, MBI)",2016-10-26,Trade Sale - Public Company,4.2,False,,1,0,https://mergr.com/company/197805,2026-09-07T00:00:00Z
4157,Tenex Capital Management,New York,345132,Blue Haven Pools,Franchising,"Cedar Park, Texas, United States",2025-12-03,Growth Capital,,,0.8,True,,0,0,https://mergr.com/company/345132,2026-09-07T00:00:00Z
4157,Tenex Capital Management,New York,345129,Sentinel Technologies,Information Technology,"Downers Grove, Illinois, United States",2025-11-17,Growth Capital,,,0.8,True,,0,0,https://mergr.com/company/345129,2026-09-07T00:00:00Z
4157,Tenex Capital Management,New York,345137,Rick's Custom Fencing & Decking,Construction,"Hillsboro, Oregon, United States",2025-08-19,Growth Capital,,,1,True,,0,0,https://mergr.com/company/345137,2026-09-07T00:00:00Z
4157,Tenex Capital Management,New York,347925,United Aqua Group,Business Services,"Las Vegas, Nevada, United States",2025-03-01,"Buyout (LBO, MBO, MBI)",,,1.5,True,,0,0,https://mergr.com/company/347925,2026-09-07T00:00:00Z
4157,Tenex Capital Management,New York,347924,Payentry,Business Services,"Peachtree Corners, Georgia, United States",2025-03-01,"Buyout (LBO, MBO, MBI)",,,1.5,True,,0,0,https://mergr.com/company/347924,2026-09-07T00:00:00Z
4157,Tenex Capital Management,New York,298087,Behavioral Innovations,Consumer Services,"Addison, Texas, United States",2024-06-06,Secondary Buyout,,,2.3,True,,0,0,https://mergr.com/company/298087,2026-09-07T00:00:00Z
4157,Tenex Capital Management,New York,325893,Fager,Distribution,"Camp Hill, Pennsylvania, United States",2024-04-04,Growth Capital,,,2.4,True,,0,0,https://mergr.com/company/325893,2026-09-07T00:00:00Z
4157,Tenex Capital Management,New York,347923,"U.S. Plumbing, Heating & Bath",Distribution,"Camp Hill, Pennsylvania, United States",2024-03-01,"Buyout (LBO, MBO, MBI)",,,2.5,True,,0,0,https://mergr.com/company/347923,2026-09-07T00:00:00Z
4157,Tenex Capital Management,New York,347922,Landmark Foundation Group,Business Services,"St. Louis, Missouri, United States",2024-03-01,"Buyout (LBO, MBO, MBI)",,,2.5,True,,0,0,https://mergr.com/company/347922,2026-09-07T00:00:00Z
4157,Tenex Capital Management,New York,327594,Columbia Home Services,Business Services,"Dallas, Texas, United States",2023-09-01,"Buyout (LBO, MBO, MBI)",,,3,True,,1,0,https://mergr.com/company/327594,2026-09-07T00:00:00Z
4157,Tenex Capital Management,New York,248169,Minuteman Security and Life Safety,Safety/Security,"Andover, Massachusetts, United States",2023-08-09,Secondary Buyout,,,3,True,,0,0,https://mergr.com/company/248169,2026-09-07T00:00:00Z
4157,Tenex Capital Management,New York,327477,360 Fire & Flood,Business Services,"Southfield, Michigan, United States",2023-08-01,"Buyout (LBO, MBO, MBI)",,,3.1,True,,0,0,https://mergr.com/company/327477,2026-09-07T00:00:00Z
4157,Tenex Capital Management,New York,211554,Rose Paving,Business Services,"Bridgeview, Illinois, United States",2022-11-22,Secondary Buyout,,,3.8,True,,1,0,https://mergr.com/company/211554,2026-09-07T00:00:00Z
4157,Tenex Capital Management,New York,306018,Network Coverage,Information Technology,"Danvers, Massachusetts, United States",2022-10-14,Growth Capital,,,3.8,True,,2,0,https://mergr.com/company/306018,2026-09-07T00:00:00Z
4157,Tenex Capital Management,New York,200888,Unirac,Manufacturing,"Albuquerque, New Mexico, United States",2022-10-06,Recapitalization,2022-10-06,Merger,0,False,,0,0,https://mergr.com/company/200888,2026-09-07T00:00:00Z
4157,Tenex Capital Management,New York,327595,Perennial Services Group,Consumer Services,"Pittsburgh, Pennsylvania, United States",2022-09-01,"Buyout (LBO, MBO, MBI)",,,4,True,,0,0,https://mergr.com/company/327595,2026-09-07T00:00:00Z
4157,Tenex Capital Management,New York,221659,Oliver,Packaging,"Hauppauge, New York, United States",2022-07-08,Secondary Buyout,,,4.1,True,,0,0,https://mergr.com/company/221659,2026-09-07T00:00:00Z
4157,Tenex Capital Management,New York,258651,Black Diamond Networks,Staffing,"Andover, Massachusetts, United States",2021-12-07,Growth Capital,,,4.8,True,,0,0,https://mergr.com/company/258651,2026-09-07T00:00:00Z
4157,Tenex Capital Management,New York,293276,Suited Connector,Marketing,"Englewood, Colorado, United States",2021-12-02,Growth Capital,,,4.8,True,,0,0,https://mergr.com/company/293276,2026-09-07T00:00:00Z
4157,Tenex Capital Management,New York,287896,BELAY Solutions,Staffing,"Atlanta, Georgia, United States",2021-07-15,Growth Capital,,,5.1,True,,1,0,https://mergr.com/company/287896,2026-09-07T00:00:00Z
4157,Tenex Capital Management,New York,30037,JJ's Bakery,Food,"Erie, Pennsylvania, United States",2021-05-26,Secondary Buyout,,,5.3,True,,0,0,https://mergr.com/company/30037,2026-09-07T00:00:00Z
4157,Tenex Capital Management,New York,313532,Aqua Central,Distribution,"Tampa, Florida, United States",2020-10-01,"Buyout (LBO, MBO, MBI)",2021-12-13,Trade Sale,1.2,False,,2,0,https://mergr.com/company/313532,2026-09-07T00:00:00Z
4157,Tenex Capital Management,New York,280348,Online Labels,Packaging,"Sanford, Florida, United States",2020-07-22,Recapitalization,2023-12-19,Merger,3.3,False,,0,0,https://mergr.com/company/280348,2026-09-07T00:00:00Z
4157,Tenex Capital Management,New York,281492,G2 Secure Staff,Aerospace,"Irving, Texas, United States",2020-01-01,Growth Capital,2025-04-14,Divestiture,5.3,False,,0,0,https://mergr.com/company/281492,2026-09-07T00:00:00Z
4157,Tenex Capital Management,New York,281493,Orbus Visual Communications,Marketing,"Woodridge, Illinois, United States",2019-11-01,Growth Capital,,,6.8,True,,0,0,https://mergr.com/company/281493,2026-09-07T00:00:00Z
4157,Tenex Capital Management,New York,207517,Terryberry,Business Services,"Grand Rapids, Michigan, United States",2019-11-01,Growth Capital,,,6.8,True,,0,0,https://mergr.com/company/207517,2026-09-07T00:00:00Z
4157,Tenex Capital Management,New York,264155,Wolf Home Products,Building Materials,"York, Pennsylvania, United States",2019-09-10,Secondary Buyout,2021-06-29,Divestiture,1.8,False,,1,0,https://mergr.com/company/264155,2026-09-07T00:00:00Z
4157,Tenex Capital Management,New York,315008,Gold Medal Pools,Construction,"Lewisville, Texas, United States",2019-09-09,Growth Capital,,,6.9,True,,0,0,https://mergr.com/company/315008,2026-09-07T00:00:00Z
4157,Tenex Capital Management,New York,263421,Big Bolt,Manufacturing,"Bloomingdale, Illinois, United States",2019-08-13,Growth Capital,2024-12-24,Divestiture,5.3,False,,0,0,https://mergr.com/company/263421,2026-09-07T00:00:00Z
4157,Tenex Capital Management,New York,2367,BeneSys,Insurance,"Troy, Michigan, United States",2018-10-05,Secondary Buyout,,,7.9,True,,0,0,https://mergr.com/company/2367,2026-09-07T00:00:00Z
4157,Tenex Capital Management,New York,183469,Smile Design Dentistry,Healthcare Services,"Tampa, Florida, United States",2018-10-01,Secondary Buyout,2025-09-09,Divestiture,6.9,False,,0,0,https://mergr.com/company/183469,2026-09-07T00:00:00Z
4157,Tenex Capital Management,New York,281502,Empire Auto Parts,Distribution,"Totowa, New Jersey, United States",2018-09-06,Growth Capital,2021-11-18,Trade Sale - Public Company,3.2,False,,0,0,https://mergr.com/company/281502,2026-09-07T00:00:00Z
4157,Tenex Capital Management,New York,252056,Auveco,Automotive,"Cold Spring, Kentucky, United States",2018-01-01,"Buyout (LBO, MBO, MBI)",2022-05-09,Trade Sale - Public Company,4.3,False,,2,0,https://mergr.com/company/252056,2026-09-07T00:00:00Z
4157,Tenex Capital Management,New York,244065,Team Select Home Care,Healthcare Services,"Phoenix, Arizona, United States",2017-10-05,Growth Capital,,,8.9,True,,0,0,https://mergr.com/company/244065,2026-09-07T00:00:00Z
4157,Tenex Capital Management,New York,212945,CMP,Plastics,"Newnan, Georgia, United States",2016-12-30,Secondary Buyout,2021-03-10,Divestiture,4.2,False,,0,0,https://mergr.com/company/212945,2026-09-07T00:00:00Z
4157,Tenex Capital Management,New York,277059,Cadence Petroleum Group,Distribution,"Charlotte, North Carolina, United States",2016-11-22,Growth Capital,2020-10-08,Trade Sale - Public Company,3.8,False,,1,0,https://mergr.com/company/277059,2026-09-07T00:00:00Z
4157,Tenex Capital Management,New York,197805,National Trench Safety,Safety/Security,"Houston, Texas, United States",2016-10-26,Secondary Buyout,,,9.8,True,,1,0,https://mergr.com/company/197805,2026-09-07T00:00:00Z
4157,Tenex Capital Management,New York,227310,SES Foam,Building Materials,"Spring, Texas, United States",2016-09-08,Growth Capital,2022-08-02,Trade Sale - Public Company,5.8,False,,0,0,https://mergr.com/company/227310,2026-09-07T00:00:00Z
4157,Tenex Capital Management,New York,200888,Unirac,Manufacturing,"Albuquerque, New Mexico, United States",2016-05-25,Divestiture,2022-10-06,Merger,6.3,False,,0,0,https://mergr.com/company/200888,2026-09-07T00:00:00Z
4157,Tenex Capital Management,New York,227403,Hub Pen,Consumer Products,"Braintree, Massachusetts, United States",2016-04-20,Growth Capital,,,10.3,True,,1,0,https://mergr.com/company/227403,2026-09-07T00:00:00Z
4157,Tenex Capital Management,New York,212258,BMG,Machinery,"Beaverton, Michigan, United States",2016-03-14,Secondary Buyout,2018-10-09,Trade Sale - Public Company,2.5,False,,1,0,https://mergr.com/company/212258,2026-09-07T00:00:00Z
4157,Tenex Capital Management,New York,834,Ohio Medical,Medical Products,"Gurnee, Illinois, United States",2016-01-07,Secondary Buyout,2022-10-17,Divestiture,6.8,False,,0,0,https://mergr.com/company/834,2026-09-07T00:00:00Z
4157,Tenex Capital Management,New York,3256,PEMCO America,Business Services,"Sarasota, Florida, United States",2015-09-17,Secondary Buyout,2017-10-10,Divestiture,2,False,,0,0,https://mergr.com/company/3256,2026-09-07T00:00:00Z
4157,Tenex Capital Management,New York,44489,Medical Solutions,Staffing,"Omaha, Nebraska, United States",2015-09-02,Recapitalization,2015-09-02,Merger,0,False,,0,0,https://mergr.com/company/44489,2026-09-07T00:00:00Z
4157,Tenex Capital Management,New York,176480,Fairmont Supply,Distribution,"Canonsburg, Pennsylvania, United States",2015-02-03,Divestiture,2020-03-01,Unknown,5,False,,2,0,https://mergr.com/company/176480,2026-09-07T00:00:00Z
4157,Tenex Capital Management,New York,15548,"Carlson Systems Holdings, Inc.",Packaging,"Omaha, Nebraska, United States",2014-10-02,Secondary Buyout,2014-11-13,Spin Off,0.1,False,,0,0,https://mergr.com/company/15548,2026-09-07T00:00:00Z
4157,Tenex Capital Management,New York,160669,GreenFiber,Building Materials,"Charlotte, North Carolina, United States",2013-12-16,Divestiture,2022-01-11,Trade Sale,8,False,,2,0,https://mergr.com/company/160669,2026-09-07T00:00:00Z
4157,Tenex Capital Management,New York,166009,JPW Industries,Machinery,"LaVergne, Tennessee, United States",2013-10-08,Divestiture,2017-07-19,Trade Sale - Public Company,3.8,False,,1,0,https://mergr.com/company/166009,2026-09-07T00:00:00Z
4157,Tenex Capital Management,New York,5597,Peak Toolworks,Manufacturing,"Jasper, Indiana, United States",2013-07-25,Secondary Buyout,2015-09-21,Trade Sale - Public Company,2.1,False,,0,0,https://mergr.com/company/5597,2026-09-07T00:00:00Z
4157,Tenex Capital Management,New York,3788,Compass Health Brands,Medical Products,"Middleburg Heights, Ohio, United States",2013-07-19,Secondary Buyout,,,13.1,True,,6,0,https://mergr.com/company/3788,2026-09-07T00:00:00Z
4157,Tenex Capital Management,New York,178889,Techniks,Machinery,"Indianapolis, Indiana, United States",2013-01-14,Consolidation,2015-09-23,Trade Sale - Public Company,2.7,False,,1,0,https://mergr.com/company/178889,2026-09-07T00:00:00Z
4157,Tenex Capital Management,New York,176490,Rush-Overland Manufacturing,Manufacturing,"Odessa, Texas, United States",2012-12-11,"Buyout (LBO, MBO, MBI)",2020-02-01,Unknown,7.1,False,,1,0,https://mergr.com/company/176490,2026-09-07T00:00:00Z
4157,Tenex Capital Management,New York,44489,Medical Solutions,Staffing,"Omaha, Nebraska, United States",2012-06-25,Growth Capital,2015-09-02,Merger,3.2,False,,1,0,https://mergr.com/company/44489,2026-09-07T00:00:00Z
4157,Tenex Capital Management,New York,32804,National Trench Safety,Safety/Security,"Houston, Texas, United States",2012-03-01,"Buyout (LBO, MBO, MBI)",2021-04-01,Spin Off,9.1,False,,0,0,https://mergr.com/company/32804,2026-09-07T00:00:00Z
4157,Tenex Capital Management,New York,176495,LinkAmerica Corp.,Transportation,"Tulsa, Oklahoma, United States",2011-07-18,"Buyout (LBO, MBO, MBI)",2012-12-06,Spin Off,1.3,False,,0,0,https://mergr.com/company/176495,2026-09-07T00:00:00Z
4157,Tenex Capital Management,New York,15577,Arnold Transportation,Transportation,"Jacksonville, Florida, United States",2011-06-01,Divestiture,2022-02-01,Divestiture,10.7,False,,1,0,https://mergr.com/company/15577,2026-09-07T00:00:00Z
4466,Morgan Stanley Capital Partners,New York,294680,Security 101,Safety/Security,"West Palm Beach, Florida, United States",2026-02-24,Secondary Buyout,,,0.5,True,,0,0,https://mergr.com/company/294680,2026-09-07T00:00:00Z
4466,Morgan Stanley Capital Partners,New York,344988,Olsson,Engineering,"Baton Rouge, Louisiana, United States",2026-01-13,"Buyout (LBO, MBO, MBI)",,,0.6,True,,0,0,https://mergr.com/company/344988,2026-09-07T00:00:00Z
4466,Morgan Stanley Capital Partners,New York,272330,Thermogenics,Machinery,"Aurora, Ontario, Canada",2025-06-18,Secondary Buyout,,,1.2,True,,2,0,https://mergr.com/company/272330,2026-09-07T00:00:00Z
4466,Morgan Stanley Capital Partners,New York,30426,SelectQuote,Insurance,"Overland Park, Kansas, United States",2025-03-03,PIPE,,,1.5,True,1527,0,0,https://mergr.com/company/30426,2026-09-07T00:00:00Z
4466,Morgan Stanley Capital Partners,New York,270215,Prescott's,Medical Products,"Monument, Colorado, United States",2024-12-10,Secondary Buyout,,,1.7,True,,1,0,https://mergr.com/company/270215,2026-09-07T00:00:00Z
4466,Morgan Stanley Capital Partners,New York,282605,FoodScience,Consumer Products,"Williston, Vermont, United States",2024-11-19,Secondary Buyout,,,1.8,True,,0,0,https://mergr.com/company/282605,2026-09-07T00:00:00Z
4466,Morgan Stanley Capital Partners,New York,279169,American Restoration Operations,Business Services,"Irving, Texas, United States",2024-07-25,Secondary Buyout,,,2.1,True,,0,0,https://mergr.com/company/279169,2026-09-07T00:00:00Z
4466,Morgan Stanley Capital Partners,New York,285240,Resource Innovations,Business Services,"Half Moon Bay, California, United States",2024-04-02,Secondary Buyout,,,2.4,True,,3,0,https://mergr.com/company/285240,2026-09-07T00:00:00Z
4466,Morgan Stanley Capital Partners,New York,312924,RowCal,Real Estate,"Champlin, Minnesota, United States",2023-05-01,"Buyout (LBO, MBO, MBI)",,,3.3,True,,0,0,https://mergr.com/company/312924,2026-09-07T00:00:00Z
4466,Morgan Stanley Capital Partners,New York,311047,Allstar Construction,Construction,"Maple Plain, Minnesota, United States",2023-05-01,"Buyout (LBO, MBO, MBI)",,,3.3,True,,0,0,https://mergr.com/company/311047,2026-09-07T00:00:00Z
4466,Morgan Stanley Capital Partners,New York,362,Apex,Environmental,"Rockville, Maryland, United States",2023-02-01,Secondary Buyout,,,3.6,True,,0,0,https://mergr.com/company/362,2026-09-07T00:00:00Z
4466,Morgan Stanley Capital Partners,New York,271571,Fairway Lawns,Consumer Services,"Little Rock, Arizona, United States",2022-05-18,Secondary Buyout,,,4.3,True,,3,0,https://mergr.com/company/271571,2026-09-07T00:00:00Z
4466,Morgan Stanley Capital Partners,New York,247384,SpendMend,Business Services,"Grand Rapids, Michigan, United States",2022-03-02,Recapitalization,,,4.5,True,,1,0,https://mergr.com/company/247384,2026-09-07T00:00:00Z
4466,Morgan Stanley Capital Partners,New York,231350,Alliance Technical Group,Business Services,"Decatur, Alabama, United States",2021-07-20,Secondary Buyout,2026-01-06,Trade Sale - Public Company,4.4,False,,10,0,https://mergr.com/company/231350,2026-09-07T00:00:00Z
4466,Morgan Stanley Capital Partners,New York,275824,Sila Services,Business Services,"King of Prussia, Pennsylvania, United States",2021-05-26,Divestiture,2024-11-11,Trade Sale - Public Company,3.4,False,,29,0,https://mergr.com/company/275824,2026-09-07T00:00:00Z
4466,Morgan Stanley Capital Partners,New York,5060,Nivel Parts & Manufacturing,Automotive,"Jacksonville, Florida, United States",2021-05-21,Secondary Buyout,,,5.3,True,,4,0,https://mergr.com/company/5060,2026-09-07T00:00:00Z
4466,Morgan Stanley Capital Partners,New York,193309,AWT Labels & Packaging,Packaging,"Minneapolis, Minnesota, United States",2020-12-18,Secondary Buyout,,,5.7,True,,1,0,https://mergr.com/company/193309,2026-09-07T00:00:00Z
4466,Morgan Stanley Capital Partners,New York,264620,US HealthConnect,Education,"Fort Washington, Pennsylvania, United States",2020-10-29,Growth Capital,,,5.8,True,,0,0,https://mergr.com/company/264620,2026-09-07T00:00:00Z
4466,Morgan Stanley Capital Partners,New York,229609,Contanda,Transportation,"Houston, Texas, United States",2019-12-18,Secondary Buyout,2020-07-06,Spin Off,0.5,False,,0,0,https://mergr.com/company/229609,2026-09-07T00:00:00Z
4466,Morgan Stanley Capital Partners,New York,270304,BWC Terminals,Transportation,"Houston, Texas, United States",2019-12-18,"Buyout (LBO, MBO, MBI)",,,6.7,True,,1,0,https://mergr.com/company/270304,2026-09-07T00:00:00Z
4466,Morgan Stanley Capital Partners,New York,272806,Emler Swim School,Consumer Services,"Bedford, Texas, United States",2019-10-01,"Buyout (LBO, MBO, MBI)",,,6.9,True,,5,0,https://mergr.com/company/272806,2026-09-07T00:00:00Z
4466,Morgan Stanley Capital Partners,New York,258574,Project Management Academy,Education,"Boston, Massachusetts, United States",2019-06-18,Secondary Buyout,,,7.2,True,,0,0,https://mergr.com/company/258574,2026-09-07T00:00:00Z
4466,Morgan Stanley Capital Partners,New York,252511,Ovation Fertility,Healthcare Services,"Los Angeles, California, United States",2019-06-17,Recapitalization,2023-04-03,Divestiture,3.8,False,,0,0,https://mergr.com/company/252511,2026-09-07T00:00:00Z
4466,Morgan Stanley Capital Partners,New York,302801,Impact Fitness,Consumer Services,"Brighton, Michigan, United States",2019-06-11,"Buyout (LBO, MBO, MBI)",,,7.2,True,,0,0,https://mergr.com/company/302801,2026-09-07T00:00:00Z
4466,Morgan Stanley Capital Partners,New York,79921,Clarity,Software,"Madison, Connecticut, United States",2019-01-25,Secondary Buyout,2025-08-27,Divestiture,6.6,False,,0,0,https://mergr.com/company/79921,2026-09-07T00:00:00Z
4466,Morgan Stanley Capital Partners,New York,192303,Uplight,Internet Software and Services,"Boulder, Colorado, United States",2018-12-04,Growth Capital,2021-07-28,Divestiture,2.6,False,,4,0,https://mergr.com/company/192303,2026-09-07T00:00:00Z
4466,Morgan Stanley Capital Partners,New York,17065,Web.com,Internet Software and Services,"Jacksonville, Florida, United States",2018-06-21,Going Private,2021-02-10,Spin Off,2.6,False,749,3,3,https://mergr.com/company/17065,2026-09-07T00:00:00Z
4466,Morgan Stanley Capital Partners,New York,165993,Comar,Plastics,"Voorhees, New Jersey, United States",2018-06-19,Recapitalization,2025-11-04,Divestiture,7.3,False,,3,0,https://mergr.com/company/165993,2026-09-07T00:00:00Z
4466,Morgan Stanley Capital Partners,New York,30366,Manna Pro,Agriculture,"Chesterfield, Missouri, United States",2018-01-10,Secondary Buyout,2020-11-06,Trade Sale - Public Company,2.8,False,,4,0,https://mergr.com/company/30366,2026-09-07T00:00:00Z
4466,Morgan Stanley Capital Partners,New York,251347,Code 3 Emergency Partners,Healthcare Services,"Frisco, Texas, United States",2017-11-16,Growth Capital,,,8.8,True,,0,0,https://mergr.com/company/251347,2026-09-07T00:00:00Z
4466,Morgan Stanley Capital Partners,New York,235495,PPC Flex,Packaging,"Buffalo Grove, Illinois, United States",2017-02-03,"Buyout (LBO, MBO, MBI)",2021-10-01,Trade Sale - Public Company,4.6,False,,4,0,https://mergr.com/company/235495,2026-09-07T00:00:00Z
4466,Morgan Stanley Capital Partners,New York,245676,24 Seven,Staffing,"Melville, New York, United States",2016-10-06,"Buyout (LBO, MBO, MBI)",,,9.9,True,,10,0,https://mergr.com/company/245676,2026-09-07T00:00:00Z
4466,Morgan Stanley Capital Partners,New York,18156,Cadence Education,Education,"Scottsdale, Arizona, United States",2016-09-06,Secondary Buyout,2020-02-12,Trade Sale - Public Company,3.4,False,,3,0,https://mergr.com/company/18156,2026-09-07T00:00:00Z
4466,Morgan Stanley Capital Partners,New York,225805,XRI Blue,Utilities,"Houston, Texas, United States",2016-08-23,"Buyout (LBO, MBO, MBI)",,,10,True,,1,0,https://mergr.com/company/225805,2026-09-07T00:00:00Z
4466,Morgan Stanley Capital Partners,New York,225659,Thrive Pet Healthcare,Consumer Services,"Austin, Texas, United States",2016-08-22,Growth Capital,2020-04-03,Trade Sale - Public Company,3.6,False,,0,0,https://mergr.com/company/225659,2026-09-07T00:00:00Z
4466,Morgan Stanley Capital Partners,New York,25662,World 50,Business Services,"Atlanta, Georgia, United States",2015-12-14,Recapitalization,,,10.7,True,,0,0,https://mergr.com/company/25662,2026-09-07T00:00:00Z
4466,Morgan Stanley Capital Partners,New York,24765,CoAdvantage,Information Technology,"Bradenton, Florida, United States",2015-10-08,Secondary Buyout,2019-07-24,Trade Sale - Public Company,3.8,False,,3,0,https://mergr.com/company/24765,2026-09-07T00:00:00Z
4466,Morgan Stanley Capital Partners,New York,192112,EagleView,Information Services,"Rochester, New York, United States",2015-06-17,"Buyout (LBO, MBO, MBI)",,,11.2,True,,2,0,https://mergr.com/company/192112,2026-09-07T00:00:00Z
4466,Morgan Stanley Capital Partners,New York,187446,Nutanix,Internet Software and Services,"San Jose, California, United States",2014-01-14,Venture,2016-09-30,IPO,2.7,False,2538,2,0,https://mergr.com/company/187446,2026-09-07T00:00:00Z
4466,Morgan Stanley Capital Partners,New York,187508,Feihe,Food,"Beijing, China",2013-06-28,Going Private,2019-11-15,IPO,6.3,False,2677,1,0,https://mergr.com/company/187508,2026-09-07T00:00:00Z
4466,Morgan Stanley Capital Partners,New York,16521,Creative Circle LLC,Staffing,"Los Angeles, California, United States",2012-10-02,Secondary Buyout,2015-05-11,Divestiture,2.6,False,226,0,0,https://mergr.com/company/16521,2026-09-07T00:00:00Z
4466,Morgan Stanley Capital Partners,New York,3923,Boyd,Manufacturing,"Boca Raton, Florida, United States",2012-07-19,Secondary Buyout,2015-04-02,Trade Sale - Public Company,2.7,False,,0,0,https://mergr.com/company/3923,2026-09-07T00:00:00Z
4466,Morgan Stanley Capital Partners,New York,187432,DocuWare GmbH,Software,"Germering, Germany",2012-04-17,Growth Capital,2019-07-02,Divestiture,7.2,False,68,0,0,https://mergr.com/company/187432,2026-09-07T00:00:00Z
4466,Morgan Stanley Capital Partners,New York,302507,Access Cash,Financial Services,"Toronto, Ontario, Canada",2012-04-10,"Buyout (LBO, MBO, MBI)",2021-06-01,Unknown,9.1,False,,0,0,https://mergr.com/company/302507,2026-09-07T00:00:00Z
4466,Morgan Stanley Capital Partners,New York,187489,"Socialware, Inc.",Software,"Austin, Texas, United States",2011-08-16,Venture,,,15,True,,0,0,https://mergr.com/company/187489,2026-09-07T00:00:00Z
4466,Morgan Stanley Capital Partners,New York,302511,Sterling Energy,Oil/Gas Exploration,"Denver, Colorado, United States",2011-08-11,"Buyout (LBO, MBO, MBI)",2022-10-17,Divestiture,11.2,False,,0,0,https://mergr.com/company/302511,2026-09-07T00:00:00Z
4466,Morgan Stanley Capital Partners,New York,21816,EmployBridge,Staffing,"Duluth, Georgia, United States",2011-05-23,Secondary Buyout,2015-02-10,Divestiture,3.7,False,,0,0,https://mergr.com/company/21816,2026-09-07T00:00:00Z
4466,Morgan Stanley Capital Partners,New York,302516,Smile America Partners,Healthcare Services,"Farmington Hills, Michigan, United States",2010-01-01,"Buyout (LBO, MBO, MBI)",2023-01-27,Trade Sale - Public Company,13,False,,0,0,https://mergr.com/company/302516,2026-09-07T00:00:00Z
4466,Morgan Stanley Capital Partners,New York,17928,Tops Markets LLC,Retail,"Williamsville, New York, United States",2007-10-11,Divestiture,2011-12-05,Trade Sale - Public Company,4.1,False,,0,0,https://mergr.com/company/17928,2026-09-07T00:00:00Z
4466,Morgan Stanley Capital Partners,New York,13252,"McKechnie Aerospace Holdings, Inc.",Aerospace,"Irvine, California, United States",2007-05-01,"Buyout (LBO, MBO, MBI)",2010-09-27,Divestiture,3.3,False,,0,0,https://mergr.com/company/13252,2026-09-07T00:00:00Z
4466,Morgan Stanley Capital Partners,New York,16529,Southern Star Central,Energy Services and Equipment,"Owensboro, Kentucky, United States",2005-08-01,Secondary Buyout,2015-05-01,Trade Sale - Public Company,9.8,False,,0,0,https://mergr.com/company/16529,2026-09-07T00:00:00Z
4466,Morgan Stanley Capital Partners,New York,187414,"Core Security Technologies, Inc.",Information Technology,"Boston, Massachusetts, United States",2005-04-11,Venture,,,21.3,True,,1,0,https://mergr.com/company/187414,2026-09-07T00:00:00Z
4466,Morgan Stanley Capital Partners,New York,8860,DiscoveRx Corp.,Life Science,"Fremont, California, United States",2001-07-09,Venture,2017-07-31,Divestiture,16,False,,1,0,https://mergr.com/company/8860,2026-09-07T00:00:00Z
4466,Morgan Stanley Capital Partners,New York,123093,"Thrupoint, Inc.",Information Technology,"New York, New York, United States",2001-06-06,Venture,2014-07-14,Trade Sale,13.1,False,,1,0,https://mergr.com/company/123093,2026-09-07T00:00:00Z
5320,Athyrium Capital Management,New York,259709,RVL Pharmaceuticals,Life Science,"Bridgewater, New Jersey, United States",2023-11-20,Special Situations/Distressed,,,2.8,True,50,0,0,https://mergr.com/company/259709,2026-09-07T00:00:00Z
5320,Athyrium Capital Management,New York,319312,Unlock Health,Business Services,"Nashville, Tennessee, United States",2023-04-21,"Buyout (LBO, MBO, MBI)",,,3.3,True,,2,0,https://mergr.com/company/319312,2026-09-07T00:00:00Z
5320,Athyrium Capital Management,New York,307304,Basilea Pharmaceutica,Life Science,"Allschwil, Switzerland",2022-09-07,Stake Purchase,,,4,True,217,0,0,https://mergr.com/company/307304,2026-09-07T00:00:00Z
5320,Athyrium Capital Management,New York,307301,uMotif,Software,"London, United Kingdom",2022-05-25,Growth Capital,,,4.3,True,,1,0,https://mergr.com/company/307301,2026-09-07T00:00:00Z
5320,Athyrium Capital Management,New York,307292,Oui Therapeutics,Life Science,"New Haven, Connecticut, United States",2021-12-01,Venture,,,4.8,True,,0,0,https://mergr.com/company/307292,2026-09-07T00:00:00Z
5320,Athyrium Capital Management,New York,178674,Summit BHC,Healthcare Services,"Franklin, Tennessee, United States",2021-09-09,Secondary Buyout,2025-12-02,Bankruptcy,4.2,False,,7,0,https://mergr.com/company/178674,2026-09-07T00:00:00Z
5320,Athyrium Capital Management,New York,307284,Puma Biotechnology,Life Science,"Los Angeles, California, United States",2021-07-26,Stake Purchase,,,5.1,True,228,0,0,https://mergr.com/company/307284,2026-09-07T00:00:00Z
5320,Athyrium Capital Management,New York,323052,AQUA Dermatology,Healthcare Services,"Palm Beach Gardens, Florida, United States",2021-01-01,"Buyout (LBO, MBO, MBI)",,,5.7,True,,3,0,https://mergr.com/company/323052,2026-09-07T00:00:00Z
5320,Athyrium Capital Management,New York,28454,BioCryst Pharmaceuticals,Life Science,"Durham, North Carolina, United States",2020-12-07,Stake Purchase,,,5.8,True,875,1,1,https://mergr.com/company/28454,2026-09-07T00:00:00Z
5320,Athyrium Capital Management,New York,307331,Leon Medical Centers,Healthcare Services,"Doral, Florida, United States",2020-10-01,Growth Capital,,,5.9,True,,0,0,https://mergr.com/company/307331,2026-09-07T00:00:00Z
5320,Athyrium Capital Management,New York,287176,Choice Health at Home,Healthcare Services,"Tyler, Texas, United States",2020-07-21,Stake Purchase,,,6.1,True,,6,0,https://mergr.com/company/287176,2026-09-07T00:00:00Z
5320,Athyrium Capital Management,New York,224886,Heartland Veterinary Partners,Consumer Services,"Chicago, Illinois, United States",2019-12-12,Secondary Buyout,,,6.7,True,,1,0,https://mergr.com/company/224886,2026-09-07T00:00:00Z
5320,Athyrium Capital Management,New York,261753,ArisGlobal,Internet Software and Services,"Waltham, Massachusetts, United States",2019-06-16,"Buyout (LBO, MBO, MBI)",2026-07-23,Divestiture,7.1,False,,2,0,https://mergr.com/company/261753,2026-09-07T00:00:00Z
5320,Athyrium Capital Management,New York,259109,Secura Bio,Life Science,"Berkeley Heights, New Jersey, United States",2019-03-05,Growth Capital,,,7.5,True,,2,0,https://mergr.com/company/259109,2026-09-07T00:00:00Z
5320,Athyrium Capital Management,New York,300609,Longevity Health Plan,Healthcare Services,"Palm Beach Gardens, Florida, United States",2019-03-01,Growth Capital,,,7.5,True,,0,0,https://mergr.com/company/300609,2026-09-07T00:00:00Z
5320,Athyrium Capital Management,New York,259709,RVL Pharmaceuticals,Life Science,"Bridgewater, New Jersey, United States",2018-10-22,PIPE,2023-10-12,Bankruptcy,4.9,False,50,0,1,https://mergr.com/company/259709,2026-09-07T00:00:00Z
5320,Athyrium Capital Management,New York,263265,KALA BIO,Life Science,"Arlington, Massachusetts, United States",2018-10-02,Stake Purchase,,,7.9,True,4,1,1,https://mergr.com/company/263265,2026-09-07T00:00:00Z
5320,Athyrium Capital Management,New York,32343,Agendia,Life Science,"Irvine, California, United States",2018-07-25,Growth Capital,,,8.1,True,,0,0,https://mergr.com/company/32343,2026-09-07T00:00:00Z
5320,Athyrium Capital Management,New York,220277,Amryt Pharma,Life Science,"Dublin, Ireland",2018-07-01,Stake Purchase,,,8.2,True,280,2,0,https://mergr.com/company/220277,2026-09-07T00:00:00Z
5320,Athyrium Capital Management,New York,206051,Sound Physicians,Healthcare Services,"Nashville, Tennessee, United States",2018-04-23,Divestiture,,,8.3,True,,1,0,https://mergr.com/company/206051,2026-09-07T00:00:00Z
5320,Athyrium Capital Management,New York,264230,Elara Caring,Consumer Services,"Dallas, Texas, United States",2018-04-10,"Buyout (LBO, MBO, MBI)",,,8.3,True,,5,0,https://mergr.com/company/264230,2026-09-07T00:00:00Z
5320,Athyrium Capital Management,New York,247033,VillageMD,Healthcare Services,"Chicago, Illinois, United States",2018-01-04,Growth Capital,,,8.7,True,,12,2,https://mergr.com/company/247033,2026-09-07T00:00:00Z
5320,Athyrium Capital Management,New York,25742,OptiNose,Medical Products,"Yardley, Pennsylvania, United States",2018-01-02,Stake Purchase,,,8.7,True,71,0,0,https://mergr.com/company/25742,2026-09-07T00:00:00Z
5320,Athyrium Capital Management,New York,273307,Complete Health,Healthcare Services,"Jacksonville, Florida, United States",2018-01-01,"Buyout (LBO, MBO, MBI)",,,8.7,True,,0,0,https://mergr.com/company/273307,2026-09-07T00:00:00Z
5320,Athyrium Capital Management,New York,307323,Centinel Spine,Medical Products,"West Chester, Pennsylvania, United States",2017-12-01,Growth Capital,,,8.8,True,,0,1,https://mergr.com/company/307323,2026-09-07T00:00:00Z
5320,Athyrium Capital Management,New York,185134,Biora Therapeutics,Life Science,"San Diego, California, United States",2017-11-07,Venture,2020-06-19,IPO,2.6,False,1,1,0,https://mergr.com/company/185134,2026-09-07T00:00:00Z
5320,Athyrium Capital Management,New York,213565,Duly Health and Care,Healthcare Services,"Downers Grove, Illinois, United States",2017-08-16,Secondary Buyout,,,9,True,,2,0,https://mergr.com/company/213565,2026-09-07T00:00:00Z
5320,Athyrium Capital Management,New York,136437,PharMerica,Life Science,"Louisville, Kentucky, United States",2017-08-02,Going Private,,,9.1,True,2091,2,0,https://mergr.com/company/136437,2026-09-07T00:00:00Z
5320,Athyrium Capital Management,New York,20242,Teladoc Health,Healthcare Services,"New York, New York, United States",2017-07-31,Stake Purchase,,,9.1,True,2530,6,0,https://mergr.com/company/20242,2026-09-07T00:00:00Z
5320,Athyrium Capital Management,New York,235453,IMC Health Medical Centers,Healthcare Services,"Miami Lakes, Florida, United States",2017-02-02,"Buyout (LBO, MBO, MBI)",2020-12-21,Spin Off,3.8,False,,2,0,https://mergr.com/company/235453,2026-09-07T00:00:00Z
5320,Athyrium Capital Management,New York,278615,BridgeBio,Life Science,"Palo Alto, California, United States",2017-01-02,PIPE,,,9.7,True,502,2,0,https://mergr.com/company/278615,2026-09-07T00:00:00Z
5320,Athyrium Capital Management,New York,17980,Team Health,Staffing,"Knoxville, Tennessee, United States",2016-10-31,Going Private,,,9.8,True,3597,4,1,https://mergr.com/company/17980,2026-09-07T00:00:00Z
5320,Athyrium Capital Management,New York,310831,Pharmaceutics International,Life Science,"Hunt Valley, Maryland, United States",2016-09-06,Growth Capital,2025-02-04,Divestiture,8.3,False,,0,0,https://mergr.com/company/310831,2026-09-07T00:00:00Z
5320,Athyrium Capital Management,New York,22294,Clario,Medical Products,"Philadelphia, Pennsylvania, United States",2016-03-08,Secondary Buyout,2025-10-29,Divestiture,9.6,False,,8,0,https://mergr.com/company/22294,2026-09-07T00:00:00Z
5320,Athyrium Capital Management,New York,5945,Upstream Rehabilitation,Healthcare Services,"Birmingham, Alabama, United States",2015-12-15,Secondary Buyout,,,10.7,True,,4,0,https://mergr.com/company/5945,2026-09-07T00:00:00Z
5320,Athyrium Capital Management,New York,187786,Lannett Company,Medical Products,"Trevose, Pennsylvania, United States",2015-12-01,Stake Purchase,2023-05-04,Bankruptcy,7.4,False,479,0,0,https://mergr.com/company/187786,2026-09-07T00:00:00Z
5320,Athyrium Capital Management,New York,307352,Clover Health,Healthcare Services,"Franklin, Tennessee, United States",2015-09-18,Venture,2021-01-08,IPO,5.3,False,1924,0,0,https://mergr.com/company/307352,2026-09-07T00:00:00Z
5320,Athyrium Capital Management,New York,84113,Alvogen,Life Science,"Pine Brook, New Jersey, United States",2015-06-23,Secondary Buyout,2025-09-23,Divestiture,10.3,False,,4,1,https://mergr.com/company/84113,2026-09-07T00:00:00Z
5320,Athyrium Capital Management,New York,261273,TEAM Services Group,Consumer Services,"San Diego, California, United States",2015-04-20,Consolidation,,,11.3,True,,3,0,https://mergr.com/company/261273,2026-09-07T00:00:00Z
5320,Athyrium Capital Management,New York,235527,Indivior,Life Science,"North Chesterfield, Virginia, United States",2015-03-01,Stake Purchase,,,11.5,True,1188,1,0,https://mergr.com/company/235527,2026-09-07T00:00:00Z
5320,Athyrium Capital Management,New York,269332,Zealand Pharma,Life Science,"Soborg, Denmark",2014-12-12,Stake Purchase,,,11.7,True,10,1,0,https://mergr.com/company/269332,2026-09-07T00:00:00Z
5320,Athyrium Capital Management,New York,226029,Travere Therapeutics,Life Science,"San Diego, California, United States",2014-05-29,Stake Purchase,,,12.3,True,491,1,0,https://mergr.com/company/226029,2026-09-07T00:00:00Z
5320,Athyrium Capital Management,New York,307380,Synarc-Biocore Holdings,Life Science,"Wilmington, Delaware, United States",2014-03-01,"Buyout (LBO, MBO, MBI)",,,12.5,True,,0,0,https://mergr.com/company/307380,2026-09-07T00:00:00Z
5320,Athyrium Capital Management,New York,21147,VIVUS,Life Science,"Campbell, California, United States",2014-02-01,Growth Capital,,,12.6,True,70,0,0,https://mergr.com/company/21147,2026-09-07T00:00:00Z
5320,Athyrium Capital Management,New York,7494,Ikaria,Life Science,"Clinton, New Jersey, United States",2013-12-24,"Buyout (LBO, MBO, MBI)",2015-04-16,Divestiture,1.3,False,,0,0,https://mergr.com/company/7494,2026-09-07T00:00:00Z
5320,Athyrium Capital Management,New York,307375,Universal Biosensors,Medical Products,"Rowville, Australia",2013-12-20,Stake Purchase,,,12.7,True,4,0,0,https://mergr.com/company/307375,2026-09-07T00:00:00Z
5320,Athyrium Capital Management,New York,13151,Tria,Consumer Products,"Dublin, California, United States",2013-07-09,Venture,,,13.1,True,,0,0,https://mergr.com/company/13151,2026-09-07T00:00:00Z
5320,Athyrium Capital Management,New York,305914,Ironwood Pharmaceuticals,Life Science,"Boston, Massachusetts, United States",2013-01-04,Stake Purchase,,,13.7,True,296,1,0,https://mergr.com/company/305914,2026-09-07T00:00:00Z
5320,Athyrium Capital Management,New York,149425,Verenium,Life Science,"San Diego, California, United States",2012-12-10,Growth Capital,2013-09-20,Divestiture,0.8,False,57,0,0,https://mergr.com/company/149425,2026-09-07T00:00:00Z
5320,Athyrium Capital Management,New York,307360,MedPro Safety Products,Medical Products,"Lexington, Kentucky, United States",2012-02-28,Growth Capital,,,14.5,True,,0,0,https://mergr.com/company/307360,2026-09-07T00:00:00Z
5320,Athyrium Capital Management,New York,267649,Alcresta Therapeutics,Life Science,"Waltham, Massachusetts, United States",2011-01-01,Venture,2024-03-12,Trade Sale - Public Company,13.2,False,,0,0,https://mergr.com/company/267649,2026-09-07T00:00:00Z
5320,Athyrium Capital Management,New York,33285,Omeros,Life Science,"Seattle, Washington, United States",2010-10-25,PIPE,,,15.8,True,169,0,1,https://mergr.com/company/33285,2026-09-07T00:00:00Z
6274,Garnett Station Partners,New York,347607,Skybound Service Partners,Construction,"New York, New York, United States",2025-06-17,Consolidation,,,1.2,True,,0,0,https://mergr.com/company/347607,2026-09-07T00:00:00Z
6274,Garnett Station Partners,New York,339684,Grizzly,Business Services,"New York, New York, United States",2025-05-20,Consolidation,,,1.3,True,,1,0,https://mergr.com/company/339684,2026-09-07T00:00:00Z
6274,Garnett Station Partners,New York,347605,Honey Baked Ham,Food,"Alpharetta, Georgia, United States",2025-01-01,"Buyout (LBO, MBO, MBI)",,,1.7,True,,0,0,https://mergr.com/company/347605,2026-09-07T00:00:00Z
6274,Garnett Station Partners,New York,347603,Sarku Japan,Restaurants,"Markham, Ontario, Canada",2025-01-01,"Buyout (LBO, MBO, MBI)",,,1.7,True,,0,0,https://mergr.com/company/347603,2026-09-07T00:00:00Z
6274,Garnett Station Partners,New York,330614,Bristol Environmental,Environmental,"Bristol, Pennsylvania, United States",2024-11-12,Growth Capital,,,1.8,True,,0,0,https://mergr.com/company/330614,2026-09-07T00:00:00Z
6274,Garnett Station Partners,New York,263642,Mountainside Fitness,Consumer Services,"Scottsdale, Arizona, United States",2024-08-01,Secondary Buyout,,,2.1,True,,0,0,https://mergr.com/company/263642,2026-09-07T00:00:00Z
6274,Garnett Station Partners,New York,347584,Accident Care Alliance,Healthcare Services,"New York, New York, United States",2024-04-02,Consolidation,,,2.4,True,,0,0,https://mergr.com/company/347584,2026-09-07T00:00:00Z
6274,Garnett Station Partners,New York,344121,StayTerra,Leisure,"New York, New York, United States",2024-01-01,"Buyout (LBO, MBO, MBI)",,,2.7,True,,1,0,https://mergr.com/company/344121,2026-09-07T00:00:00Z
6274,Garnett Station Partners,New York,347589,Redwood Environmental,Environmental,"New York, New York, United States",2024-01-01,"Buyout (LBO, MBO, MBI)",,,2.7,True,,0,0,https://mergr.com/company/347589,2026-09-07T00:00:00Z
6274,Garnett Station Partners,New York,323172,FirstRidge Service Partners,Consumer Services,"Minnetonka, Minnesota, United States",2023-11-13,"Buyout (LBO, MBO, MBI)",,,2.8,True,,0,0,https://mergr.com/company/323172,2026-09-07T00:00:00Z
6274,Garnett Station Partners,New York,36825,Firebirds Wood Fired Grill,Restaurants,"Charlotte, North Carolina, United States",2023-03-27,Recapitalization,,,3.4,True,,0,0,https://mergr.com/company/36825,2026-09-07T00:00:00Z
6274,Garnett Station Partners,New York,310279,Flagstop Car Wash,Consumer Services,"Chester, Virginia, United States",2023-01-11,Recapitalization,,,3.6,True,,2,0,https://mergr.com/company/310279,2026-09-07T00:00:00Z
6274,Garnett Station Partners,New York,323173,Digs Dog Care,Consumer Services,"Chicago, Illinois, United States",2023-01-01,Consolidation,2024-09-01,Trade Sale - Public Company,1.7,False,,0,0,https://mergr.com/company/323173,2026-09-07T00:00:00Z
6274,Garnett Station Partners,New York,323175,Goodturn Tire and Auto,Automotive,"Miami, Florida, United States",2023-01-01,Consolidation,,,3.7,True,,0,0,https://mergr.com/company/323175,2026-09-07T00:00:00Z
6274,Garnett Station Partners,New York,310281,Woof Gang Bakery & Grooming,Franchising,"Orlando, Florida, United States",2022-06-16,Growth Capital,,,4.2,True,,0,0,https://mergr.com/company/310281,2026-09-07T00:00:00Z
6274,Garnett Station Partners,New York,310282,VIVE Collision,Automotive,"New York, New York, United States",2022-01-20,Growth Capital,2023-11-20,Merger,1.8,False,,0,0,https://mergr.com/company/310282,2026-09-07T00:00:00Z
6274,Garnett Station Partners,New York,293585,Wow Carwash,Consumer Services,"Las Vegas, Nevada, United States",2021-12-09,Growth Capital,,,4.7,True,,1,0,https://mergr.com/company/293585,2026-09-07T00:00:00Z
6274,Garnett Station Partners,New York,310290,Kneaders Bakery & Cafe,Restaurants,"American Fork, Utah, United States",2021-05-07,Growth Capital,,,5.3,True,,0,0,https://mergr.com/company/310290,2026-09-07T00:00:00Z
6274,Garnett Station Partners,New York,302819,Fat Tuesday,Beverages,"Mandeville, Louisiana, United States",2021-04-01,"Buyout (LBO, MBO, MBI)",,,5.4,True,,0,0,https://mergr.com/company/302819,2026-09-07T00:00:00Z
6274,Garnett Station Partners,New York,319109,Authentic Restaurant Brands,Restaurants,"New York, New York, United States",2021-01-01,Consolidation,,,5.7,True,,4,0,https://mergr.com/company/319109,2026-09-07T00:00:00Z
6274,Garnett Station Partners,New York,267904,United FP,Consumer Services,"Austin, Texas, United States",2020-01-06,Secondary Buyout,,,6.7,True,,0,0,https://mergr.com/company/267904,2026-09-07T00:00:00Z
6274,Garnett Station Partners,New York,310285,Kona Ice,Food,"Florence, Kentucky, United States",2019-01-01,Growth Capital,,,7.7,True,,0,0,https://mergr.com/company/310285,2026-09-07T00:00:00Z
6274,Garnett Station Partners,New York,4772,Checkers,Restaurants,"Tampa, Florida, United States",2017-03-23,Secondary Buyout,,,9.4,True,,0,0,https://mergr.com/company/4772,2026-09-07T00:00:00Z
6274,Garnett Station Partners,New York,206100,Out West Restaurant Group,Restaurants,"San Diego, California, United States",2015-10-07,"Buyout (LBO, MBO, MBI)",,,10.9,True,,0,0,https://mergr.com/company/206100,2026-09-07T00:00:00Z
6274,Garnett Station Partners,New York,7359,Carrols,Restaurants,"Syracuse, New York, United States",2015-01-01,Stake Purchase,2023-12-15,IPO,8.9,False,1877,1,0,https://mergr.com/company/7359,2026-09-07T00:00:00Z
6414,Morgan Stanley Expansion Capital,New York,351326,Viken Detection,Safety/Security,"Burlington, Massachusetts, United States",2026-07-08,Growth Capital,,,0.1,True,,0,0,https://mergr.com/company/351326,2026-09-07T00:00:00Z
6414,Morgan Stanley Expansion Capital,New York,217151,NovoPayment,Information Technology,"Miami, Florida, United States",2024-11-12,Growth Capital,,,1.8,True,,0,0,https://mergr.com/company/217151,2026-09-07T00:00:00Z
6414,Morgan Stanley Expansion Capital,New York,327403,Sokin,Financial Services,"London, United Kingdom",2024-07-24,"Buyout (LBO, MBO, MBI)",,,2.1,True,,0,0,https://mergr.com/company/327403,2026-09-07T00:00:00Z
6414,Morgan Stanley Expansion Capital,New York,311775,PowerToFly,Information Technology,"New York, New York, United States",2022-09-19,Venture,,,3.9,True,,1,0,https://mergr.com/company/311775,2026-09-07T00:00:00Z
6414,Morgan Stanley Expansion Capital,New York,311768,Dealpath,Software,"San Francisco, California, United States",2022-09-08,Venture,,,3.9,True,,0,0,https://mergr.com/company/311768,2026-09-07T00:00:00Z
6414,Morgan Stanley Expansion Capital,New York,311778,Upsun,Internet Software and Services,"Paris, France",2022-06-21,Venture,,,4.2,True,,0,0,https://mergr.com/company/311778,2026-09-07T00:00:00Z
6414,Morgan Stanley Expansion Capital,New York,311788,Gozio,Internet Software and Services,"Atlanta, Georgia, United States",2022-03-30,Growth Capital,,,4.4,True,,0,0,https://mergr.com/company/311788,2026-09-07T00:00:00Z
6414,Morgan Stanley Expansion Capital,New York,297524,Jacquard,Internet Software and Services,"London, United Kingdom",2022-03-16,"Buyout (LBO, MBO, MBI)",,,4.4,True,,0,0,https://mergr.com/company/297524,2026-09-07T00:00:00Z
6414,Morgan Stanley Expansion Capital,New York,311773,Bluestone Lane,Restaurants,"New York, New York, United States",2022-01-01,Venture,,,4.7,True,,0,0,https://mergr.com/company/311773,2026-09-07T00:00:00Z
6414,Morgan Stanley Expansion Capital,New York,302521,CompStak,Information Technology,"New York, New York, United States",2021-11-12,Venture,,,4.8,True,,0,0,https://mergr.com/company/302521,2026-09-07T00:00:00Z
6414,Morgan Stanley Expansion Capital,New York,302556,Pluribus Networks,Software,"Santa Clara, California, United States",2021-10-07,Growth Capital,2022-08-04,Divestiture,0.8,False,,0,0,https://mergr.com/company/302556,2026-09-07T00:00:00Z
6414,Morgan Stanley Expansion Capital,New York,257309,Elligo Health Research,Life Science,"Austin, Texas, United States",2021-09-23,Venture,,,4.9,True,,1,0,https://mergr.com/company/257309,2026-09-07T00:00:00Z
6414,Morgan Stanley Expansion Capital,New York,302523,CMX1,Internet Software and Services,"San Diego, California, United States",2021-05-26,Venture,,,5.3,True,,0,0,https://mergr.com/company/302523,2026-09-07T00:00:00Z
6414,Morgan Stanley Expansion Capital,New York,301198,ValGenesis,Software,"Santa Clara, California, United States",2021-05-04,Growth Capital,,,5.3,True,,1,0,https://mergr.com/company/301198,2026-09-07T00:00:00Z
6414,Morgan Stanley Expansion Capital,New York,302555,airSlate,Internet Software and Services,"Brookline, Massachusetts, United States",2021-01-12,Growth Capital,,,5.6,True,,1,0,https://mergr.com/company/302555,2026-09-07T00:00:00Z
6414,Morgan Stanley Expansion Capital,New York,302552,Lifetime Value,Information Technology,"New York, New York, United States",2020-12-17,Growth Capital,,,5.7,True,,0,0,https://mergr.com/company/302552,2026-09-07T00:00:00Z
6414,Morgan Stanley Expansion Capital,New York,311651,DataGuard,Internet Software and Services,"Munich, Germany",2020-03-26,Venture,,,6.4,True,,1,0,https://mergr.com/company/311651,2026-09-07T00:00:00Z
6414,Morgan Stanley Expansion Capital,New York,302558,cPacket Networks,Software,"Milpitas, California, United States",2020-02-26,Growth Capital,,,6.5,True,,0,0,https://mergr.com/company/302558,2026-09-07T00:00:00Z
6414,Morgan Stanley Expansion Capital,New York,302630,OpsRamp,Internet Software and Services,"San Jose, California, United States",2020-01-30,Venture,2023-03-20,Divestiture,3.1,False,,0,0,https://mergr.com/company/302630,2026-09-07T00:00:00Z
6414,Morgan Stanley Expansion Capital,New York,218812,Akka,Software,"San Francisco, California, United States",2020-01-01,Venture,,,6.7,True,,0,0,https://mergr.com/company/218812,2026-09-07T00:00:00Z
6414,Morgan Stanley Expansion Capital,New York,293045,Decisiv,Software,"Reston, Virginia, United States",2019-01-10,Growth Capital,,,7.6,True,,1,0,https://mergr.com/company/293045,2026-09-07T00:00:00Z
6414,Morgan Stanley Expansion Capital,New York,288730,Chairish,Internet Software and Services,"San Francisco, California, United States",2019-01-01,Venture,2022-01-01,Unknown,3,False,,1,0,https://mergr.com/company/288730,2026-09-07T00:00:00Z
6414,Morgan Stanley Expansion Capital,New York,253135,Van Leeuwen Ice Cream,Food,"Brooklyn, New York, United States",2018-08-06,Growth Capital,,,8.1,True,,0,0,https://mergr.com/company/253135,2026-09-07T00:00:00Z
6414,Morgan Stanley Expansion Capital,New York,302568,Cohesity,Software,"Santa Clara, California, United States",2018-06-11,Venture,,,8.2,True,,0,0,https://mergr.com/company/302568,2026-09-07T00:00:00Z
6414,Morgan Stanley Expansion Capital,New York,250558,Orgvue,Internet Software and Services,"London, United Kingdom",2018-05-01,Growth Capital,,,8.3,True,,1,0,https://mergr.com/company/250558,2026-09-07T00:00:00Z
6414,Morgan Stanley Expansion Capital,New York,194951,Elevate Services,Business Services,"Los Angeles, California, United States",2018-04-18,Growth Capital,,,8.3,True,,3,0,https://mergr.com/company/194951,2026-09-07T00:00:00Z
6414,Morgan Stanley Expansion Capital,New York,250365,VizExplorer,Software,"Las Vegas, Nevada, United States",2018-04-17,Growth Capital,2025-07-28,Divestiture,7.3,False,,0,0,https://mergr.com/company/250365,2026-09-07T00:00:00Z
6414,Morgan Stanley Expansion Capital,New York,250307,Instapage,Internet Software and Services,"Brookline, Massachusetts, United States",2018-04-10,Venture,2023-10-11,Divestiture,5.5,False,,0,0,https://mergr.com/company/250307,2026-09-07T00:00:00Z
6414,Morgan Stanley Expansion Capital,New York,209915,Mad Mobile,Information Technology,"Tampa, Florida, United States",2017-11-29,Growth Capital,,,8.8,True,,1,0,https://mergr.com/company/209915,2026-09-07T00:00:00Z
6414,Morgan Stanley Expansion Capital,New York,270012,Tinubu Square,Internet Software and Services,"Issy-les-Moulineaux, France",2017-10-02,Secondary Buyout,,,8.9,True,,3,0,https://mergr.com/company/270012,2026-09-07T00:00:00Z
6414,Morgan Stanley Expansion Capital,New York,243112,ABS Kids,Healthcare Services,"Salt Lake City, Utah, United States",2017-09-06,"Buyout (LBO, MBO, MBI)",,,9,True,,0,0,https://mergr.com/company/243112,2026-09-07T00:00:00Z
6414,Morgan Stanley Expansion Capital,New York,242536,Voices.com,Internet Software and Services,"London, Ontario, Canada",2017-07-12,Growth Capital,,,9.1,True,,2,0,https://mergr.com/company/242536,2026-09-07T00:00:00Z
6414,Morgan Stanley Expansion Capital,New York,299786,Quentic,Software,"Berlin, Germany",2017-05-22,Growth Capital,2022-05-12,Divestiture,4.9,False,,0,0,https://mergr.com/company/299786,2026-09-07T00:00:00Z
6414,Morgan Stanley Expansion Capital,New York,302636,Eska,Beverages,"Laval, Quebec, Canada",2017-01-01,Growth Capital,,,9.7,True,,0,0,https://mergr.com/company/302636,2026-09-07T00:00:00Z
6414,Morgan Stanley Expansion Capital,New York,84605,Mondee,Information Technology,"Austin, Texas, United States",2017-01-01,"Buyout (LBO, MBO, MBI)",,,9.7,True,223,3,0,https://mergr.com/company/84605,2026-09-07T00:00:00Z
6414,Morgan Stanley Expansion Capital,New York,248098,Conversica,Software,"San Francisco, California, United States",2016-12-14,Venture,,,9.7,True,,1,0,https://mergr.com/company/248098,2026-09-07T00:00:00Z
6414,Morgan Stanley Expansion Capital,New York,270925,Tiff's Treats,Food,"Austin, Texas, United States",2015-09-01,Venture,,,11,True,,0,0,https://mergr.com/company/270925,2026-09-07T00:00:00Z
6414,Morgan Stanley Expansion Capital,New York,115817,Sprout Organic Foods,Food,"Montvale, New Jersey, United States",2015-06-29,Growth Capital,2021-02-10,Divestiture,5.6,False,28,0,0,https://mergr.com/company/115817,2026-09-07T00:00:00Z
6414,Morgan Stanley Expansion Capital,New York,289095,GumGum,Marketing,"Santa Monica, California, United States",2015-05-28,Venture,,,11.3,True,,2,0,https://mergr.com/company/289095,2026-09-07T00:00:00Z
6414,Morgan Stanley Expansion Capital,New York,302734,Ecentria,E-Commerce,"Northbrook, Illinois, United States",2014-10-08,Growth Capital,,,11.8,True,,0,0,https://mergr.com/company/302734,2026-09-07T00:00:00Z
6414,Morgan Stanley Expansion Capital,New York,202451,Scale Computing,Information Technology,"Indianapolis, Indiana, United States",2014-08-18,Growth Capital,2025-07-31,Divestiture,10.9,False,,0,0,https://mergr.com/company/202451,2026-09-07T00:00:00Z
6414,Morgan Stanley Expansion Capital,New York,249499,Cloudian,Internet Software and Services,"San Mateo, California, United States",2014-07-08,Venture,,,12.1,True,,1,0,https://mergr.com/company/249499,2026-09-07T00:00:00Z
6414,Morgan Stanley Expansion Capital,New York,189574,Rocket Lawyer,Internet Software and Services,"San Francisco, California, United States",2013-05-13,Venture,2022-01-01,Unknown,8.6,False,,0,0,https://mergr.com/company/189574,2026-09-07T00:00:00Z
6414,Morgan Stanley Expansion Capital,New York,302627,NanoString Technologies,Manufacturing,"Seattle, Washington, United States",2012-12-03,Venture,2013-07-05,IPO,0.6,False,145,0,0,https://mergr.com/company/302627,2026-09-07T00:00:00Z
6414,Morgan Stanley Expansion Capital,New York,270630,Ez Texting,Internet Software and Services,"San Francisco, California, United States",2012-12-01,Venture,,,13.8,True,,0,0,https://mergr.com/company/270630,2026-09-07T00:00:00Z
6414,Morgan Stanley Expansion Capital,New York,182318,Caidya,Life Science,"Raleigh, North Carolina, United States",2011-09-27,Venture,,,14.9,True,,5,0,https://mergr.com/company/182318,2026-09-07T00:00:00Z
6414,Morgan Stanley Expansion Capital,New York,302566,Neo4j,Information Technology,"San Mateo, California, United States",2011-09-21,Venture,,,14.9,True,,1,0,https://mergr.com/company/302566,2026-09-07T00:00:00Z
6414,Morgan Stanley Expansion Capital,New York,70078,MotionPoint,Internet Software and Services,"Coconut Creek, Florida, United States",2011-04-05,"Buyout (LBO, MBO, MBI)",2021-04-01,Trade Sale - Public Company,9.9,False,,0,0,https://mergr.com/company/70078,2026-09-07T00:00:00Z
6414,Morgan Stanley Expansion Capital,New York,15234,Integral,Internet Software and Services,"Palo Alto, California, United States",2009-06-01,Growth Capital,,,17.3,True,,0,0,https://mergr.com/company/15234,2026-09-07T00:00:00Z
6414,Morgan Stanley Expansion Capital,New York,187442,iRise,Software,"El Segundo, California, United States",2005-01-19,Venture,,,21.6,True,,0,0,https://mergr.com/company/187442,2026-09-07T00:00:00Z
6414,Morgan Stanley Expansion Capital,New York,118689,Vbrick,Information Technology,"Herndon, Virginia, United States",2001-11-14,Growth Capital,,,24.8,True,,2,0,https://mergr.com/company/118689,2026-09-07T00:00:00Z
6414,Morgan Stanley Expansion Capital,New York,187502,XS,Internet Software and Services,"Morrisville, North Carolina, United States",1999-11-18,Growth Capital,2018-08-08,Spin Off,18.7,False,,0,0,https://mergr.com/company/187502,2026-09-07T00:00:00Z
6426,Morgan Stanley Infrastructure Partners,New York,352041,Epic Energy,Infrastructure,"Adelaide, Australia",2026-07-27,"Buyout (LBO, MBO, MBI)",,,0.1,True,,0,0,https://mergr.com/company/352041,2026-09-07T00:00:00Z
6426,Morgan Stanley Infrastructure Partners,New York,351411,Nicollin Environnement,Environmental,"Nimes, France",2026-07-10,"Buyout (LBO, MBO, MBI)",,,0.1,True,,0,0,https://mergr.com/company/351411,2026-09-07T00:00:00Z
6426,Morgan Stanley Infrastructure Partners,New York,351217,Greenlight Electricity Centre,Renewable Energy,"Calgary, Alberta, Canada",2026-07-06,Growth Capital,,,0.2,True,,0,0,https://mergr.com/company/351217,2026-09-07T00:00:00Z
6426,Morgan Stanley Infrastructure Partners,New York,333104,Torch Clean Energy,Renewable Energy,"Boulder, Colorado, United States",2025-01-21,Growth Capital,,,1.6,True,,0,0,https://mergr.com/company/333104,2026-09-07T00:00:00Z
6426,Morgan Stanley Infrastructure Partners,New York,165409,Pasha Group,Transportation,"San Rafael, California, United States",2024-04-01,Secondary Buyout,,,2.4,True,,0,0,https://mergr.com/company/165409,2026-09-07T00:00:00Z
6426,Morgan Stanley Infrastructure Partners,New York,346004,Portland Natural Gas Transmission System,Energy Services and Equipment,United States,2024-03-11,Divestiture,,,2.4,True,,0,0,https://mergr.com/company/346004,2026-09-07T00:00:00Z
6426,Morgan Stanley Infrastructure Partners,New York,345998,UltraEdge,Communications,"Courbevoie, France",2023-11-21,Divestiture,,,2.8,True,,0,0,https://mergr.com/company/345998,2026-09-07T00:00:00Z
6426,Morgan Stanley Infrastructure Partners,New York,318757,Valoriza,Environmental,"Madrid, Spain",2023-10-31,Divestiture,,,2.8,True,,0,0,https://mergr.com/company/318757,2026-09-07T00:00:00Z
6426,Morgan Stanley Infrastructure Partners,New York,345994,Crowley Wind Services Holdings,Renewable Energy,United States,2023-08-24,Joint Venture,,,3,True,,0,0,https://mergr.com/company/345994,2026-09-07T00:00:00Z
6426,Morgan Stanley Infrastructure Partners,New York,232300,StraitNZ,Transportation,"Wellington, New Zealand",2022-03-31,Secondary Buyout,,,4.4,True,,0,0,https://mergr.com/company/232300,2026-09-07T00:00:00Z
6426,Morgan Stanley Infrastructure Partners,New York,25883,SpecialtyCare,Healthcare Services,"Brentwood, Tennessee, United States",2021-10-29,Secondary Buyout,,,4.8,True,,0,0,https://mergr.com/company/25883,2026-09-07T00:00:00Z
6426,Morgan Stanley Infrastructure Partners,New York,304119,Hoegh Evi,Oil/Gas Exploration,"Oslo, Norway",2021-03-08,Going Private,2024-12-18,Sold to Management,3.8,False,,0,0,https://mergr.com/company/304119,2026-09-07T00:00:00Z
6426,Morgan Stanley Infrastructure Partners,New York,203402,Tele Columbus,Communications,"Berlin, Germany",2020-12-21,Going Private,,,5.7,True,541,0,0,https://mergr.com/company/203402,2026-09-07T00:00:00Z
6426,Morgan Stanley Infrastructure Partners,New York,274608,Lightpath,Communications,"Bethpage, New York, United States",2020-07-28,Stake Purchase,,,6.1,True,,1,0,https://mergr.com/company/274608,2026-09-07T00:00:00Z
6426,Morgan Stanley Infrastructure Partners,New York,304108,FastFiber,Communications,"Lisboa, Portugal",2020-04-20,Stake Purchase,,,6.3,True,,0,0,https://mergr.com/company/304108,2026-09-07T00:00:00Z
6426,Morgan Stanley Infrastructure Partners,New York,12975,Seven Seas Water,Utilities,"Tampa, Florida, United States",2020-03-30,"Buyout (LBO, MBO, MBI)",2025-05-22,Trade Sale - Public Company,5.1,False,,0,0,https://mergr.com/company/12975,2026-09-07T00:00:00Z
6426,Morgan Stanley Infrastructure Partners,New York,220640,VTG,Transportation,"Hamburg, Germany",2019-02-24,Stake Purchase,2022-06-29,Sold to Management,3.3,False,,0,0,https://mergr.com/company/220640,2026-09-07T00:00:00Z
6426,Morgan Stanley Infrastructure Partners,New York,304111,PNE,Utilities,"Cuxhaven, Germany",2019-01-01,Stake Purchase,,,7.7,True,237,0,1,https://mergr.com/company/304111,2026-09-07T00:00:00Z
6426,Morgan Stanley Infrastructure Partners,New York,30748,Bayonne Energy Center,Energy Services and Equipment,"Bayonne, New Jersey, United States",2018-10-15,Divestiture,,,7.8,True,,0,0,https://mergr.com/company/30748,2026-09-07T00:00:00Z
6426,Morgan Stanley Infrastructure Partners,New York,304110,Brazos Midstream - Delaware Basin Subsidiaries,Oil/Gas Exploration,United States,2018-05-29,Divestiture,,,8.3,True,,0,0,https://mergr.com/company/304110,2026-09-07T00:00:00Z
6426,Morgan Stanley Infrastructure Partners,New York,41621,Red Oak Power,Utilities,"Sayreville, New Jersey, United States",2017-01-01,Growth Capital,2025-07-08,Trade Sale - Public Company,8.5,False,,0,0,https://mergr.com/company/41621,2026-09-07T00:00:00Z
6426,Morgan Stanley Infrastructure Partners,New York,304115,Altan Redes,Communications,"Mexico, Mexico",2016-01-01,Stake Purchase,2021-07-14,Bankruptcy,5.5,False,,0,0,https://mergr.com/company/304115,2026-09-07T00:00:00Z
6426,Morgan Stanley Infrastructure Partners,New York,303954,Ital Gas Storage,Oil/Gas Exploration,"Milan, Italy",2015-07-03,"Buyout (LBO, MBO, MBI)",2021-12-22,Trade Sale - Public Company,6.4,False,,0,0,https://mergr.com/company/303954,2026-09-07T00:00:00Z
6426,Morgan Stanley Infrastructure Partners,New York,25463,Flexential,Information Technology,"Centennial, Colorado, United States",2014-05-12,Secondary Buyout,,,12.3,True,,1,0,https://mergr.com/company/25463,2026-09-07T00:00:00Z
6426,Morgan Stanley Infrastructure Partners,New York,210646,Chicago Parking Meters,Business Services,"Chicago, Illinois, United States",2009-12-05,"Buyout (LBO, MBO, MBI)",,,16.8,True,,0,0,https://mergr.com/company/210646,2026-09-07T00:00:00Z
