owner_firm_id,owner_firm_name,owner_firm_state,company_id,company_name,sector,location,acquired_date,acquisition_type,exit_date,exit_type,hold_years,is_current,revenue_millions_usd,acquisitions_during_hold,divestitures_during_hold,mergr_url,_fetched_at
57,Brookstone Partners,New York,301983,Virginia Abrasives,Manufacturing,"Petersburg, Virginia, United States",2020-02-04,"Buyout (LBO, MBO, MBI)",,,6.5,True,,0,0,https://mergr.com/company/301983,2026-09-03T23:54:45Z
57,Brookstone Partners,New York,228969,Soluna,Financial Services,"Albany, New York, United States",2016-10-24,Growth Capital,,,9.8,True,38,3,0,https://mergr.com/company/228969,2026-09-03T23:54:45Z
57,Brookstone Partners,New York,63298,Denison Pharmaceuticals,Life Science,"Lincoln, Rhode Island, United States",2013-07-25,Recapitalization,,,13.1,True,,0,0,https://mergr.com/company/63298,2026-09-03T23:54:45Z
57,Brookstone Partners,New York,468,FirstBest Systems,Software,"Bedford, Massachusetts, United States",2012-04-03,Growth Capital,,,14.4,True,,0,0,https://mergr.com/company/468,2026-09-03T23:54:45Z
57,Brookstone Partners,New York,28896,Limos.com LLC,Internet Software and Services,"Phoenix, Arizona, United States",2008-11-13,"Buyout (LBO, MBO, MBI)",,,17.8,True,,0,0,https://mergr.com/company/28896,2026-09-03T23:54:45Z
57,Brookstone Partners,New York,18493,WoodCrafters Home Products LLC,Furniture,"Weslaco, Texas, United States",2008-02-28,"Buyout (LBO, MBO, MBI)",2013-06-20,Divestiture,5.3,False,,0,0,https://mergr.com/company/18493,2026-09-03T23:54:45Z
57,Brookstone Partners,New York,469,Anomatic,Packaging,"Newark, Ohio, United States",2005-11-08,Recapitalization,2016-02-11,Divestiture,10.3,False,,0,0,https://mergr.com/company/469,2026-09-03T23:54:45Z
57,Brookstone Partners,New York,20467,Gemeinhardt Musical Instruments LLC,Consumer Products,"Elkhart, Indiana, United States",1997-06-01,"Buyout (LBO, MBO, MBI)",,,29.3,True,,0,0,https://mergr.com/company/20467,2026-09-03T23:54:45Z
97,Cephas Capital Partners,New York,214300,Harvey Research,Information Services,"Fairport, New York, United States",2004-05-01,"Buyout (LBO, MBO, MBI)",,,22.3,True,,1,0,https://mergr.com/company/214300,2026-09-03T23:54:45Z
115,Clarion Capital Partners,New York,337756,International Cybernetics,Information Technology,"Largo, Florida, United States",2025-06-12,Growth Capital,,,1.2,True,,0,0,https://mergr.com/company/337756,2026-09-03T23:54:45Z
115,Clarion Capital Partners,New York,342084,Arthur Murray,Education,"Coral Gables, Florida, United States",2024-12-17,"Buyout (LBO, MBO, MBI)",,,1.7,True,,0,0,https://mergr.com/company/342084,2026-09-03T23:54:45Z
115,Clarion Capital Partners,New York,321895,Narrative,Marketing,"Washington, District of Columbia, United States",2024-02-15,Stake Purchase,,,2.5,True,,0,0,https://mergr.com/company/321895,2026-09-03T23:54:45Z
115,Clarion Capital Partners,New York,324700,Ready Credit,Financial Services,"Eden Prairie, Minnesota, United States",2023-05-31,Growth Capital,,,3.3,True,,0,0,https://mergr.com/company/324700,2026-09-03T23:54:45Z
115,Clarion Capital Partners,New York,309242,Vin Di Bona Productions,Media,"Los Angeles, California, United States",2023-01-23,Growth Capital,,,3.6,True,,0,0,https://mergr.com/company/309242,2026-09-03T23:54:45Z
115,Clarion Capital Partners,New York,324695,OpenRoad Lending,Financial Services,"Fort Worth, Texas, United States",2021-09-13,Growth Capital,,,4.9,True,,0,0,https://mergr.com/company/324695,2026-09-03T23:54:45Z
115,Clarion Capital Partners,New York,286243,Ad.net,Marketing,"Los Angeles, California, United States",2021-06-07,Growth Capital,,,5.2,True,,1,0,https://mergr.com/company/286243,2026-09-03T23:54:45Z
115,Clarion Capital Partners,New York,265917,Harris & Harris,Business Services,"Chicago, Illinois, United States",2019-10-15,Growth Capital,,,6.8,True,,0,0,https://mergr.com/company/265917,2026-09-03T23:54:45Z
115,Clarion Capital Partners,New York,268818,Premiere Digital Services,Internet Software and Services,"Los Angeles, California, United States",2018-10-22,"Buyout (LBO, MBO, MBI)",,,7.8,True,,1,0,https://mergr.com/company/268818,2026-09-03T23:54:45Z
115,Clarion Capital Partners,New York,242799,AML RightSource,Business Services,"Cleveland, Ohio, United States",2017-08-21,Growth Capital,2020-09-22,Trade Sale - Public Company,3.1,False,,0,0,https://mergr.com/company/242799,2026-09-03T23:54:45Z
115,Clarion Capital Partners,New York,220500,Madison Logic,Marketing,"New York City, New York, United States",2016-12-01,"Buyout (LBO, MBO, MBI)",2022-12-29,Trade Sale - Public Company,6,False,,0,1,https://mergr.com/company/220500,2026-09-03T23:54:45Z
115,Clarion Capital Partners,New York,178787,HROI,Business Services,"Lawrenceville, Georgia, United States",2015-03-11,Growth Capital,2017-08-22,Divestiture,2.4,False,,1,0,https://mergr.com/company/178787,2026-09-03T23:54:45Z
115,Clarion Capital Partners,New York,177719,Moravia IT s.r.o.,Information Technology,"Brno, Czech Republic",2015-02-16,"Buyout (LBO, MBO, MBI)",2017-10-18,Divestiture,2.7,False,,0,0,https://mergr.com/company/177719,2026-09-03T23:54:45Z
115,Clarion Capital Partners,New York,113605,SQAD,Internet Software and Services,"Tarrytown, New York, United States",2013-11-05,"Buyout (LBO, MBO, MBI)",2022-04-16,Divestiture,8.4,False,,1,0,https://mergr.com/company/113605,2026-09-03T23:54:45Z
115,Clarion Capital Partners,New York,166233,Cross Accessory Division,Consumer Services,United States,2013-07-15,Divestiture,,,13.1,True,,0,0,https://mergr.com/company/166233,2026-09-03T23:54:45Z
115,Clarion Capital Partners,New York,30044,Ametros Financial,Information Technology,"Burlington, Massachusetts, United States",2010-01-01,Growth Capital,2023-12-14,Divestiture,13.9,False,,0,0,https://mergr.com/company/30044,2026-09-03T23:54:45Z
115,Clarion Capital Partners,New York,16791,Cadent,Media,"New York, New York, United States",2009-07-29,Growth Capital,2013-07-01,Trade Sale - Public Company,3.9,False,,0,0,https://mergr.com/company/16791,2026-09-03T23:54:45Z
115,Clarion Capital Partners,New York,15438,Lenox,Retail,"Bristol, Pennsylvania, United States",2009-03-16,Special Situations/Distressed,2020-10-19,Trade Sale - Public Company,11.6,False,,1,0,https://mergr.com/company/15438,2026-09-03T23:54:45Z
115,Clarion Capital Partners,New York,948,Hartmann,Consumer Products,"Lebanon, Tennessee, United States",2007-04-30,"Buyout (LBO, MBO, MBI)",2012-08-02,Divestiture,5.3,False,,1,0,https://mergr.com/company/948,2026-09-03T23:54:45Z
115,Clarion Capital Partners,New York,952,Crowe Paradis Services,Insurance,"North Reading, Massachusetts, United States",2006-10-27,"Buyout (LBO, MBO, MBI)",2010-12-13,Divestiture,4.1,False,,0,0,https://mergr.com/company/952,2026-09-03T23:54:45Z
115,Clarion Capital Partners,New York,951,Strategic Outsourcing,Staffing,"Charlotte, North Carolina, United States",2005-08-03,Divestiture,2012-09-14,Divestiture,7.1,False,,0,0,https://mergr.com/company/951,2026-09-03T23:54:45Z
115,Clarion Capital Partners,New York,950,Great Northwest Insurance Co.,Insurance,"St. Paul, Minnesota, United States",2004-11-05,"Buyout (LBO, MBO, MBI)",2011-05-10,Divestiture,6.5,False,,0,0,https://mergr.com/company/950,2026-09-03T23:54:45Z
115,Clarion Capital Partners,New York,949,Oceanaire,Restaurants,"Minneapolis, Minnesota, United States",2004-08-13,"Buyout (LBO, MBO, MBI)",2009-07-06,Bankruptcy,4.8,False,,0,0,https://mergr.com/company/949,2026-09-03T23:54:45Z
115,Clarion Capital Partners,New York,217686,U.S. Nursing,Staffing,"Greenwood Village, Colorado, United States",2003-08-04,"Buyout (LBO, MBO, MBI)",2014-02-21,Divestiture,10.5,False,,0,0,https://mergr.com/company/217686,2026-09-03T23:54:45Z
115,Clarion Capital Partners,New York,15439,"Reliant Healthcare Professionals, Inc.",Staffing,"Greenwood Village, Colorado, United States",2003-08-04,"Buyout (LBO, MBO, MBI)",,,23,True,,0,0,https://mergr.com/company/15439,2026-09-03T23:54:45Z
115,Clarion Capital Partners,New York,4728,All-Clad Metalcrafters LLC,Consumer Products,"Canonsburg, Pennsylvania, United States",1998-03-01,"Buyout (LBO, MBO, MBI)",1999-05-25,Divestiture,1.2,False,,0,0,https://mergr.com/company/4728,2026-09-03T23:54:45Z
164,EG Capital Group,New York,32410,"Water Pik, Inc.",Consumer Products,"Fort Collins, Colorado, United States",2007-06-20,"Buyout (LBO, MBO, MBI)",2013-07-09,Trade Sale - Public Company,6,False,265,0,0,https://mergr.com/company/32410,2026-09-03T23:54:45Z
284,Holding Capital Group,New York,252493,Carolina Precision Fibers,Environmental,"Ronda, North Carolina, United States",2018-03-15,"Buyout (LBO, MBO, MBI)",2025-09-08,Divestiture,7.4,False,,0,0,https://mergr.com/company/252493,2026-09-03T23:54:45Z
284,Holding Capital Group,New York,2411,Haskell Jewels Ltd.,Consumer Products,"New York City, New York, United States",2006-10-09,Growth Capital,,,19.8,True,,1,0,https://mergr.com/company/2411,2026-09-03T23:54:45Z
441,Post Capital Partners,New York,339045,RKON,Information Technology,"Chicago, Illinois, United States",2024-02-09,"Buyout (LBO, MBO, MBI)",,,2.5,True,,1,0,https://mergr.com/company/339045,2026-09-03T23:54:45Z
441,Post Capital Partners,New York,301792,Ironmark,Marketing,"Annapolis Junction, Maryland, United States",2022-06-22,Growth Capital,,,4.2,True,,3,0,https://mergr.com/company/301792,2026-09-03T23:54:45Z
441,Post Capital Partners,New York,290054,Agile Sourcing Partners,Utilities,"Corona, California, United States",2020-02-12,Growth Capital,,,6.5,True,,0,0,https://mergr.com/company/290054,2026-09-03T23:54:45Z
441,Post Capital Partners,New York,290053,IntraLogic Solutions,Safety/Security,"Massapequa, New York, United States",2019-07-24,Recapitalization,,,7.1,True,,0,0,https://mergr.com/company/290053,2026-09-03T23:54:45Z
441,Post Capital Partners,New York,260857,Prochamps,Business Services,"Melbourne, Florida, United States",2019-05-14,Recapitalization,,,7.3,True,,0,0,https://mergr.com/company/260857,2026-09-03T23:54:45Z
441,Post Capital Partners,New York,208943,iShared.com,Transportation,"Tampa, Florida, United States",2018-09-25,"Buyout (LBO, MBO, MBI)",,,7.9,True,,0,0,https://mergr.com/company/208943,2026-09-03T23:54:45Z
441,Post Capital Partners,New York,171449,EC Waste,Environmental,"Catano, Puerto Rico",2014-05-20,Divestiture,2021-12-01,Trade Sale - Public Company,7.5,False,,1,0,https://mergr.com/company/171449,2026-09-03T23:54:45Z
441,Post Capital Partners,New York,2595,TBA Global,Marketing,"New York, New York, United States",2013-02-11,Secondary Buyout,,,13.5,True,,0,0,https://mergr.com/company/2595,2026-09-03T23:54:45Z
441,Post Capital Partners,New York,35913,Invo Healthcare,Healthcare Services,"Tampa, Pennsylvania, United States",2013-01-28,Recapitalization,2017-01-09,Merger,3.9,False,,1,0,https://mergr.com/company/35913,2026-09-03T23:54:45Z
441,Post Capital Partners,New York,5944,United Road Services,Transportation,"Plymouth, Michigan, United States",2012-12-14,Secondary Buyout,2017-09-05,Trade Sale - Public Company,4.7,False,,0,0,https://mergr.com/company/5944,2026-09-03T23:54:45Z
441,Post Capital Partners,New York,19484,DTiQ,Information Technology,"Framingham, Massachusetts, United States",2012-03-15,Recapitalization,2012-03-15,Merger,0,False,,0,0,https://mergr.com/company/19484,2026-09-03T23:54:45Z
441,Post Capital Partners,New York,3457,ABRA Auto Body & Glass LP,Automotive,"Brooklyn Park, Minnesota, United States",2011-11-07,Recapitalization,2014-08-04,Trade Sale - Public Company,2.7,False,,0,0,https://mergr.com/company/3457,2026-09-03T23:54:45Z
441,Post Capital Partners,New York,25710,BHS Specialty Chemicals LLC,Chemicals,"Salt Lake City, Utah, United States",2010-07-01,Recapitalization,2017-07-17,Divestiture,7,False,,1,0,https://mergr.com/company/25710,2026-09-03T23:54:45Z
441,Post Capital Partners,New York,19484,DTiQ,Information Technology,"Framingham, Massachusetts, United States",2009-06-10,Growth Capital,2012-03-15,Merger,2.8,False,,0,0,https://mergr.com/company/19484,2026-09-03T23:54:45Z
441,Post Capital Partners,New York,3455,Amigo Insurance Holding Corp.,Insurance,"Delaware, United States",2007-09-18,"Buyout (LBO, MBO, MBI)",,,18.9,True,,0,0,https://mergr.com/company/3455,2026-09-03T23:54:45Z
441,Post Capital Partners,New York,3460,Agent Media Corp.,Media,"Clearwater, Florida, United States",2004-09-14,"Buyout (LBO, MBO, MBI)",2007-06-14,Divestiture,2.8,False,,0,0,https://mergr.com/company/3460,2026-09-03T23:54:45Z
586,The Praedium Group,New York,335657,Pearl Woodlake,Real Estate,"Houston, Texas, United States",2025-04-16,"Buyout (LBO, MBO, MBI)",,,1.3,True,,0,0,https://mergr.com/company/335657,2026-09-03T23:54:45Z
586,The Praedium Group,New York,333760,Beverly Crossing,Real Estate,"Beverly, Massachusetts, United States",2025-02-03,"Buyout (LBO, MBO, MBI)",,,1.6,True,,0,0,https://mergr.com/company/333760,2026-09-03T23:54:45Z
586,The Praedium Group,New York,267573,Legacy On The Promenade,Real Estate,"Westminster, Colorado, United States",2019-12-19,"Buyout (LBO, MBO, MBI)",,,6.7,True,,0,0,https://mergr.com/company/267573,2026-09-03T23:54:45Z
738,Branford Castle Partners,New York,324193,Eastern Dental,Healthcare Services,"Avenel, New Jersey, United States",2025-01-10,Secondary Buyout,,,1.6,True,,0,0,https://mergr.com/company/324193,2026-09-03T23:54:45Z
738,Branford Castle Partners,New York,272838,Testek Solutions,Aerospace,"Wixom, Michigan, United States",2024-11-12,Secondary Buyout,,,1.8,True,,0,0,https://mergr.com/company/272838,2026-09-03T23:54:45Z
738,Branford Castle Partners,New York,329989,Hoffman Engineering,Defense,"Stamford, Connecticut, United States",2024-10-23,Divestiture,,,1.8,True,,0,0,https://mergr.com/company/329989,2026-09-03T23:54:45Z
738,Branford Castle Partners,New York,326470,Marine Floats,Marine,"Tacoma, Washington, United States",2023-10-12,Growth Capital,,,2.8,True,,0,0,https://mergr.com/company/326470,2026-09-03T23:54:45Z
738,Branford Castle Partners,New York,309479,GPT Industries,Manufacturing,"Wheat Ridge, Colorado, United States",2023-01-30,Divestiture,,,3.6,True,,1,0,https://mergr.com/company/309479,2026-09-03T23:54:45Z
738,Branford Castle Partners,New York,3386,Handi Quilter,Consumer Products,"North Salt Lake, Utah, United States",2022-06-06,Divestiture,,,4.2,True,,0,0,https://mergr.com/company/3386,2026-09-03T23:54:45Z
738,Branford Castle Partners,New York,319134,Clean Solutions Group,Manufacturing,"Mooresville, North Carolina, United States",2022-02-09,Consolidation,2024-09-09,Trade Sale - Public Company,2.6,False,,2,0,https://mergr.com/company/319134,2026-09-03T23:54:45Z
738,Branford Castle Partners,New York,283770,Lafayette Instrument,Manufacturing,"Lafayette, Indiana, United States",2021-04-07,"Buyout (LBO, MBO, MBI)",,,5.3,True,,5,0,https://mergr.com/company/283770,2026-09-03T23:54:45Z
738,Branford Castle Partners,New York,275304,Fibrix Filtration,Manufacturing,"Mooresville, North Carolina, United States",2020-08-17,"Buyout (LBO, MBO, MBI)",2022-02-09,Divestiture,1.4,False,,1,0,https://mergr.com/company/275304,2026-09-03T23:54:45Z
738,Branford Castle Partners,New York,14663,Pulse Vet,Medical Products,"Roswell, Georgia, United States",2019-09-06,Secondary Buyout,2021-10-01,Divestiture,2,False,,1,0,https://mergr.com/company/14663,2026-09-03T23:54:45Z
738,Branford Castle Partners,New York,31146,INNOVÉ Beauty & Wellness,Consumer Products,"Macedonia, Ohio, United States",2019-08-13,Secondary Buyout,,,7,True,,0,0,https://mergr.com/company/31146,2026-09-03T23:54:45Z
738,Branford Castle Partners,New York,33709,ABC Industries,Manufacturing,"Winona Lake, Indiana, United States",2019-08-05,Secondary Buyout,,,7,True,,0,0,https://mergr.com/company/33709,2026-09-03T23:54:45Z
738,Branford Castle Partners,New York,4024,Drew Foam,Packaging,"Monticello, Arkansas, United States",2018-06-04,Secondary Buyout,2020-11-09,Trade Sale - Public Company,2.4,False,,1,0,https://mergr.com/company/4024,2026-09-03T23:54:45Z
738,Branford Castle Partners,New York,250230,Titan Production Equipment,Oil/Gas Exploration,"The Woodlands, Texas, United States",2018-04-17,Divestiture,,,8.3,True,,0,0,https://mergr.com/company/250230,2026-09-03T23:54:45Z
738,Branford Castle Partners,New York,247244,Vitrek,Test/Measurement Equipment,"Poway, California, United States",2018-01-09,"Buyout (LBO, MBO, MBI)",2026-08-26,Divestiture,8.6,False,,2,0,https://mergr.com/company/247244,2026-09-03T23:54:45Z
738,Branford Castle Partners,New York,57010,Surface Preparation Technologies,Construction,"New Kingstown, Pennsylvania, United States",2017-02-16,Secondary Buyout,2019-11-14,Trade Sale - Public Company,2.7,False,,1,0,https://mergr.com/company/57010,2026-09-03T23:54:45Z
738,Branford Castle Partners,New York,34889,Earthlite,Consumer Products,"Vista, California, United States",2016-07-26,"Buyout (LBO, MBO, MBI)",2024-07-03,Trade Sale - Public Company,7.9,False,,2,0,https://mergr.com/company/34889,2026-09-03T23:54:45Z
738,Branford Castle Partners,New York,19540,American Condenser & Coil LLC,Automotive,"Gardena, California, United States",2008-01-01,"Buyout (LBO, MBO, MBI)",2013-07-26,Divestiture,5.5,False,,0,0,https://mergr.com/company/19540,2026-09-03T23:54:45Z
738,Branford Castle Partners,New York,26046,E-Mon LLC,Test/Measurement Equipment,"Langhorne, Pennsylvania, United States",2007-03-12,Divestiture,2010-07-26,Divestiture,3.3,False,,0,0,https://mergr.com/company/26046,2026-09-03T23:54:45Z
738,Branford Castle Partners,New York,5575,CMP Group,Marine,"Delta, British Columbia, Canada",1999-01-01,"Buyout (LBO, MBO, MBI)",2018-11-12,Trade Sale - Public Company,19.8,False,,0,0,https://mergr.com/company/5575,2026-09-03T23:54:45Z
738,Branford Castle Partners,New York,31598,DCL,Marine,"New Orleans, Louisiana, United States",1987-01-01,Stake Purchase,,,39.7,True,,0,0,https://mergr.com/company/31598,2026-09-03T23:54:45Z
738,Branford Castle Partners,New York,5573,Wachain,Marine,"Seattle, Washington, United States",1987-01-01,Stake Purchase,,,39.7,True,,1,0,https://mergr.com/company/5573,2026-09-03T23:54:45Z
792,Corinthian Capital Group,New York,336459,Trimlight,Electrical Equipment,"West Jordan, Utah, United States",2025-05-13,"Buyout (LBO, MBO, MBI)",,,1.3,True,,0,0,https://mergr.com/company/336459,2026-09-03T23:54:45Z
792,Corinthian Capital Group,New York,312378,Ultimate Toys,Automotive,"Loveland, Ohio, United States",2023-04-17,"Buyout (LBO, MBO, MBI)",,,3.3,True,,0,0,https://mergr.com/company/312378,2026-09-03T23:54:45Z
792,Corinthian Capital Group,New York,249377,Excelin Health,Healthcare Services,"Irving, Texas, United States",2018-02-01,Consolidation,,,8.6,True,,3,0,https://mergr.com/company/249377,2026-09-03T23:54:45Z
792,Corinthian Capital Group,New York,239011,Eastern Wholesale Fence,Building Materials,"Medford, New York, United States",2017-04-10,"Buyout (LBO, MBO, MBI)",2020-11-05,Trade Sale - Public Company,3.5,False,,0,0,https://mergr.com/company/239011,2026-09-03T23:54:45Z
792,Corinthian Capital Group,New York,16221,M&R Companies,Machinery,"Roselle, Illinois, United States",2015-10-22,Recapitalization,,,10.8,True,,0,0,https://mergr.com/company/16221,2026-09-03T23:54:45Z
792,Corinthian Capital Group,New York,4714,Best Lighting Products,Electrical Equipment,"Pataskala, Ohio, United States",2015-07-21,Secondary Buyout,,,11.1,True,,0,0,https://mergr.com/company/4714,2026-09-03T23:54:45Z
792,Corinthian Capital Group,New York,204897,Metaltec Steel Abrasive,Metals/Mining,"Canton, Michigan, United States",2014-10-01,Growth Capital,2022-08-10,Merger,7.8,False,,0,0,https://mergr.com/company/204897,2026-09-03T23:54:45Z
792,Corinthian Capital Group,New York,177748,Acertus,Transportation,"Overland Park, Kansas, United States",2014-09-26,Growth Capital,2016-10-26,Trade Sale,2.1,False,,1,0,https://mergr.com/company/177748,2026-09-03T23:54:45Z
792,Corinthian Capital Group,New York,175962,Renegade,Energy Services and Equipment,"Fort Worth, Texas, United States",2014-04-28,Recapitalization,,,12.3,True,,0,0,https://mergr.com/company/175962,2026-09-03T23:54:45Z
792,Corinthian Capital Group,New York,34441,Sierra Hamilton,Engineering,"Midland, Texas, United States",2012-11-01,"Buyout (LBO, MBO, MBI)",2014-01-21,Unknown,1.2,False,,1,0,https://mergr.com/company/34441,2026-09-03T23:54:45Z
792,Corinthian Capital Group,New York,57466,Friedrich Air Conditioning,Manufacturing,"San Antonio, Texas, United States",2012-10-01,"Buyout (LBO, MBO, MBI)",2017-02-08,Trade Sale - Public Company,4.3,False,,0,0,https://mergr.com/company/57466,2026-09-03T23:54:45Z
792,Corinthian Capital Group,New York,32620,"Hamilton Engineering, Inc.",Engineering,"Houston, Texas, United States",2012-05-01,Secondary Buyout,2014-01-21,Spin Off,1.7,False,,0,0,https://mergr.com/company/32620,2026-09-03T23:54:45Z
792,Corinthian Capital Group,New York,32615,Alumacraft Boat Co.,Marine,"St. Peter, Minnesota, United States",2012-01-06,"Buyout (LBO, MBO, MBI)",2018-06-28,Divestiture,6.4,False,,0,0,https://mergr.com/company/32615,2026-09-03T23:54:45Z
792,Corinthian Capital Group,New York,32619,GroupAero,Aerospace,"New York, New York, United States",2010-07-01,"Buyout (LBO, MBO, MBI)",2012-04-13,Merger,1.8,False,,0,0,https://mergr.com/company/32619,2026-09-03T23:54:45Z
792,Corinthian Capital Group,New York,3168,Stadco,Aerospace,"Los Angeles, California, United States",2010-07-01,Secondary Buyout,,,16.2,True,,0,0,https://mergr.com/company/3168,2026-09-03T23:54:45Z
792,Corinthian Capital Group,New York,23782,"Beta International, Inc.",Distribution,"Houston, Texas, United States",2009-12-01,Recapitalization,,,16.8,True,,0,0,https://mergr.com/company/23782,2026-09-03T23:54:45Z
792,Corinthian Capital Group,New York,13677,Control Solutions,Electronics,"Aurora, Illinois, United States",2008-12-01,"Buyout (LBO, MBO, MBI)",,,17.8,True,,0,0,https://mergr.com/company/13677,2026-09-03T23:54:45Z
792,Corinthian Capital Group,New York,13678,Precision Motor Transport Group LLC,Transportation,"Okemos, Michigan, United States",2008-10-01,Recapitalization,,,17.9,True,,0,0,https://mergr.com/company/13678,2026-09-03T23:54:45Z
792,Corinthian Capital Group,New York,13679,Wolf-Gordon,Building Materials,"New York, New York, United States",2008-07-01,"Buyout (LBO, MBO, MBI)",2016-01-27,Trade Sale - Public Company,7.5,False,,0,0,https://mergr.com/company/13679,2026-09-03T23:54:45Z
792,Corinthian Capital Group,New York,6039,Sabre Industries,Electrical Equipment,"Alvarado, Texas, United States",2006-06-01,"Buyout (LBO, MBO, MBI)",2012-09-04,Trade Sale - Public Company,6.3,False,,0,0,https://mergr.com/company/6039,2026-09-03T23:54:45Z
792,Corinthian Capital Group,New York,32616,Disc Makers,Business Services,"Pennsauken, New Jersey, United States",2006-03-01,"Buyout (LBO, MBO, MBI)",2013-01-18,Trade Sale - Public Company,6.8,False,,0,0,https://mergr.com/company/32616,2026-09-03T23:54:45Z
792,Corinthian Capital Group,New York,35689,AVL Digital Group,Media,"Pennsauken, New Jersey, United States",2006-01-01,"Buyout (LBO, MBO, MBI)",2013-01-25,Trade Sale - Public Company,7,False,,0,0,https://mergr.com/company/35689,2026-09-03T23:54:45Z
817,Hale Global,New York,108985,Patch Media,Internet Software and Services,"New York, New York, United States",2014-01-15,Stake Purchase,,,12.6,True,,0,0,https://mergr.com/company/108985,2026-09-03T23:54:45Z
817,Hale Global,New York,27243,QL2,Internet Software and Services,"Baltimore, Maryland, United States",2010-08-27,Special Situations/Distressed,2019-01-01,Unknown,8.3,False,,1,0,https://mergr.com/company/27243,2026-09-03T23:54:45Z
817,Hale Global,New York,6220,Sightline Systems,Information Technology,"Fairfax, Virginia, United States",2003-04-23,Special Situations/Distressed,,,23.3,True,,0,0,https://mergr.com/company/6220,2026-09-03T23:54:45Z
817,Hale Global,New York,6221,"Summit Design, Inc.",Software,"Burlington,, Massachusetts, United States",2002-04-23,Special Situations/Distressed,2006-10-24,Divestiture,4.5,False,,0,0,https://mergr.com/company/6221,2026-09-03T23:54:45Z
833,Albion Investors,New York,255956,Evewell Ltd.,Healthcare Services,"London, United Kingdom",2018-11-14,Growth Capital,,,7.8,True,,0,0,https://mergr.com/company/255956,2026-09-03T23:54:45Z
833,Albion Investors,New York,240619,G.Network Communications,Communications,"London, United Kingdom",2017-06-14,Growth Capital,,,9.2,True,,0,0,https://mergr.com/company/240619,2026-09-03T23:54:45Z
833,Albion Investors,New York,111397,OmPrompt,Information Technology,"Oxfordshire, United Kingdom",2014-07-28,Venture,2021-03-08,Divestiture,6.6,False,,0,0,https://mergr.com/company/111397,2026-09-03T23:54:45Z
833,Albion Investors,New York,220317,"Relayware, Inc.",Software,"Redwood Shores, California, United States",2013-09-01,Venture,2017-07-12,Divestiture,3.8,False,,0,0,https://mergr.com/company/220317,2026-09-03T23:54:45Z
833,Albion Investors,New York,65050,SI Jacobson Manufacturing,Manufacturing,"Green Oaks, Illinois, United States",2013-01-24,"Buyout (LBO, MBO, MBI)",,,13.6,True,,0,0,https://mergr.com/company/65050,2026-09-03T23:54:45Z
833,Albion Investors,New York,65046,Addition Mfg. Technologies,Manufacturing,"Lebanon, Ohio, United States",2010-03-01,"Buyout (LBO, MBO, MBI)",2020-01-20,Divestiture,9.8,False,,0,0,https://mergr.com/company/65046,2026-09-03T23:54:45Z
833,Albion Investors,New York,6608,"North American Propane, Inc.",Distribution,"Taunton, Massachusetts, United States",2003-01-01,Stake Purchase,2012-01-17,Secondary Sale,9,False,,0,0,https://mergr.com/company/6608,2026-09-03T23:54:45Z
833,Albion Investors,New York,1824,Rimrock Corp.,Machinery,"Columbus, Ohio, United States",1999-12-01,"Buyout (LBO, MBO, MBI)",2015-08-04,Divestiture,15.7,False,40,0,0,https://mergr.com/company/1824,2026-09-03T23:54:45Z
833,Albion Investors,New York,19761,"Experimental & Applied Sciences, Inc. (EAS)",Consumer Products,"Burlington, Ontario, Canada",1999-01-01,"Buyout (LBO, MBO, MBI)",2004-10-11,Divestiture,5.8,False,,0,0,https://mergr.com/company/19761,2026-09-03T23:54:45Z
901,Goode Partners,New York,297977,Jocko Fuel,Consumer Products,"Wilton, Maine, United States",2022-03-13,Growth Capital,,,4.4,True,,0,0,https://mergr.com/company/297977,2026-09-03T23:54:45Z
901,Goode Partners,New York,294686,ReadyWise,Food,"Salt Lake City, Utah, United States",2022-01-06,"Buyout (LBO, MBO, MBI)",,,4.6,True,,0,0,https://mergr.com/company/294686,2026-09-03T23:54:45Z
901,Goode Partners,New York,328073,Julie Vos,Consumer Products,"New York, New York, United States",2021-12-01,Growth Capital,,,4.8,True,,0,0,https://mergr.com/company/328073,2026-09-03T23:54:45Z
901,Goode Partners,New York,265526,Strong Roots,Food,"Dublin, Ireland",2019-09-10,Venture,,,6.9,True,,0,0,https://mergr.com/company/265526,2026-09-03T23:54:45Z
901,Goode Partners,New York,246866,Marolina Outdoor,Consumer Products,"Charleston, South Carolina, United States",2018-01-02,Growth Capital,,,8.7,True,,0,0,https://mergr.com/company/246866,2026-09-03T23:54:45Z
901,Goode Partners,New York,228724,Stonefire Grill,Restaurants,"Agoura Hills, California, United States",2016-10-07,Growth Capital,,,9.8,True,,0,0,https://mergr.com/company/228724,2026-09-03T23:54:45Z
901,Goode Partners,New York,228725,Forman Mills,Retail,"Pennsauken, New Jersey, United States",2016-10-05,Growth Capital,2023-06-22,Divestiture,6.7,False,,0,0,https://mergr.com/company/228725,2026-09-03T23:54:45Z
901,Goode Partners,New York,228726,Silver Diner,Restaurants,"Rockville, Maryland, United States",2016-08-24,Growth Capital,,,10,True,,0,0,https://mergr.com/company/228726,2026-09-03T23:54:45Z
901,Goode Partners,New York,173141,Incipio,Technology Hardware,"Irvine, California, United States",2015-01-08,Growth Capital,,,11.6,True,,3,0,https://mergr.com/company/173141,2026-09-03T23:54:45Z
901,Goode Partners,New York,203595,La Colombe,Food,"Philadelphia, Pennsylvania, United States",2014-09-01,Growth Capital,2015-08-10,Stake Sale,0.9,False,,0,0,https://mergr.com/company/203595,2026-09-03T23:54:45Z
901,Goode Partners,New York,34497,Dave's Killer Bread Co.,Food,"Milwaukie, Oregon, United States",2012-12-28,Growth Capital,2015-09-14,Divestiture,2.7,False,,0,0,https://mergr.com/company/34497,2026-09-03T23:54:45Z
901,Goode Partners,New York,34673,Villa,Retail,"Philadelphia, Pennsylvania, United States",2012-12-01,Stake Purchase,2017-08-14,Spin Off,4.7,False,,1,0,https://mergr.com/company/34673,2026-09-03T23:54:45Z
901,Goode Partners,New York,49557,"Lacrosse Unlimited, Inc.",Retail,"Hauppauge, New York, United States",2012-04-01,Growth Capital,,,14.4,True,,1,0,https://mergr.com/company/49557,2026-09-03T23:54:45Z
901,Goode Partners,New York,29919,AllSaints,Retail,"London, United Kingdom",2011-05-05,"Buyout (LBO, MBO, MBI)",,,15.3,True,308,0,0,https://mergr.com/company/29919,2026-09-03T23:54:45Z
901,Goode Partners,New York,26345,Skullcandy,Electronics,"Park City, Utah, United States",2008-12-15,Growth Capital,2011-07-20,IPO,2.6,False,266,0,0,https://mergr.com/company/26345,2026-09-03T23:54:45Z
901,Goode Partners,New York,13539,Bowlmor Lanes,Leisure,"New York, New York, United States",2008-08-13,Secondary Buyout,2013-07-01,Spin Off,4.8,False,,0,0,https://mergr.com/company/13539,2026-09-03T23:54:45Z
901,Goode Partners,New York,15362,Rosa Mexicano,Restaurants,"New York, New York, United States",2008-07-24,Growth Capital,2018-03-29,Trade Sale - Public Company,9.7,False,,0,0,https://mergr.com/company/15362,2026-09-03T23:54:45Z
901,Goode Partners,New York,6937,Intermix,Retail,"New York City, New York, United States",2007-07-30,"Buyout (LBO, MBO, MBI)",2013-01-03,Divestiture,5.4,False,,0,0,https://mergr.com/company/6937,2026-09-03T23:54:45Z
901,Goode Partners,New York,6935,Chuy's,Restaurants,"Austin, Texas, United States",2006-11-07,Growth Capital,2012-07-13,IPO,5.7,False,461,0,0,https://mergr.com/company/6935,2026-09-03T23:54:45Z
901,Goode Partners,New York,934,Luxury Optical Holdings,Retail,"Las Vegas, Nevada, United States",2006-05-03,"Buyout (LBO, MBO, MBI)",,,20.3,True,,1,0,https://mergr.com/company/934,2026-09-03T23:54:45Z
1053,Dyson Kissner Moran (DKM),New York,353205,iLoveToCreate,Chemicals,"Fresno, California, United States",2021-12-30,"Buyout (LBO, MBO, MBI)",,,4.7,True,,0,0,https://mergr.com/company/353205,2026-09-03T23:54:45Z
1053,Dyson Kissner Moran (DKM),New York,8030,Coto Technology,Electronics,"East Greenwich, Rhode Island, United States",2005-04-01,"Buyout (LBO, MBO, MBI)",,,21.4,True,,0,0,https://mergr.com/company/8030,2026-09-03T23:54:45Z
1053,Dyson Kissner Moran (DKM),New York,8028,Plaid Enterprises,Consumer Products,"Peachtree Corners, Georgia, United States",1989-07-01,"Buyout (LBO, MBO, MBI)",,,37.2,True,,0,0,https://mergr.com/company/8028,2026-09-03T23:54:45Z
1053,Dyson Kissner Moran (DKM),New York,190956,Thetford,Consumer Products,"Ann Arbor, Michigan, United States",1988-01-01,"Buyout (LBO, MBO, MBI)",2021-11-30,Trade Sale - Public Company,33.8,False,520,2,0,https://mergr.com/company/190956,2026-09-03T23:54:45Z
1053,Dyson Kissner Moran (DKM),New York,8029,Hapco,Manufacturing,"Abingdon, Virginia, United States",1958-01-01,"Buyout (LBO, MBO, MBI)",,,68.7,True,,0,0,https://mergr.com/company/8029,2026-09-03T23:54:45Z
1129,L Capital Partners,New York,84761,VICINI,Consumer Products,"MILAN, Italy",2014-04-07,Stake Purchase,,,12.3,True,130,0,0,https://mergr.com/company/84761,2026-09-03T23:54:45Z
1129,L Capital Partners,New York,16023,"iScience Interventional, Inc.",Medical Products,"Menlo Park, California, United States",2009-05-01,Venture,2014-01-06,Divestiture,4.7,False,,0,0,https://mergr.com/company/16023,2026-09-03T23:54:45Z
1129,L Capital Partners,New York,9022,"WiSpry, Inc.",Semiconductors,"Irvine, California, United States",2009-03-01,Venture,2015-05-11,Divestiture,6.2,False,,0,0,https://mergr.com/company/9022,2026-09-03T23:54:45Z
1129,L Capital Partners,New York,4974,"CeNeRx BioPharma, Inc.",Life Science,"Cary, North Carolina, United States",2008-10-17,Venture,,,17.8,True,,0,0,https://mergr.com/company/4974,2026-09-03T23:54:45Z
1129,L Capital Partners,New York,16022,"Eleme Medical, Inc.",Medical Products,"Merrimack, New Hampshire, United States",2008-07-17,Venture,2011-02-03,Divestiture,2.5,False,,0,0,https://mergr.com/company/16022,2026-09-03T23:54:45Z
1129,L Capital Partners,New York,12074,Simparel,Information Technology,"New York, New York, United States",2008-06-23,Venture,2021-08-01,Divestiture,13.1,False,,0,0,https://mergr.com/company/12074,2026-09-03T23:54:45Z
1129,L Capital Partners,New York,16024,Evogen,Technology Hardware,"Lower Gwynedd, Pennsylvania, United States",2008-01-01,Venture,,,18.7,True,,0,0,https://mergr.com/company/16024,2026-09-03T23:54:45Z
1129,L Capital Partners,New York,9021,Proxy Technologies,Aerospace,"Reston, Virginia, United States",2007-08-03,Venture,,,19.1,True,,0,0,https://mergr.com/company/9021,2026-09-03T23:54:45Z
1129,L Capital Partners,New York,16021,"OnPATH Technologies, Inc.",Communications,"Marlton, New Jersey, United States",2007-04-11,Venture,2012-11-01,Divestiture,5.5,False,,0,0,https://mergr.com/company/16021,2026-09-03T23:54:45Z
1129,L Capital Partners,New York,9016,Locus Pharmaceuticals,Life Science,"Blue Bell, Pennsylvania, United States",2007-02-13,Venture,,,19.5,True,,0,0,https://mergr.com/company/9016,2026-09-03T23:54:45Z
1129,L Capital Partners,New York,9020,"Hi-G-Tek, Inc.",Electronics,"Rockville, Maryland, United States",2006-09-11,Venture,,,19.9,True,,0,0,https://mergr.com/company/9020,2026-09-03T23:54:45Z
1129,L Capital Partners,New York,9023,Aquarius Technologies,Environmental,"Saukville, Wisconsin, United States",2006-09-11,Venture,,,19.9,True,,0,0,https://mergr.com/company/9023,2026-09-03T23:54:45Z
1129,L Capital Partners,New York,9537,Intrapace,Medical Products,"Mountain View, California, United States",2006-08-14,Venture,,,20,True,,0,0,https://mergr.com/company/9537,2026-09-03T23:54:45Z
1129,L Capital Partners,New York,9017,"ProRhythm, Inc.",Medical Products,"Ronkonkoma, New York, United States",2006-02-16,Stake Purchase,2007-12-12,Bankruptcy,1.8,False,,0,0,https://mergr.com/company/9017,2026-09-03T23:54:45Z
1129,L Capital Partners,New York,22246,"Protez Pharmaceuticals, Inc.",Life Science,"Malvem, Pennsylvania, United States",2005-08-24,Venture,2008-06-04,Divestiture,2.8,False,,0,0,https://mergr.com/company/22246,2026-09-03T23:54:45Z
1129,L Capital Partners,New York,9019,"Tengion, Inc.",Life Science,"Winston-Salem, North Carolina, United States",2005-08-03,Venture,2010-04-09,IPO,4.7,False,,0,0,https://mergr.com/company/9019,2026-09-03T23:54:45Z
1417,Point Lookout Capital Partners,New York,313395,Luna Labs,Chemicals,"Charlottesville, Virginia, United States",2022-03-14,Divestiture,,,4.4,True,,0,1,https://mergr.com/company/313395,2026-09-03T23:54:45Z
1417,Point Lookout Capital Partners,New York,17833,Tri-Tech Forensics,Manufacturing,"Leland, North Carolina, United States",2008-12-03,"Buyout (LBO, MBO, MBI)",,,17.8,True,,2,0,https://mergr.com/company/17833,2026-09-03T23:54:45Z
1417,Point Lookout Capital Partners,New York,17832,"Penn Arms, Inc.",Defense,"Jamestown, Pennsylvania, United States",2008-06-12,"Buyout (LBO, MBO, MBI)",2009-02-25,Divestiture,0.7,False,,0,0,https://mergr.com/company/17832,2026-09-03T23:54:45Z
1417,Point Lookout Capital Partners,New York,5706,Combined Systems,Defense,"Jamestown, Pennsylvania, United States",2005-04-14,"Buyout (LBO, MBO, MBI)",,,21.3,True,,2,0,https://mergr.com/company/5706,2026-09-03T23:54:45Z
1555,NewWorld Capital Group,New York,245076,Aquam,Utilities,"Escondido, California, United States",2017-11-06,Growth Capital,,,8.8,True,,0,2,https://mergr.com/company/245076,2026-09-03T23:54:45Z
1555,NewWorld Capital Group,New York,226698,PosiGen,Renewable Energy,"St. Rose, Louisiana, United States",2016-03-15,Growth Capital,,,10.4,True,,1,0,https://mergr.com/company/226698,2026-09-03T23:54:45Z
1555,NewWorld Capital Group,New York,180589,SolarEdge,Renewable Energy,"Herziliya Pituach, Israel",2014-09-01,Stake Purchase,2015-03-27,IPO,0.5,False,901,0,0,https://mergr.com/company/180589,2026-09-03T23:54:45Z
1555,NewWorld Capital Group,New York,70805,"Astrum Solar, Inc.",Renewable Energy,"Annapolis Junction, Maryland, United States",2013-11-07,Growth Capital,2014-07-29,Divestiture,0.7,False,,0,0,https://mergr.com/company/70805,2026-09-03T23:54:45Z
1555,NewWorld Capital Group,New York,82137,Soltage,Renewable Energy,"Jersey, New Jersey, United States",2013-03-21,Growth Capital,2023-09-07,Trade Sale - Public Company,10.4,False,,0,1,https://mergr.com/company/82137,2026-09-03T23:54:45Z
1555,NewWorld Capital Group,New York,176763,ESW CleanTech,Automotive,"San Diego, California, United States",2011-08-15,"Buyout (LBO, MBO, MBI)",2013-04-18,Trade Sale - Public Company,1.7,False,,0,0,https://mergr.com/company/176763,2026-09-03T23:54:45Z
1555,NewWorld Capital Group,New York,35793,Coolerado Corp.,Electronics,"Denver, Colorado, United States",2010-10-25,Growth Capital,2015-06-17,Divestiture,4.6,False,,0,0,https://mergr.com/company/35793,2026-09-03T23:54:45Z
1589,Shore Points Capital,New York,306517,Newport Systems,Software,"Wall, New Jersey, United States",2020-08-01,"Buyout (LBO, MBO, MBI)",,,6.1,True,,0,0,https://mergr.com/company/306517,2026-09-03T23:54:45Z
1589,Shore Points Capital,New York,245517,GenAlpha Technologies,Software,"Brookfield, Wisconsin, United States",2017-11-16,"Buyout (LBO, MBO, MBI)",,,8.8,True,,0,0,https://mergr.com/company/245517,2026-09-03T23:54:45Z
1589,Shore Points Capital,New York,224097,CCA Commercial Floors & Interiors,Building Materials,"Alexandria, Virginia, United States",2010-02-25,Recapitalization,,,16.5,True,,0,0,https://mergr.com/company/224097,2026-09-03T23:54:45Z
1589,Shore Points Capital,New York,21677,Breckwell Hearth Products,Consumer Products,"South Pittsburg, Tennessee, United States",2006-11-14,"Buyout (LBO, MBO, MBI)",2011-02-16,Divestiture,4.3,False,,0,0,https://mergr.com/company/21677,2026-09-03T23:54:45Z
1589,Shore Points Capital,New York,1933,Loftware,Internet Software and Services,"Portsmouth, New Hampshire, United States",2005-01-01,Recapitalization,2014-07-22,Trade Sale - Public Company,9.5,False,,0,0,https://mergr.com/company/1933,2026-09-03T23:54:45Z
1754,Hale Capital Partners,New York,251054,Athenium,Software,"Waltham, Massachusetts, United States",2024-11-06,Divestiture,,,1.8,True,,0,0,https://mergr.com/company/251054,2026-09-03T23:54:45Z
1754,Hale Capital Partners,New York,251476,Culmen International,Information Technology,"Alexandria, Virginia, United States",2020-01-08,Growth Capital,,,6.6,True,,1,0,https://mergr.com/company/251476,2026-09-03T23:54:45Z
1754,Hale Capital Partners,New York,266698,Tangram Flex,Information Technology,"Dayton, Ohio, United States",2018-12-18,Growth Capital,,,7.7,True,,0,0,https://mergr.com/company/266698,2026-09-03T23:54:45Z
1754,Hale Capital Partners,New York,266685,Lantronix,Information Technology,"Irvine, California, United States",2016-06-01,Stake Purchase,,,10.3,True,123,6,0,https://mergr.com/company/266685,2026-09-03T23:54:45Z
1754,Hale Capital Partners,New York,108985,Patch Media,Internet Software and Services,"New York, New York, United States",2014-01-15,Stake Purchase,,,12.6,True,,0,0,https://mergr.com/company/108985,2026-09-03T23:54:45Z
1754,Hale Capital Partners,New York,169813,Falconstor,Software,"Austin, Texas, United States",2013-09-26,Stake Purchase,,,12.9,True,11,0,0,https://mergr.com/company/169813,2026-09-03T23:54:45Z
1754,Hale Capital Partners,New York,32381,"Telanetix, Inc.",Communications,"Bellevue, Washington, United States",2010-07-07,Recapitalization,2013-08-30,Divestiture,3.1,False,,0,0,https://mergr.com/company/32381,2026-09-03T23:54:45Z
1754,Hale Capital Partners,New York,32371,Novanta,Technology Hardware,"Bedford, Massachusetts, United States",2010-01-01,Special Situations/Distressed,2015-03-09,IPO,5.2,False,981,2,2,https://mergr.com/company/32371,2026-09-03T23:54:45Z
1754,Hale Capital Partners,New York,32376,"Paradigm Holdings, Inc.",Information Technology,"Rockville, Maryland, United States",2009-01-01,Recapitalization,2011-07-25,Divestiture,2.5,False,55,0,0,https://mergr.com/company/32376,2026-09-03T23:54:45Z
1754,Hale Capital Partners,New York,49349,"Adept Technology, Inc.",Technology Hardware,"Pleasanton, California, United States",2006-06-13,Stake Purchase,2015-10-26,Divestiture,9.3,False,54,1,0,https://mergr.com/company/49349,2026-09-03T23:54:45Z
1774,Lion Chemical Partners,New York,182844,DSM Copolymer,Chemicals,"Baton Rouge, Louisiana, United States",2005-09-30,Divestiture,,,20.9,True,,0,0,https://mergr.com/company/182844,2026-09-03T23:54:45Z
1774,Lion Chemical Partners,New York,7790,Sonneborn LLC,Chemicals,"Parsippany, New Jersey, United States",2005-06-28,"Buyout (LBO, MBO, MBI)",2012-03-30,Trade Sale - Public Company,6.8,False,,0,0,https://mergr.com/company/7790,2026-09-03T23:54:45Z
1774,Lion Chemical Partners,New York,4958,Excel Polymers LLC,Chemicals,"Solon, Ohio, United States",2004-08-06,"Buyout (LBO, MBO, MBI)",2010-10-17,Divestiture,6.2,False,,0,0,https://mergr.com/company/4958,2026-09-03T23:54:45Z
1779,Riveria Investment Group,New York,301714,Pacific Traffic Control,Safety/Security,"Los Angeles, California, United States",2022-06-27,Growth Capital,,,4.2,True,,0,0,https://mergr.com/company/301714,2026-09-03T23:54:45Z
1779,Riveria Investment Group,New York,301713,Pacific Production Services,Media,"Los Angeles, California, United States",2022-06-27,Growth Capital,,,4.2,True,,0,0,https://mergr.com/company/301713,2026-09-03T23:54:45Z
1779,Riveria Investment Group,New York,300966,WorkGenius,Staffing,"Hamburg, Germany",2022-06-01,Stake Purchase,,,4.3,True,,3,0,https://mergr.com/company/300966,2026-09-03T23:54:45Z
1779,Riveria Investment Group,New York,308869,Yaqrit,Life Science,"Ledbury, United Kingdom",2020-07-09,Stake Purchase,,,6.1,True,,0,0,https://mergr.com/company/308869,2026-09-03T23:54:45Z
1779,Riveria Investment Group,New York,253822,Fabian Couture Group,Apparel/Textiles,"Vernon Hills, Illinois, United States",2018-05-01,Growth Capital,,,8.3,True,,1,0,https://mergr.com/company/253822,2026-09-03T23:54:45Z
1779,Riveria Investment Group,New York,249179,LMPmotors,Internet Software and Services,"Fort Lauderdale, Florida, United States",2018-03-06,Growth Capital,2019-12-05,IPO,1.7,False,30,0,0,https://mergr.com/company/249179,2026-09-03T23:54:45Z
1779,Riveria Investment Group,New York,221870,Kalkomey,Software,"Richardson, Texas, United States",2015-12-24,"Buyout (LBO, MBO, MBI)",2020-04-30,Trade Sale - Public Company,4.3,False,,2,0,https://mergr.com/company/221870,2026-09-03T23:54:45Z
1779,Riveria Investment Group,New York,211536,IQ Logic,Information Technology,"Irvine, California, United States",2015-12-01,"Buyout (LBO, MBO, MBI)",,,10.8,True,,0,0,https://mergr.com/company/211536,2026-09-03T23:54:45Z
1779,Riveria Investment Group,New York,209064,XGS,Transportation,"Chattanooga, Tennessee, United States",2015-04-13,Divestiture,2018-12-21,Trade Sale - Public Company,3.7,False,,0,0,https://mergr.com/company/209064,2026-09-03T23:54:45Z
1779,Riveria Investment Group,New York,203443,Alpine Waste & Recycling,Environmental,"Commerce City, Colorado, United States",2015-01-05,Growth Capital,,,11.6,True,,0,0,https://mergr.com/company/203443,2026-09-03T23:54:45Z
1779,Riveria Investment Group,New York,81161,Taymax Fitness Holdings,Franchising,"Salem, New Hampshire, United States",2013-10-15,"Buyout (LBO, MBO, MBI)",2018-08-01,Trade Sale - Public Company,4.8,False,,0,0,https://mergr.com/company/81161,2026-09-03T23:54:45Z
1779,Riveria Investment Group,New York,81165,Solmetex,Medical Products,"Northborough, Massachusetts, United States",2013-08-08,Divestiture,2020-12-17,Trade Sale - Public Company,7.3,False,,2,0,https://mergr.com/company/81165,2026-09-03T23:54:45Z
1779,Riveria Investment Group,New York,84353,Olympic Trailer Services,Automotive,"Terrell, Texas, United States",2013-07-01,"Buyout (LBO, MBO, MBI)",,,13.2,True,,0,0,https://mergr.com/company/84353,2026-09-03T23:54:45Z
1779,Riveria Investment Group,New York,51250,TLK Group,Communications,"Bethesda, Maryland, United States",2012-09-04,Growth Capital,2015-11-06,Spin Off,3.2,False,,0,0,https://mergr.com/company/51250,2026-09-03T23:54:45Z
1779,Riveria Investment Group,New York,31185,Jessica’s Brands,Distribution,"Vernon, California, United States",2011-08-29,Growth Capital,,,15,True,,0,0,https://mergr.com/company/31185,2026-09-03T23:54:45Z
1779,Riveria Investment Group,New York,240247,Empire Petroleum Partners LLC,Distribution,"Dallas, Texas, United States",2011-07-01,Growth Capital,2020-11-01,Divestiture,9.3,False,,3,0,https://mergr.com/company/240247,2026-09-03T23:54:45Z
1779,Riveria Investment Group,New York,26199,Empire Petroleum Holdings LLC,Distribution,"Dallas, Texas, United States",2011-06-06,"Buyout (LBO, MBO, MBI)",2019-12-18,Divestiture,8.5,False,,8,0,https://mergr.com/company/26199,2026-09-03T23:54:45Z
1779,Riveria Investment Group,New York,31184,JBC,Marketing,"New York, New York, United States",2011-05-23,"Buyout (LBO, MBO, MBI)",2022-06-01,Spin Off,11,False,,1,0,https://mergr.com/company/31184,2026-09-03T23:54:45Z
1780,Sagamore Capital,New York,205511,FreeLinc,Technology Hardware,"Orem, Utah, United States",2021-04-01,"Buyout (LBO, MBO, MBI)",,,5.4,True,,0,0,https://mergr.com/company/205511,2026-09-03T23:54:45Z
1780,Sagamore Capital,New York,302052,Black Diamond Advanced Technology,Electrical Equipment,"Chandler, Arizona, United States",2019-02-19,"Buyout (LBO, MBO, MBI)",,,7.5,True,,0,0,https://mergr.com/company/302052,2026-09-03T23:54:45Z
1831,Three Kings Capital,New York,325437,Cloudrise,Information Technology,"Grand Junction, Colorado, United States",2022-07-28,Growth Capital,2024-11-21,Divestiture,2.3,False,,0,0,https://mergr.com/company/325437,2026-09-03T23:54:45Z
1889,Twin Lakes Capital,New York,26945,Jay Strongwater LLC,Consumer Products,"New York, New York, United States",2011-08-10,"Buyout (LBO, MBO, MBI)",2017-08-23,Divestiture,6,False,,0,0,https://mergr.com/company/26945,2026-09-03T23:54:45Z
1889,Twin Lakes Capital,New York,26944,MacKenzie-Childs,Consumer Products,"Aurora, New York, United States",2008-05-08,"Buyout (LBO, MBO, MBI)",2014-08-01,Trade Sale - Public Company,6.2,False,,0,0,https://mergr.com/company/26944,2026-09-03T23:54:45Z
1999,Coastline Capital,New York,326271,KSC,Distribution,"Phoenix, Arizona, United States",2019-05-08,"Buyout (LBO, MBO, MBI)",,,7.3,True,,0,0,https://mergr.com/company/326271,2026-09-03T23:54:45Z
1999,Coastline Capital,New York,215674,Wedderspoon,Food,"Malvern, Pennsylvania, United States",2014-01-01,"Buyout (LBO, MBO, MBI)",,,12.7,True,,0,0,https://mergr.com/company/215674,2026-09-03T23:54:45Z
1999,Coastline Capital,New York,141989,Ashland Industries,Machinery,"Ashland, Wisconsin, United States",2013-11-01,"Buyout (LBO, MBO, MBI)",2020-03-11,Divestiture,6.3,False,,0,0,https://mergr.com/company/141989,2026-09-03T23:54:45Z
2021,AFI Partners,New York,216034,Europa Sports Partners,Distribution,"Charlotte, North Carolina, United States",2021-05-20,Growth Capital,,,5.3,True,,0,0,https://mergr.com/company/216034,2026-09-03T23:54:45Z
2021,AFI Partners,New York,59870,Garsite,Automotive,"Kansas City, Kansas, United States",2019-01-22,"Buyout (LBO, MBO, MBI)",,,7.6,True,,0,0,https://mergr.com/company/59870,2026-09-03T23:54:45Z
2021,AFI Partners,New York,28023,Norwich Pharmaceuticals,Life Science,"Norwich, New York, United States",2007-08-16,"Buyout (LBO, MBO, MBI)",,,19,True,,0,0,https://mergr.com/company/28023,2026-09-03T23:54:45Z
2054,Guard Hill Holdings,New York,4457,Prospect Foundry,Manufacturing,"Minneapolis, Minnesota, United States",2008-02-06,"Buyout (LBO, MBO, MBI)",,,18.5,True,,0,0,https://mergr.com/company/4457,2026-09-03T23:54:45Z
2054,Guard Hill Holdings,New York,4458,Stainless Foundry & Engineering,Manufacturing,"Milwaukee, Wisconsin, United States",2007-10-18,"Buyout (LBO, MBO, MBI)",,,18.8,True,,0,0,https://mergr.com/company/4458,2026-09-03T23:54:45Z
2054,Guard Hill Holdings,New York,4459,Richland Center Foundry Company,Manufacturing,"Richland Center, Wisconsin, United States",2007-03-08,"Buyout (LBO, MBO, MBI)",,,19.4,True,,0,0,https://mergr.com/company/4459,2026-09-03T23:54:45Z
2054,Guard Hill Holdings,New York,28463,Red Head Brass,Manufacturing,"Shreve, Ohio, United States",1993-04-01,Secondary Buyout,2020-05-01,Secondary Sale,27.1,False,,0,0,https://mergr.com/company/28463,2026-09-03T23:54:45Z
2072,Reliant Star Capital,New York,266081,Tracelink,Internet Software and Services,"Wilmington, Massachusetts, United States",2016-11-30,Venture,,,9.8,True,,0,0,https://mergr.com/company/266081,2026-09-03T23:54:45Z
2072,Reliant Star Capital,New York,185372,Clearent,Information Technology,"Creve Coeur, Missouri, United States",2015-05-01,Growth Capital,2018-03-30,Trade Sale - Public Company,2.8,False,,2,0,https://mergr.com/company/185372,2026-09-03T23:54:45Z
2072,Reliant Star Capital,New York,28140,Aphena Pharma Solutions,Packaging,"Cookeville, Tennessee, United States",2007-04-10,Recapitalization,,,19.3,True,,0,0,https://mergr.com/company/28140,2026-09-03T23:54:45Z
2072,Reliant Star Capital,New York,246624,"Aptar CSP Technologies, Inc.",Packaging,"Auburn, Alabama, United States",2004-01-01,Consolidation,2015-01-30,Trade Sale - Public Company,11,False,136,0,0,https://mergr.com/company/246624,2026-09-03T23:54:45Z
2107,GF Capital Management & Advisors,New York,331372,Kino Lorber,Media,"New York, New York, United States",2023-07-01,"Buyout (LBO, MBO, MBI)",,,3.2,True,,0,0,https://mergr.com/company/331372,2026-09-03T23:54:45Z
2107,GF Capital Management & Advisors,New York,331377,Dr Rossi Derm MD,Consumer Products,"New York, New York, United States",2020-06-01,"Buyout (LBO, MBO, MBI)",,,6.3,True,,0,0,https://mergr.com/company/331377,2026-09-03T23:54:45Z
2107,GF Capital Management & Advisors,New York,292752,Mansur Gavriel,Apparel/Textiles,"New York, New York, United States",2019-06-01,"Buyout (LBO, MBO, MBI)",,,7.3,True,,0,0,https://mergr.com/company/292752,2026-09-03T23:54:45Z
2107,GF Capital Management & Advisors,New York,292753,Naturopathica,Consumer Products,"New York, New York, United States",2018-05-01,Growth Capital,,,8.3,True,,0,0,https://mergr.com/company/292753,2026-09-03T23:54:45Z
2107,GF Capital Management & Advisors,New York,331413,Unchained Entertainment,Digital Media,"Fairfax, Virginia, United States",2018-01-18,Growth Capital,,,8.6,True,,0,0,https://mergr.com/company/331413,2026-09-03T23:54:45Z
2107,GF Capital Management & Advisors,New York,292756,EEM World,Media,"Ecaussinnes, Belgium",2016-07-01,Growth Capital,,,10.2,True,,0,0,https://mergr.com/company/292756,2026-09-03T23:54:45Z
2107,GF Capital Management & Advisors,New York,292755,Mark Cross,Consumer Products,"New York, New York, United States",2016-02-01,Growth Capital,,,10.6,True,,0,0,https://mergr.com/company/292755,2026-09-03T23:54:45Z
2107,GF Capital Management & Advisors,New York,213269,GF Sports & Entertainment,Media,"Garden City, New York, United States",2015-07-01,"Buyout (LBO, MBO, MBI)",,,11.2,True,,0,0,https://mergr.com/company/213269,2026-09-03T23:54:45Z
2107,GF Capital Management & Advisors,New York,202388,Whalerock,Media,"West Hollywood, California, United States",2015-01-01,Stake Purchase,,,11.7,True,,0,1,https://mergr.com/company/202388,2026-09-03T23:54:45Z
2107,GF Capital Management & Advisors,New York,28638,Studio71,Media,"Beverly Hills, California, United States",2011-02-01,"Buyout (LBO, MBO, MBI)",2014-03-27,Sold to Management,3.1,False,,0,0,https://mergr.com/company/28638,2026-09-03T23:54:45Z
2107,GF Capital Management & Advisors,New York,213267,Repucom America LLC,Information Technology,"Stamford, Connecticut, United States",2010-11-01,Growth Capital,2016-06-21,Divestiture,5.6,False,,0,0,https://mergr.com/company/213267,2026-09-03T23:54:45Z
2107,GF Capital Management & Advisors,New York,28639,Bite Tech,Consumer Products,"Norwalk, Connecticut, United States",2010-10-01,Growth Capital,2021-03-01,Unknown,10.4,False,,0,0,https://mergr.com/company/28639,2026-09-03T23:54:45Z
2107,GF Capital Management & Advisors,New York,28644,Oscar de la Renta,Apparel/Textiles,"New York, New York, United States",2010-07-10,"Buyout (LBO, MBO, MBI)",,,16.1,True,,0,1,https://mergr.com/company/28644,2026-09-03T23:54:45Z
2107,GF Capital Management & Advisors,New York,28640,Blue Man Productions LLC,Media,"New York, New York, United States",2010-04-01,"Buyout (LBO, MBO, MBI)",2017-07-06,Divestiture,7.3,False,,0,0,https://mergr.com/company/28640,2026-09-03T23:54:45Z
2107,GF Capital Management & Advisors,New York,28643,"Airborne, Inc.",Consumer Products,"Minnepolis, Minnesota, United States",2009-10-12,"Buyout (LBO, MBO, MBI)",2012-03-30,Divestiture,2.4,False,70,0,0,https://mergr.com/company/28643,2026-09-03T23:54:45Z
2107,GF Capital Management & Advisors,New York,28641,Jonathan Adler,Consumer Products,"New York, New York, United States",2008-05-01,Stake Purchase,2024-12-23,Trade Sale - Public Company,16.6,False,,0,0,https://mergr.com/company/28641,2026-09-03T23:54:45Z
2107,GF Capital Management & Advisors,New York,28642,Trade Service Company LLC,Information Technology,"San Diego, California, United States",2007-01-23,"Buyout (LBO, MBO, MBI)",2013-06-04,Divestiture,6.3,False,,0,0,https://mergr.com/company/28642,2026-09-03T23:54:45Z
2128,Metropolitan Partners Group,New York,337280,Nexus IT,Information Technology,"Salt Lake, Utah, United States",2025-06-10,Growth Capital,,,1.2,True,,2,0,https://mergr.com/company/337280,2026-09-03T23:54:45Z
2128,Metropolitan Partners Group,New York,212360,Bizfi,Financial Services,"Elmsford, New York, United States",2015-12-15,Growth Capital,,,10.7,True,,0,0,https://mergr.com/company/212360,2026-09-03T23:54:45Z
2128,Metropolitan Partners Group,New York,30783,ProMac,Financial Services,"Hauppauge, New York, United States",2012-02-16,Growth Capital,,,14.5,True,,0,0,https://mergr.com/company/30783,2026-09-03T23:54:45Z
2128,Metropolitan Partners Group,New York,30782,FinCo Management,Financial Services,"Marblehead, Massachusetts, United States",2011-05-13,Growth Capital,,,15.3,True,,0,0,https://mergr.com/company/30782,2026-09-03T23:54:45Z
2128,Metropolitan Partners Group,New York,213854,CreditMax,Financial Services,"West Palm Beach, Florida, United States",2010-08-09,Growth Capital,,,16,True,,0,0,https://mergr.com/company/213854,2026-09-03T23:54:45Z
2128,Metropolitan Partners Group,New York,30780,Ballista Securities LLC,Financial Services,"New York, New York, United States",2009-06-01,Growth Capital,2011-02-25,Divestiture,1.7,False,,0,0,https://mergr.com/company/30780,2026-09-03T23:54:45Z
2135,Agincourt Capital Partners,New York,312277,Adventure Media and Events,Publishing,"New York, New York, United States",2019-03-01,"Buyout (LBO, MBO, MBI)",,,7.5,True,,0,0,https://mergr.com/company/312277,2026-09-03T23:54:45Z
2135,Agincourt Capital Partners,New York,76449,OBBCO Safety & Supply LLC,Distribution,"Chesapeake, Virginia, United States",2013-07-17,Growth Capital,2016-07-19,Divestiture,3,False,,0,0,https://mergr.com/company/76449,2026-09-03T23:54:45Z
2135,Agincourt Capital Partners,New York,143633,Something Sweet,Food,"New Haven, Connecticut, United States",2010-12-23,Recapitalization,2021-07-02,Bankruptcy,10.5,False,,0,0,https://mergr.com/company/143633,2026-09-03T23:54:45Z
2135,Agincourt Capital Partners,New York,1710,Wallboard Supply Co. Inc.,Distribution,"Londonderry, New Hampshire, United States",2006-02-13,"Buyout (LBO, MBO, MBI)",,,20.5,True,,0,0,https://mergr.com/company/1710,2026-09-03T23:54:45Z
2142,Vertex Capital,New York,247689,Costru,Consumer Products,"New York, New York, United States",2009-10-26,"Buyout (LBO, MBO, MBI)",,,16.8,True,,0,0,https://mergr.com/company/247689,2026-09-03T23:54:45Z
2142,Vertex Capital,New York,173205,Small World Kids,Consumer Products,"Culver City, California, United States",2009-07-22,"Buyout (LBO, MBO, MBI)",,,17.1,True,,0,0,https://mergr.com/company/173205,2026-09-03T23:54:45Z
2142,Vertex Capital,New York,13571,Fitz and Floyd,Consumer Products,"Medford, Massachusetts, United States",2009-05-25,Secondary Buyout,2017-09-05,Divestiture,8.3,False,,0,0,https://mergr.com/company/13571,2026-09-03T23:54:45Z
2164,AEP Capital,New York,30153,Bonded Services Group LLC,Business Services,"Fort Lee, New Jersey, United States",2011-06-30,Secondary Buyout,2017-10-03,Divestiture,6.3,False,,1,0,https://mergr.com/company/30153,2026-09-03T23:54:45Z
2164,AEP Capital,New York,27455,"Thomas Nelson, Inc.",Publishing,"Nashville, Tennessee, United States",2006-02-22,Going Private,2010-06-15,Trade Sale - Public Company,4.3,False,,0,0,https://mergr.com/company/27455,2026-09-03T23:54:45Z
2164,AEP Capital,New York,12908,UPTV,Media,"Atlanta, Georgia, United States",2004-04-01,"Buyout (LBO, MBO, MBI)",,,22.4,True,,0,0,https://mergr.com/company/12908,2026-09-03T23:54:45Z
2164,AEP Capital,New York,24767,Money Mailer LLC,Marketing,"Cypress, California, United States",2003-05-22,"Buyout (LBO, MBO, MBI)",,,23.3,True,,2,0,https://mergr.com/company/24767,2026-09-03T23:54:45Z
2164,AEP Capital,New York,113,Daily Racing Form,Media,"New York, New York, United States",1998-01-01,Divestiture,2004-05-25,Trade Sale - Public Company,6.3,False,,0,0,https://mergr.com/company/113,2026-09-03T23:54:45Z
2178,Noson Lawen Partners,New York,77633,All Campus,Education,"Chicago, Illinois, United States",2012-10-10,Growth Capital,2019-03-01,Trade Sale - Public Company,6.3,False,,0,0,https://mergr.com/company/77633,2026-09-03T23:54:45Z
2178,Noson Lawen Partners,New York,77625,Privcap,Media,"Brooklyn, New York, United States",2012-07-19,Venture,,,14.1,True,,0,0,https://mergr.com/company/77625,2026-09-03T23:54:45Z
2178,Noson Lawen Partners,New York,28465,Greenleaf Book Group,Publishing,"Austin, Texas, United States",2011-07-28,Growth Capital,2025-09-24,Divestiture,14.1,False,,0,0,https://mergr.com/company/28465,2026-09-03T23:54:45Z
2178,Noson Lawen Partners,New York,28468,Chain Store Guide,Retail,"Tampa, Florida, United States",2010-08-05,Divestiture,,,16,True,,0,0,https://mergr.com/company/28468,2026-09-03T23:54:45Z
2178,Noson Lawen Partners,New York,28466,Rasmussen Reports,Media,"Asbury Park, New Jersey, United States",2009-08-01,Growth Capital,,,17.1,True,,0,0,https://mergr.com/company/28466,2026-09-03T23:54:45Z
2178,Noson Lawen Partners,New York,28467,Outdoor Promotions,Marketing,"Denver, Colorado, United States",2008-01-01,Growth Capital,,,18.7,True,,0,0,https://mergr.com/company/28467,2026-09-03T23:54:45Z
2329,Torque Capital Group,New York,343351,JGA Space & Defense,Aerospace,"Huntersville, North Carolina, United States",2025-12-01,Divestiture,,,0.8,True,,0,0,https://mergr.com/company/343351,2026-09-03T23:54:45Z
2329,Torque Capital Group,New York,308594,Netform,Manufacturing,"Maumee, Ohio, United States",2022-12-27,"Buyout (LBO, MBO, MBI)",,,3.7,True,,1,0,https://mergr.com/company/308594,2026-09-03T23:54:45Z
2329,Torque Capital Group,New York,320326,Cablecraft,Manufacturing,"N.W. Bolivar, Ohio, United States",2021-04-28,"Buyout (LBO, MBO, MBI)",,,5.3,True,,1,0,https://mergr.com/company/320326,2026-09-03T23:54:45Z
2329,Torque Capital Group,New York,178209,Maval,Automotive,"Twinsburg, Ohio, United States",2016-10-31,Divestiture,,,9.8,True,,1,1,https://mergr.com/company/178209,2026-09-03T23:54:45Z
2329,Torque Capital Group,New York,227691,BorgWarner - REMY Light Vehicle Aftermarket Business,Automotive,"Auburn Hill, Michigan, United States",2016-10-03,Divestiture,,,9.9,True,142,0,0,https://mergr.com/company/227691,2026-09-03T23:54:45Z
2329,Torque Capital Group,New York,62650,Brake Parts,Automotive,"McHenry, Illinois, United States",2013-03-01,"Buyout (LBO, MBO, MBI)",2020-07-31,Divestiture,7.3,False,,1,0,https://mergr.com/company/62650,2026-09-03T23:54:45Z
2329,Torque Capital Group,New York,30650,Triax Turbine Components,Manufacturing,"Norcross, Florida, United States",2011-10-27,"Buyout (LBO, MBO, MBI)",,,14.8,True,,0,0,https://mergr.com/company/30650,2026-09-03T23:54:45Z
2329,Torque Capital Group,New York,5032,J-Pac Medical,Packaging,"Somersworth, New Hampshire, United States",2010-11-01,Secondary Buyout,2023-01-05,Divestiture,12.2,False,,0,0,https://mergr.com/company/5032,2026-09-03T23:54:45Z
2330,Star Avenue Capital,New York,62574,It'sugar,Food,"Deerfield Beach, Florida, United States",2012-12-13,"Buyout (LBO, MBO, MBI)",,,13.7,True,,0,0,https://mergr.com/company/62574,2026-09-03T23:54:45Z
2330,Star Avenue Capital,New York,62582,Macadamia Beauty,Consumer Products,"Plano, Texas, United States",2012-09-12,Growth Capital,,,13.9,True,,0,0,https://mergr.com/company/62582,2026-09-03T23:54:45Z
2330,Star Avenue Capital,New York,30601,Maximum Human Performance,Consumer Products,"West Caldwell, New Jersey, United States",2010-12-01,Recapitalization,,,15.8,True,,0,0,https://mergr.com/company/30601,2026-09-03T23:54:45Z
2330,Star Avenue Capital,New York,30651,"J Brand, Inc.",Apparel/Textiles,"Los Angeles, California, United States",2010-02-04,"Buyout (LBO, MBO, MBI)",2012-11-30,Divestiture,2.8,False,,0,0,https://mergr.com/company/30651,2026-09-03T23:54:45Z
2389,Quadrant Management,New York,327527,Rose Mill,Chemicals,"West Hartford, Connecticut, United States",2023-08-06,"Buyout (LBO, MBO, MBI)",,,3,True,,0,0,https://mergr.com/company/327527,2026-09-03T23:54:45Z
2389,Quadrant Management,New York,299725,React Health,Medical Products,"Sarasota, Florida, United States",2022-05-05,Growth Capital,,,4.3,True,,0,0,https://mergr.com/company/299725,2026-09-03T23:54:45Z
2389,Quadrant Management,New York,249117,Veloxint,Manufacturing,"Triadelphia, Massachusetts, United States",2021-03-17,Divestiture,,,5.4,True,,0,0,https://mergr.com/company/249117,2026-09-03T23:54:45Z
2389,Quadrant Management,New York,96661,Dafiti,E-Commerce,"Sao Paulo, Brazil",2012-12-12,Growth Capital,,,13.7,True,,0,0,https://mergr.com/company/96661,2026-09-03T23:54:45Z
2389,Quadrant Management,New York,183704,RM2,Manufacturing,"Orlando, Florida, United States",2012-08-08,Stake Purchase,,,14,True,82,3,1,https://mergr.com/company/183704,2026-09-03T23:54:45Z
2397,Taglich Private Equity,New York,332072,Racetec Pistons,Automotive,"Huntington Beach, California, United States",2022-11-01,Add-on Acquisition,,,3.8,True,,0,0,https://mergr.com/company/332072,2026-09-03T23:54:45Z
2397,Taglich Private Equity,New York,332079,Fiesta Canning,Food,"McNeal, Arizona, United States",2022-06-14,"Buyout (LBO, MBO, MBI)",,,4.2,True,,0,0,https://mergr.com/company/332079,2026-09-03T23:54:45Z
2397,Taglich Private Equity,New York,332065,Racing & Performance,Automotive,"Valencia, California, United States",2021-06-01,Consolidation,,,5.3,True,,5,0,https://mergr.com/company/332065,2026-09-03T23:54:45Z
2397,Taglich Private Equity,New York,332132,Pro Compression,Apparel/Textiles,"Carlsbad, California, United States",2021-04-01,"Buyout (LBO, MBO, MBI)",,,5.4,True,,0,0,https://mergr.com/company/332132,2026-09-03T23:54:45Z
2397,Taglich Private Equity,New York,332084,Sugarman of Vermont,Food,"Hardwick, Vermont, United States",2019-01-01,"Buyout (LBO, MBO, MBI)",,,7.7,True,,0,0,https://mergr.com/company/332084,2026-09-03T23:54:45Z
2397,Taglich Private Equity,New York,240394,Private Label Skin,Consumer Products,"St. Petersburg, Florida, United States",2016-01-01,Growth Capital,,,10.7,True,,0,0,https://mergr.com/company/240394,2026-09-03T23:54:45Z
2397,Taglich Private Equity,New York,204046,Hobbs Bonded Fibers,Manufacturing,"Waco, Texas, United States",2015-08-25,"Buyout (LBO, MBO, MBI)",,,11,True,,0,0,https://mergr.com/company/204046,2026-09-03T23:54:45Z
2397,Taglich Private Equity,New York,121809,Lignetics,Forest Products,"Broomfield, Colorado, United States",2014-03-18,"Buyout (LBO, MBO, MBI)",2021-11-01,Trade Sale - Public Company,7.6,False,,4,0,https://mergr.com/company/121809,2026-09-03T23:54:45Z
2397,Taglich Private Equity,New York,182387,Basin Environmental Service Technologies,Energy Services and Equipment,"Lovington, New Mexico, United States",2014-01-01,"Buyout (LBO, MBO, MBI)",,,12.7,True,,0,0,https://mergr.com/company/182387,2026-09-03T23:54:45Z
2397,Taglich Private Equity,New York,219485,Mare Island Dry Dock,Marine,"Vallejo, California, United States",2013-11-01,Stake Purchase,,,12.8,True,,0,0,https://mergr.com/company/219485,2026-09-03T23:54:45Z
2397,Taglich Private Equity,New York,59462,Unique Fabricating,Automotive,"Auburn Hills, Michigan, United States",2013-03-29,"Buyout (LBO, MBO, MBI)",2015-07-01,IPO,2.3,False,126,1,0,https://mergr.com/company/59462,2026-09-03T23:54:45Z
2397,Taglich Private Equity,New York,59470,"Fiber-Line, Inc.",Electrical Equipment,"Hatfield, Pennsylvania, United States",2012-12-01,"Buyout (LBO, MBO, MBI)",2019-01-02,Divestiture,6.1,False,,0,0,https://mergr.com/company/59470,2026-09-03T23:54:45Z
2397,Taglich Private Equity,New York,59482,Pinnacle Climate Technologies,Electrical Equipment,"Eden Prairie, Minnesota, United States",2011-06-23,"Buyout (LBO, MBO, MBI)",,,15.2,True,,1,0,https://mergr.com/company/59482,2026-09-03T23:54:45Z
2397,Taglich Private Equity,New York,30394,"American Blanching Co., Inc. (ABC Peanut Butter LLC)",Food,"Fitzgerald, Georgia, United States",2010-02-11,"Buyout (LBO, MBO, MBI)",2014-11-03,Divestiture,4.7,False,,0,0,https://mergr.com/company/30394,2026-09-03T23:54:45Z
2397,Taglich Private Equity,New York,32840,Simkar Corp.,Electrical Equipment,"Philadelphia, Pennsylvania, United States",2009-10-01,"Buyout (LBO, MBO, MBI)",2018-05-30,Divestiture,8.6,False,,0,0,https://mergr.com/company/32840,2026-09-03T23:54:45Z
2397,Taglich Private Equity,New York,59498,Air Industries Group,Aerospace,"Bay Shore, New York, United States",2009-01-01,"Buyout (LBO, MBO, MBI)",2013-01-01,IPO,4,False,48,1,0,https://mergr.com/company/59498,2026-09-03T23:54:45Z
2397,Taglich Private Equity,New York,59538,"Vaughan Foods, Inc.",Food,"Moore, Oklahoma, United States",2009-01-01,"Buyout (LBO, MBO, MBI)",2011-09-16,Divestiture,2.7,False,,0,0,https://mergr.com/company/59538,2026-09-03T23:54:45Z
2397,Taglich Private Equity,New York,59510,National Molding,Plastics,"Miami Lakes, Florida, United States",2008-07-01,"Buyout (LBO, MBO, MBI)",2017-03-02,Merger,8.7,False,,0,0,https://mergr.com/company/59510,2026-09-03T23:54:45Z
2397,Taglich Private Equity,New York,26664,Wholesale Floors,Construction,"Phoenix, Arizona, United States",2008-06-01,"Buyout (LBO, MBO, MBI)",2015-01-01,Unknown,6.6,False,,0,0,https://mergr.com/company/26664,2026-09-03T23:54:45Z
2397,Taglich Private Equity,New York,26880,BGSF,Staffing,"Dallas, Texas, United States",2007-10-01,"Buyout (LBO, MBO, MBI)",2014-04-29,IPO,6.5,False,93,5,0,https://mergr.com/company/26880,2026-09-03T23:54:45Z
2397,Taglich Private Equity,New York,3280,"Fab-Tech, Inc.",Manufacturing,"Colchester, Vermont, United States",2007-01-01,"Buyout (LBO, MBO, MBI)",2012-01-01,Trade Sale - Public Company,5,False,,0,0,https://mergr.com/company/3280,2026-09-03T23:54:45Z
2397,Taglich Private Equity,New York,59518,"Defiance Metal Products, Inc.",Manufacturing,"Defiance, Ohio, United States",2006-09-01,"Buyout (LBO, MBO, MBI)",2018-12-17,Divestiture,12.3,False,,1,0,https://mergr.com/company/59518,2026-09-03T23:54:45Z
2397,Taglich Private Equity,New York,71901,North Atlantic Ship Repair,Marine,"Boston, Massachusetts, United States",2006-01-01,"Buyout (LBO, MBO, MBI)",2008-01-01,Trade Sale - Public Company,2,False,,0,0,https://mergr.com/company/71901,2026-09-03T23:54:45Z
2397,Taglich Private Equity,New York,1201,Orchids Paper Products,Forest Products,"Brentwood, Tennessee, United States",2004-03-01,Secondary Buyout,2005-07-15,IPO,1.3,False,162,0,0,https://mergr.com/company/1201,2026-09-03T23:54:45Z
2397,Taglich Private Equity,New York,3775,Cattron,Electronics,"Warren, Ohio, United States",2003-05-01,"Buyout (LBO, MBO, MBI)",2010-11-23,Divestiture,7.5,False,54,0,0,https://mergr.com/company/3775,2026-09-03T23:54:45Z
2397,Taglich Private Equity,New York,12485,"Williams Controls, Inc.",Automotive,"Portland, Oregon, United States",2002-03-05,"Buyout (LBO, MBO, MBI)",2005-09-16,IPO,3.5,False,66,0,0,https://mergr.com/company/12485,2026-09-03T23:54:45Z
2397,Taglich Private Equity,New York,3278,Aladdin Food Management Services LLC,Food,"Wheeling, West Virginia, United States",2001-12-01,"Buyout (LBO, MBO, MBI)",2008-04-10,Divestiture,6.3,False,,0,0,https://mergr.com/company/3278,2026-09-03T23:54:45Z
2410,Alston Capital Partners,New York,266311,Bouclair,Retail,"Pointe-Claire, Quebec, Canada",2019-11-13,Special Situations/Distressed,,,6.8,True,,0,0,https://mergr.com/company/266311,2026-09-03T23:54:45Z
2410,Alston Capital Partners,New York,269261,Inframark,Infrastructure,"Katy, Texas, United States",2017-07-03,Divestiture,2020-12-21,Trade Sale - Public Company,3.4,False,,0,0,https://mergr.com/company/269261,2026-09-03T23:54:45Z
2410,Alston Capital Partners,New York,22634,Cascade Drilling,Environmental,"Bothell, Washington, United States",2015-02-24,Secondary Buyout,,,11.5,True,,4,0,https://mergr.com/company/22634,2026-09-03T23:54:45Z
2410,Alston Capital Partners,New York,115865,Compass Systems and Sales,Machinery,"Barberton, Ohio, United States",2014-05-01,Recapitalization,2023-12-13,Merger,9.6,False,,0,0,https://mergr.com/company/115865,2026-09-03T23:54:45Z
2410,Alston Capital Partners,New York,205094,USA DeBusk,Energy Services and Equipment,"Deer Park, Texas, United States",2014-04-08,Growth Capital,2016-05-26,Merger,2.1,False,,0,0,https://mergr.com/company/205094,2026-09-03T23:54:45Z
2410,Alston Capital Partners,New York,55850,Battery Solutions,Environmental,"Howell, Michigan, United States",2013-01-11,Recapitalization,2022-03-09,Divestiture,9.1,False,,0,0,https://mergr.com/company/55850,2026-09-03T23:54:45Z
2410,Alston Capital Partners,New York,22635,Intechra Group LLC,Information Technology,"Jackson, Mississippi, United States",2009-08-13,Special Situations/Distressed,2010-11-23,Divestiture,1.3,False,,0,0,https://mergr.com/company/22635,2026-09-03T23:54:45Z
2410,Alston Capital Partners,New York,7564,"S&S/Superior Coach Co., Inc.",Automotive,"Lima, Ohio, United States",2004-05-01,Venture,,,22.3,True,,0,0,https://mergr.com/company/7564,2026-09-03T23:54:45Z
2562,Alliance Consumer Growth,New York,307117,One Table Restaurant Brands,Restaurants,"Los Angeles, California, United States",2021-08-03,Consolidation,2024-07-18,Bankruptcy,2.9,False,,2,0,https://mergr.com/company/307117,2026-09-03T23:54:45Z
2562,Alliance Consumer Growth,New York,307078,Athletic Brewing Company,Beverages,"Milford, Connecticut, United States",2021-05-11,Venture,,,5.3,True,,0,0,https://mergr.com/company/307078,2026-09-03T23:54:45Z
2562,Alliance Consumer Growth,New York,307063,Safely,Consumer Products,"Culver City, California, United States",2021-01-01,Growth Capital,,,5.7,True,,0,0,https://mergr.com/company/307063,2026-09-03T23:54:45Z
2562,Alliance Consumer Growth,New York,307060,Brady Brand,Apparel/Textiles,"Los Angeles, California, United States",2021-01-01,Growth Capital,2024-01-30,Spin Off,3,False,,0,0,https://mergr.com/company/307060,2026-09-03T23:54:45Z
2562,Alliance Consumer Growth,New York,307085,Cappello's,Food,"Denver, Colorado, United States",2020-09-30,Venture,,,5.9,True,,0,0,https://mergr.com/company/307085,2026-09-03T23:54:45Z
2562,Alliance Consumer Growth,New York,307062,Skims,Apparel/Textiles,"Los Angeles, California, United States",2020-01-01,Venture,,,6.7,True,,0,0,https://mergr.com/company/307062,2026-09-03T23:54:45Z
2562,Alliance Consumer Growth,New York,265847,Herschel,E-Commerce,"Vancouver, British Columbia, Canada",2019-10-31,Growth Capital,,,6.8,True,,0,0,https://mergr.com/company/265847,2026-09-03T23:54:45Z
2562,Alliance Consumer Growth,New York,271198,SuperOrdinary,E-Commerce,"Shanghai, China",2019-03-12,Venture,,,7.4,True,,1,0,https://mergr.com/company/271198,2026-09-03T23:54:45Z
2562,Alliance Consumer Growth,New York,307061,Good American,Apparel/Textiles,"Los Angeles, California, United States",2019-01-01,Growth Capital,,,7.7,True,,0,0,https://mergr.com/company/307061,2026-09-03T23:54:45Z
2562,Alliance Consumer Growth,New York,307103,LOLA,Consumer Products,"New York, New York, United States",2018-06-12,Growth Capital,2024-01-31,Divestiture,5.6,False,,0,0,https://mergr.com/company/307103,2026-09-03T23:54:45Z
2562,Alliance Consumer Growth,New York,77065,Harry's,Consumer Products,"New York, New York, United States",2017-12-01,Venture,,,8.8,True,,1,0,https://mergr.com/company/77065,2026-09-03T23:54:45Z
2562,Alliance Consumer Growth,New York,241756,Blaze Pizza,Restaurants,"Pasadena, California, United States",2017-07-14,Growth Capital,,,9.1,True,,0,0,https://mergr.com/company/241756,2026-09-03T23:54:45Z
2562,Alliance Consumer Growth,New York,307092,Clio Snacks,Food,"Piscataway, New Jersey, United States",2017-01-01,Growth Capital,,,9.7,True,,0,0,https://mergr.com/company/307092,2026-09-03T23:54:45Z
2562,Alliance Consumer Growth,New York,35417,Snooze,Restaurants,"Denver, Colorado, United States",2016-12-05,Secondary Buyout,,,9.7,True,,0,0,https://mergr.com/company/35417,2026-09-03T23:54:45Z
2562,Alliance Consumer Growth,New York,241467,Pacifica Beauty,Consumer Products,"Carpinteria, California, United States",2016-09-30,Growth Capital,2022-01-28,Trade Sale - Public Company,5.3,False,,0,0,https://mergr.com/company/241467,2026-09-03T23:54:45Z
2562,Alliance Consumer Growth,New York,219690,Cookie Chips,Food,"Parkland, Florida, United States",2016-05-03,Growth Capital,,,10.3,True,,0,0,https://mergr.com/company/219690,2026-09-03T23:54:45Z
2562,Alliance Consumer Growth,New York,210629,Nudestix,Consumer Products,"Toronto, Ontario, Canada",2015-11-17,Stake Purchase,2025-09-12,Unknown,9.8,False,,0,0,https://mergr.com/company/210629,2026-09-03T23:54:45Z
2562,Alliance Consumer Growth,New York,196982,Tender Greens,Food,"Miami, Florida, United States",2015-07-15,Growth Capital,2021-08-03,Spin Off,6,False,,0,0,https://mergr.com/company/196982,2026-09-03T23:54:45Z
2562,Alliance Consumer Growth,New York,194506,Tata Harper,Consumer Products,"Whiting, Vermont, United States",2015-07-01,Growth Capital,2022-09-01,Divestiture,7.2,False,,0,0,https://mergr.com/company/194506,2026-09-03T23:54:45Z
2562,Alliance Consumer Growth,New York,192339,Way Better Snacks,Food,"Minneapolis, Minnesota, United States",2015-06-18,Growth Capital,,,11.2,True,,0,0,https://mergr.com/company/192339,2026-09-03T23:54:45Z
2562,Alliance Consumer Growth,New York,93101,PDQ,Restaurants,"Tampa, Florida, United States",2014-08-01,Growth Capital,,,12.1,True,,0,0,https://mergr.com/company/93101,2026-09-03T23:54:45Z
2562,Alliance Consumer Growth,New York,80633,Ripple Brand Collective LLC (barkTHINS),Food,"Congers, New York, United States",2014-03-06,Growth Capital,2016-04-26,Divestiture,2.1,False,,0,0,https://mergr.com/company/80633,2026-09-03T23:54:45Z
2562,Alliance Consumer Growth,New York,80621,Suja Organic,Beverages,"Oceanside, California, United States",2014-01-15,Growth Capital,2015-08-18,Sold to Management,1.6,False,,0,0,https://mergr.com/company/80621,2026-09-03T23:54:45Z
2562,Alliance Consumer Growth,New York,59318,Kriser’s Natural Pet,Retail,"Chicago, Illinois, United States",2013-04-17,Growth Capital,,,13.3,True,,1,0,https://mergr.com/company/59318,2026-09-03T23:54:45Z
2562,Alliance Consumer Growth,New York,59326,Shake Shack,Food,"New York, New York, United States",2013-02-22,Growth Capital,2015-01-09,IPO,1.8,False,,0,0,https://mergr.com/company/59326,2026-09-03T23:54:45Z
2562,Alliance Consumer Growth,New York,59322,"Krave Pure Foods, Inc.",Food,"Austin, Texas, United States",2013-01-04,Stake Purchase,2015-01-29,Divestiture,2,False,,0,0,https://mergr.com/company/59322,2026-09-03T23:54:45Z
2562,Alliance Consumer Growth,New York,59306,Phil’s Fresh LLC (EVOL Foods),Food,"Boulder, Colorado, United States",2012-01-18,Growth Capital,2013-12-23,Divestiture,1.9,False,,0,0,https://mergr.com/company/59306,2026-09-03T23:54:45Z
2562,Alliance Consumer Growth,New York,59298,Honest Kitchen,Consumer Products,"San Diego, California, United States",2011-09-13,Growth Capital,,,14.9,True,,0,0,https://mergr.com/company/59298,2026-09-03T23:54:45Z
2562,Alliance Consumer Growth,New York,59290,KAS Direct LLC (BabyGanics),Consumer Products,"Hicksville, New York, United States",2011-09-12,Growth Capital,2016-07-26,Divestiture,4.8,False,,0,0,https://mergr.com/company/59290,2026-09-03T23:54:45Z
2562,Alliance Consumer Growth,New York,59330,"Plum Organics, Inc.",Food,"Emeryville, California, United States",2010-05-31,Growth Capital,2013-05-23,Divestiture,2.9,False,93,1,0,https://mergr.com/company/59330,2026-09-03T23:54:45Z
2562,Alliance Consumer Growth,New York,26389,"DenTek Oral Care, Inc.",Consumer Products,"Maryville, Tennessee, United States",2008-10-01,Recapitalization,2010-12-01,Merger,2.2,False,,0,0,https://mergr.com/company/26389,2026-09-03T23:54:45Z
2586,Pulse Equity Partners LLC,New York,71693,PhysicianOne Urgent Care,Healthcare Services,"Brookfield, Connecticut, United States",2013-11-19,Growth Capital,2023-10-06,Divestiture,9.8,False,,0,0,https://mergr.com/company/71693,2026-09-03T23:54:45Z
2586,Pulse Equity Partners LLC,New York,226735,In-Shape,Consumer Services,"Stockton, California, United States",2013-01-02,Recapitalization,2020-12-16,Shut Down,7.9,False,,0,0,https://mergr.com/company/226735,2026-09-03T23:54:45Z
2586,Pulse Equity Partners LLC,New York,59406,Prospira PainCare,Healthcare Services,"Roswell, Georgia, United States",2012-08-01,"Buyout (LBO, MBO, MBI)",2020-09-10,Divestiture,8.1,False,,3,0,https://mergr.com/company/59406,2026-09-03T23:54:45Z
2650,Broadhaven,New York,60306,Binary Event Network,Internet Software and Services,"New York, New York, United States",2011-03-01,Growth Capital,,,15.5,True,,0,0,https://mergr.com/company/60306,2026-09-03T23:54:45Z
2650,Broadhaven,New York,2928,UNX LLC,Financial Services,"Burbank, California, United States",2010-05-01,Growth Capital,2012-05-15,Merger,2,False,,0,0,https://mergr.com/company/2928,2026-09-03T23:54:45Z
2942,Bridge Growth Partners,New York,140069,Syniti,Information Technology,"Needham, Massachusetts, United States",2017-08-03,Secondary Buyout,2024-08-27,Divestiture,7,False,,3,0,https://mergr.com/company/140069,2026-09-03T23:54:45Z
2942,Bridge Growth Partners,New York,32577,Accedian,Information Technology,"Montreal, Quebec, Canada",2017-03-30,Secondary Buyout,2023-06-21,Divestiture,6.2,False,,1,0,https://mergr.com/company/32577,2026-09-03T23:54:45Z
2942,Bridge Growth Partners,New York,32024,Finalsite,Internet Software and Services,"Glastonbury, Connecticut, United States",2016-09-08,Secondary Buyout,2021-12-01,Trade Sale - Public Company,5.2,False,,3,0,https://mergr.com/company/32024,2026-09-03T23:54:45Z
2942,Bridge Growth Partners,New York,27069,Solace Systems,Information Technology,"Ottawa, Ontario, Canada",2016-04-06,Secondary Buyout,,,10.3,True,,0,0,https://mergr.com/company/27069,2026-09-03T23:54:45Z
2942,Bridge Growth Partners,New York,235592,Salient CRGT,Information Technology,"Fairfax, Virginia, United States",2015-08-11,Consolidation,2021-07-08,Divestiture,5.8,False,,3,0,https://mergr.com/company/235592,2026-09-03T23:54:45Z
2942,Bridge Growth Partners,New York,4637,"CRGT, Inc.",Information Technology,"Reston, Virginia, United States",2014-11-05,Secondary Buyout,2015-08-11,Spin Off,0.8,False,,0,0,https://mergr.com/company/4637,2026-09-03T23:54:45Z
3385,Centre Lane Partners,New York,333048,Instant Brands - Appliances Division,Consumer Products,"Ottawa, Ontario, Canada",2023-11-14,Divestiture,,,2.8,True,,0,0,https://mergr.com/company/333048,2026-09-03T23:54:45Z
3385,Centre Lane Partners,New York,265062,Monetate,Internet Software and Services,"Dallas, Texas, United States",2022-10-28,Divestiture,,,3.8,True,,2,0,https://mergr.com/company/265062,2026-09-03T23:54:45Z
3385,Centre Lane Partners,New York,8824,Synacor,Internet Software and Services,"Buffalo, New York, United States",2021-02-11,Going Private,,,5.5,True,81,0,0,https://mergr.com/company/8824,2026-09-03T23:54:45Z
3385,Centre Lane Partners,New York,15438,Lenox,Retail,"Bristol, Pennsylvania, United States",2020-10-19,Secondary Buyout,,,5.8,True,,3,1,https://mergr.com/company/15438,2026-09-03T23:54:45Z
3385,Centre Lane Partners,New York,15966,Hollander Sleep Products,Consumer Products,"Boca Raton, Florida, United States",2019-09-13,Special Situations/Distressed,,,6.9,True,,1,0,https://mergr.com/company/15966,2026-09-03T23:54:45Z
3385,Centre Lane Partners,New York,4228,Turning,Software,"Youngstown, Ohio, United States",2019-01-02,Secondary Buyout,,,7.7,True,,1,0,https://mergr.com/company/4228,2026-09-03T23:54:45Z
3385,Centre Lane Partners,New York,10225,Infobase,Internet Software and Services,"Dover, Delaware, United States",2018-01-08,Secondary Buyout,2022-06-15,Trade Sale - Public Company,4.4,False,,0,0,https://mergr.com/company/10225,2026-09-03T23:54:45Z
3385,Centre Lane Partners,New York,247052,Alternative Biomedical Solutions,Medical Products,"Carrollton, Texas, United States",2018-01-04,"Buyout (LBO, MBO, MBI)",2023-12-14,Divestiture,5.9,False,,0,0,https://mergr.com/company/247052,2026-09-03T23:54:45Z
3385,Centre Lane Partners,New York,274132,Zenfolio,Software,"Menlo Park, California, United States",2017-09-27,"Buyout (LBO, MBO, MBI)",,,8.9,True,,1,0,https://mergr.com/company/274132,2026-09-03T23:54:45Z
3385,Centre Lane Partners,New York,231848,Perform[cb],Marketing,"Sarasota, Florida, United States",2016-08-05,"Buyout (LBO, MBO, MBI)",2021-05-05,Trade Sale - Public Company,4.8,False,,1,0,https://mergr.com/company/231848,2026-09-03T23:54:45Z
3385,Centre Lane Partners,New York,214925,"Vitamin World, Inc.",Consumer Products,"Bohemia, New York, United States",2016-02-02,Divestiture,2017-09-01,Bankruptcy,1.5,False,,0,0,https://mergr.com/company/214925,2026-09-03T23:54:45Z
3385,Centre Lane Partners,New York,191763,WOWorks,Restaurants,"St Petersburg, Florida, United States",2015-06-15,"Buyout (LBO, MBO, MBI)",,,11.2,True,,5,0,https://mergr.com/company/191763,2026-09-03T23:54:45Z
3385,Centre Lane Partners,New York,2032,Jobe’s,Distribution,"Waco, Texas, United States",2015-05-26,Secondary Buyout,,,11.3,True,,0,0,https://mergr.com/company/2032,2026-09-03T23:54:45Z
3385,Centre Lane Partners,New York,8458,Staci,Transportation,"Saint-Ouen-l'Aumone, France",2014-05-30,Secondary Buyout,2017-09-11,Trade Sale - Public Company,3.3,False,233,1,0,https://mergr.com/company/8458,2026-09-03T23:54:45Z
3385,Centre Lane Partners,New York,176786,Candle-lite,Manufacturing,"Cincinnati, Ohio, United States",2014-01-31,Divestiture,,,12.6,True,152,0,0,https://mergr.com/company/176786,2026-09-03T23:54:45Z
3385,Centre Lane Partners,New York,4753,Focus Products Group,Consumer Products,"Vernon Hills, Illinois, United States",2012-08-03,Secondary Buyout,,,14.1,True,,1,4,https://mergr.com/company/4753,2026-09-03T23:54:45Z
3385,Centre Lane Partners,New York,176796,LLFLEX,Packaging,"Louisville, Kentucky, United States",2012-01-31,Divestiture,,,14.6,True,,1,0,https://mergr.com/company/176796,2026-09-03T23:54:45Z
3385,Centre Lane Partners,New York,18727,Merit Distribution,Distribution,"Spartanburg, South Carolina, United States",2011-08-16,Special Situations/Distressed,2019-04-04,Trade Sale - Public Company,7.6,False,,0,0,https://mergr.com/company/18727,2026-09-03T23:54:45Z
3457,Oldslip,New York,105797,Logoworks,Internet Software and Services,"New Bern, North Carolina, United States",2012-09-27,Divestiture,2018-12-01,Bankruptcy,6.2,False,,0,0,https://mergr.com/company/105797,2026-09-03T23:54:45Z
3473,ZMC,New York,254368,Pure Wafer,Semiconductors,"San Jose, California, United States",2024-11-13,Secondary Buyout,,,1.8,True,,0,0,https://mergr.com/company/254368,2026-09-03T23:54:45Z
3473,ZMC,New York,274598,InProduction,Business Services,"Warrenville, Illinois, United States",2023-09-07,Secondary Buyout,,,2.9,True,,0,0,https://mergr.com/company/274598,2026-09-03T23:54:45Z
3473,ZMC,New York,326826,Dolly Parton’s Stampede,Leisure,"Pigeon Forge, Tennessee, United States",2023-02-01,"Buyout (LBO, MBO, MBI)",,,3.6,True,,1,0,https://mergr.com/company/326826,2026-09-03T23:54:45Z
3473,ZMC,New York,22588,Resonate,Internet Software and Services,"Reston, Virginia, United States",2022-07-27,Secondary Buyout,,,4.1,True,,0,0,https://mergr.com/company/22588,2026-09-03T23:54:45Z
3473,ZMC,New York,325739,Simpler Trading,Education,"Austin, Texas, United States",2022-01-04,Growth Capital,,,4.6,True,,0,0,https://mergr.com/company/325739,2026-09-03T23:54:45Z
3473,ZMC,New York,281923,Second City,Media,"Chicago, Illinois, United States",2021-02-18,"Buyout (LBO, MBO, MBI)",,,5.5,True,,0,0,https://mergr.com/company/281923,2026-09-03T23:54:45Z
3473,ZMC,New York,183434,Simeio,Information Technology,"Alpharetta, Georgia, United States",2020-02-03,Secondary Buyout,,,6.6,True,,1,0,https://mergr.com/company/183434,2026-09-03T23:54:45Z
3473,ZMC,New York,266216,CommentSold,Software,"Huntsville, Alabama, United States",2019-11-11,Growth Capital,2021-08-18,Trade Sale - Public Company,1.8,False,,0,0,https://mergr.com/company/266216,2026-09-03T23:54:45Z
3473,ZMC,New York,227467,Raptive,Digital Media,"New York, New York, United States",2018-05-31,"Buyout (LBO, MBO, MBI)",,,8.3,True,,3,0,https://mergr.com/company/227467,2026-09-03T23:54:45Z
3473,ZMC,New York,249480,Logitix,Media,"Boca Raton, Florida, United States",2018-03-15,Growth Capital,2024-10-09,Divestiture,6.5,False,,1,0,https://mergr.com/company/249480,2026-09-03T23:54:45Z
3473,ZMC,New York,224546,Wpromote,Marketing,"El Segundo, California, United States",2018-03-13,Growth Capital,,,8.4,True,,4,0,https://mergr.com/company/224546,2026-09-03T23:54:45Z
3473,ZMC,New York,244925,ITRenew,Information Technology,"Newark, California, United States",2017-11-01,Stake Purchase,2021-12-10,Sold to Management,4.1,False,,2,0,https://mergr.com/company/244925,2026-09-03T23:54:45Z
3473,ZMC,New York,34589,ENA,Communications,"Nashville, Tennessee, United States",2016-04-01,Secondary Buyout,2022-03-03,Divestiture,5.9,False,,0,0,https://mergr.com/company/34589,2026-09-03T23:54:45Z
3473,ZMC,New York,200644,9 Story Media Group,Digital Media,"Toronto, Ontario, Canada",2014-07-14,Growth Capital,2024-03-12,Divestiture,9.6,False,,2,0,https://mergr.com/company/200644,2026-09-03T23:54:45Z
3473,ZMC,New York,4930,Cast & Crew,Software,"Burbank, California, United States",2013-02-05,Secondary Buyout,2015-06-29,Trade Sale - Public Company,2.3,False,,0,0,https://mergr.com/company/4930,2026-09-03T23:54:45Z
3473,ZMC,New York,117081,Defy Media,Media,"New York, New York, United States",2010-06-24,Going Private,,,16.2,True,,2,2,https://mergr.com/company/117081,2026-09-03T23:54:45Z
3473,ZMC,New York,81153,Airvana LP,Communications,"Chelmsford, Massachusetts, United States",2009-12-18,Going Private,2015-10-01,Divestiture,5.8,False,,0,0,https://mergr.com/company/81153,2026-09-03T23:54:45Z
3473,ZMC,New York,18752,Cannella Media,Media,"Burlington, Wisconsin, United States",2009-06-16,"Buyout (LBO, MBO, MBI)",,,17.2,True,,2,0,https://mergr.com/company/18752,2026-09-03T23:54:45Z
3473,ZMC,New York,137393,Take-Two Interactive Software,Media,"New York, New York, United States",2007-03-01,PIPE,,,19.5,True,6656,10,3,https://mergr.com/company/137393,2026-09-03T23:54:45Z
3473,ZMC,New York,10227,ITN Networks,Media,"New York, New York, United States",2006-09-05,Growth Capital,,,19.9,True,,0,0,https://mergr.com/company/10227,2026-09-03T23:54:45Z
3473,ZMC,New York,230065,OTX Corp.,Business Services,"Culver City, California, United States",2004-01-09,Divestiture,2010-01-28,Divestiture,6,False,60,0,0,https://mergr.com/company/230065,2026-09-03T23:54:45Z
3689,Dorilton Capital,New York,297207,Blue Wolf Performance Solutions,Business Services,"Hingham, Massachusetts, United States",2021-08-02,"Buyout (LBO, MBO, MBI)",2023-06-07,Divestiture,1.8,False,,2,0,https://mergr.com/company/297207,2026-09-03T23:54:45Z
3689,Dorilton Capital,New York,100765,Williams Grand Prix Holdings,Automotive,"Wantage, United Kingdom",2020-08-21,Going Private,,,6,True,149,0,0,https://mergr.com/company/100765,2026-09-03T23:54:45Z
3689,Dorilton Capital,New York,274319,Hennigan Engineering,Business Services,"Hingham, Massachusetts, United States",2019-10-08,Growth Capital,,,6.8,True,,0,0,https://mergr.com/company/274319,2026-09-03T23:54:45Z
3689,Dorilton Capital,New York,263778,MEI Industrial Solutions,Business Services,"Albany, Oregon, United States",2019-02-07,"Buyout (LBO, MBO, MBI)",2023-07-06,Trade Sale - Public Company,4.3,False,,8,0,https://mergr.com/company/263778,2026-09-03T23:54:45Z
3689,Dorilton Capital,New York,274318,AUT Solutions,Test/Measurement Equipment,"Fulshear, Texas, United States",2018-08-13,"Buyout (LBO, MBO, MBI)",2023-08-01,Divestiture,4.9,False,,0,0,https://mergr.com/company/274318,2026-09-03T23:54:45Z
3689,Dorilton Capital,New York,233592,Midwest Cooling Tower Services,Business Services,"Krotz Springs, Louisiana, United States",2014-04-01,"Buyout (LBO, MBO, MBI)",2021-12-20,Divestiture,7.7,False,,2,0,https://mergr.com/company/233592,2026-09-03T23:54:45Z
3689,Dorilton Capital,New York,257569,WEST,Business Services,"Loveland, Colorado, United States",2014-01-01,"Buyout (LBO, MBO, MBI)",,,12.7,True,,1,0,https://mergr.com/company/257569,2026-09-03T23:54:45Z
3689,Dorilton Capital,New York,177182,Island Abbey Nutritionals,Food,"Charlottetown, Prince Edward Island, Canada",2012-01-01,"Buyout (LBO, MBO, MBI)",2025-01-27,Divestiture,13,False,,0,0,https://mergr.com/company/177182,2026-09-03T23:54:45Z
3689,Dorilton Capital,New York,177183,Traditions Health,Healthcare Services,"College Station, Texas, United States",2011-04-01,"Buyout (LBO, MBO, MBI)",,,15.4,True,,28,0,https://mergr.com/company/177183,2026-09-03T23:54:45Z
3689,Dorilton Capital,New York,116145,National Heat Exchange Cleaning,Business Services,"Youngstown, Ohio, United States",2011-01-01,"Buyout (LBO, MBO, MBI)",,,15.7,True,,0,0,https://mergr.com/company/116145,2026-09-03T23:54:45Z
3689,Dorilton Capital,New York,177184,Versa Integrity Group,Business Services,"Lake Charles, Louisiana, United States",2010-12-01,"Buyout (LBO, MBO, MBI)",2022-11-01,Divestiture,11.9,False,,4,0,https://mergr.com/company/177184,2026-09-03T23:54:45Z
3689,Dorilton Capital,New York,177181,Graftel LLC,Engineering,"Roselle, Illinois, United States",2010-01-01,"Buyout (LBO, MBO, MBI)",,,16.7,True,,0,0,https://mergr.com/company/177181,2026-09-03T23:54:45Z
3737,Spring Mountain Capital,New York,335095,Valorum Biologics,Life Science,"New York, New York, United States",2025-01-01,Growth Capital,,,1.7,True,,0,0,https://mergr.com/company/335095,2026-09-03T23:54:45Z
3737,Spring Mountain Capital,New York,292565,Everwash,Internet Software and Services,"Philadelphia, Pennsylvania, United States",2022-03-02,Venture,,,4.5,True,,0,0,https://mergr.com/company/292565,2026-09-03T23:54:45Z
3737,Spring Mountain Capital,New York,311067,Eyrus,Information Technology,"Washington, District of Columbia, United States",2022-02-16,Venture,,,4.5,True,,0,0,https://mergr.com/company/311067,2026-09-03T23:54:45Z
3737,Spring Mountain Capital,New York,309706,Ankyra Therapeutics,Life Science,"Cambridge, Massachusetts, United States",2021-11-12,Venture,,,4.8,True,,0,0,https://mergr.com/company/309706,2026-09-03T23:54:45Z
3737,Spring Mountain Capital,New York,311079,Thentia,Internet Software and Services,"Toronto, Ontario, Canada",2021-05-04,Venture,,,5.3,True,,0,0,https://mergr.com/company/311079,2026-09-03T23:54:45Z
3737,Spring Mountain Capital,New York,286410,Genomenon,Life Science,"Ann Arbor, Michigan, United States",2021-03-16,Venture,,,5.4,True,,1,0,https://mergr.com/company/286410,2026-09-03T23:54:45Z
3737,Spring Mountain Capital,New York,311064,AtlasXomics,Life Science,"New Haven, Connecticut, United States",2021-01-01,Venture,,,5.7,True,,0,0,https://mergr.com/company/311064,2026-09-03T23:54:45Z
3737,Spring Mountain Capital,New York,311066,Aware,Information Technology,"Columbus, Ohio, United States",2020-12-14,Venture,2024-08-14,Divestiture,3.7,False,,0,0,https://mergr.com/company/311066,2026-09-03T23:54:45Z
3737,Spring Mountain Capital,New York,311069,Koneksa Health,Life Science,"New York, New York, United States",2020-09-28,Venture,,,5.9,True,,0,0,https://mergr.com/company/311069,2026-09-03T23:54:45Z
3737,Spring Mountain Capital,New York,260054,Keen Decision Systems,Digital Media,"Cary, North Carolina, United States",2019-04-09,Venture,,,7.3,True,,0,0,https://mergr.com/company/260054,2026-09-03T23:54:45Z
3737,Spring Mountain Capital,New York,253292,RiskSense,Software,"Sunnyvale, California, United States",2018-08-07,Venture,2021-08-02,Divestiture,2.9,False,,0,0,https://mergr.com/company/253292,2026-09-03T23:54:45Z
3737,Spring Mountain Capital,New York,253293,Vergent Bioscience,Life Science,"Minneapolis, Minnesota, United States",2018-06-12,Venture,,,8.2,True,,0,0,https://mergr.com/company/253293,2026-09-03T23:54:45Z
3737,Spring Mountain Capital,New York,253295,ReNetX Bio,Life Science,"New Haven, Connecticut, United States",2018-05-07,Venture,,,8.3,True,,0,0,https://mergr.com/company/253295,2026-09-03T23:54:45Z
3737,Spring Mountain Capital,New York,253296,Home Captain,Internet Software and Services,"Brooklyn, New York, United States",2018-03-20,Venture,2021-06-02,Divestiture,3.2,False,,0,0,https://mergr.com/company/253296,2026-09-03T23:54:45Z
3737,Spring Mountain Capital,New York,253297,180 Health Partners,Healthcare Services,"Franklin, Tennessee, United States",2018-03-15,Venture,2021-03-18,Divestiture,3,False,,0,0,https://mergr.com/company/253297,2026-09-03T23:54:45Z
3737,Spring Mountain Capital,New York,273230,Maven Clinic,Healthcare Services,"New York, New York, United States",2017-07-25,Venture,,,9.1,True,,2,0,https://mergr.com/company/273230,2026-09-03T23:54:45Z
3737,Spring Mountain Capital,New York,311089,Splash,Internet Software and Services,"New York, New York, United States",2017-01-01,"Buyout (LBO, MBO, MBI)",2024-09-04,Divestiture,7.7,False,,0,0,https://mergr.com/company/311089,2026-09-03T23:54:45Z
3737,Spring Mountain Capital,New York,280184,"Oncoceutics, Inc.",Life Science,"Philadelphia, Pennsylvania, United States",2014-09-29,Growth Capital,2021-01-08,Divestiture,6.3,False,,0,0,https://mergr.com/company/280184,2026-09-03T23:54:45Z
3737,Spring Mountain Capital,New York,102033,Prevalent,Information Technology,"Phoenix, Arizona, United States",2014-06-18,Growth Capital,2016-11-17,Trade Sale - Public Company,2.3,False,,0,0,https://mergr.com/company/102033,2026-09-03T23:54:45Z
3737,Spring Mountain Capital,New York,176770,Hurel,Healthcare Services,"North Brunswick Township, New Jersey, United States",2013-02-02,Venture,2021-09-15,Divestiture,8.6,False,,0,0,https://mergr.com/company/176770,2026-09-03T23:54:45Z
3737,Spring Mountain Capital,New York,176748,American Power Group,Electrical Equipment,"Algona, Iowa, United States",2012-04-30,Stake Purchase,,,14.3,True,,0,0,https://mergr.com/company/176748,2026-09-03T23:54:45Z
3737,Spring Mountain Capital,New York,105373,Powermat Technologies,Consumer Products,"Neve Ilan, Israel",2012-01-01,"Buyout (LBO, MBO, MBI)",,,14.7,True,,1,0,https://mergr.com/company/105373,2026-09-03T23:54:45Z
3737,Spring Mountain Capital,New York,119853,Activate Healthcare LLC,Healthcare Services,"Indianapolis, Indiana, United States",2012-01-01,Growth Capital,2019-01-16,Divestiture,7,False,,0,0,https://mergr.com/company/119853,2026-09-03T23:54:45Z
3737,Spring Mountain Capital,New York,176763,ESW CleanTech,Automotive,"San Diego, California, United States",2011-08-15,"Buyout (LBO, MBO, MBI)",2013-04-18,Trade Sale - Public Company,1.7,False,,0,0,https://mergr.com/company/176763,2026-09-03T23:54:45Z
3737,Spring Mountain Capital,New York,87589,"WhipTail Technologies, Inc.",Technology Hardware,"Whippany, New Jersey, United States",2011-07-05,Venture,2013-10-29,Divestiture,2.3,False,,0,0,https://mergr.com/company/87589,2026-09-03T23:54:45Z
3737,Spring Mountain Capital,New York,35793,Coolerado Corp.,Electronics,"Denver, Colorado, United States",2010-10-25,Growth Capital,2015-06-17,Divestiture,4.6,False,,0,0,https://mergr.com/company/35793,2026-09-03T23:54:45Z
3737,Spring Mountain Capital,New York,26744,"MedAvante, Inc.",Information Technology,"Hamilton, New Jersey, United States",2010-08-31,Growth Capital,2017-05-09,Divestiture,6.7,False,,0,0,https://mergr.com/company/26744,2026-09-03T23:54:45Z
3737,Spring Mountain Capital,New York,25710,BHS Specialty Chemicals LLC,Chemicals,"Salt Lake City, Utah, United States",2010-07-01,Recapitalization,2017-07-17,Divestiture,7,False,,1,0,https://mergr.com/company/25710,2026-09-03T23:54:45Z
3737,Spring Mountain Capital,New York,176772,IRON Solutions,Information Technology,"Franklin, Tennessee, United States",2008-07-01,Venture,2014-12-23,Divestiture,6.4,False,,0,0,https://mergr.com/company/176772,2026-09-03T23:54:45Z
3905,Stone-Goff Partners,New York,349113,5Q,Information Technology,"Alpharetta, Georgia, United States",2026-05-13,Growth Capital,,,0.3,True,,0,0,https://mergr.com/company/349113,2026-09-03T23:54:45Z
3905,Stone-Goff Partners,New York,315144,BigScoots,Internet Software and Services,"Lewes, Delaware, United States",2023-07-13,Growth Capital,,,3.1,True,,0,0,https://mergr.com/company/315144,2026-09-03T23:54:45Z
3905,Stone-Goff Partners,New York,331611,FS Vector,Business Services,"Washington, District of Columbia, United States",2023-05-25,Growth Capital,,,3.3,True,,1,0,https://mergr.com/company/331611,2026-09-03T23:54:45Z
3905,Stone-Goff Partners,New York,306475,MojoTech,Software,"Providence, Rhode Island, United States",2022-10-04,Growth Capital,,,3.8,True,,0,0,https://mergr.com/company/306475,2026-09-03T23:54:45Z
3905,Stone-Goff Partners,New York,306474,Spotlight,Business Services,"Kansas City, Missouri, United States",2021-12-08,Growth Capital,,,4.7,True,,1,0,https://mergr.com/company/306474,2026-09-03T23:54:45Z
3905,Stone-Goff Partners,New York,299387,MissionWired,Marketing,"Washington, District of Columbia, United States",2021-03-10,Growth Capital,,,5.4,True,,2,0,https://mergr.com/company/299387,2026-09-03T23:54:45Z
3905,Stone-Goff Partners,New York,188048,Rhodian Group,Information Technology,"Rosemont, Illinois, United States",2020-01-20,Growth Capital,,,6.6,True,,1,0,https://mergr.com/company/188048,2026-09-03T23:54:45Z
3905,Stone-Goff Partners,New York,265240,Walker Sands,Marketing,"Chicago, Illinois, United States",2019-09-23,Growth Capital,2025-10-08,Trade Sale - Public Company,6,False,,2,0,https://mergr.com/company/265240,2026-09-03T23:54:45Z
3905,Stone-Goff Partners,New York,258996,Danforth Advisors,Business Services,"Waltham, Massachusetts, United States",2018-12-20,Growth Capital,2021-12-17,Sold to Management,2.9,False,,0,0,https://mergr.com/company/258996,2026-09-03T23:54:45Z
3905,Stone-Goff Partners,New York,255386,JSI,Business Services,"Greenbelt, Maryland, United States",2018-10-23,Growth Capital,2024-05-09,Trade Sale - Public Company,5.5,False,,1,0,https://mergr.com/company/255386,2026-09-03T23:54:45Z
3905,Stone-Goff Partners,New York,246071,DSG,Business Services,"Little Rock, Arkansas, United States",2017-12-05,Growth Capital,2022-04-18,Divestiture,4.3,False,,0,0,https://mergr.com/company/246071,2026-09-03T23:54:45Z
3905,Stone-Goff Partners,New York,250088,Centerline Communication,Communications,"West Bridgewater, Massachusetts, United States",2017-08-18,Recapitalization,2022-01-11,Trade Sale - Public Company,4.3,False,,0,0,https://mergr.com/company/250088,2026-09-03T23:54:45Z
3905,Stone-Goff Partners,New York,306476,TowerNorth,Communications,"W Bridgewater, Massachusetts, United States",2017-01-01,Stake Purchase,,,9.7,True,,0,0,https://mergr.com/company/306476,2026-09-03T23:54:45Z
3905,Stone-Goff Partners,New York,232141,Channel Company,Marketing,"Needham, Massachusetts, United States",2016-12-07,Growth Capital,2021-11-09,Trade Sale - Public Company,4.9,False,,0,0,https://mergr.com/company/232141,2026-09-03T23:54:45Z
3905,Stone-Goff Partners,New York,209113,The Greene Turtle,Restaurants,"Burtonsville, Maryland, United States",2015-10-14,Secondary Buyout,,,10.8,True,,0,0,https://mergr.com/company/209113,2026-09-03T23:54:45Z
3905,Stone-Goff Partners,New York,176635,K12 Coalition,Education,"Eagan, Minnesota, United States",2013-10-21,Growth Capital,2016-09-13,Trade Sale - Public Company,2.8,False,,0,0,https://mergr.com/company/176635,2026-09-03T23:54:45Z
3905,Stone-Goff Partners,New York,128069,NAS Recruitment Communications,Staffing,"Cleveland, Ohio, United States",2012-01-12,Divestiture,2020-03-03,Divestiture,8.1,False,,0,0,https://mergr.com/company/128069,2026-09-03T23:54:45Z
3981,SJ Partners,New York,302930,Better Car People,Business Services,"Monroe, North Carolina, United States",2022-03-02,Growth Capital,,,4.5,True,,3,0,https://mergr.com/company/302930,2026-09-03T23:54:45Z
3981,SJ Partners,New York,234826,Native Maine Produce & Specialty Foods,Distribution,"Westbrook, Maine, United States",2017-01-24,"Buyout (LBO, MBO, MBI)",2026-02-03,Divestiture,9,False,,0,0,https://mergr.com/company/234826,2026-09-03T23:54:45Z
3981,SJ Partners,New York,271778,Osmotics,Consumer Products,"Stony Point, New York, United States",2015-02-05,"Buyout (LBO, MBO, MBI)",2019-01-01,Unknown,3.8,False,,0,0,https://mergr.com/company/271778,2026-09-03T23:54:45Z
3981,SJ Partners,New York,135789,Spectrio,Marketing,"Tampa, Florida, United States",2009-01-01,Stake Purchase,2014-10-15,Trade Sale - Public Company,5.8,False,,4,0,https://mergr.com/company/135789,2026-09-03T23:54:45Z
3981,SJ Partners,New York,176565,European Soaps LLC,Consumer Products,"Seattle, Washington, United States",2008-02-05,"Buyout (LBO, MBO, MBI)",,,18.5,True,,0,0,https://mergr.com/company/176565,2026-09-03T23:54:45Z
3981,SJ Partners,New York,176566,House of Sports,Business Services,"New York, New York, United States",2004-07-27,Stake Purchase,,,22.1,True,,0,0,https://mergr.com/company/176566,2026-09-03T23:54:45Z
3985,Palladian Capital Partners,New York,135857,Inergex,Information Technology,"Buffalo, New York, United States",2014-07-22,Recapitalization,,,12.1,True,,2,1,https://mergr.com/company/135857,2026-09-03T23:54:45Z
3985,Palladian Capital Partners,New York,3484,National Truck Protection,Insurance,"Winston-Salem, North Carolina, United States",2007-04-01,Growth Capital,2016-07-26,Trade Sale - Public Company,9.3,False,,0,0,https://mergr.com/company/3484,2026-09-03T23:54:45Z
4093,Cloud Equity Group,New York,333024,Paper Box SEO,Marketing,"Pittsburgh, Pennsylvania, United States",2024-10-02,"Buyout (LBO, MBO, MBI)",,,1.9,True,,0,0,https://mergr.com/company/333024,2026-09-03T23:54:45Z
4093,Cloud Equity Group,New York,333030,eBizUniverse,Media,"New York City, New York, United States",2023-02-13,"Buyout (LBO, MBO, MBI)",,,3.5,True,,0,0,https://mergr.com/company/333030,2026-09-03T23:54:45Z
4093,Cloud Equity Group,New York,333072,Chrein,Internet Software and Services,"Lynbrook, New York, United States",2022-10-24,"Buyout (LBO, MBO, MBI)",,,3.8,True,,0,0,https://mergr.com/company/333072,2026-09-03T23:54:45Z
4093,Cloud Equity Group,New York,333025,BrightWorks IT,Information Technology,"New York City, New York, United States",2022-04-25,Consolidation,,,4.3,True,,3,0,https://mergr.com/company/333025,2026-09-03T23:54:45Z
4093,Cloud Equity Group,New York,333087,ISD,Information Technology,"Oneonta, New York, United States",2021-08-23,"Buyout (LBO, MBO, MBI)",,,5,True,,0,0,https://mergr.com/company/333087,2026-09-03T23:54:45Z
4093,Cloud Equity Group,New York,333089,Digital-VM,Internet Software and Services,"Burbank, California, United States",2021-07-26,"Buyout (LBO, MBO, MBI)",,,5.1,True,,0,0,https://mergr.com/company/333089,2026-09-03T23:54:45Z
4093,Cloud Equity Group,New York,333091,Data Network Services,Information Technology,"Richmond, Virginia, United States",2021-01-22,"Buyout (LBO, MBO, MBI)",,,5.6,True,,0,0,https://mergr.com/company/333091,2026-09-03T23:54:45Z
4093,Cloud Equity Group,New York,333094,Cirrus Hosting,Internet Software and Services,"Toronto, Ontario, Canada",2020-12-28,"Buyout (LBO, MBO, MBI)",,,5.7,True,,0,0,https://mergr.com/company/333094,2026-09-03T23:54:45Z
4093,Cloud Equity Group,New York,275542,Conseev,Software,United States,2020-08-24,"Buyout (LBO, MBO, MBI)",,,6,True,,0,0,https://mergr.com/company/275542,2026-09-03T23:54:45Z
4093,Cloud Equity Group,New York,333095,CoolHandle,Information Technology,"New York City, New York, United States",2019-06-18,"Buyout (LBO, MBO, MBI)",,,7.2,True,,0,0,https://mergr.com/company/333095,2026-09-03T23:54:45Z
4093,Cloud Equity Group,New York,238190,WebHostingBuzz,Internet Software and Services,"Wilmington, Delaware, United States",2017-03-27,"Buyout (LBO, MBO, MBI)",,,9.4,True,,0,0,https://mergr.com/company/238190,2026-09-03T23:54:45Z
4093,Cloud Equity Group,New York,238189,HostForWeb,Internet Software and Services,"New York City, New York, United States",2017-03-27,"Buyout (LBO, MBO, MBI)",,,9.4,True,,0,0,https://mergr.com/company/238189,2026-09-03T23:54:45Z
4093,Cloud Equity Group,New York,238186,Solar VPS,Internet Software and Services,"Rutherford, New Jersey, United States",2017-03-27,"Buyout (LBO, MBO, MBI)",,,9.4,True,,0,0,https://mergr.com/company/238186,2026-09-03T23:54:45Z
4093,Cloud Equity Group,New York,238185,DedicatedNOW,Internet Software and Services,"Clifton, New Jersey, United States",2017-03-27,"Buyout (LBO, MBO, MBI)",,,9.4,True,,0,0,https://mergr.com/company/238185,2026-09-03T23:54:45Z
4093,Cloud Equity Group,New York,229389,ComfortHost.NET,Information Technology,"Orlando, Florida, United States",2016-10-31,"Buyout (LBO, MBO, MBI)",2022-08-15,Divestiture,5.8,False,,1,0,https://mergr.com/company/229389,2026-09-03T23:54:45Z
4093,Cloud Equity Group,New York,219895,CloudAccess,Internet Software and Services,"Traverse City, Michigan, United States",2016-05-09,"Buyout (LBO, MBO, MBI)",2022-05-31,Divestiture,6,False,,1,0,https://mergr.com/company/219895,2026-09-03T23:54:45Z
4093,Cloud Equity Group,New York,203405,Virpus,Internet Software and Services,"Jersey, New Jersey, United States",2015-09-14,"Buyout (LBO, MBO, MBI)",,,10.9,True,,1,0,https://mergr.com/company/203405,2026-09-03T23:54:45Z
4093,Cloud Equity Group,New York,178063,Fresh Roasted Hosting,Internet Software and Services,"Lewes, Delaware, United States",2015-03-04,"Buyout (LBO, MBO, MBI)",,,11.4,True,,0,0,https://mergr.com/company/178063,2026-09-03T23:54:45Z
4093,Cloud Equity Group,New York,177835,Just199 Hosting,Internet Software and Services,"Columbus, Indiana, United States",2014-11-11,"Buyout (LBO, MBO, MBI)",,,11.8,True,,0,0,https://mergr.com/company/177835,2026-09-03T23:54:45Z
4165,Corona Investment Partners,New York,12311,Printronix,Technology Hardware,"Irvine, California, United States",2013-01-17,Secondary Buyout,,,13.6,True,,0,1,https://mergr.com/company/12311,2026-09-03T23:54:45Z
4221,Antarctica Capital,New York,279530,Midwest Holding,Insurance,"Lincoln, Nebraska, United States",2023-05-01,Going Private,,,3.3,True,30,0,0,https://mergr.com/company/279530,2026-09-03T23:54:45Z
4221,Antarctica Capital,New York,212783,Descartes Labs,Software,"New York, New York, United States",2022-08-04,Secondary Buyout,2024-10-15,Divestiture,2.2,False,,1,0,https://mergr.com/company/212783,2026-09-03T23:54:45Z
4221,Antarctica Capital,New York,91321,InterPark,Real Estate,"Chicago, Illinois, United States",2017-06-30,Secondary Buyout,,,9.2,True,,0,0,https://mergr.com/company/91321,2026-09-03T23:54:45Z
4221,Antarctica Capital,New York,160477,Lanier Parking Solutions LLC,Business Services,"Atlanta, Georgia, United States",2014-02-24,Growth Capital,,,12.5,True,,0,0,https://mergr.com/company/160477,2026-09-03T23:54:45Z
4345,Delos Capital,New York,309820,Le Sueur,Metals/Mining,"Le Sueur, Minnesota, United States",2023-01-05,"Buyout (LBO, MBO, MBI)",,,3.6,True,,1,0,https://mergr.com/company/309820,2026-09-03T23:54:45Z
4345,Delos Capital,New York,176210,Pioneer Recycling Services,Environmental,"Tacoma, Washington, United States",2021-12-28,Secondary Buyout,2024-05-02,Divestiture,2.3,False,,0,0,https://mergr.com/company/176210,2026-09-03T23:54:45Z
4345,Delos Capital,New York,324935,ACTGeo,Construction,"Irvine, California, United States",2021-10-25,Consolidation,,,4.8,True,,2,0,https://mergr.com/company/324935,2026-09-03T23:54:45Z
4345,Delos Capital,New York,322700,MechanAir,Business Services,"Aurora, Illinois, United States",2021-10-07,Consolidation,,,4.8,True,,0,0,https://mergr.com/company/322700,2026-09-03T23:54:45Z
4345,Delos Capital,New York,271970,Edgard Construction Materials,Building Materials,"New Orleans, Louisiana, United States",2018-08-07,"Buyout (LBO, MBO, MBI)",,,8,True,,0,0,https://mergr.com/company/271970,2026-09-03T23:54:45Z
4345,Delos Capital,New York,29882,HOP Energy,Energy Services and Equipment,"Rye Brook, New York, United States",2018-07-31,Divestiture,,,8.1,True,,1,0,https://mergr.com/company/29882,2026-09-03T23:54:45Z
4345,Delos Capital,New York,251206,US Fitness Products,Consumer Services,"Raleigh, North Carolina, United States",2018-05-29,Growth Capital,,,8.3,True,,0,0,https://mergr.com/company/251206,2026-09-03T23:54:45Z
4345,Delos Capital,New York,249341,Sage Metals,Metals/Mining,"Delhi, India",2018-03-13,"Buyout (LBO, MBO, MBI)",,,8.4,True,,2,0,https://mergr.com/company/249341,2026-09-03T23:54:45Z
4345,Delos Capital,New York,239560,United Flea Markets,Business Services,"Henderson, Colorado, United States",2015-10-01,"Buyout (LBO, MBO, MBI)",,,10.9,True,,3,0,https://mergr.com/company/239560,2026-09-03T23:54:45Z
4345,Delos Capital,New York,13504,FCA Packaging,Packaging,"Moline, Illinois, United States",2015-01-06,Secondary Buyout,2022-07-21,Trade Sale - Public Company,7.5,False,,2,0,https://mergr.com/company/13504,2026-09-03T23:54:45Z
4345,Delos Capital,New York,174461,"BancTec, Inc.",Information Services,"Irving, Texas, United States",2014-04-07,"Buyout (LBO, MBO, MBI)",2019-11-04,Merger,5.5,False,300,0,0,https://mergr.com/company/174461,2026-09-03T23:54:45Z
4345,Delos Capital,New York,176441,California Products Corp.,Chemicals,"Andover, Massachusetts, United States",2013-12-05,"Buyout (LBO, MBO, MBI)",2015-10-27,Trade Sale - Public Company,1.8,False,,3,0,https://mergr.com/company/176441,2026-09-03T23:54:45Z
4381,Culpeper Capital Partners,New York,171277,SNAAC,Financial Services,"Mason, Ohio, United States",2011-10-24,"Buyout (LBO, MBO, MBI)",2019-08-07,Shut Down,7.8,False,,0,0,https://mergr.com/company/171277,2026-09-03T23:54:45Z
4497,Hyde Park Holdings LLC,New York,44045,Versant Transportation,Transportation,"Memphis, Tennessee, United States",2019-08-27,Add-on Acquisition,,,7,True,,0,0,https://mergr.com/company/44045,2026-09-03T23:54:45Z
4497,Hyde Park Holdings LLC,New York,227002,Doxly,Software,"Indianapolis, Indiana, United States",2016-09-19,Venture,2019-08-15,Divestiture,2.8,False,,0,0,https://mergr.com/company/227002,2026-09-03T23:54:45Z
4497,Hyde Park Holdings LLC,New York,1644,NEPW Logistics,Transportation,"Portland, Maine, United States",2015-02-26,Acquisition Financing,,,11.5,True,,0,0,https://mergr.com/company/1644,2026-09-03T23:54:45Z
4497,Hyde Park Holdings LLC,New York,353058,NIS,Business Services,"North Liberty, Iowa, United States",2015-01-01,"Buyout (LBO, MBO, MBI)",,,11.7,True,,0,0,https://mergr.com/company/353058,2026-09-03T23:54:45Z
4497,Hyde Park Holdings LLC,New York,16539,Essex Crane Rental,Retail,"Buffalo Grove, Illinois, United States",2008-10-31,Secondary Buyout,,,17.8,True,,0,0,https://mergr.com/company/16539,2026-09-03T23:54:45Z
4497,Hyde Park Holdings LLC,New York,353060,Regency Affiliates,Financial Services,"Larchmont, New York, United States",2002-01-01,"Buyout (LBO, MBO, MBI)",,,24.7,True,,0,0,https://mergr.com/company/353060,2026-09-03T23:54:45Z
4497,Hyde Park Holdings LLC,New York,281829,Derby,Transportation,"Louisville, Kansas, United States",1999-01-01,"Buyout (LBO, MBO, MBI)",,,27.7,True,,1,0,https://mergr.com/company/281829,2026-09-03T23:54:45Z
4551,Rizk Ventures,New York,334115,SpareBox Storage,Real Estate,"Denver, Colorado, United States",2020-08-27,Consolidation,,,6,True,,0,0,https://mergr.com/company/334115,2026-09-03T23:54:45Z
4551,Rizk Ventures,New York,181378,Classroom24-7,Internet Software and Services,"Jersey City, New Jersey, United States",2015-04-06,"Buyout (LBO, MBO, MBI)",2017-07-19,Spin Off,2.3,False,,0,0,https://mergr.com/company/181378,2026-09-03T23:54:45Z
4551,Rizk Ventures,New York,210116,Counter Forced Labor Technologies,Business Services,"New York City, New York, United States",2015-02-05,"Buyout (LBO, MBO, MBI)",,,11.5,True,,0,0,https://mergr.com/company/210116,2026-09-03T23:54:45Z
4557,MidCap Equity Partners,New York,323827,Guidewell Education,Education,"Sacramento, California, United States",2022-05-02,Growth Capital,,,4.3,True,,0,0,https://mergr.com/company/323827,2026-09-03T23:54:45Z
4557,MidCap Equity Partners,New York,334203,ClickEnroll,Information Technology,"Egg Harbor TWP, New Jersey, United States",2021-01-01,"Buyout (LBO, MBO, MBI)",,,5.7,True,,0,0,https://mergr.com/company/334203,2026-09-03T23:54:45Z
4557,MidCap Equity Partners,New York,334208,Benefix,Software,"Lancaster, Pennsylvania, United States",2018-04-04,Growth Capital,,,8.3,True,,0,0,https://mergr.com/company/334208,2026-09-03T23:54:45Z
4557,MidCap Equity Partners,New York,334211,MoleSafe,Healthcare Services,"Florham Park, New Jersey, United States",2017-11-16,Growth Capital,,,8.8,True,,0,0,https://mergr.com/company/334211,2026-09-03T23:54:45Z
4557,MidCap Equity Partners,New York,182351,Access Systems Integration (Access SI),Information Technology,"Eatontown, New Jersey, United States",2015-04-13,"Buyout (LBO, MBO, MBI)",2018-08-09,Divestiture,3.3,False,,0,0,https://mergr.com/company/182351,2026-09-03T23:54:45Z
4557,MidCap Equity Partners,New York,186355,National Educational Music,Business Services,"Piscataway, New Jersey, United States",2011-08-19,"Buyout (LBO, MBO, MBI)",,,15,True,,1,0,https://mergr.com/company/186355,2026-09-03T23:54:45Z
4573,Coral Reef Capital,New York,185150,Western Exploration,Oil/Gas Exploration,"Reno, Nevada, United States",2021-12-22,Stake Purchase,2021-12-22,Sold to Management,0,False,,0,0,https://mergr.com/company/185150,2026-09-03T23:54:45Z
4573,Coral Reef Capital,New York,191291,Krewe Energy,Oil/Gas Exploration,"Covington, Louisiana, United States",2017-01-18,Growth Capital,,,9.6,True,,0,0,https://mergr.com/company/191291,2026-09-03T23:54:45Z
4573,Coral Reef Capital,New York,26163,ROC Service,Energy Services and Equipment,"Canonsburg, Pennsylvania, United States",2015-04-24,Secondary Buyout,,,11.3,True,,0,0,https://mergr.com/company/26163,2026-09-03T23:54:45Z
4573,Coral Reef Capital,New York,185150,Western Exploration,Oil/Gas Exploration,"Reno, Nevada, United States",2013-09-01,"Buyout (LBO, MBO, MBI)",2021-12-22,Sold to Management,8.3,False,,0,0,https://mergr.com/company/185150,2026-09-03T23:54:45Z
4573,Coral Reef Capital,New York,185141,Shawnee Oil Co.,Energy Services and Equipment,"Carmi, Illinois, United States",2012-12-09,"Buyout (LBO, MBO, MBI)",,,13.7,True,,2,0,https://mergr.com/company/185141,2026-09-03T23:54:45Z
4573,Coral Reef Capital,New York,185130,Rawhide Mining,Metals/Mining,"Fallon, Nevada, United States",2010-06-01,Recapitalization,,,16.3,True,,0,0,https://mergr.com/company/185130,2026-09-03T23:54:45Z
4588,Silas Capital,New York,334637,Business & Pleasure,Furniture,"Laguna Beach, United States",2025-03-05,Growth Capital,,,1.4,True,,0,0,https://mergr.com/company/334637,2026-09-03T23:54:45Z
4588,Silas Capital,New York,333387,Damdam,Consumer Products,"Tokyo, Japan",2025-01-28,Growth Capital,,,1.6,True,,0,0,https://mergr.com/company/333387,2026-09-03T23:54:45Z
4588,Silas Capital,New York,309230,Makeup by Mario,Consumer Products,"New York City, New York, United States",2023-01-19,Stake Purchase,,,3.6,True,,0,0,https://mergr.com/company/309230,2026-09-03T23:54:45Z
4588,Silas Capital,New York,301433,Founders Table,Restaurants,"Rye Brook, New York, United States",2020-01-01,"Buyout (LBO, MBO, MBI)",,,6.7,True,,1,0,https://mergr.com/company/301433,2026-09-03T23:54:45Z
4588,Silas Capital,New York,279279,Herbivore,Consumer Products,"Seattle, Washington, United States",2019-08-12,Venture,,,7,True,,0,0,https://mergr.com/company/279279,2026-09-03T23:54:45Z
4588,Silas Capital,New York,279232,Cookie Pop,Food,"Windermere, Florida, United States",2019-05-31,Growth Capital,,,7.3,True,,1,0,https://mergr.com/company/279232,2026-09-03T23:54:45Z
4588,Silas Capital,New York,279278,Hatch,Apparel/Textiles,"New York, New York, United States",2019-05-13,Venture,2024-10-10,Divestiture,5.3,False,,0,0,https://mergr.com/company/279278,2026-09-03T23:54:45Z
4588,Silas Capital,New York,259916,Bellroy,Consumer Products,"Canterbury, Australia",2019-04-10,Growth Capital,,,7.3,True,,0,0,https://mergr.com/company/259916,2026-09-03T23:54:45Z
4588,Silas Capital,New York,256815,ILIA Beauty,Consumer Products,"Laguna Beach, California, United States",2018-12-17,Growth Capital,2022-02-01,Divestiture,3.1,False,,0,0,https://mergr.com/company/256815,2026-09-03T23:54:45Z
4588,Silas Capital,New York,279281,Naadam,Apparel/Textiles,"New York City, New York, United States",2018-07-17,Venture,,,8.1,True,,0,0,https://mergr.com/company/279281,2026-09-03T23:54:45Z
4588,Silas Capital,New York,226974,Boll & Branch,Apparel/Textiles,"Summit, New Jersey, United States",2016-01-01,Venture,2019-08-29,Trade Sale - Public Company,3.6,False,,0,0,https://mergr.com/company/226974,2026-09-03T23:54:45Z
4588,Silas Capital,New York,227014,"Lifefactory, Inc.",Consumer Products,"Sausalito, California, United States",2015-08-26,Venture,2017-07-27,Divestiture,1.9,False,,0,0,https://mergr.com/company/227014,2026-09-03T23:54:45Z
4588,Silas Capital,New York,186877,Pasta Snacks,Food,"Windermere, Florida, United States",2015-05-12,Growth Capital,,,11.3,True,,0,0,https://mergr.com/company/186877,2026-09-03T23:54:45Z
4588,Silas Capital,New York,187024,"Ringly, Inc.",Consumer Products,"New York, New York, United States",2015-01-21,Venture,,,11.6,True,,0,0,https://mergr.com/company/187024,2026-09-03T23:54:45Z
4588,Silas Capital,New York,269042,Casper Sleep,Consumer Products,"New York City, New York, United States",2014-08-07,Venture,2020-01-10,IPO,5.4,False,497,0,0,https://mergr.com/company/269042,2026-09-03T23:54:45Z
4588,Silas Capital,New York,187026,Tracksmith,Apparel/Textiles,"Boston, Massachusetts, United States",2013-07-23,Venture,,,13.1,True,,0,0,https://mergr.com/company/187026,2026-09-03T23:54:45Z
4588,Silas Capital,New York,187019,Bare Snacks,Food,"San Francisco, California, United States",2013-07-23,Growth Capital,2014-09-03,Trade Sale - Public Company,1.1,False,,0,0,https://mergr.com/company/187019,2026-09-03T23:54:45Z
4588,Silas Capital,New York,187125,"Modria, Inc.",Internet Software and Services,"San Jose, California, United States",2012-11-15,Venture,2017-05-30,Divestiture,4.5,False,,0,0,https://mergr.com/company/187125,2026-09-03T23:54:45Z
4588,Silas Capital,New York,187126,CircleUp,Financial Services,"San Francisco, California, United States",2012-04-18,Venture,,,14.3,True,,0,0,https://mergr.com/company/187126,2026-09-03T23:54:45Z
4588,Silas Capital,New York,187122,Proenza Schouler LLC,Apparel/Textiles,"New York, New York, United States",2011-09-01,Growth Capital,2018-11-12,Sold to Management,7.2,False,,0,0,https://mergr.com/company/187122,2026-09-03T23:54:45Z
4601,Stella Point Capital,New York,347611,TRX Services,Software,"Atlanta, Georgia, United States",2026-03-31,Growth Capital,,,0.4,True,,0,0,https://mergr.com/company/347611,2026-09-03T23:54:45Z
4601,Stella Point Capital,New York,328312,Qualified Digital,Digital Media,"Berkeley, California, United States",2024-08-21,Growth Capital,,,2,True,,1,0,https://mergr.com/company/328312,2026-09-03T23:54:45Z
4601,Stella Point Capital,New York,245485,TotalMed Staffing,Staffing,"Appleton, Wisconsin, United States",2023-01-01,"Buyout (LBO, MBO, MBI)",,,3.7,True,,0,0,https://mergr.com/company/245485,2026-09-03T23:54:45Z
4601,Stella Point Capital,New York,320803,Autoagent,Information Technology,"Boca Raton, Florida, United States",2021-12-29,Growth Capital,,,4.7,True,,1,0,https://mergr.com/company/320803,2026-09-03T23:54:45Z
4601,Stella Point Capital,New York,311387,Velir,Information Technology,"Somerville, Massachusetts, United States",2021-01-12,Growth Capital,,,5.6,True,,1,0,https://mergr.com/company/311387,2026-09-03T23:54:45Z
4601,Stella Point Capital,New York,254086,Vereco,Business Services,"Mission Viejo, California, United States",2018-09-11,Growth Capital,,,7.9,True,,0,0,https://mergr.com/company/254086,2026-09-03T23:54:45Z
4601,Stella Point Capital,New York,2862,Intermex,Financial Services,"Miami, Florida, United States",2016-05-12,Secondary Buyout,2018-07-26,SPAC,2.2,False,608,0,0,https://mergr.com/company/2862,2026-09-03T23:54:45Z
4601,Stella Point Capital,New York,188251,Rightpoint Consulting LLC,Information Technology,"Chicago, Illinois, United States",2015-05-21,Growth Capital,2019-10-15,Divestiture,4.3,False,,2,0,https://mergr.com/company/188251,2026-09-03T23:54:45Z
4601,Stella Point Capital,New York,2860,First American Payment Systems,Information Technology,"Fort Worth, Texas, United States",2014-07-18,Secondary Buyout,2021-04-22,Divestiture,6.8,False,,0,0,https://mergr.com/company/2860,2026-09-03T23:54:45Z
4636,Beamonte Investments,New York,218582,Master Kiwi,Internet Software and Services,"Mexico City, Mexico",2015-06-30,Growth Capital,,,11.2,True,,0,0,https://mergr.com/company/218582,2026-09-03T23:54:45Z
4636,Beamonte Investments,New York,218581,Venture Academy,Education,"Kelowna, British Columbia, Canada",2015-01-16,Growth Capital,,,11.6,True,,0,0,https://mergr.com/company/218581,2026-09-03T23:54:45Z
4636,Beamonte Investments,New York,218578,Arthena Fine Arts,Internet Software and Services,"New York, New York, United States",2014-12-29,Venture,2023-03-16,Divestiture,8.2,False,,0,0,https://mergr.com/company/218578,2026-09-03T23:54:45Z
4636,Beamonte Investments,New York,218584,Spire Global,Information Technology,"Vienna, Virginia, United States",2014-07-29,Venture,2021-08-17,IPO,7,False,72,0,0,https://mergr.com/company/218584,2026-09-03T23:54:45Z
4666,Consumer Growth Partners,New York,199490,VIOlife LLC,Consumer Products,"Yonkers, New York, United States",2013-12-16,Growth Capital,,,12.7,True,,0,0,https://mergr.com/company/199490,2026-09-03T23:54:45Z
4666,Consumer Growth Partners,New York,31697,I.O. Metro LLC,Retail,"Lowell, Arizona, United States",2011-03-14,"Buyout (LBO, MBO, MBI)",,,15.4,True,,0,0,https://mergr.com/company/31697,2026-09-03T23:54:45Z
4666,Consumer Growth Partners,New York,199487,B Cellars,Beverages,"Oakville, California, United States",2009-12-01,Growth Capital,,,16.8,True,,0,0,https://mergr.com/company/199487,2026-09-03T23:54:45Z
4666,Consumer Growth Partners,New York,18457,"Baskins Group, Ltd.",Retail,"Irvine, California, United States",2009-07-15,Secondary Buyout,2013-05-01,Divestiture,3.8,False,,0,0,https://mergr.com/company/18457,2026-09-03T23:54:45Z
4666,Consumer Growth Partners,New York,199483,Peruvian Connection,Apparel/Textiles,"Tonganoxie, Kansas, United States",2008-09-01,Growth Capital,,,18,True,,0,0,https://mergr.com/company/199483,2026-09-03T23:54:45Z
4666,Consumer Growth Partners,New York,36789,Wild Things,Apparel/Textiles,"Virginia Beach, Virginia, United States",2008-07-01,"Buyout (LBO, MBO, MBI)",2018-03-05,Trade Sale - Public Company,9.7,False,,0,0,https://mergr.com/company/36789,2026-09-03T23:54:45Z
4666,Consumer Growth Partners,New York,199354,Shoe Sensation,Retail,"Jeffersonville, Indiana, United States",2007-12-01,Growth Capital,2015-08-04,Trade Sale - Public Company,7.7,False,,0,0,https://mergr.com/company/199354,2026-09-03T23:54:45Z
4733,Reverence Capital Partners,New York,248032,Eide Bailly,Business Services,"Fargo, North Dakota, United States",2026-06-23,Growth Capital,,,0.2,True,,0,0,https://mergr.com/company/248032,2026-09-03T23:54:45Z
4733,Reverence Capital Partners,New York,40569,Envestnet,Software,"Berwyn, Pennsylvania, United States",2024-07-11,Going Private,,,2.1,True,1246,0,1,https://mergr.com/company/40569,2026-09-03T23:54:45Z
4733,Reverence Capital Partners,New York,199486,Sunstar Insurance Group,Insurance,"Memphis, Tennessee, United States",2024-07-01,Secondary Buyout,,,2.2,True,,1,0,https://mergr.com/company/199486,2026-09-03T23:54:45Z
4733,Reverence Capital Partners,New York,57402,Flagstar,Financial Services,"Hicksville, New York, United States",2024-03-07,Stake Purchase,,,2.4,True,2584,0,0,https://mergr.com/company/57402,2026-09-03T23:54:45Z
4733,Reverence Capital Partners,New York,20299,EverBank,Financial Services,"Jacksonville, Florida, United States",2023-08-01,Divestiture,,,3.1,True,1094,0,0,https://mergr.com/company/20299,2026-09-03T23:54:45Z
4733,Reverence Capital Partners,New York,303782,SEIA,Business Services,"Los Angeles, California, United States",2022-08-17,Growth Capital,,,4,True,,2,0,https://mergr.com/company/303782,2026-09-03T23:54:45Z
4733,Reverence Capital Partners,New York,249559,CRS Temporary Housing,Business Services,"Phoenix, Arizona, United States",2021-12-01,Secondary Buyout,2026-01-07,Trade Sale - Public Company,4.1,False,,1,0,https://mergr.com/company/249559,2026-09-03T23:54:45Z
4733,Reverence Capital Partners,New York,212438,Ministry Brands,Internet Software and Services,"Lenoir City, Tennessee, United States",2021-11-05,Divestiture,,,4.8,True,,1,0,https://mergr.com/company/212438,2026-09-03T23:54:45Z
4733,Reverence Capital Partners,New York,335159,DMG Bancshares,Financial Services,"Irvine, California, United States",2021-03-03,Growth Capital,,,5.5,True,,0,0,https://mergr.com/company/335159,2026-09-03T23:54:45Z
4733,Reverence Capital Partners,New York,176915,Obra Capital,Financial Services,"New York City, New York, United States",2019-07-15,Secondary Buyout,,,7.1,True,,1,0,https://mergr.com/company/176915,2026-09-03T23:54:45Z
4733,Reverence Capital Partners,New York,214491,Osaic,Financial Services,"Scottsdale, Arizona, United States",2019-05-09,Secondary Buyout,,,7.3,True,,9,0,https://mergr.com/company/214491,2026-09-03T23:54:45Z
4733,Reverence Capital Partners,New York,258954,Transact,Information Technology,"Scottsdale, Arizona, United States",2019-03-07,Divestiture,2024-08-15,Divestiture,5.4,False,,2,0,https://mergr.com/company/258954,2026-09-03T23:54:45Z
4733,Reverence Capital Partners,New York,246712,Venerable,Financial Services,"West Chester, Pennsylvania, United States",2017-12-21,Divestiture,,,8.7,True,,1,0,https://mergr.com/company/246712,2026-09-03T23:54:45Z
4733,Reverence Capital Partners,New York,242762,CardWorks,Financial Services,"Woodbury, New York, United States",2017-08-01,"Buyout (LBO, MBO, MBI)",,,9.1,True,,3,0,https://mergr.com/company/242762,2026-09-03T23:54:45Z
4733,Reverence Capital Partners,New York,207701,Diamond Resorts,Leisure,"Las Vegas, Nevada, United States",2016-06-29,Going Private,2021-03-10,Divestiture,4.7,False,874,0,0,https://mergr.com/company/207701,2026-09-03T23:54:45Z
4733,Reverence Capital Partners,New York,213138,"Kabbage, Inc.",Financial Services,"Atlanta, Georgia, United States",2015-10-14,Venture,2020-08-17,Divestiture,4.8,False,,2,0,https://mergr.com/company/213138,2026-09-03T23:54:45Z
4733,Reverence Capital Partners,New York,50406,Russell Investments,Financial Services,"Seattle, Washington, United States",2015-10-08,Divestiture,,,10.8,True,,0,1,https://mergr.com/company/50406,2026-09-03T23:54:45Z
4754,Current Capital Partners,New York,320730,Innovative Refrigeration Systems,Manufacturing,"Lyndhurst, Virginia, United States",2024-01-11,Growth Capital,,,2.6,True,,0,0,https://mergr.com/company/320730,2026-09-03T23:54:45Z
4754,Current Capital Partners,New York,35113,L&S Mechanical,Construction,"Richardson, Texas, United States",2021-09-02,Secondary Buyout,,,5,True,,0,0,https://mergr.com/company/35113,2026-09-03T23:54:45Z
4754,Current Capital Partners,New York,69410,Marcone,Distribution,"St Louis, Missouri, United States",2021-06-01,Secondary Buyout,,,5.3,True,,3,0,https://mergr.com/company/69410,2026-09-03T23:54:45Z
4754,Current Capital Partners,New York,285008,Slipnot,Manufacturing,"Detroit, Michigan, United States",2021-01-06,Growth Capital,,,5.6,True,,1,0,https://mergr.com/company/285008,2026-09-03T23:54:45Z
4754,Current Capital Partners,New York,251982,Individual FoodService,Distribution,"Bell, California, United States",2019-10-17,Secondary Buyout,2020-12-31,Spin Off,1.2,False,,2,0,https://mergr.com/company/251982,2026-09-03T23:54:45Z
4754,Current Capital Partners,New York,221729,Rimstock,Automotive,"West Bromwich, United Kingdom",2016-06-09,"Buyout (LBO, MBO, MBI)",2023-07-05,Bankruptcy,7,False,,0,0,https://mergr.com/company/221729,2026-09-03T23:54:45Z
4754,Current Capital Partners,New York,31090,"Stackpole International, Inc.",Machinery,"Ancaster, Ontario, Canada",2011-08-02,Divestiture,2013-10-11,Trade Sale - Public Company,2.2,False,,0,0,https://mergr.com/company/31090,2026-09-03T23:54:45Z
4828,Sandton Capital Partners,New York,314517,Vindara,Agriculture,"Orlando, Florida, United States",2023-06-26,Growth Capital,,,3.2,True,,0,0,https://mergr.com/company/314517,2026-09-03T23:54:45Z
4828,Sandton Capital Partners,New York,30761,Neoelectra Group,Energy Services and Equipment,"Sant Just Desvern, Spain",2015-03-17,Special Situations/Distressed,2018-07-11,Trade Sale - Public Company,3.3,False,,0,0,https://mergr.com/company/30761,2026-09-03T23:54:45Z
4828,Sandton Capital Partners,New York,213459,The Free Lance–Star Publishing Co.,Publishing,"Fredericksburg, Virginia, United States",2014-06-19,Special Situations/Distressed,2015-12-31,Divestiture,1.5,False,,0,0,https://mergr.com/company/213459,2026-09-03T23:54:45Z
4864,D Cubed Group,New York,249821,KPS Global,Building Materials,"Forth Worth, Texas, United States",2015-12-07,Divestiture,,,10.7,True,200,2,0,https://mergr.com/company/249821,2026-09-03T23:54:45Z
4864,D Cubed Group,New York,249825,Trading Company Holdings,Retail,"New York, New York, United States",2014-11-01,"Buyout (LBO, MBO, MBI)",,,11.8,True,,0,0,https://mergr.com/company/249825,2026-09-03T23:54:45Z
4864,D Cubed Group,New York,249824,KEH Camera,E-Commerce,"Smyrna, Georgia, United States",2013-01-09,"Buyout (LBO, MBO, MBI)",,,13.6,True,,0,0,https://mergr.com/company/249824,2026-09-03T23:54:45Z
4906,Cambridge Information Group,New York,332230,Emerald,Publishing,"Leeds, United Kingdom",2022-06-10,"Buyout (LBO, MBO, MBI)",2026-06-02,Divestiture,3.9,False,,0,0,https://mergr.com/company/332230,2026-09-03T23:54:45Z
4906,Cambridge Information Group,New York,4944,"Navtech, Inc.",Aerospace,"Waterloo, Ontario, Canada",2013-06-11,Secondary Buyout,2015-12-22,Divestiture,2.5,False,42,1,0,https://mergr.com/company/4944,2026-09-03T23:54:45Z
4906,Cambridge Information Group,New York,88797,ProQuest,Information Services,"Ann Arbor, Michigan, United States",2007-02-12,"Buyout (LBO, MBO, MBI)",2021-05-17,Divestiture,14.3,False,,10,0,https://mergr.com/company/88797,2026-09-03T23:54:45Z
4906,Cambridge Information Group,New York,332263,Bach to Rock,Education,"Bethesda, Maryland, United States",2007-01-01,"Buyout (LBO, MBO, MBI)",2026-05-27,Divestiture,19.3,False,,0,0,https://mergr.com/company/332263,2026-09-03T23:54:45Z
4906,Cambridge Information Group,New York,332270,Sotheby's Institute of Art,Education,"London, United Kingdom",2003-01-01,"Buyout (LBO, MBO, MBI)",,,23.7,True,,0,0,https://mergr.com/company/332270,2026-09-03T23:54:45Z
4906,Cambridge Information Group,New York,211251,Bowker,Business Services,"Chatham, New Jersey, United States",2001-08-31,"Buyout (LBO, MBO, MBI)",,,25,True,,1,0,https://mergr.com/company/211251,2026-09-03T23:54:45Z
4987,Seal Rock Partners,New York,258064,Consolidated Analytics,Business Services,"Santa Ana, California, United States",2019-02-04,Acquisition Financing,,,7.5,True,,3,0,https://mergr.com/company/258064,2026-09-03T23:54:45Z
4987,Seal Rock Partners,New York,222300,KeySource USA,Distribution,"Cincinnati, Ohio, United States",2016-06-20,"Buyout (LBO, MBO, MBI)",,,10.2,True,,1,0,https://mergr.com/company/222300,2026-09-03T23:54:45Z
4991,Vandewater Capital Holdings,New York,222472,Xsight Systems,Aerospace,"Rosh Haayin, Israel",2016-06-22,Growth Capital,,,10.2,True,,0,0,https://mergr.com/company/222472,2026-09-03T23:54:45Z
4991,Vandewater Capital Holdings,New York,216711,AltAir Fuels,Energy Services and Equipment,"Paramount, California, United States",2015-05-21,Growth Capital,2018-03-19,Divestiture,2.8,False,,0,0,https://mergr.com/company/216711,2026-09-03T23:54:45Z
4991,Vandewater Capital Holdings,New York,223966,Alley,Real Estate,"New York, New York, United States",2015-02-20,Venture,,,11.5,True,,0,0,https://mergr.com/company/223966,2026-09-03T23:54:45Z
4991,Vandewater Capital Holdings,New York,19092,freenet digital GmbH,Communications,"Berlin, Germany",2003-01-01,"Buyout (LBO, MBO, MBI)",2013-12-16,Divestiture,10.9,False,,0,0,https://mergr.com/company/19092,2026-09-03T23:54:45Z
4993,Kensington,New York,214959,Pure Power Technologies LLC,Automotive,"Columbia, South Carolina, United States",2016-02-02,Divestiture,2019-04-09,Divestiture,3.2,False,,0,0,https://mergr.com/company/214959,2026-09-03T23:54:45Z
4993,Kensington,New York,12207,Transtar Industries,Automotive,"Cleveland, Ohio, United States",2010-12-07,Secondary Buyout,2021-01-22,Trade Sale - Public Company,10.1,False,,1,0,https://mergr.com/company/12207,2026-09-03T23:54:45Z
4993,Kensington,New York,344720,D-Wave,Technology Hardware,"Palo Alto, California, United States",2010-12-02,Growth Capital,2022-08-08,IPO,11.7,False,,0,0,https://mergr.com/company/344720,2026-09-03T23:54:45Z
4993,Kensington,New York,180982,"Lise Watier Cosmétiques, Inc.",Consumer Products,"Ville Mont-Royal, Quebec, Canada",2007-03-01,"Buyout (LBO, MBO, MBI)",2016-02-19,Divestiture,8.9,False,,0,0,https://mergr.com/company/180982,2026-09-03T23:54:45Z
5039,Yenni Capital,New York,227465,Feller Engineering,Engineering,"Ft. Lauderdale, Florida, United States",2016-09-29,"Buyout (LBO, MBO, MBI)",,,9.9,True,,0,0,https://mergr.com/company/227465,2026-09-03T23:54:45Z
5039,Yenni Capital,New York,231,Matrix Medical Network,Healthcare Services,"Phoenix, Arizona, United States",2007-02-01,Growth Capital,2011-10-28,Trade Sale - Public Company,4.7,False,,0,0,https://mergr.com/company/231,2026-09-03T23:54:45Z
5039,Yenni Capital,New York,227474,MCAG,Business Services,"Toledo, Ohio, United States",2004-01-01,"Buyout (LBO, MBO, MBI)",2019-05-31,Trade Sale - Public Company,15.3,False,,0,0,https://mergr.com/company/227474,2026-09-03T23:54:45Z
5047,Alumina Partners,New York,252686,Beleave,Life Science,"Flamborough, Ontario, Canada",2018-09-14,Growth Capital,,,7.9,True,,0,0,https://mergr.com/company/252686,2026-09-03T23:54:45Z
5047,Alumina Partners,New York,233080,Mission Ready Solutions,Defense,"Vancouver, British Columbia, Canada",2016-12-22,Stake Purchase,2025-02-24,Shut Down,8.2,False,5,0,0,https://mergr.com/company/233080,2026-09-03T23:54:45Z
5047,Alumina Partners,New York,228068,Tetra Bio-Pharma,Life Science,"Orleans, Ontario, Canada",2016-10-07,Stake Purchase,2023-08-01,Bankruptcy,6.8,False,,0,0,https://mergr.com/company/228068,2026-09-03T23:54:45Z
5053,Orangewood Partners,New York,321000,WCDRT,Business Services,"Encino, California, United States",2024-01-10,Growth Capital,,,2.6,True,,0,0,https://mergr.com/company/321000,2026-09-03T23:54:45Z
5053,Orangewood Partners,New York,311694,DLA,Business Services,"Fairfield, New Jersey, United States",2023-03-29,Growth Capital,,,3.4,True,,1,0,https://mergr.com/company/311694,2026-09-03T23:54:45Z
5053,Orangewood Partners,New York,305613,Barrington James,Staffing,"Horsham, United Kingdom",2022-10-05,Growth Capital,,,3.8,True,,0,0,https://mergr.com/company/305613,2026-09-03T23:54:45Z
5053,Orangewood Partners,New York,327015,M7B,Beverages,United States,2022-09-01,"Buyout (LBO, MBO, MBI)",,,4,True,,0,0,https://mergr.com/company/327015,2026-09-03T23:54:45Z
5053,Orangewood Partners,New York,206389,Pacific Bells,Restaurants,"Vancouver, Washington, United States",2021-11-11,Secondary Buyout,,,4.8,True,,0,0,https://mergr.com/company/206389,2026-09-03T23:54:45Z
5053,Orangewood Partners,New York,327013,OCS,Restaurants,United States,2021-10-01,"Buyout (LBO, MBO, MBI)",,,4.9,True,,0,0,https://mergr.com/company/327013,2026-09-03T23:54:45Z
5053,Orangewood Partners,New York,269637,Win Brands Group,Business Services,"New York City, New York, United States",2021-02-10,Acquisition Financing,,,5.5,True,,1,0,https://mergr.com/company/269637,2026-09-03T23:54:45Z
5053,Orangewood Partners,New York,327007,Exer Urgent Care,Healthcare Services,"Marina del Rey,, California, United States",2019-04-01,"Buyout (LBO, MBO, MBI)",,,7.4,True,,1,0,https://mergr.com/company/327007,2026-09-03T23:54:45Z
5053,Orangewood Partners,New York,260235,ABTB,Restaurants,"Irvine, California, United States",2018-02-05,Joint Venture,2023-02-01,Unknown,4.9,False,,1,0,https://mergr.com/company/260235,2026-09-03T23:54:45Z
5053,Orangewood Partners,New York,228697,George Industries,Manufacturing,"Endicott, New York, United States",2016-10-18,"Buyout (LBO, MBO, MBI)",2022-08-17,Divestiture,5.8,False,,1,0,https://mergr.com/company/228697,2026-09-03T23:54:45Z
5053,Orangewood Partners,New York,327017,Peaceable Street Capital,Real Estate,"Yardley, Pennsylvania, United States",2016-04-04,"Buyout (LBO, MBO, MBI)",,,10.3,True,,0,0,https://mergr.com/company/327017,2026-09-03T23:54:45Z
5053,Orangewood Partners,New York,3942,K2 Towers,Communications,"Chagrin Falls, Ohio, United States",2015-05-01,Growth Capital,,,11.3,True,,0,0,https://mergr.com/company/3942,2026-09-03T23:54:45Z
5087,BASE Equity Partners,New York,332535,The Lighting Design Group,Business Services,"New York, New York, United States",2022-01-01,"Buyout (LBO, MBO, MBI)",,,4.7,True,,0,0,https://mergr.com/company/332535,2026-09-03T23:54:45Z
5087,BASE Equity Partners,New York,263037,MOVE Bumpers,Automotive,"Lewistown, Montana, United States",2019-07-30,"Buyout (LBO, MBO, MBI)",,,7.1,True,,0,0,https://mergr.com/company/263037,2026-09-03T23:54:45Z
5087,BASE Equity Partners,New York,332534,Fortis Security Products,Safety/Security,"Greendale, Indiana, United States",2018-04-18,"Buyout (LBO, MBO, MBI)",,,8.3,True,,0,0,https://mergr.com/company/332534,2026-09-03T23:54:45Z
5087,BASE Equity Partners,New York,231834,Jolyn,Apparel/Textiles,"Huntington Beach, California, United States",2016-01-01,"Buyout (LBO, MBO, MBI)",2018-12-17,Secondary Sale,2.9,False,,0,0,https://mergr.com/company/231834,2026-09-03T23:54:45Z
5087,BASE Equity Partners,New York,231847,RediBag USA,Packaging,"New Hyde Park, New York, United States",2015-01-01,"Buyout (LBO, MBO, MBI)",,,11.7,True,,0,0,https://mergr.com/company/231847,2026-09-03T23:54:45Z
5087,BASE Equity Partners,New York,231841,ACT Entertainment,Electrical Equipment,"Jackson, Missouri, United States",2014-01-01,"Buyout (LBO, MBO, MBI)",,,12.7,True,,3,0,https://mergr.com/company/231841,2026-09-03T23:54:45Z
5102,Moore Freres,New York,232946,Opera TV,Internet Software and Services,"Oslo, Norway",2016-12-20,Divestiture,,,9.7,True,,0,0,https://mergr.com/company/232946,2026-09-03T23:54:45Z
5111,Hilltop Private Capital,New York,240891,Spiral Binding,Machinery,"Totowa, New Jersey, United States",2017-06-16,"Buyout (LBO, MBO, MBI)",,,9.2,True,,2,0,https://mergr.com/company/240891,2026-09-03T23:54:45Z
5111,Hilltop Private Capital,New York,271439,American Track,Construction,"Fort Worth, Texas, United States",2016-11-04,"Buyout (LBO, MBO, MBI)",2021-11-30,Trade Sale - Public Company,5,False,,2,0,https://mergr.com/company/271439,2026-09-03T23:54:45Z
5111,Hilltop Private Capital,New York,280827,Bloom Engineering,Manufacturing,"Pittsburgh, Pennsylvania, United States",1989-02-01,"Buyout (LBO, MBO, MBI)",2024-12-30,Divestiture,35.8,False,,0,0,https://mergr.com/company/280827,2026-09-03T23:54:45Z
5118,InTandem Capital Partners,New York,325227,Adams Clinical,Life Science,"Watertown, Massachusetts, United States",2024-05-21,Growth Capital,,,2.3,True,,0,0,https://mergr.com/company/325227,2026-09-03T23:54:45Z
5118,InTandem Capital Partners,New York,315701,OrthoNebraska,Healthcare Services,"Omaha, Nebraska, United States",2023-08-02,Growth Capital,,,3.1,True,,0,0,https://mergr.com/company/315701,2026-09-03T23:54:45Z
5118,InTandem Capital Partners,New York,348508,BeBright,Healthcare Services,"Minnetonka, Minnesota, United States",2023-06-27,Consolidation,,,3.2,True,,1,0,https://mergr.com/company/348508,2026-09-03T23:54:45Z
5118,InTandem Capital Partners,New York,270100,HouseWorks,Consumer Services,"Woburn, Massachusetts, United States",2023-01-12,Growth Capital,,,3.6,True,,4,0,https://mergr.com/company/270100,2026-09-03T23:54:45Z
5118,InTandem Capital Partners,New York,352902,Your Health,Consumer Services,"Columbia, South Carolina, United States",2023-01-01,"Buyout (LBO, MBO, MBI)",,,3.7,True,,0,0,https://mergr.com/company/352902,2026-09-03T23:54:45Z
5118,InTandem Capital Partners,New York,352905,Sequel Ortho,Healthcare Services,"Omaha, Nebraska, United States",2023-01-01,"Buyout (LBO, MBO, MBI)",,,3.7,True,,0,0,https://mergr.com/company/352905,2026-09-03T23:54:45Z
5118,InTandem Capital Partners,New York,295238,Providence Care,Healthcare Services,"Rock Hill, South Carolina, United States",2022-01-19,Growth Capital,,,4.6,True,,0,0,https://mergr.com/company/295238,2026-09-03T23:54:45Z
5118,InTandem Capital Partners,New York,310044,Ivy Fertility Services,Healthcare Services,"Irvine, California, United States",2021-02-01,Growth Capital,,,5.6,True,,5,0,https://mergr.com/company/310044,2026-09-03T23:54:45Z
5118,InTandem Capital Partners,New York,304768,Vivo Infusion,Healthcare Services,"Lakewood, Colorado, United States",2021-01-01,"Buyout (LBO, MBO, MBI)",,,5.7,True,,6,0,https://mergr.com/company/304768,2026-09-03T23:54:45Z
5118,InTandem Capital Partners,New York,323649,Healthfuse,Information Technology,"Milwaukee, Wisconsin, United States",2020-12-08,Growth Capital,,,5.7,True,,0,0,https://mergr.com/company/323649,2026-09-03T23:54:45Z
5118,InTandem Capital Partners,New York,318834,Pediatric Home Service,Healthcare Services,"Roseville, Minnesota, United States",2018-12-21,"Buyout (LBO, MBO, MBI)",,,7.7,True,,2,0,https://mergr.com/company/318834,2026-09-03T23:54:45Z
5118,InTandem Capital Partners,New York,254197,Phia Group,Insurance,"Canton, Massachusetts, United States",2018-09-17,Growth Capital,,,7.9,True,,0,0,https://mergr.com/company/254197,2026-09-03T23:54:45Z
5118,InTandem Capital Partners,New York,234505,Cano Health,Healthcare Services,"Miami, Florida, United States",2017-01-17,"Buyout (LBO, MBO, MBI)",2020-01-12,IPO,2.9,False,,0,0,https://mergr.com/company/234505,2026-09-03T23:54:45Z
5118,InTandem Capital Partners,New York,234506,Comfort Health medical Centers,Healthcare Services,"Miami, Florida, United States",2017-01-17,"Buyout (LBO, MBO, MBI)",,,9.6,True,,0,0,https://mergr.com/company/234506,2026-09-03T23:54:45Z
5119,Proviso Capital,New York,347089,ACI Lab,Publishing,"Cedar Falls, Iowa, United States",2026-03-16,"Buyout (LBO, MBO, MBI)",,,0.4,True,,0,0,https://mergr.com/company/347089,2026-09-03T23:54:45Z
5119,Proviso Capital,New York,286077,Merchandising Partners,Business Services,"North Granby, Connecticut, United States",2021-06-03,"Buyout (LBO, MBO, MBI)",,,5.3,True,,0,0,https://mergr.com/company/286077,2026-09-03T23:54:45Z
5119,Proviso Capital,New York,278941,Algiere Companies,Construction,"Plano, Texas, United States",2018-11-01,"Buyout (LBO, MBO, MBI)",,,7.8,True,,0,0,https://mergr.com/company/278941,2026-09-03T23:54:45Z
5119,Proviso Capital,New York,234568,Kerr Consulting,Information Technology,"The Woodlands, Texas, United States",2017-01-03,"Buyout (LBO, MBO, MBI)",2024-08-06,Divestiture,7.6,False,,1,0,https://mergr.com/company/234568,2026-09-03T23:54:45Z
5140,CULT Capital,New York,309822,Lawless,Consumer Products,"Los Angeles, California, United States",2019-12-16,Growth Capital,,,6.7,True,,0,0,https://mergr.com/company/309822,2026-09-03T23:54:45Z
5140,CULT Capital,New York,236001,Miyoko's Creamery,Food,"Fairfax, California, United States",2017-02-07,Venture,,,9.5,True,,0,0,https://mergr.com/company/236001,2026-09-03T23:54:45Z
5140,CULT Capital,New York,236028,Babo Botanicals LLC,Consumer Products,"Scarsdale, New York, United States",2015-12-23,Growth Capital,2018-10-29,Divestiture,2.8,False,,0,0,https://mergr.com/company/236028,2026-09-03T23:54:45Z
5140,CULT Capital,New York,236027,Supergoop!,Consumer Products,"San Antonio, Texas, United States",2015-11-02,Growth Capital,2018-03-13,Trade Sale - Public Company,2.3,False,,0,0,https://mergr.com/company/236027,2026-09-03T23:54:45Z
5143,Ridge Road,New York,236205,TrialWorks LLC,Software,"Coral Gables, Florida, United States",2017-02-15,"Buyout (LBO, MBO, MBI)",2019-02-04,Divestiture,1.9,False,,1,1,https://mergr.com/company/236205,2026-09-03T23:54:45Z
5143,Ridge Road,New York,237128,Kitchen Art,Business Services,"Coral Springs, Florida, United States",2015-02-18,"Buyout (LBO, MBO, MBI)",2019-03-12,Divestiture,4,False,,1,0,https://mergr.com/company/237128,2026-09-03T23:54:45Z
5174,FiveW Capital,New York,238342,Viteos Fund Services LLC,Business Services,"Somerset, New Jersey, United States",2017-04-03,"Buyout (LBO, MBO, MBI)",2019-06-18,Divestiture,2.2,False,,0,0,https://mergr.com/company/238342,2026-09-03T23:54:45Z
5192,Kain Capital,New York,349920,RadX,Healthcare Services,"Tampa, Florida, United States",2026-06-03,Growth Capital,,,0.3,True,,0,0,https://mergr.com/company/349920,2026-09-03T23:54:45Z
5192,Kain Capital,New York,347492,White-Wilson Medical Center,Healthcare Services,"Fort Walton Beach, Florida, United States",2026-03-30,Growth Capital,,,0.4,True,,0,0,https://mergr.com/company/347492,2026-09-03T23:54:45Z
5192,Kain Capital,New York,327159,PERA Holdings,Healthcare Services,"New York, United States",2022-11-18,Consolidation,,,3.8,True,,0,0,https://mergr.com/company/327159,2026-09-03T23:54:45Z
5192,Kain Capital,New York,321120,My Dr Now,Business Services,"Chandler, Arizona, United States",2022-08-30,Growth Capital,,,4,True,,0,0,https://mergr.com/company/321120,2026-09-03T23:54:45Z
5192,Kain Capital,New York,312385,Rendr,Healthcare Services,"New York, New York, United States",2021-05-11,Growth Capital,,,5.3,True,,1,0,https://mergr.com/company/312385,2026-09-03T23:54:45Z
5192,Kain Capital,New York,312389,Essen Health Care,Healthcare Services,"Bronx, New York, United States",2020-11-01,"Buyout (LBO, MBO, MBI)",,,5.8,True,,0,0,https://mergr.com/company/312389,2026-09-03T23:54:45Z
5192,Kain Capital,New York,327140,Excelsior Integrated Medical Group,Healthcare Services,"New York, New York, United States",2020-08-24,Growth Capital,2022-11-28,Spin Off,2.3,False,,0,0,https://mergr.com/company/327140,2026-09-03T23:54:45Z
5192,Kain Capital,New York,327166,MDLand,Internet Software and Services,"Great Neck, New York, United States",2020-08-24,Growth Capital,,,6,True,,0,0,https://mergr.com/company/327166,2026-09-03T23:54:45Z
5192,Kain Capital,New York,280200,Akeso Medical Holdings,Healthcare Services,"Irvine, California, United States",2020-03-25,"Buyout (LBO, MBO, MBI)",,,6.4,True,,8,0,https://mergr.com/company/280200,2026-09-03T23:54:45Z
5192,Kain Capital,New York,239133,King Engineering Associates,Engineering,"Tampa, Florida, United States",2017-05-02,"Buyout (LBO, MBO, MBI)",2020-08-17,Spin Off,3.3,False,,2,0,https://mergr.com/company/239133,2026-09-03T23:54:45Z
5256,Harkness Capital Partners,New York,341526,Premier Fence,Building Materials,"Canton, Massachusetts, United States",2025-09-29,Growth Capital,,,0.9,True,,2,0,https://mergr.com/company/341526,2026-09-03T23:54:45Z
5256,Harkness Capital Partners,New York,323797,Best Roofing,Construction,"Ft. Lauderdale, Florida, United States",2024-04-01,Growth Capital,,,2.4,True,,0,0,https://mergr.com/company/323797,2026-09-03T23:54:45Z
5256,Harkness Capital Partners,New York,305316,Capital Pump & Equipment,Distribution,"Chandler, Arizona, United States",2022-08-31,Growth Capital,,,4,True,,0,0,https://mergr.com/company/305316,2026-09-03T23:54:45Z
5256,Harkness Capital Partners,New York,284523,Homestyle Direct,Food,"Twin Falls, Idaho, United States",2021-04-26,Growth Capital,,,5.3,True,,0,0,https://mergr.com/company/284523,2026-09-03T23:54:45Z
5256,Harkness Capital Partners,New York,259211,Kane Is Able,Transportation,"Scranton, Pennsylvania, United States",2019-03-13,Growth Capital,,,7.4,True,,0,0,https://mergr.com/company/259211,2026-09-03T23:54:45Z
5256,Harkness Capital Partners,New York,296296,Kane Logistics,Transportation,"Scranton, Pennsylvania, United States",2019-03-13,Growth Capital,2022-02-14,Divestiture,2.9,False,235,0,0,https://mergr.com/company/296296,2026-09-03T23:54:45Z
5256,Harkness Capital Partners,New York,242637,SFE,Food,"Scottsdale, Arizona, United States",2017-07-31,Growth Capital,,,9.1,True,,0,0,https://mergr.com/company/242637,2026-09-03T23:54:45Z
5283,Victor Capital Partners,New York,249887,Quikserv,Building Materials,"Houston, Texas, United States",2026-02-24,Secondary Buyout,,,0.5,True,,0,0,https://mergr.com/company/249887,2026-09-03T23:54:45Z
5283,Victor Capital Partners,New York,293327,BOF,Manufacturing,"Aurora, Illinois, United States",2025-02-04,Secondary Buyout,,,1.6,True,,0,0,https://mergr.com/company/293327,2026-09-03T23:54:45Z
5283,Victor Capital Partners,New York,333129,Owl Outdoor,Automotive,"Mesa, Arizona, United States",2025-01-21,Growth Capital,,,1.6,True,,0,0,https://mergr.com/company/333129,2026-09-03T23:54:45Z
5283,Victor Capital Partners,New York,320685,Coats,Automotive,"LaVergne, Tennessee, United States",2024-01-09,Divestiture,,,2.6,True,,0,0,https://mergr.com/company/320685,2026-09-03T23:54:45Z
5283,Victor Capital Partners,New York,285008,Slipnot,Manufacturing,"Detroit, Michigan, United States",2021-01-06,Growth Capital,,,5.6,True,,1,0,https://mergr.com/company/285008,2026-09-03T23:54:45Z
5283,Victor Capital Partners,New York,264906,Rizzo Group,Business Services,"New York, New York, United States",2019-10-08,Growth Capital,,,6.8,True,,0,0,https://mergr.com/company/264906,2026-09-03T23:54:45Z
5283,Victor Capital Partners,New York,265103,CodeGreen Solutions,Business Services,"New York, New York, United States",2019-10-08,Growth Capital,2024-07-19,Divestiture,4.8,False,,0,0,https://mergr.com/company/265103,2026-09-03T23:54:45Z
5283,Victor Capital Partners,New York,13698,Adventure Ready Brands,Consumer Products,"Littleton, New Hampshire, United States",2019-02-01,Recapitalization,,,7.6,True,,3,0,https://mergr.com/company/13698,2026-09-03T23:54:45Z
5283,Victor Capital Partners,New York,244178,PrimaLoft,Apparel/Textiles,"Latham, New York, United States",2017-10-10,Recapitalization,2022-06-06,Trade Sale - Public Company,4.6,False,,0,0,https://mergr.com/company/244178,2026-09-03T23:54:45Z
5284,The Firmament Group,New York,344416,Early Bird Education Group,Education,United States,2025-03-05,Recapitalization,,,1.4,True,,0,0,https://mergr.com/company/344416,2026-09-03T23:54:45Z
5284,The Firmament Group,New York,327611,AAG,Manufacturing,"Michigan, United States",2024-07-31,Acquisition Financing,,,2.1,True,,1,0,https://mergr.com/company/327611,2026-09-03T23:54:45Z
5284,The Firmament Group,New York,303331,Whitecap Waste,Environmental,"Beckley, West Virginia, United States",2024-05-14,Recapitalization,,,2.3,True,,0,0,https://mergr.com/company/303331,2026-09-03T23:54:45Z
5284,The Firmament Group,New York,344368,Matador Gas,Oil/Gas Exploration,"Russellville, Arkansas, United States",2023-10-18,Growth Capital,,,2.8,True,,0,0,https://mergr.com/company/344368,2026-09-03T23:54:45Z
5284,The Firmament Group,New York,315220,LightRidge Solutions,Technology Hardware,"Tucson, Arizona, United States",2023-10-05,Growth Capital,,,2.8,True,,0,0,https://mergr.com/company/315220,2026-09-03T23:54:45Z
5284,The Firmament Group,New York,317628,Prime Providers,Healthcare Services,"Culver City, California, United States",2023-10-03,Acquisition Financing,,,2.9,True,,1,0,https://mergr.com/company/317628,2026-09-03T23:54:45Z
5284,The Firmament Group,New York,224096,Scanco,Software,"Nokomis, Florida, United States",2023-06-06,"Buyout (LBO, MBO, MBI)",,,3.2,True,,1,0,https://mergr.com/company/224096,2026-09-03T23:54:45Z
5284,The Firmament Group,New York,235525,"Panacea Healthcare Solutions, Inc.",Information Technology,"Saint Paul, Minnesota, United States",2022-08-23,Growth Capital,,,4,True,,1,0,https://mergr.com/company/235525,2026-09-03T23:54:45Z
5284,The Firmament Group,New York,232252,Nascent Technology,Software,"Charlotte, North Carolina, United States",2022-02-02,"Buyout (LBO, MBO, MBI)",2026-07-07,Bankruptcy,4.4,False,,0,0,https://mergr.com/company/232252,2026-09-03T23:54:45Z
5284,The Firmament Group,New York,291789,KinderSystems,Software,"Escondido, California, United States",2021-10-26,Growth Capital,,,4.8,True,,1,0,https://mergr.com/company/291789,2026-09-03T23:54:45Z
5284,The Firmament Group,New York,121433,Nurses PRN,Staffing,"Appleton, Wisconsin, United States",2021-10-26,"Buyout (LBO, MBO, MBI)",,,4.8,True,,1,0,https://mergr.com/company/121433,2026-09-03T23:54:45Z
5284,The Firmament Group,New York,297157,BP Environmental Services,Environmental,"Chalfont, Pennsylvania, United States",2021-07-16,Recapitalization,,,5.1,True,,1,0,https://mergr.com/company/297157,2026-09-03T23:54:45Z
5284,The Firmament Group,New York,344379,CyberPoint,Information Technology,"Columbia, Maryland, United States",2021-06-22,Growth Capital,,,5.2,True,,0,0,https://mergr.com/company/344379,2026-09-03T23:54:45Z
5284,The Firmament Group,New York,278968,Polyethylene Containers (PCI),Packaging,"El Dorado, Arkansas, United States",2021-06-21,Growth Capital,,,5.2,True,,0,0,https://mergr.com/company/278968,2026-09-03T23:54:45Z
5284,The Firmament Group,New York,284040,GPS Dental,Business Services,"Jonesboro, Arkansas, United States",2021-01-19,Growth Capital,,,5.6,True,,3,0,https://mergr.com/company/284040,2026-09-03T23:54:45Z
5284,The Firmament Group,New York,278721,Angstrom Technology,Business Services,"Grand Rapids, Michigan, United States",2020-11-30,"Buyout (LBO, MBO, MBI)",,,5.8,True,,4,0,https://mergr.com/company/278721,2026-09-03T23:54:45Z
5284,The Firmament Group,New York,276903,Envase,Internet Software and Services,"Dover, New Hampshire, United States",2020-05-27,Growth Capital,2023-01-24,Divestiture,2.6,False,,5,0,https://mergr.com/company/276903,2026-09-03T23:54:45Z
5284,The Firmament Group,New York,272562,Citrus Extracts,Food,"Fort Pierce, Florida, United States",2020-05-19,Growth Capital,,,6.3,True,,0,0,https://mergr.com/company/272562,2026-09-03T23:54:45Z
5284,The Firmament Group,New York,270500,Total Seal,Automotive,"Phoenix, Arizona, United States",2019-06-18,Growth Capital,,,7.2,True,,0,0,https://mergr.com/company/270500,2026-09-03T23:54:45Z
5284,The Firmament Group,New York,253520,Alloy Group,Environmental,"Pittsburgh, Pennsylvania, United States",2019-06-11,Growth Capital,,,7.2,True,,1,0,https://mergr.com/company/253520,2026-09-03T23:54:45Z
5284,The Firmament Group,New York,260942,Fortbrand Services,Business Services,"Plainview, New York, United States",2019-04-09,Recapitalization,2023-09-14,Trade Sale - Public Company,4.4,False,,0,0,https://mergr.com/company/260942,2026-09-03T23:54:45Z
5284,The Firmament Group,New York,256420,Global Bakeries,Food,"Pacoima, California, United States",2018-11-27,Growth Capital,,,7.8,True,,2,0,https://mergr.com/company/256420,2026-09-03T23:54:45Z
5284,The Firmament Group,New York,273100,Condata,Business Services,"Oak Brook, Illinois, United States",2018-10-10,"Buyout (LBO, MBO, MBI)",2024-07-23,Trade Sale - Public Company,5.8,False,,1,0,https://mergr.com/company/273100,2026-09-03T23:54:45Z
5284,The Firmament Group,New York,244184,Destination Pet,Consumer Services,"Irving, Texas, United States",2017-10-10,Growth Capital,2019-10-28,Trade Sale - Public Company,2,False,,0,0,https://mergr.com/company/244184,2026-09-03T23:54:45Z
5284,The Firmament Group,New York,241391,Rock Dental Brands,Healthcare Services,"Little Rock, Arkansas, United States",2017-07-06,Growth Capital,,,9.1,True,,0,0,https://mergr.com/company/241391,2026-09-03T23:54:45Z
5284,The Firmament Group,New York,247553,Logistyx,Transportation,"Rolling Meadows, Illinois, United States",2017-05-24,Consolidation,2022-03-03,Divestiture,4.8,False,,3,0,https://mergr.com/company/247553,2026-09-03T23:54:45Z
5284,The Firmament Group,New York,190807,The Legacy Companies,Machinery,"Weston, Florida, United States",2016-07-13,Recapitalization,,,10.1,True,,7,0,https://mergr.com/company/190807,2026-09-03T23:54:45Z
5284,The Firmament Group,New York,218465,Caligor Coghlan,Distribution,"Bastrop, Texas, United States",2016-04-08,"Buyout (LBO, MBO, MBI)",,,10.3,True,,1,0,https://mergr.com/company/218465,2026-09-03T23:54:45Z
5284,The Firmament Group,New York,168009,Denali,Environmental,"Russellville, Arkansas, United States",2014-10-31,Secondary Buyout,2020-01-23,Trade Sale - Public Company,5.2,False,,1,0,https://mergr.com/company/168009,2026-09-03T23:54:45Z
5292,BlackBern Partners LLC,New York,30419,Zentech,Manufacturing,"Baltimore, Maryland, United States",2019-05-13,Secondary Buyout,,,7.3,True,,1,0,https://mergr.com/company/30419,2026-09-03T23:54:45Z
5292,BlackBern Partners LLC,New York,244738,Westfall Technik,Plastics,"Tempe, Arizona, United States",2017-10-23,Growth Capital,,,8.8,True,,6,0,https://mergr.com/company/244738,2026-09-03T23:54:45Z
5311,MFG Partners,New York,309147,CST Utilities,Utilities,"Grove city, Ohio, United States",2022-11-17,Growth Capital,,,3.8,True,,2,0,https://mergr.com/company/309147,2026-09-03T23:54:45Z
5311,MFG Partners,New York,335942,AZ Wire & Cable,Distribution,"Northbrook, Illinois, United States",2022-11-15,Stake Purchase,2025-12-16,Divestiture,3.1,False,,1,0,https://mergr.com/company/335942,2026-09-03T23:54:45Z
5311,MFG Partners,New York,290771,Mellott,Business Services,"Warfordsburg, Pennsylvania, United States",2021-09-27,"Buyout (LBO, MBO, MBI)",,,4.9,True,,0,0,https://mergr.com/company/290771,2026-09-03T23:54:45Z
5311,MFG Partners,New York,278940,Storage Solutions,Real Estate,"Westfield, Indiana, United States",2020-12-03,"Buyout (LBO, MBO, MBI)",2023-01-25,Divestiture,2.1,False,,0,0,https://mergr.com/company/278940,2026-09-03T23:54:45Z
5311,MFG Partners,New York,281080,Elgen,Manufacturing,"Closter, New Jersey, United States",2019-06-01,"Buyout (LBO, MBO, MBI)",2025-06-19,Divestiture,6,False,,0,0,https://mergr.com/company/281080,2026-09-03T23:54:45Z
5311,MFG Partners,New York,213969,LCR Contractors,Construction,"Hutto, Texas, United States",2019-03-15,Recapitalization,2021-01-20,Divestiture,1.8,False,58,0,0,https://mergr.com/company/213969,2026-09-03T23:54:45Z
5311,MFG Partners,New York,4046,Mail Communications Group,Business Services,"Des Moines, Iowa, United States",2017-08-31,Secondary Buyout,,,9,True,,0,0,https://mergr.com/company/4046,2026-09-03T23:54:45Z
5316,Vanterra Capital,New York,279281,Naadam,Apparel/Textiles,"New York City, New York, United States",2018-07-17,Venture,,,8.1,True,,0,0,https://mergr.com/company/279281,2026-09-03T23:54:45Z
5316,Vanterra Capital,New York,246467,BIOHM Health,Life Science,"Cleveland, Ohio, United States",2017-12-19,Growth Capital,,,8.7,True,,0,0,https://mergr.com/company/246467,2026-09-03T23:54:45Z
5322,Aeterna Capital Partners,New York,121433,Nurses PRN,Staffing,"Appleton, Wisconsin, United States",2021-10-26,"Buyout (LBO, MBO, MBI)",,,4.8,True,,1,0,https://mergr.com/company/121433,2026-09-03T23:54:45Z
5322,Aeterna Capital Partners,New York,207487,LendingPoint,Financial Services,"Kennesaw, Georgia, United States",2015-10-14,Growth Capital,,,10.8,True,,1,0,https://mergr.com/company/207487,2026-09-03T23:54:45Z
5322,Aeterna Capital Partners,New York,237128,Kitchen Art,Business Services,"Coral Springs, Florida, United States",2015-02-18,"Buyout (LBO, MBO, MBI)",2019-03-12,Divestiture,4,False,,1,0,https://mergr.com/company/237128,2026-09-03T23:54:45Z
5331,Backcast Partners,New York,350954,Sisu,Machinery,"Tulsa, Oklahoma, United States",2026-03-12,Growth Capital,,,0.4,True,,0,0,https://mergr.com/company/350954,2026-09-03T23:54:45Z
5331,Backcast Partners,New York,255895,Dominion Packaging,Packaging,"Sandston, Virginia, United States",2025-05-01,Growth Capital,,,1.3,True,,0,0,https://mergr.com/company/255895,2026-09-03T23:54:45Z
5331,Backcast Partners,New York,335801,Capezio,Apparel/Textiles,"Totowa, New Jersey, United States",2025-04-21,"Buyout (LBO, MBO, MBI)",,,1.3,True,,0,0,https://mergr.com/company/335801,2026-09-03T23:54:45Z
5331,Backcast Partners,New York,344094,World Water Works,Environmental,"Oklahoma city, Oklahoma, United States",2024-12-04,Growth Capital,,,1.8,True,,0,0,https://mergr.com/company/344094,2026-09-03T23:54:45Z
5331,Backcast Partners,New York,352887,Nighthawk Solutions,Energy Services and Equipment,"Midland, Texas, United States",2024-11-05,"Buyout (LBO, MBO, MBI)",,,1.8,True,,0,0,https://mergr.com/company/352887,2026-09-03T23:54:45Z
5331,Backcast Partners,New York,27311,The Alaska Club,Consumer Services,"Anchorage, Alaska, United States",2024-10-29,Recapitalization,,,1.8,True,,0,0,https://mergr.com/company/27311,2026-09-03T23:54:45Z
5331,Backcast Partners,New York,310512,USG Water Solutions,Utilities,"Atlanta, Georgia, United States",2023-02-27,Divestiture,2025-06-18,Merger,2.3,False,,0,0,https://mergr.com/company/310512,2026-09-03T23:54:45Z
5331,Backcast Partners,New York,326439,Guardian Fleet Services,Transportation,"West Palm Beach, Florida, United States",2023-02-21,Growth Capital,,,3.5,True,,2,0,https://mergr.com/company/326439,2026-09-03T23:54:45Z
5331,Backcast Partners,New York,287688,Daniel Measurement & Control,Test/Measurement Equipment,"Tomball, Texas, United States",2021-07-12,Divestiture,,,5.1,True,,0,0,https://mergr.com/company/287688,2026-09-03T23:54:45Z
5331,Backcast Partners,New York,274785,Infinity Engineered Products,Automotive,"Fairlawn, Ohio, United States",2020-08-04,Divestiture,,,6.1,True,,1,0,https://mergr.com/company/274785,2026-09-03T23:54:45Z
5331,Backcast Partners,New York,303601,Lab Crafters,Furniture,"Ronkonkoma, New York, United States",2020-03-03,"Buyout (LBO, MBO, MBI)",,,6.5,True,,0,0,https://mergr.com/company/303601,2026-09-03T23:54:45Z
5331,Backcast Partners,New York,199260,Memorial MRI and Diagnostic,Healthcare Services,"Houston, Texas, United States",2019-10-03,Secondary Buyout,,,6.9,True,,1,0,https://mergr.com/company/199260,2026-09-03T23:54:45Z
5331,Backcast Partners,New York,14631,Jackson Hewitt,Business Services,"Sarasota, Florida, United States",2018-05-31,Secondary Buyout,,,8.3,True,,0,0,https://mergr.com/company/14631,2026-09-03T23:54:45Z
5331,Backcast Partners,New York,247688,Spectra Services,Business Services,"Ontario, New York, United States",2018-01-18,Secondary Buyout,,,8.6,True,,0,0,https://mergr.com/company/247688,2026-09-03T23:54:45Z
5331,Backcast Partners,New York,260378,Arcticom Group,Business Services,"Walnut Creek, California, United States",2017-12-01,"Buyout (LBO, MBO, MBI)",2021-12-01,Trade Sale - Public Company,4,False,,7,0,https://mergr.com/company/260378,2026-09-03T23:54:45Z
5331,Backcast Partners,New York,16221,M&R Companies,Machinery,"Roselle, Illinois, United States",2015-10-22,Recapitalization,,,10.8,True,,0,0,https://mergr.com/company/16221,2026-09-03T23:54:45Z
5331,Backcast Partners,New York,175962,Renegade,Energy Services and Equipment,"Fort Worth, Texas, United States",2014-04-28,Recapitalization,,,12.3,True,,0,0,https://mergr.com/company/175962,2026-09-03T23:54:45Z
5331,Backcast Partners,New York,81437,Venturi Restoration,Construction,"Schaumburg, Illinois, United States",2012-01-01,"Buyout (LBO, MBO, MBI)",2016-03-22,Trade Sale - Public Company,4.2,False,,0,0,https://mergr.com/company/81437,2026-09-03T23:54:45Z
5332,Star Mountain Capital,New York,333312,Already Autism Health,Consumer Services,"Asheville, North Carolina, United States",2025-01-23,Growth Capital,,,1.6,True,,2,0,https://mergr.com/company/333312,2026-09-03T23:54:45Z
5332,Star Mountain Capital,New York,320061,Integrated Pain Associates,Healthcare Services,"Killeen, Texas, United States",2023-01-10,Growth Capital,,,3.6,True,,1,0,https://mergr.com/company/320061,2026-09-03T23:54:45Z
5332,Star Mountain Capital,New York,252678,Radius Global Market Research,Marketing,"New York, New York, United States",2022-02-22,Recapitalization,,,4.5,True,,3,0,https://mergr.com/company/252678,2026-09-03T23:54:45Z
5332,Star Mountain Capital,New York,213694,RevContent,Marketing,"Sarasota, Florida, United States",2021-06-02,"Buyout (LBO, MBO, MBI)",,,5.3,True,,0,0,https://mergr.com/company/213694,2026-09-03T23:54:45Z
5332,Star Mountain Capital,New York,247688,Spectra Services,Business Services,"Ontario, New York, United States",2018-01-18,Secondary Buyout,,,8.6,True,,0,0,https://mergr.com/company/247688,2026-09-03T23:54:45Z
5338,Radian Capital,New York,345219,Dealerware,Software,"Austin, Texas, United States",2026-01-13,"Buyout (LBO, MBO, MBI)",,,0.6,True,,0,0,https://mergr.com/company/345219,2026-09-03T23:54:45Z
5338,Radian Capital,New York,310573,GreyNoise,Information Technology,"Washington, District of Columbia, United States",2022-06-15,Venture,,,4.2,True,,0,0,https://mergr.com/company/310573,2026-09-03T23:54:45Z
5338,Radian Capital,New York,310564,Documo,Internet Software and Services," Wilmington, Delaware, United States",2022-02-14,Venture,,,4.5,True,,0,0,https://mergr.com/company/310564,2026-09-03T23:54:45Z
5338,Radian Capital,New York,310571,Evina,Information Technology,"Versailles, France",2021-11-18,Venture,,,4.8,True,,0,0,https://mergr.com/company/310571,2026-09-03T23:54:45Z
5338,Radian Capital,New York,310562,Browzwear,Software,"New York, New York, United States",2021-08-17,Growth Capital,,,5,True,,0,0,https://mergr.com/company/310562,2026-09-03T23:54:45Z
5338,Radian Capital,New York,275464,Tulip,Internet Software and Services,"Kitchener, Ontario, Canada",2021-06-24,Venture,,,5.2,True,,2,0,https://mergr.com/company/275464,2026-09-03T23:54:45Z
5338,Radian Capital,New York,291741,Momentus Technologies,Software,"O’Fallon, Missouri, United States",2021-04-01,"Buyout (LBO, MBO, MBI)",,,5.4,True,,1,0,https://mergr.com/company/291741,2026-09-03T23:54:45Z
5338,Radian Capital,New York,310558,Boast,Software,"Vancouver, British Columbia, Canada",2020-12-10,Venture,,,5.7,True,,0,0,https://mergr.com/company/310558,2026-09-03T23:54:45Z
5338,Radian Capital,New York,310583,Niche.com,Internet Software and Services,"Pittsburgh, Pennsylvania, United States",2020-04-29,Venture,,,6.3,True,,1,0,https://mergr.com/company/310583,2026-09-03T23:54:45Z
5338,Radian Capital,New York,297878,Mural,Software,"San Francisco, California, United States",2020-01-27,Venture,,,6.6,True,,1,0,https://mergr.com/company/297878,2026-09-03T23:54:45Z
5338,Radian Capital,New York,310600,VPL,Internet Software and Services,"Westerville, Ohio, United States",2019-02-06,Growth Capital,,,7.5,True,,0,0,https://mergr.com/company/310600,2026-09-03T23:54:45Z
5338,Radian Capital,New York,310568,Orchestra Software,Internet Software and Services,"Portland, Oregon, United States",2019-01-15,Growth Capital,2020-10-16,Spin Off,1.8,False,,0,0,https://mergr.com/company/310568,2026-09-03T23:54:45Z
5338,Radian Capital,New York,310560,BriteCore,Internet Software and Services,"Redwood City, California, United States",2018-05-09,Growth Capital,,,8.3,True,,0,0,https://mergr.com/company/310560,2026-09-03T23:54:45Z
5338,Radian Capital,New York,249088,TCGplayer,Internet Software and Services,"Syracuse, New York, United States",2018-02-27,Growth Capital,2022-08-22,Divestiture,4.4,False,,2,0,https://mergr.com/company/249088,2026-09-03T23:54:45Z
5338,Radian Capital,New York,248292,"Blueday, Inc.",Software,"Boston, Massachusetts, United States",2018-01-30,Growth Capital,2020-08-20,Divestiture,2.5,False,,0,0,https://mergr.com/company/248292,2026-09-03T23:54:45Z
5338,Radian Capital,New York,248295,Emailage,Information Technology,"Chandler, Arizona, United States",2017-08-23,Growth Capital,2020-02-03,Divestiture,2.4,False,,0,0,https://mergr.com/company/248295,2026-09-03T23:54:45Z
5441,Motive Partners,New York,260501,Mobius Life,Insurance,"London, United Kingdom",2026-06-11,Secondary Buyout,,,0.2,True,,0,0,https://mergr.com/company/260501,2026-09-03T23:54:45Z
5441,Motive Partners,New York,342136,Electric Mind,Business Services,"Toronto, Ontario, Canada",2025-10-28,Growth Capital,,,0.8,True,,0,0,https://mergr.com/company/342136,2026-09-03T23:54:45Z
5441,Motive Partners,New York,319766,Splitit Payments,Information Technology,"Atlanta, Georgia, United States",2023-12-12,Going Private,,,2.7,True,7,0,0,https://mergr.com/company/319766,2026-09-03T23:54:45Z
5441,Motive Partners,New York,269161,With Intelligence,Information Services,"London, United Kingdom",2023-07-20,Secondary Buyout,2025-10-15,Divestiture,2.2,False,,1,0,https://mergr.com/company/269161,2026-09-03T23:54:45Z
5441,Motive Partners,New York,262654,Accordion Partners,Financial Services,"New York, New York, United States",2022-09-08,Secondary Buyout,,,3.9,True,,5,0,https://mergr.com/company/262654,2026-09-03T23:54:45Z
5441,Motive Partners,New York,297660,BetaNXT,Business Services,"New York, New York, United States",2022-03-21,Divestiture,,,4.4,True,,2,0,https://mergr.com/company/297660,2026-09-03T23:54:45Z
5441,Motive Partners,New York,322574,Trumid,Financial Services,"New York, New York, United States",2021-10-12,Growth Capital,,,4.8,True,,0,0,https://mergr.com/company/322574,2026-09-03T23:54:45Z
5441,Motive Partners,New York,206803,InvestCloud,Internet Software and Services,"West Hollywood, California, United States",2021-02-02,Secondary Buyout,,,5.6,True,,3,0,https://mergr.com/company/206803,2026-09-03T23:54:45Z
5441,Motive Partners,New York,276899,Wilshire Associates,Financial Services,"Santa Monica, California, United States",2020-10-02,"Buyout (LBO, MBO, MBI)",,,5.9,True,,0,1,https://mergr.com/company/276899,2026-09-03T23:54:45Z
5441,Motive Partners,New York,266996,Tegra118,Information Technology,"Brookfield, Wisconsin, United States",2019-12-05,Divestiture,2021-02-02,Spin Off,1.1,False,,1,0,https://mergr.com/company/266996,2026-09-03T23:54:45Z
5441,Motive Partners,New York,249459,Finantix,Software,"Luxembourg, Luxembourg",2018-12-11,"Buyout (LBO, MBO, MBI)",2021-02-02,Spin Off,2.1,False,,1,0,https://mergr.com/company/249459,2026-09-03T23:54:45Z
5441,Motive Partners,New York,255847,Lucht Probst Associates GmbH,Software,"Frankfurt am Main, Germany",2018-11-12,"Buyout (LBO, MBO, MBI)",2019-12-16,Divestiture,1.1,False,,0,0,https://mergr.com/company/255847,2026-09-03T23:54:45Z
5441,Motive Partners,New York,252965,Global Shares,Information Technology,"Cork, Ireland",2018-07-31,Stake Purchase,2022-03-15,Sold to Management,3.6,False,,0,0,https://mergr.com/company/252965,2026-09-03T23:54:45Z
5441,Motive Partners,New York,253548,Lmrkts,Financial Services,"New York, New York, United States",2017-01-18,Growth Capital,2021-08-04,Divestiture,4.5,False,,0,0,https://mergr.com/company/253548,2026-09-03T23:54:45Z
5451,CC Capital,New York,273540,ManhattanLife,Insurance,"Houston, Texas, United States",2025-02-05,"Buyout (LBO, MBO, MBI)",,,1.5,True,,1,0,https://mergr.com/company/273540,2026-09-03T23:54:45Z
5451,CC Capital,New York,17334,Getty Images,Digital Media,"Seattle, Washington, United States",2022-07-22,PIPE,,,4.1,True,981,2,0,https://mergr.com/company/17334,2026-09-03T23:54:45Z
5451,CC Capital,New York,180113,E2open,Internet Software and Services,"Austin, Texas, United States",2021-02-05,PIPE,,,5.5,True,608,2,0,https://mergr.com/company/180113,2026-09-03T23:54:45Z
5451,CC Capital,New York,276899,Wilshire Associates,Financial Services,"Santa Monica, California, United States",2020-10-02,"Buyout (LBO, MBO, MBI)",,,5.9,True,,0,1,https://mergr.com/company/276899,2026-09-03T23:54:45Z
5451,CC Capital,New York,224064,Utz Brands,Food,"Hanover, Pennsylvania, United States",2020-08-28,PIPE,,,6,True,1439,6,1,https://mergr.com/company/224064,2026-09-03T23:54:45Z
5451,CC Capital,New York,54970,Dun & Bradstreet,Information Services,"Jacksonville, Florida, United States",2018-08-08,Going Private,2020-06-24,IPO,1.8,False,2382,2,0,https://mergr.com/company/54970,2026-09-03T23:54:45Z
5466,Tygon Peak Capital,New York,336370,Doctors of Internal Medicine,Healthcare Services,"Plano, Texas, United States",2023-12-05,"Buyout (LBO, MBO, MBI)",,,2.7,True,,1,0,https://mergr.com/company/336370,2026-09-03T23:54:45Z
5466,Tygon Peak Capital,New York,301973,Arrow Home Health,Healthcare Services,"Texas, United States",2021-03-01,Consolidation,,,5.5,True,,0,0,https://mergr.com/company/301973,2026-09-03T23:54:45Z
5466,Tygon Peak Capital,New York,259156,VoiceComm,Business Services,"Pennsauken, New Jersey, United States",2018-09-06,Growth Capital,,,7.9,True,,1,0,https://mergr.com/company/259156,2026-09-03T23:54:45Z
5466,Tygon Peak Capital,New York,336369,Healthco,Healthcare Services,United States,2017-10-01,"Buyout (LBO, MBO, MBI)",,,8.9,True,,0,0,https://mergr.com/company/336369,2026-09-03T23:54:45Z
5484,Bruin Capital,New York,349499,Legion Sports Management,Business Services,"White Plains, New York, United States",2024-08-01,"Buyout (LBO, MBO, MBI)",,,2.1,True,,0,0,https://mergr.com/company/349499,2026-09-03T23:54:45Z
5484,Bruin Capital,New York,328721,SGL,Business Services,"Waddinxveen, Netherlands",2024-04-29,"Buyout (LBO, MBO, MBI)",,,2.3,True,,0,0,https://mergr.com/company/328721,2026-09-03T23:54:45Z
5484,Bruin Capital,New York,320991,Box To Box Films,Media,"London, United Kingdom",2024-01-16,Growth Capital,,,2.6,True,,0,0,https://mergr.com/company/320991,2026-09-03T23:54:45Z
5484,Bruin Capital,New York,313414,Proof of the Pudding,Business Services,"Atlanta, Georgia, United States",2023-05-15,"Buyout (LBO, MBO, MBI)",,,3.3,True,,1,0,https://mergr.com/company/313414,2026-09-03T23:54:45Z
5484,Bruin Capital,New York,239364,Full Swing,Leisure,"Carlsbad, California, United States",2021-07-26,Secondary Buyout,2026-07-06,Divestiture,4.9,False,,0,0,https://mergr.com/company/239364,2026-09-03T23:54:45Z
5484,Bruin Capital,New York,328711,FairPlay Sports Media,Media,"London, United Kingdom",2021-07-12,Divestiture,,,5.1,True,,0,0,https://mergr.com/company/328711,2026-09-03T23:54:45Z
5484,Bruin Capital,New York,304774,TGI Sport,Media,"Sydney, Australia",2021-03-23,Stake Purchase,,,5.4,True,,3,0,https://mergr.com/company/304774,2026-09-03T23:54:45Z
5484,Bruin Capital,New York,236664,Two Circles,Marketing,"London, United Kingdom",2019-12-16,Divestiture,2024-01-10,Trade Sale - Public Company,4,False,,1,0,https://mergr.com/company/236664,2026-09-03T23:54:45Z
5484,Bruin Capital,New York,254605,Soulsight,Marketing,"Chicago, Illinois, United States",2018-10-01,"Buyout (LBO, MBO, MBI)",,,7.9,True,,0,0,https://mergr.com/company/254605,2026-09-03T23:54:45Z
5484,Bruin Capital,New York,281029,OverTier,Information Services,"London, United Kingdom",2017-01-01,Joint Venture,,,9.7,True,,0,0,https://mergr.com/company/281029,2026-09-03T23:54:45Z
5484,Bruin Capital,New York,118853,Deltatre,Media,"Torino, Italy",2016-06-30,"Buyout (LBO, MBO, MBI)",2022-06-23,Trade Sale - Public Company,5.9,False,,1,0,https://mergr.com/company/118853,2026-09-03T23:54:45Z
5484,Bruin Capital,New York,209861,Engine Shop,Marketing,"New York, New York, United States",2015-11-09,"Buyout (LBO, MBO, MBI)",,,10.8,True,,3,0,https://mergr.com/company/209861,2026-09-03T23:54:45Z
5484,Bruin Capital,New York,185434,On Location,Media,"New York, New York, United States",2015-03-30,Divestiture,2020-01-02,Divestiture,4.8,False,,5,0,https://mergr.com/company/185434,2026-09-03T23:54:45Z
5497,Eden Capital,New York,325808,Intelvio,Education,"Lindon, Utah, United States",2023-10-25,"Buyout (LBO, MBO, MBI)",,,2.8,True,,3,0,https://mergr.com/company/325808,2026-09-03T23:54:45Z
5497,Eden Capital,New York,325806,Wall Street Prep,Education,"Newton, Massachusetts, United States",2021-09-08,Growth Capital,2025-02-11,Trade Sale - Public Company,3.4,False,,0,0,https://mergr.com/company/325806,2026-09-03T23:54:45Z
5497,Eden Capital,New York,300920,Edcetera,Education,"Waukesha, Wisconsin, United States",2019-12-17,"Buyout (LBO, MBO, MBI)",,,6.7,True,,5,0,https://mergr.com/company/300920,2026-09-03T23:54:45Z
5497,Eden Capital,New York,273454,White Cup,Software,"Boise, Idaho, United States",2018-06-20,"Buyout (LBO, MBO, MBI)",,,8.2,True,,3,0,https://mergr.com/company/273454,2026-09-03T23:54:45Z
5521,Durational Capital Management,New York,269042,Casper Sleep,Consumer Products,"New York City, New York, United States",2021-11-15,Going Private,,,4.8,True,497,0,1,https://mergr.com/company/269042,2026-09-03T23:54:45Z
5521,Durational Capital Management,New York,28020,Bojangles,Restaurants,"Charlotte, North Carolina, United States",2018-11-06,Going Private,,,7.8,True,488,0,0,https://mergr.com/company/28020,2026-09-03T23:54:45Z
5545,Sagewind Capital,New York,331065,Aechelon Technology,Internet Software and Services,"San Francisco, California, United States",2024-11-25,"Buyout (LBO, MBO, MBI)",2026-03-26,Divestiture,1.3,False,,1,0,https://mergr.com/company/331065,2026-09-03T23:54:45Z
5545,Sagewind Capital,New York,330402,Sabel Systems,Information Technology,"Beavercreek, Ohio, United States",2024-11-06,"Buyout (LBO, MBO, MBI)",,,1.8,True,,0,0,https://mergr.com/company/330402,2026-09-03T23:54:45Z
5545,Sagewind Capital,New York,290415,Tria Federal,Business Services,"Arlington, Virginia, United States",2021-09-15,Growth Capital,,,4.9,True,,3,0,https://mergr.com/company/290415,2026-09-03T23:54:45Z
5545,Sagewind Capital,New York,280183,Sigma Defense,Information Technology,"Perry, Georgia, United States",2021-01-06,Growth Capital,,,5.6,True,,5,0,https://mergr.com/company/280183,2026-09-03T23:54:45Z
5545,Sagewind Capital,New York,274025,Axient,Defense,"Huntsville, Alabama, United States",2020-07-08,Growth Capital,2024-07-24,Divestiture,4,False,,2,0,https://mergr.com/company/274025,2026-09-03T23:54:45Z
5545,Sagewind Capital,New York,256570,Skience,Information Technology,"Herndon, Virginia, United States",2018-12-06,"Buyout (LBO, MBO, MBI)",,,7.7,True,,0,0,https://mergr.com/company/256570,2026-09-03T23:54:45Z
5545,Sagewind Capital,New York,261280,Voyatek,Information Technology,"Columbia, Maryland, United States",2017-11-01,Growth Capital,,,8.8,True,,6,0,https://mergr.com/company/261280,2026-09-03T23:54:45Z
5545,Sagewind Capital,New York,259423,By Light,Information Technology,"McLean, Virginia, United States",2017-05-15,"Buyout (LBO, MBO, MBI)",,,9.3,True,,6,0,https://mergr.com/company/259423,2026-09-03T23:54:45Z
5545,Sagewind Capital,New York,275676,BTS Bioenergy,Renewable Energy,"Annapolis, Maryland, United States",2017-01-01,"Buyout (LBO, MBO, MBI)",,,9.7,True,,1,0,https://mergr.com/company/275676,2026-09-03T23:54:45Z
5545,Sagewind Capital,New York,27520,PBE Group,Electrical Equipment,"Maidenhead, United Kingdom",2014-10-01,Secondary Buyout,,,11.9,True,,0,0,https://mergr.com/company/27520,2026-09-03T23:54:45Z
5549,POP Capital,New York,251558,Gill Marine,Apparel/Textiles,"Nottingham, United Kingdom",2018-12-18,Secondary Buyout,,,7.7,True,18,0,0,https://mergr.com/company/251558,2026-09-03T23:54:45Z
5549,POP Capital,New York,275683,New & Lingwood,Apparel/Textiles,"London, United Kingdom",2015-12-16,"Buyout (LBO, MBO, MBI)",,,10.7,True,,0,0,https://mergr.com/company/275683,2026-09-03T23:54:45Z
5554,Brick Investment Partners,New York,256858,Oil Changers,Automotive,"Pleasanton, California, United States",2018-02-27,"Buyout (LBO, MBO, MBI)",2021-03-08,Trade Sale - Public Company,3,False,,1,0,https://mergr.com/company/256858,2026-09-03T23:54:45Z
5554,Brick Investment Partners,New York,316514,Fehlinger,Distribution,"New York, New York, United States",2015-09-30,"Buyout (LBO, MBO, MBI)",,,10.9,True,,0,0,https://mergr.com/company/316514,2026-09-03T23:54:45Z
5584,GMF Capital,New York,314676,Motorsport Network,Media,"Miami, Florida, United States",2023-06-28,"Buyout (LBO, MBO, MBI)",,,3.2,True,,0,0,https://mergr.com/company/314676,2026-09-03T23:54:45Z
5595,LB Equity,New York,258119,Standard Dose,Consumer Products,"New York, New York, United States",2019-01-31,Growth Capital,,,7.6,True,,0,0,https://mergr.com/company/258119,2026-09-03T23:54:45Z
5609,Chart National,New York,258432,Sequoia,Information Technology,"Herndon, Virginia, United States",2019-02-15,Growth Capital,,,7.5,True,,0,0,https://mergr.com/company/258432,2026-09-03T23:54:45Z
5630,The Witter Family Office,New York,256024,Silvergate,Financial Services,"La Jolla, California, United States",2014-12-01,Growth Capital,,,11.8,True,,0,1,https://mergr.com/company/256024,2026-09-03T23:54:45Z
5666,ITE Management,New York,293541,NACPC,Transportation,"Nashville, Tennessee, United States",2026-07-21,Growth Capital,,,0.1,True,,0,0,https://mergr.com/company/293541,2026-09-03T23:54:45Z
5666,ITE Management,New York,347622,CS Leasing,Transportation,"Singapore, Singapore",2026-04-01,"Buyout (LBO, MBO, MBI)",,,0.4,True,,0,0,https://mergr.com/company/347622,2026-09-03T23:54:45Z
5666,ITE Management,New York,343983,Milestone Equipment - Chassis Leasing Business,Automotive,"St. Charles, Missouri, United States",2025-12-15,Divestiture,,,0.7,True,,0,0,https://mergr.com/company/343983,2026-09-03T23:54:45Z
5666,ITE Management,New York,319761,Trend,Automotive,"Kearny, New Jersey, United States",2023-12-12,"Buyout (LBO, MBO, MBI)",,,2.7,True,,0,0,https://mergr.com/company/319761,2026-09-03T23:54:45Z
5697,VisioCap,New York,271887,Nature's Logic,Food,"Lincoln, Nebraska, United States",2017-03-01,"Buyout (LBO, MBO, MBI)",2021-08-04,Divestiture,4.4,False,,0,0,https://mergr.com/company/271887,2026-09-03T23:54:45Z
5697,VisioCap,New York,271882,BreathableBaby,Consumer Products,"St. Louis Park, Minnesota, United States",2014-08-01,"Buyout (LBO, MBO, MBI)",2024-05-07,Divestiture,9.8,False,,0,0,https://mergr.com/company/271882,2026-09-03T23:54:45Z
5697,VisioCap,New York,4300,PetWise,Consumer Products,"Novato, California, United States",2011-04-29,Secondary Buyout,2021-09-28,Trade Sale - Public Company,10.3,False,,2,0,https://mergr.com/company/4300,2026-09-03T23:54:45Z
5700,Cornerstone Capital Partners,New York,352130,RidgeRock,Building Materials,"Charlotte, North Carolina, United States",2025-10-14,"Buyout (LBO, MBO, MBI)",,,0.8,True,,0,0,https://mergr.com/company/352130,2026-09-03T23:54:45Z
5700,Cornerstone Capital Partners,New York,316359,Riviera Bronze,Building Materials,"Ventura, California, United States",2020-01-01,"Buyout (LBO, MBO, MBI)",,,6.7,True,,0,0,https://mergr.com/company/316359,2026-09-03T23:54:45Z
5700,Cornerstone Capital Partners,New York,272948,Zander Solutions,Construction,"Verona, Wisconsin, United States",2018-01-01,"Buyout (LBO, MBO, MBI)",2026-03-09,Unknown,8.2,False,,0,0,https://mergr.com/company/272948,2026-09-03T23:54:45Z
5700,Cornerstone Capital Partners,New York,212287,Eastern Vault,Building Materials,"Princeton, West Virginia, United States",2015-07-14,"Buyout (LBO, MBO, MBI)",,,11.1,True,,1,0,https://mergr.com/company/212287,2026-09-03T23:54:45Z
5700,Cornerstone Capital Partners,New York,268618,Global IFS,Building Materials,"Kentwood, Michigan, United States",2012-05-02,"Buyout (LBO, MBO, MBI)",,,14.3,True,,0,0,https://mergr.com/company/268618,2026-09-03T23:54:45Z
5728,Hudson Hill Capital,New York,350607,Foundry,Software,"San Francisco, California, United States",2026-01-01,Consolidation,,,0.7,True,,0,0,https://mergr.com/company/350607,2026-09-03T23:54:45Z
5728,Hudson Hill Capital,New York,319517,MarketTime,Information Technology,"Dallas, Texas, United States",2023-12-05,"Buyout (LBO, MBO, MBI)",,,2.7,True,,0,0,https://mergr.com/company/319517,2026-09-03T23:54:45Z
5728,Hudson Hill Capital,New York,316261,Blue.cloud,Information Technology,"Tampa, Florida, United States",2022-03-02,"Buyout (LBO, MBO, MBI)",,,4.5,True,,0,0,https://mergr.com/company/316261,2026-09-03T23:54:45Z
5728,Hudson Hill Capital,New York,289310,VTrips,Real Estate,"Jacksonville, Florida, United States",2021-08-16,Growth Capital,,,5,True,,7,0,https://mergr.com/company/289310,2026-09-03T23:54:45Z
5728,Hudson Hill Capital,New York,278043,InXpress,Transportation,"Rochdale, United Kingdom",2020-11-09,"Buyout (LBO, MBO, MBI)",,,5.8,True,,0,0,https://mergr.com/company/278043,2026-09-03T23:54:45Z
5728,Hudson Hill Capital,New York,316256,Fusion Transport,Transportation,"Rutherford, New Jersey, United States",2019-06-20,Consolidation,,,7.2,True,,2,0,https://mergr.com/company/316256,2026-09-03T23:54:45Z
5731,Blue Road Capital,New York,317128,NatureSweet,Food,"San Antonio, Texas, United States",2023-09-19,"Buyout (LBO, MBO, MBI)",,,2.9,True,,0,0,https://mergr.com/company/317128,2026-09-03T23:54:45Z
5731,Blue Road Capital,New York,316212,Keany Produce and Gourmet,Distribution,"Landover, Maryland, United States",2022-11-01,"Buyout (LBO, MBO, MBI)",,,3.8,True,,0,0,https://mergr.com/company/316212,2026-09-03T23:54:45Z
5731,Blue Road Capital,New York,75437,Sweet Harvest Foods,Food,"Cannon Falls, Minnesota, United States",2021-04-09,Secondary Buyout,,,5.3,True,,1,0,https://mergr.com/company/75437,2026-09-03T23:54:45Z
5731,Blue Road Capital,New York,262488,B&W Quality Growers,Agriculture,"Fellsmere, Florida, United States",2019-07-11,Secondary Buyout,,,7.1,True,,0,0,https://mergr.com/company/262488,2026-09-03T23:54:45Z
5731,Blue Road Capital,New York,316852,Diamond of California,Food,"Stockton, California, United States",2016-11-29,Divestiture,,,9.8,True,,0,0,https://mergr.com/company/316852,2026-09-03T23:54:45Z
5731,Blue Road Capital,New York,316210,Vanguard International,Agriculture,"Issaquah, Washington, United States",2015-08-11,Growth Capital,,,11,True,,0,0,https://mergr.com/company/316210,2026-09-03T23:54:45Z
5739,Providence Group,New York,262729,Webster Electric,Business Services,"Collinsville, Mississippi, United States",2019-07-18,"Buyout (LBO, MBO, MBI)",,,7.1,True,,0,0,https://mergr.com/company/262729,2026-09-03T23:54:45Z
5739,Providence Group,New York,316255,Superior Fabrication,Manufacturing,"Haysi, Virginia, United States",2012-03-01,"Buyout (LBO, MBO, MBI)",,,14.5,True,,0,0,https://mergr.com/company/316255,2026-09-03T23:54:45Z
5763,O3 Industries,New York,105325,Gumtree,Internet Software and Services,"London, United Kingdom",2021-12-01,Divestiture,,,4.8,True,,0,0,https://mergr.com/company/105325,2026-09-03T23:54:45Z
5763,O3 Industries,New York,294219,Motors.co.uk,Internet Software and Services,"Abingdon, United Kingdom",2021-12-01,Divestiture,,,4.8,True,,0,0,https://mergr.com/company/294219,2026-09-03T23:54:45Z
5763,O3 Industries,New York,80793,Solar Seal,Renewable Energy,"South Easton, Massachusetts, United States",2021-04-05,Divestiture,,,5.3,True,,0,0,https://mergr.com/company/80793,2026-09-03T23:54:45Z
5763,O3 Industries,New York,263897,Peer39,Marketing,"New York, New York, United States",2019-08-05,Divestiture,,,7,True,,0,0,https://mergr.com/company/263897,2026-09-03T23:54:45Z
5763,O3 Industries,New York,302935,Antamex Industries,Building Materials,"Concord, Ontario, Canada",2019-01-29,Divestiture,,,7.6,True,,0,0,https://mergr.com/company/302935,2026-09-03T23:54:45Z
5764,Mill Rock Capital,New York,312002,Mill Rock Advanced Materials,Business Services,"New York, New York, United States",2023-04-05,"Buyout (LBO, MBO, MBI)",,,3.3,True,,1,0,https://mergr.com/company/312002,2026-09-03T23:54:45Z
5764,Mill Rock Capital,New York,227974,Tandym Group,Staffing,"New York, New York, United States",2021-04-06,Secondary Buyout,,,5.3,True,,5,0,https://mergr.com/company/227974,2026-09-03T23:54:45Z
5764,Mill Rock Capital,New York,280935,DRT Holdings,Manufacturing,"Dayton, Ohio, United States",2021-01-26,Growth Capital,,,5.6,True,,1,0,https://mergr.com/company/280935,2026-09-03T23:54:45Z
5764,Mill Rock Capital,New York,282024,Mill Rock Packaging Partners,Packaging,"New York, New York, United States",2020-01-01,Consolidation,,,6.7,True,,5,0,https://mergr.com/company/282024,2026-09-03T23:54:45Z
5764,Mill Rock Capital,New York,263898,Venture Metals,Environmental,"Dallas, Texas, United States",2019-08-05,Growth Capital,,,7,True,,2,0,https://mergr.com/company/263898,2026-09-03T23:54:45Z
5764,Mill Rock Capital,New York,258258,Cisco Industrial Services,Machinery,"Odessa, Texas, United States",2019-02-11,Growth Capital,,,7.5,True,,0,0,https://mergr.com/company/258258,2026-09-03T23:54:45Z
5764,Mill Rock Capital,New York,53170,Grammer Logistics,Transportation,"Columbus, Indiana, United States",2018-10-02,Secondary Buyout,,,7.9,True,,3,0,https://mergr.com/company/53170,2026-09-03T23:54:45Z
5777,Ridgewood Infrastructure,New York,278943,Dauntless Air,Safety/Security,"Appleton, Minnesota, United States",2026-06-10,Secondary Buyout,,,0.2,True,,0,0,https://mergr.com/company/278943,2026-09-03T23:54:45Z
5777,Ridgewood Infrastructure,New York,346787,Sierra Railroad,Transportation,"Oakdale, California, United States",2026-03-09,"Buyout (LBO, MBO, MBI)",,,0.4,True,,1,0,https://mergr.com/company/346787,2026-09-03T23:54:45Z
5777,Ridgewood Infrastructure,New York,292477,WRM,Environmental,"Houston, Texas, United States",2024-01-08,"Buyout (LBO, MBO, MBI)",,,2.6,True,,1,0,https://mergr.com/company/292477,2026-09-03T23:54:45Z
5777,Ridgewood Infrastructure,New York,294898,APP Jet Center,Aerospace,"Ft. Pierce, Florida, United States",2022-01-11,"Buyout (LBO, MBO, MBI)",2026-01-27,Trade Sale - Public Company,4,False,,0,0,https://mergr.com/company/294898,2026-09-03T23:54:45Z
5777,Ridgewood Infrastructure,New York,317966,Environmental Infrastructure Partners,Infrastructure,United States,2021-03-15,Joint Venture,,,5.4,True,,0,0,https://mergr.com/company/317966,2026-09-03T23:54:45Z
5777,Ridgewood Infrastructure,New York,317952,Transportation Infrastructure Partners,Transportation,"New York, New York, United States",2020-03-04,Joint Venture,,,6.5,True,,3,0,https://mergr.com/company/317952,2026-09-03T23:54:45Z
5777,Ridgewood Infrastructure,New York,264624,SiEnergy,Utilities,"Bee Cave, Texas, United States",2019-09-30,"Buyout (LBO, MBO, MBI)",2024-11-18,Divestiture,5.1,False,,0,0,https://mergr.com/company/264624,2026-09-03T23:54:45Z
5781,Twin Point Capital,New York,117737,Tessco Technologies,Distribution,"Hunt Valley, Maryland, United States",2023-04-12,Going Private,,,3.3,True,418,0,0,https://mergr.com/company/117737,2026-09-03T23:54:45Z
5781,Twin Point Capital,New York,203817,Alliance,Distribution,"Mississauga, Ontario, Canada",2021-09-13,Secondary Buyout,,,4.9,True,,1,0,https://mergr.com/company/203817,2026-09-03T23:54:45Z
5781,Twin Point Capital,New York,277123,Frontpoint Security,Safety/Security,"Sterling, Virginia, United States",2020-10-09,Growth Capital,,,5.8,True,,0,0,https://mergr.com/company/277123,2026-09-03T23:54:45Z
5781,Twin Point Capital,New York,229961,ECAM,Safety/Security,"Addison, Texas, United States",2019-10-10,Secondary Buyout,2024-10-21,Spin Off,5,False,,2,0,https://mergr.com/company/229961,2026-09-03T23:54:45Z
5784,22C Capital,New York,226222,LMI,Business Services,"Tysons, Virginia, United States",2022-07-12,"Buyout (LBO, MBO, MBI)",,,4.1,True,,0,0,https://mergr.com/company/226222,2026-09-03T23:54:45Z
5784,22C Capital,New York,219012,RapidRatings,Information Services,"New York, New York, United States",2022-02-14,Stake Purchase,,,4.5,True,,0,0,https://mergr.com/company/219012,2026-09-03T23:54:45Z
5784,22C Capital,New York,201288,Inovalon,Information Technology,"Bowie, Maryland, United States",2021-08-19,Going Private,,,5,True,668,1,2,https://mergr.com/company/201288,2026-09-03T23:54:45Z
5784,22C Capital,New York,242372,Accuity Delivery Systems,Information Technology,"Mount Laurel, New Jersey, United States",2020-10-26,Secondary Buyout,,,5.8,True,,0,0,https://mergr.com/company/242372,2026-09-03T23:54:45Z
5784,22C Capital,New York,177956,Definitive Healthcare,Information Services,"Framingham, Massachusetts, United States",2019-06-05,Recapitalization,2021-09-15,IPO,2.3,False,242,1,0,https://mergr.com/company/177956,2026-09-03T23:54:45Z
5793,Exxe Group,New York,276904,M Meditech,Medical Products,"Lucerne, Switzerland",2020-10-05,"Buyout (LBO, MBO, MBI)",,,5.8,True,,0,0,https://mergr.com/company/276904,2026-09-03T23:54:45Z
5793,Exxe Group,New York,265295,DIONI Logistics Agri-Transport Services,Transportation,"Paris, France",2019-09-27,"Buyout (LBO, MBO, MBI)",,,6.9,True,,0,0,https://mergr.com/company/265295,2026-09-03T23:54:45Z
5798,Grays Peak Capital,New York,312226,Spacesaver Interiors,Real Estate,"Kensington, Maryland, United States",2022-11-22,"Buyout (LBO, MBO, MBI)",,,3.8,True,,0,0,https://mergr.com/company/312226,2026-09-03T23:54:45Z
5798,Grays Peak Capital,New York,265448,NurturMe,Food,"Austin, Texas, United States",2019-09-24,"Buyout (LBO, MBO, MBI)",,,6.9,True,,0,0,https://mergr.com/company/265448,2026-09-03T23:54:45Z
5798,Grays Peak Capital,New York,312208,Healthy Mama,Food,"Hillside, New Jersey, United States",2019-05-13,"Buyout (LBO, MBO, MBI)",,,7.3,True,,0,0,https://mergr.com/company/312208,2026-09-03T23:54:45Z
5798,Grays Peak Capital,New York,312217,McMurray Stern,Real Estate,"Santa Fe Springs, California, United States",2018-10-16,"Buyout (LBO, MBO, MBI)",,,7.8,True,,1,0,https://mergr.com/company/312217,2026-09-03T23:54:45Z
5798,Grays Peak Capital,New York,273932,Lemonade,Insurance,"New York, New York, United States",2017-04-20,Venture,2020-07-01,IPO,3.2,False,738,0,0,https://mergr.com/company/273932,2026-09-03T23:54:45Z
5882,Bookend Capital Partners,New York,246542,Luxury Brand Partners,Consumer Products,"Miami, Florida, United States",2020-01-22,Growth Capital,,,6.6,True,,0,0,https://mergr.com/company/246542,2026-09-03T23:54:45Z
5901,Brand Velocity Group,New York,349982,RCX Sports,Media,"Roswell, Georgia, United States",2026-06-04,Secondary Buyout,,,0.3,True,,0,0,https://mergr.com/company/349982,2026-09-03T23:54:45Z
5901,Brand Velocity Group,New York,314422,Jaya Apparel Group,Apparel/Textiles,"Los Angeles, California, United States",2023-06-21,Growth Capital,,,3.2,True,,0,0,https://mergr.com/company/314422,2026-09-03T23:54:45Z
5901,Brand Velocity Group,New York,305319,Score Sports,Consumer Products,"Wilmington, California, United States",2022-09-29,"Buyout (LBO, MBO, MBI)",,,3.9,True,,0,0,https://mergr.com/company/305319,2026-09-03T23:54:45Z
5901,Brand Velocity Group,New York,276752,BBQGuys.com,E-Commerce,"Baton Rouge, Louisiana, United States",2020-09-29,"Buyout (LBO, MBO, MBI)",,,5.9,True,,2,0,https://mergr.com/company/276752,2026-09-03T23:54:45Z
5901,Brand Velocity Group,New York,316570,Blaze Outdoor Products,Consumer Products,"Baton Rouge, Louisiana, United States",2020-09-29,"Buyout (LBO, MBO, MBI)",,,5.9,True,,0,0,https://mergr.com/company/316570,2026-09-03T23:54:45Z
5901,Brand Velocity Group,New York,269580,Magma,Consumer Products,"Irvine, California, United States",2020-02-13,"Buyout (LBO, MBO, MBI)",,,6.5,True,,0,0,https://mergr.com/company/269580,2026-09-03T23:54:45Z
5901,Brand Velocity Group,New York,243899,Original Footwear Co.,Apparel/Textiles,"Morristown, Tennessee, United States",2020-01-20,"Buyout (LBO, MBO, MBI)",,,6.6,True,,0,0,https://mergr.com/company/243899,2026-09-03T23:54:45Z
5903,For Soccer,New York,310223,Gilt Edge Soccer Marketing,Marketing,"Chicago, Illinois, United States",2023-02-20,"Buyout (LBO, MBO, MBI)",,,3.5,True,,0,0,https://mergr.com/company/310223,2026-09-03T23:54:45Z
5903,For Soccer,New York,269606,The Soccer Collective,Media,"New York, New York, United States",2020-02-11,Consolidation,,,6.5,True,,3,0,https://mergr.com/company/269606,2026-09-03T23:54:45Z
5930,Saddle Point Group,New York,7340,Stericycle,Environmental,"Bannockburn, Illinois, United States",2020-03-27,Stake Purchase,,,6.4,True,2659,0,3,https://mergr.com/company/7340,2026-09-03T23:54:45Z
5933,AlleyCorp,New York,245806,Meetup,Internet Software and Services,"New York, New York, United States",2020-03-30,Divestiture,2024-01-24,Divestiture,3.8,False,,0,0,https://mergr.com/company/245806,2026-09-03T23:54:45Z
5939,Cache Ventures,New York,287875,Emailable,Software,"Miami, Florida, United States",2021-03-18,"Buyout (LBO, MBO, MBI)",,,5.4,True,,2,0,https://mergr.com/company/287875,2026-09-03T23:54:45Z
5939,Cache Ventures,New York,311501,Sticky Menus,Software,"Hicksvill, New York, United States",2020-10-01,Venture,,,5.9,True,,0,0,https://mergr.com/company/311501,2026-09-03T23:54:45Z
5939,Cache Ventures,New York,270899,Leadowl,Software,"Miami, Florida, United States",2020-04-06,"Buyout (LBO, MBO, MBI)",,,6.3,True,,0,0,https://mergr.com/company/270899,2026-09-03T23:54:45Z
5973,Newlight Partners,New York,30426,SelectQuote,Insurance,"Overland Park, Kansas, United States",2025-03-03,PIPE,,,1.5,True,1527,0,0,https://mergr.com/company/30426,2026-09-03T23:54:45Z
5973,Newlight Partners,New York,283464,Landways,Business Services,"London, United Kingdom",2023-08-01,Growth Capital,,,3.1,True,,0,0,https://mergr.com/company/283464,2026-09-03T23:54:45Z
5973,Newlight Partners,New York,316436,Constellation,Internet Software and Services,"New York, New York, United States",2023-02-01,Growth Capital,,,3.6,True,,0,0,https://mergr.com/company/316436,2026-09-03T23:54:45Z
5973,Newlight Partners,New York,337612,Upland Specialty Insurance,Insurance,"Dallas, Texas, United States",2021-01-25,Growth Capital,,,5.6,True,,0,0,https://mergr.com/company/337612,2026-09-03T23:54:45Z
5973,Newlight Partners,New York,316405,BayoTech,Energy Services and Equipment,"Houston, Texas, United States",2021-01-05,Growth Capital,,,5.6,True,,0,0,https://mergr.com/company/316405,2026-09-03T23:54:45Z
5973,Newlight Partners,New York,316404,Rove,Electrical Equipment,"Costa Mesa, California, United States",2021-01-01,Growth Capital,,,5.7,True,,0,0,https://mergr.com/company/316404,2026-09-03T23:54:45Z
5973,Newlight Partners,New York,278117,Sail Internet,Communications,"Santa Clara, California, United States",2020-11-11,"Buyout (LBO, MBO, MBI)",,,5.8,True,,0,0,https://mergr.com/company/278117,2026-09-03T23:54:45Z
5973,Newlight Partners,New York,277633,Pondurance,Information Technology,"Indianapolis, Indiana, United States",2020-10-27,Growth Capital,,,5.8,True,,1,0,https://mergr.com/company/277633,2026-09-03T23:54:45Z
5973,Newlight Partners,New York,275465,Propeller Industries,Business Services,"New York, New York, United States",2020-08-20,Growth Capital,,,6,True,,0,0,https://mergr.com/company/275465,2026-09-03T23:54:45Z
5973,Newlight Partners,New York,272552,Zing Health,Healthcare Services,"Chicago, Illinois, United States",2020-05-18,Growth Capital,,,6.3,True,,1,0,https://mergr.com/company/272552,2026-09-03T23:54:45Z
5973,Newlight Partners,New York,316406,Lit Fibre,Communications,"Reading, United Kingdom",2020-01-01,"Buyout (LBO, MBO, MBI)",,,6.7,True,,0,0,https://mergr.com/company/316406,2026-09-03T23:54:45Z
5973,Newlight Partners,New York,316435,Leyline Renewable Capital,Renewable Energy,"Durham, North Carolina, United States",2019-10-17,Growth Capital,,,6.8,True,,0,0,https://mergr.com/company/316435,2026-09-03T23:54:45Z
5973,Newlight Partners,New York,209685,euNetworks,Communications,"London, United Kingdom",2017-11-06,Secondary Buyout,,,8.8,True,,2,0,https://mergr.com/company/209685,2026-09-03T23:54:45Z
5973,Newlight Partners,New York,275676,BTS Bioenergy,Renewable Energy,"Annapolis, Maryland, United States",2017-01-01,"Buyout (LBO, MBO, MBI)",,,9.7,True,,1,0,https://mergr.com/company/275676,2026-09-03T23:54:45Z
5975,Golden Child Holdings,New York,267034,Krystal,Restaurants,"Dunwoody, Georgia, United States",2020-05-22,Special Situations/Distressed,2023-04-27,Spin Off,2.9,False,,0,0,https://mergr.com/company/267034,2026-09-03T23:54:45Z
6021,Astara Capital Partners,New York,352768,Dynatec,Environmental,"Burlington, New Jersey, United States",2026-08-13,"Buyout (LBO, MBO, MBI)",,,0,True,,0,0,https://mergr.com/company/352768,2026-09-03T23:54:45Z
6021,Astara Capital Partners,New York,336624,Unified Service Partners,Construction,United States,2025-01-22,"Buyout (LBO, MBO, MBI)",,,1.6,True,,4,0,https://mergr.com/company/336624,2026-09-03T23:54:45Z
6021,Astara Capital Partners,New York,322185,Ally Building Solutions,Building Materials,"Orlando, Florida, United States",2024-02-26,Growth Capital,,,2.5,True,,1,0,https://mergr.com/company/322185,2026-09-03T23:54:45Z
6021,Astara Capital Partners,New York,309154,Wyandot Snacks,Food,"Marion, Ohio, United States",2023-01-18,"Buyout (LBO, MBO, MBI)",,,3.6,True,,0,0,https://mergr.com/company/309154,2026-09-03T23:54:45Z
6021,Astara Capital Partners,New York,306943,Del-Air,Business Services,"Lake Mary, Florida, United States",2022-11-08,Growth Capital,,,3.8,True,,6,0,https://mergr.com/company/306943,2026-09-03T23:54:45Z
6021,Astara Capital Partners,New York,292175,BDV Solutions,Business Services,"Greenville, South Carolina, United States",2021-11-04,"Buyout (LBO, MBO, MBI)",,,4.8,True,,2,0,https://mergr.com/company/292175,2026-09-03T23:54:45Z
6021,Astara Capital Partners,New York,284131,Cross City Lumber,Forest Products,"Cross City, Florida, United States",2021-04-15,"Buyout (LBO, MBO, MBI)",,,5.3,True,,0,0,https://mergr.com/company/284131,2026-09-03T23:54:45Z
6021,Astara Capital Partners,New York,281068,Garlock Flexibles,Packaging,"Gardner, Massachusetts, United States",2021-01-28,"Buyout (LBO, MBO, MBI)",,,5.6,True,,1,0,https://mergr.com/company/281068,2026-09-03T23:54:45Z
6052,Traub Capital Partners,New York,312280,Sabatino Tartufi,Food,"Montecastrilli, Italy",2023-04-13,Growth Capital,,,3.3,True,,0,0,https://mergr.com/company/312280,2026-09-03T23:54:45Z
6052,Traub Capital Partners,New York,2781,HITS Shows,Leisure,"Saugerties, New York, United States",2022-03-31,"Buyout (LBO, MBO, MBI)",,,4.4,True,,0,0,https://mergr.com/company/2781,2026-09-03T23:54:45Z
6052,Traub Capital Partners,New York,275919,MANA Products,Consumer Products,"Long Island City, New York, United States",2020-09-01,"Buyout (LBO, MBO, MBI)",,,6,True,,0,0,https://mergr.com/company/275919,2026-09-03T23:54:45Z
6052,Traub Capital Partners,New York,169629,Signature Brands,Consumer Products,"Ocala, Florida, United States",2018-10-29,Divestiture,,,7.8,True,,1,0,https://mergr.com/company/169629,2026-09-03T23:54:45Z
6075,Sciens Water Opportunities Fund,New York,21817,Crom,Construction,"Gainesville, Florida, United States",2020-06-05,Secondary Buyout,2025-02-03,Trade Sale - Public Company,4.6,False,,0,0,https://mergr.com/company/21817,2026-09-03T23:54:45Z
6080,Endicott Capital,New York,264286,Datassential,Information Services,"Chicago, Illinois, United States",2024-09-13,Secondary Buyout,,,1.9,True,,1,0,https://mergr.com/company/264286,2026-09-03T23:54:45Z
6080,Endicott Capital,New York,328483,Aosphere,Business Services,"London, United Kingdom",2023-10-30,Growth Capital,,,2.8,True,,1,0,https://mergr.com/company/328483,2026-09-03T23:54:45Z
6080,Endicott Capital,New York,226445,CFRA,Business Services,"Charlottesville, Virginia, United States",2023-01-12,Growth Capital,,,3.6,True,,0,0,https://mergr.com/company/226445,2026-09-03T23:54:45Z
6080,Endicott Capital,New York,312415,MANTL,Internet Software and Services,"New York, New York, United States",2022-12-19,"Buyout (LBO, MBO, MBI)",2025-02-27,Divestiture,2.2,False,,0,0,https://mergr.com/company/312415,2026-09-03T23:54:45Z
6080,Endicott Capital,New York,247613,MediaRadar,Marketing,"New York, New York, United States",2022-09-26,Secondary Buyout,,,3.9,True,,1,0,https://mergr.com/company/247613,2026-09-03T23:54:45Z
6080,Endicott Capital,New York,297409,3E,Information Services,"Carlsbad, California, United States",2022-03-14,Divestiture,,,4.4,True,,5,0,https://mergr.com/company/297409,2026-09-03T23:54:45Z
6080,Endicott Capital,New York,307034,RetailStat,Business Services,"New York, New York, United States",2021-12-21,Growth Capital,,,4.7,True,,1,1,https://mergr.com/company/307034,2026-09-03T23:54:45Z
6080,Endicott Capital,New York,279949,GovSpend,Information Services,"Boca Raton, Florida, United States",2021-01-04,"Buyout (LBO, MBO, MBI)",,,5.7,True,,1,0,https://mergr.com/company/279949,2026-09-03T23:54:45Z
6080,Endicott Capital,New York,277840,BNamericas,Business Services,"Santiago, Chile",2020-11-02,"Buyout (LBO, MBO, MBI)",,,5.8,True,,0,0,https://mergr.com/company/277840,2026-09-03T23:54:45Z
6138,Two Sigma Impact,New York,199956,Milestone Technologies,Information Technology,"Fremont, California, United States",2022-12-13,Secondary Buyout,,,3.7,True,,0,0,https://mergr.com/company/199956,2026-09-03T23:54:45Z
6138,Two Sigma Impact,New York,250029,Community Medical Services,Healthcare Services,"Scottsdale, Arizona, United States",2021-12-21,Secondary Buyout,,,4.7,True,,0,0,https://mergr.com/company/250029,2026-09-03T23:54:45Z
6138,Two Sigma Impact,New York,34089,Eclipse Advantage,Business Services,"Melbourne, Florida, United States",2021-10-12,Secondary Buyout,,,4.8,True,,0,0,https://mergr.com/company/34089,2026-09-03T23:54:45Z
6138,Two Sigma Impact,New York,299923,Liberty Source,Business Services,"Hampton, Virginia, United States",2021-09-28,Divestiture,,,4.9,True,,0,0,https://mergr.com/company/299923,2026-09-03T23:54:45Z
6138,Two Sigma Impact,New York,299920,Circle Of Care,Healthcare Services,"San Antonio, Texas, United States",2021-07-12,"Buyout (LBO, MBO, MBI)",,,5.1,True,,1,0,https://mergr.com/company/299920,2026-09-03T23:54:45Z
6138,Two Sigma Impact,New York,262660,Wholesale Supplies Plus,Distribution,"Independence, Ohio, United States",2021-04-29,Secondary Buyout,,,5.3,True,,0,0,https://mergr.com/company/262660,2026-09-03T23:54:45Z
6138,Two Sigma Impact,New York,4416,Penn Foster Group,Education,"Scranton, Pennsylvania, United States",2018-05-01,Secondary Buyout,,,8.3,True,,3,0,https://mergr.com/company/4416,2026-09-03T23:54:45Z
6142,Long Arc Capital,New York,285119,Agile Frameworks,Internet Software and Services,"Bloomington, Minnesota, United States",2021-05-04,Divestiture,,,5.3,True,,0,0,https://mergr.com/company/285119,2026-09-03T23:54:45Z
6142,Long Arc Capital,New York,284996,Concertiv,Business Services,"New York, New York, United States",2021-03-23,Growth Capital,,,5.4,True,,0,0,https://mergr.com/company/284996,2026-09-03T23:54:45Z
6142,Long Arc Capital,New York,312420,Skaleet,Information Technology,"Boulogne-Billancourt, France",2021-01-05,Growth Capital,,,5.6,True,,0,0,https://mergr.com/company/312420,2026-09-03T23:54:45Z
6142,Long Arc Capital,New York,285168,CircleBlack,Business Services,"Boston, Massachusetts, United States",2020-06-01,"Buyout (LBO, MBO, MBI)",,,6.3,True,,0,0,https://mergr.com/company/285168,2026-09-03T23:54:45Z
6142,Long Arc Capital,New York,285169,Robertson Stephens,Financial Services,"San Francisco, California, United States",2018-12-17,Growth Capital,,,7.7,True,,0,0,https://mergr.com/company/285169,2026-09-03T23:54:45Z
6142,Long Arc Capital,New York,236190,Renaissance Alliance,Insurance,"Chicago, Illinois, United States",2018-06-26,Growth Capital,,,8.2,True,,4,0,https://mergr.com/company/236190,2026-09-03T23:54:45Z
6142,Long Arc Capital,New York,270012,Tinubu Square,Internet Software and Services,"Issy-les-Moulineaux, France",2017-10-02,Secondary Buyout,,,8.9,True,,3,0,https://mergr.com/company/270012,2026-09-03T23:54:45Z
6148,RunTide Capital,New York,201225,ATSG,Information Technology,"Briarcliff, New York, United States",2021-02-11,Growth Capital,,,5.5,True,,6,0,https://mergr.com/company/201225,2026-09-03T23:54:45Z
6148,RunTide Capital,New York,314868,Ascent Solutions,Business Services,"Minneapolis, Minnesota, United States",2021-01-01,Recapitalization,,,5.7,True,,0,0,https://mergr.com/company/314868,2026-09-03T23:54:45Z
6148,RunTide Capital,New York,298668,BinWise,Internet Software and Services,"San Francisco, California, United States",2012-05-15,Venture,2019-05-18,Divestiture,7,False,,0,0,https://mergr.com/company/298668,2026-09-03T23:54:45Z
6148,RunTide Capital,New York,213098,Penumbra Brands,Technology Hardware,"Encinitas, California, United States",2011-10-01,"Buyout (LBO, MBO, MBI)",,,14.9,True,,0,0,https://mergr.com/company/213098,2026-09-03T23:54:45Z
6148,RunTide Capital,New York,15525,CANAL+ Television AB,Media,"Cedex, France",2003-10-01,"Buyout (LBO, MBO, MBI)",2005-03-01,Divestiture,1.4,False,,0,0,https://mergr.com/company/15525,2026-09-03T23:54:45Z
6151,NorthCurrent Partners,New York,344743,On Track Doors,Building Materials,"Cape Coral, Florida, United States",2023-08-01,"Buyout (LBO, MBO, MBI)",,,3.1,True,,0,0,https://mergr.com/company/344743,2026-09-03T23:54:45Z
6151,NorthCurrent Partners,New York,313391,Hopkins Air Conditioning,Business Services,"West Palm Beach, California, United States",2023-05-01,"Buyout (LBO, MBO, MBI)",,,3.3,True,,0,0,https://mergr.com/company/313391,2026-09-03T23:54:45Z
6151,NorthCurrent Partners,New York,313393,DGD Garage Doors,Building Materials,"Brooksville, Florida, United States",2022-11-01,"Buyout (LBO, MBO, MBI)",,,3.8,True,,0,0,https://mergr.com/company/313393,2026-09-03T23:54:45Z
6151,NorthCurrent Partners,New York,297797,Certified Climate Control,Business Services,"Orange City, Florida, United States",2022-03-24,"Buyout (LBO, MBO, MBI)",,,4.4,True,,0,0,https://mergr.com/company/297797,2026-09-03T23:54:45Z
6151,NorthCurrent Partners,New York,328103,On Track Partners,Building Materials,"Land O Lakes, Florida, United States",2022-01-01,"Buyout (LBO, MBO, MBI)",,,4.7,True,,3,0,https://mergr.com/company/328103,2026-09-03T23:54:45Z
6151,NorthCurrent Partners,New York,288214,Belle Air,Business Services,"Orlando, Florida, United States",2021-07-22,"Buyout (LBO, MBO, MBI)",,,5.1,True,,0,0,https://mergr.com/company/288214,2026-09-03T23:54:45Z
6151,NorthCurrent Partners,New York,281821,"Tri-State Water, Power & Air",Consumer Services,"Addison, Texas, United States",2021-01-15,"Buyout (LBO, MBO, MBI)",,,5.6,True,,0,0,https://mergr.com/company/281821,2026-09-03T23:54:45Z
6151,NorthCurrent Partners,New York,322861,Liberty Service Partners,Business Services,"Addison, Texas, United States",2020-01-01,Consolidation,,,6.7,True,,8,0,https://mergr.com/company/322861,2026-09-03T23:54:45Z
6157,Lakelet Capital,New York,282139,GenTech Scientific,Test/Measurement Equipment,"Arcane, New York, United States",2020-09-30,"Buyout (LBO, MBO, MBI)",,,5.9,True,,0,0,https://mergr.com/company/282139,2026-09-03T23:54:45Z
6157,Lakelet Capital,New York,285841,Matrix Imaging Solutions,Business Services,"Sanborn, New York, United States",2018-01-01,"Buyout (LBO, MBO, MBI)",,,8.7,True,,1,0,https://mergr.com/company/285841,2026-09-03T23:54:45Z
6171,Hemingway Capital,New York,318419,Chibuzo,Manufacturing,"Fort Smith, Arkansas, United States",2023-10-27,Growth Capital,,,2.8,True,,0,0,https://mergr.com/company/318419,2026-09-03T23:54:45Z
6171,Hemingway Capital,New York,297451,GTA Containers,Manufacturing,"South Bend, Indiana, United States",2022-03-15,Recapitalization,,,4.4,True,,0,0,https://mergr.com/company/297451,2026-09-03T23:54:45Z
6171,Hemingway Capital,New York,283235,Vege Labs,Consumer Products,"Glendale, California, United States",2021-03-25,Growth Capital,,,5.4,True,,0,0,https://mergr.com/company/283235,2026-09-03T23:54:45Z
6177,Halle Capital Management,New York,346771,PassCo,Consumer Products,"New York, New York, United States",2024-06-01,"Buyout (LBO, MBO, MBI)",,,2.3,True,,3,0,https://mergr.com/company/346771,2026-09-03T23:54:45Z
6177,Halle Capital Management,New York,346772,Tree Guardians,Consumer Services,"New York, New York, United States",2023-09-01,"Buyout (LBO, MBO, MBI)",,,3,True,,0,0,https://mergr.com/company/346772,2026-09-03T23:54:45Z
6177,Halle Capital Management,New York,311021,True Environmental,Business Services,"New York, New York, United States",2022-09-07,Growth Capital,,,3.9,True,,5,0,https://mergr.com/company/311021,2026-09-03T23:54:45Z
6177,Halle Capital Management,New York,300614,Parachute,Internet Software and Services,"Paris, Texas, United States",2021-09-01,Growth Capital,,,5,True,,0,0,https://mergr.com/company/300614,2026-09-03T23:54:45Z
6177,Halle Capital Management,New York,300612,Petabyte,Internet Software and Services,"Bellevue, Washington, United States",2021-08-01,Venture,2022-11-30,Divestiture,1.3,False,,0,0,https://mergr.com/company/300612,2026-09-03T23:54:45Z
6177,Halle Capital Management,New York,283493,Rockit Pest,Business Services,"Cayce, South Carolina, United States",2021-04-01,"Buyout (LBO, MBO, MBI)",,,5.4,True,,4,0,https://mergr.com/company/283493,2026-09-03T23:54:45Z
6177,Halle Capital Management,New York,300611,Planet Smile Partners,Healthcare Services,"New York, New York, United States",2021-04-01,Growth Capital,,,5.4,True,,0,0,https://mergr.com/company/300611,2026-09-03T23:54:45Z
6177,Halle Capital Management,New York,297438,Dogtopia,Franchising,"Phoenix, Arizona, United States",2020-10-08,Stake Purchase,,,5.8,True,,0,0,https://mergr.com/company/297438,2026-09-03T23:54:45Z
6177,Halle Capital Management,New York,269932,Rarebreed,Consumer Services,"Portland, Maine, United States",2020-05-01,Growth Capital,,,6.3,True,,1,0,https://mergr.com/company/269932,2026-09-03T23:54:45Z
6177,Halle Capital Management,New York,300609,Longevity Health Plan,Healthcare Services,"Palm Beach Gardens, Florida, United States",2019-03-01,Growth Capital,,,7.5,True,,0,0,https://mergr.com/company/300609,2026-09-03T23:54:45Z
6182,Sier Capital Partners,New York,6210,Nurses 24/7,Staffing,"Wayne, New Jersey, United States",2023-07-12,Growth Capital,,,3.1,True,,0,0,https://mergr.com/company/6210,2026-09-03T23:54:45Z
6182,Sier Capital Partners,New York,312884,US Electric,Marine,"Seattle, Washington, United States",2022-11-08,Growth Capital,,,3.8,True,,0,0,https://mergr.com/company/312884,2026-09-03T23:54:45Z
6182,Sier Capital Partners,New York,285583,Sage Integration,Business Services,"Kent, Ohio, United States",2022-01-01,"Buyout (LBO, MBO, MBI)",,,4.7,True,,0,0,https://mergr.com/company/285583,2026-09-03T23:54:45Z
6182,Sier Capital Partners,New York,283922,LLK,Construction,"Strongsville, Ohio, United States",2021-04-12,Growth Capital,,,5.3,True,,0,0,https://mergr.com/company/283922,2026-09-03T23:54:45Z
6182,Sier Capital Partners,New York,285521,ILS,Life Science,"Morrisville, North Carolina, United States",2020-09-14,"Buyout (LBO, MBO, MBI)",2022-01-10,Divestiture,1.3,False,,0,0,https://mergr.com/company/285521,2026-09-03T23:54:45Z
6182,Sier Capital Partners,New York,312887,Grand Rapids Gold,Media,"Grand Rapids, Michigan, United States",2020-01-01,"Buyout (LBO, MBO, MBI)",,,6.7,True,,0,0,https://mergr.com/company/312887,2026-09-03T23:54:45Z
6182,Sier Capital Partners,New York,285585,Execuneur,Education,"Akron, Ohio, United States",2018-01-01,"Buyout (LBO, MBO, MBI)",,,8.7,True,,0,0,https://mergr.com/company/285585,2026-09-03T23:54:45Z
6182,Sier Capital Partners,New York,262553,RESCON,Construction,"Newton, Massachusetts, United States",2017-08-21,"Buyout (LBO, MBO, MBI)",,,9,True,,1,0,https://mergr.com/company/262553,2026-09-03T23:54:45Z
6212,Fairchild Capital Partners,New York,290185,Package Design & Supply,Packaging,"Buffalo, New York, United States",2021-09-09,"Buyout (LBO, MBO, MBI)",,,4.9,True,,0,0,https://mergr.com/company/290185,2026-09-03T23:54:45Z
6212,Fairchild Capital Partners,New York,312734,Diversified Manufacturing,Machinery,"Lockport, New York, United States",2021-08-06,"Buyout (LBO, MBO, MBI)",,,5,True,,0,0,https://mergr.com/company/312734,2026-09-03T23:54:45Z
6212,Fairchild Capital Partners,New York,285843,Caitec,Consumer Products,"Halethorpe, Maryland, United States",2020-11-17,Growth Capital,,,5.8,True,,0,0,https://mergr.com/company/285843,2026-09-03T23:54:45Z
6212,Fairchild Capital Partners,New York,285844,Sidco,Manufacturing,"Lima, New York, United States",2019-12-11,"Buyout (LBO, MBO, MBI)",,,6.7,True,,1,0,https://mergr.com/company/285844,2026-09-03T23:54:45Z
6212,Fairchild Capital Partners,New York,138245,Weco,Manufacturing,"Ontario, New York, United States",2019-01-11,Recapitalization,,,7.6,True,,2,0,https://mergr.com/company/138245,2026-09-03T23:54:45Z
6276,Achieve Partners,New York,352013,KickUp,Internet Software and Services,"Philadelphia, Pennsylvania, United States",2026-07-09,Growth Capital,,,0.1,True,,0,0,https://mergr.com/company/352013,2026-09-03T23:54:45Z
6276,Achieve Partners,New York,312986,Alchemy,Information Technology,"Charleston, South Carolina, United States",2026-06-09,Growth Capital,,,0.2,True,,0,0,https://mergr.com/company/312986,2026-09-03T23:54:45Z
6276,Achieve Partners,New York,348674,FutureFit AI,Information Technology,"Toronto, Ontario, Canada",2026-04-13,Growth Capital,,,0.3,True,,0,0,https://mergr.com/company/348674,2026-09-03T23:54:45Z
6276,Achieve Partners,New York,332883,Wise Music Group - Digital Education Division,Education,"London, United Kingdom",2025-01-09,Divestiture,,,1.6,True,,0,0,https://mergr.com/company/332883,2026-09-03T23:54:45Z
6276,Achieve Partners,New York,330703,RiseNow,Business Services,"Leawood, Kansas, United States",2024-10-23,Growth Capital,,,1.8,True,,0,0,https://mergr.com/company/330703,2026-09-03T23:54:45Z
6276,Achieve Partners,New York,312970,UltraViolet,Information Technology,"McLean, Virginia, United States",2023-04-13,Consolidation,,,3.3,True,,5,0,https://mergr.com/company/312970,2026-09-03T23:54:45Z
6276,Achieve Partners,New York,307086,MasteryPrep,Education,"Baton Rouge, Louisiana, United States",2022-11-15,"Buyout (LBO, MBO, MBI)",,,3.8,True,,1,0,https://mergr.com/company/307086,2026-09-03T23:54:45Z
6276,Achieve Partners,New York,303215,Helios,Business Services,"St Paul, Minnesota, United States",2022-08-02,"Buyout (LBO, MBO, MBI)",,,4.1,True,,0,0,https://mergr.com/company/303215,2026-09-03T23:54:45Z
6276,Achieve Partners,New York,241724,boclips,Internet Software and Services,"London, United Kingdom",2022-06-09,"Buyout (LBO, MBO, MBI)",,,4.2,True,,0,0,https://mergr.com/company/241724,2026-09-03T23:54:45Z
6276,Achieve Partners,New York,312944,SkillStorm,Staffing,"Jacksonville, Florida, United States",2022-04-11,Growth Capital,,,4.3,True,,0,0,https://mergr.com/company/312944,2026-09-03T23:54:45Z
6276,Achieve Partners,New York,312951,HelloHERO,Information Technology,"Queens, New York, United States",2021-12-08,Venture,,,4.7,True,,0,0,https://mergr.com/company/312951,2026-09-03T23:54:45Z
6276,Achieve Partners,New York,312961,Ro Health,Staffing,"Seattle, Washington, United States",2021-11-18,Growth Capital,,,4.8,True,,0,0,https://mergr.com/company/312961,2026-09-03T23:54:45Z
6276,Achieve Partners,New York,312948,Creator Up,Media,"Los Angeles, California, United States",2021-09-21,Venture,,,4.9,True,,0,0,https://mergr.com/company/312948,2026-09-03T23:54:45Z
6276,Achieve Partners,New York,289954,Metmox,Information Technology,"Schaumburg, Illinois, United States",2021-09-02,"Buyout (LBO, MBO, MBI)",2023-04-13,Spin Off,1.6,False,,0,0,https://mergr.com/company/289954,2026-09-03T23:54:45Z
6276,Achieve Partners,New York,311019,Cloud for Good,Information Technology,"Asheville, North Carolina, United States",2021-08-19,Growth Capital,2025-05-26,Trade Sale - Public Company,3.8,False,,0,0,https://mergr.com/company/311019,2026-09-03T23:54:45Z
6276,Achieve Partners,New York,312949,Freedom Learning Group,Education,"Lake Mary, Florida, United States",2021-08-05,"Buyout (LBO, MBO, MBI)",,,5,True,,0,0,https://mergr.com/company/312949,2026-09-03T23:54:45Z
6276,Achieve Partners,New York,311000,Optimum Healthcare IT,Information Technology,"Jacksonville Beach, Florida, United States",2021-07-22,"Buyout (LBO, MBO, MBI)",2026-03-25,Divestiture,4.7,False,,0,0,https://mergr.com/company/311000,2026-09-03T23:54:45Z
6276,Achieve Partners,New York,267685,Ascent Partners,Information Technology,"New York City, New York, United States",2019-12-09,Add-on Acquisition,,,6.7,True,,0,0,https://mergr.com/company/267685,2026-09-03T23:54:45Z
6284,4x4 Capital,New York,234892,Bob Evans Restaurants,Restaurants,"New Albany, Ohio, United States",2026-02-05,Secondary Buyout,,,0.5,True,,0,0,https://mergr.com/company/234892,2026-09-03T23:54:45Z
6284,4x4 Capital,New York,314204,Yelloh,Food,"Marshall, Minnesota, United States",2023-02-28,Growth Capital,,,3.5,True,,0,0,https://mergr.com/company/314204,2026-09-03T23:54:45Z
6284,4x4 Capital,New York,290998,1440 Foods,Consumer Products,"New York, New York, United States",2021-10-04,Secondary Buyout,,,4.9,True,,2,0,https://mergr.com/company/290998,2026-09-03T23:54:45Z
6297,Cross Rapids Capital,New York,227062,All Glass & Windows,Building Materials,"Sarasota, Florida, United States",2025-03-26,Recapitalization,,,1.4,True,,1,0,https://mergr.com/company/227062,2026-09-03T23:54:45Z
6297,Cross Rapids Capital,New York,4044,Wholesale Produce Supply,Distribution,"Minneapolis, Minnesota, United States",2021-10-29,Secondary Buyout,,,4.8,True,,2,0,https://mergr.com/company/4044,2026-09-03T23:54:45Z
6305,Prelude Growth Partners,New York,315391,Skin Pharm,Consumer Products,"Nashville, Tennessee, United States",2023-05-16,Growth Capital,,,3.3,True,,0,0,https://mergr.com/company/315391,2026-09-03T23:54:45Z
6305,Prelude Growth Partners,New York,310361,Blueland,Consumer Products,"New York, New York, United States",2022-02-16,Venture,,,4.5,True,,0,0,https://mergr.com/company/310361,2026-09-03T23:54:45Z
6305,Prelude Growth Partners,New York,310371,Naturium,Consumer Products,"West Hollywood, California, United States",2021-12-08,Growth Capital,2023-08-29,Divestiture,1.7,False,,0,0,https://mergr.com/company/310371,2026-09-03T23:54:45Z
6305,Prelude Growth Partners,New York,335650,The Center,Consumer Products,"West Hollywood, California, United States",2021-12-08,Growth Capital,,,4.7,True,,0,1,https://mergr.com/company/335650,2026-09-03T23:54:45Z
6305,Prelude Growth Partners,New York,310369,Bachan's,Food,"Sebastopol, California, United States",2021-09-29,Growth Capital,2026-02-03,Divestiture,4.3,False,,0,0,https://mergr.com/company/310369,2026-09-03T23:54:45Z
6305,Prelude Growth Partners,New York,299133,Fly By Jing,Food,"Los Angeles, California, United States",2021-07-29,Growth Capital,,,5.1,True,,0,0,https://mergr.com/company/299133,2026-09-03T23:54:45Z
6305,Prelude Growth Partners,New York,262269,PHLUR,Consumer Products,"Austin, Texas, United States",2021-01-01,Growth Capital,2025-07-22,Trade Sale,4.5,False,,0,0,https://mergr.com/company/262269,2026-09-03T23:54:45Z
6305,Prelude Growth Partners,New York,299134,dpHUE,Consumer Products,"Minneapolis, Minnesota, United States",2020-12-22,Growth Capital,,,5.7,True,,0,0,https://mergr.com/company/299134,2026-09-03T23:54:45Z
6305,Prelude Growth Partners,New York,310367,So Good So You,Beverages,"Minneapolis, Minnesota, United States",2020-11-11,Venture,2026-03-24,Trade Sale - Public Company,5.3,False,,0,0,https://mergr.com/company/310367,2026-09-03T23:54:45Z
6305,Prelude Growth Partners,New York,310359,Summer Fridays,Consumer Products,"Los Angeles, California, United States",2019-08-21,Growth Capital,2024-07-25,Trade Sale - Public Company,4.9,False,,0,0,https://mergr.com/company/310359,2026-09-03T23:54:45Z
6305,Prelude Growth Partners,New York,310363,Westman Atelier,Consumer Products,"New York, New York, United States",2019-05-20,Growth Capital,,,7.3,True,,0,0,https://mergr.com/company/310363,2026-09-03T23:54:45Z
6305,Prelude Growth Partners,New York,310366,8Greens,Food,"Edison, New Jersey, United States",2019-04-08,Growth Capital,2025-03-11,Divestiture,5.9,False,,0,0,https://mergr.com/company/310366,2026-09-03T23:54:45Z
6305,Prelude Growth Partners,New York,253177,Banza,Food,"Detroit, Michigan, United States",2017-03-01,Growth Capital,,,9.5,True,,0,0,https://mergr.com/company/253177,2026-09-03T23:54:45Z
6319,GrowthCurve Capital,New York,277389,PlanHub,Internet Software and Services,"West Palm Beach, Florida, United States",2025-09-16,Secondary Buyout,,,0.9,True,,0,0,https://mergr.com/company/277389,2026-09-03T23:54:45Z
6319,GrowthCurve Capital,New York,271949,PureFacts Financial Solutions,Financial Services,"Toronto, Ontario, Canada",2024-08-01,Secondary Buyout,,,2.1,True,,0,0,https://mergr.com/company/271949,2026-09-03T23:54:45Z
6319,GrowthCurve Capital,New York,260830,Duetto,Software,"San Francisco, California, United States",2024-06-27,Secondary Buyout,,,2.2,True,,0,0,https://mergr.com/company/260830,2026-09-03T23:54:45Z
6319,GrowthCurve Capital,New York,227214,Netchex,Software,"Covington, Louisiana, United States",2023-06-07,Secondary Buyout,,,3.2,True,,0,0,https://mergr.com/company/227214,2026-09-03T23:54:45Z
6319,GrowthCurve Capital,New York,312724,Brightway Insurance,Insurance,"Jacksonville, Florida, United States",2021-12-17,"Buyout (LBO, MBO, MBI)",,,4.7,True,,1,0,https://mergr.com/company/312724,2026-09-03T23:54:45Z
6319,GrowthCurve Capital,New York,293631,Mistplay,Digital Media,"Montreal, Quebec, Canada",2021-12-10,"Buyout (LBO, MBO, MBI)",,,4.7,True,,1,0,https://mergr.com/company/293631,2026-09-03T23:54:45Z
6319,GrowthCurve Capital,New York,236127,Revecore,Business Services,"Franklin, Tennessee, United States",2017-02-14,"Buyout (LBO, MBO, MBI)",,,9.5,True,,3,0,https://mergr.com/company/236127,2026-09-03T23:54:45Z
6321,LoneTree Capital,New York,345085,Balena,Internet Software and Services,"Seattle, Washington, United States",2026-01-20,Growth Capital,,,0.6,True,,0,0,https://mergr.com/company/345085,2026-09-03T23:54:45Z
6321,LoneTree Capital,New York,338851,AllPaid,Financial Services,"Indianapolis, Indiana, United States",2025-10-01,Secondary Buyout,2025-10-01,Trade Sale - Public Company,0,False,,0,0,https://mergr.com/company/338851,2026-09-03T23:54:45Z
6321,LoneTree Capital,New York,338853,Arkatechture,Software,"Portland, Maine, United States",2025-02-04,Growth Capital,,,1.6,True,,0,0,https://mergr.com/company/338853,2026-09-03T23:54:45Z
6321,LoneTree Capital,New York,338855,Northern Light,Software,"Boston, Massachusetts, United States",2025-01-07,Growth Capital,,,1.6,True,,0,0,https://mergr.com/company/338855,2026-09-03T23:54:45Z
6321,LoneTree Capital,New York,338851,AllPaid,Financial Services,"Indianapolis, Indiana, United States",2024-08-01,Growth Capital,2025-10-01,Trade Sale - Public Company,1.2,False,,0,0,https://mergr.com/company/338851,2026-09-03T23:54:45Z
6321,LoneTree Capital,New York,313417,Synergy Pet Group,Consumer Services,"Lakewood, New Jersey, United States",2023-05-04,Growth Capital,,,3.3,True,,0,0,https://mergr.com/company/313417,2026-09-03T23:54:45Z
6321,LoneTree Capital,New York,295523,OneReach,Software,"Denver, Colorado, United States",2022-01-26,Growth Capital,,,4.6,True,,0,0,https://mergr.com/company/295523,2026-09-03T23:54:45Z
6321,LoneTree Capital,New York,293823,Safety Plus,Business Services,"Mobile, Alabama, United States",2021-12-15,Growth Capital,,,4.7,True,,1,0,https://mergr.com/company/293823,2026-09-03T23:54:45Z
6321,LoneTree Capital,New York,276544,Education Advanced,Internet Software and Services,"Tyler, Texas, United States",2021-04-29,Growth Capital,,,5.3,True,,1,0,https://mergr.com/company/276544,2026-09-03T23:54:45Z
6321,LoneTree Capital,New York,282549,OnPhase,Software,"Clearwater, Florida, United States",2020-06-15,"Buyout (LBO, MBO, MBI)",2024-02-20,Trade Sale - Public Company,3.7,False,,4,0,https://mergr.com/company/282549,2026-09-03T23:54:45Z
6321,LoneTree Capital,New York,306304,TransACT Communications,Education,"Lynnwood, Washington, United States",2015-11-25,"Buyout (LBO, MBO, MBI)",,,10.8,True,,0,0,https://mergr.com/company/306304,2026-09-03T23:54:45Z
6336,Avance,New York,352139,Lexxel,Construction,"Rochester, New York, United States",2026-07-06,Growth Capital,,,0.1,True,,0,0,https://mergr.com/company/352139,2026-09-03T23:54:45Z
6336,Avance,New York,341339,Barchemy,Food,"Donora, Pennsylvania, United States",2025-10-07,Growth Capital,,,0.8,True,,0,0,https://mergr.com/company/341339,2026-09-03T23:54:45Z
6336,Avance,New York,331956,Tropical Cheese,Food,"Perth Amboy, New Jersey, United States",2024-12-09,Growth Capital,,,1.7,True,,1,0,https://mergr.com/company/331956,2026-09-03T23:54:45Z
6336,Avance,New York,327559,Alchemy,Information Technology,"Houston, Texas, United States",2024-07-22,Growth Capital,,,2.1,True,,2,0,https://mergr.com/company/327559,2026-09-03T23:54:45Z
6336,Avance,New York,326310,Tracxtion,Marketing,"Oakville, Ontario, Canada",2024-06-12,Growth Capital,,,2.2,True,,0,0,https://mergr.com/company/326310,2026-09-03T23:54:45Z
6336,Avance,New York,313370,RIA Advisory,Business Services,"Coral Gables, Florida, United States",2022-08-29,Growth Capital,,,4,True,,0,0,https://mergr.com/company/313370,2026-09-03T23:54:45Z
6336,Avance,New York,295326,Opifex-Synergy,Business Services,"Valrico, Florida, United States",2022-01-20,Growth Capital,,,4.6,True,,2,0,https://mergr.com/company/295326,2026-09-03T23:54:45Z
6336,Avance,New York,297016,UniVista Insurance,Insurance,"Miami, Florida, United States",2021-07-15,Growth Capital,,,5.1,True,,0,0,https://mergr.com/company/297016,2026-09-03T23:54:45Z
6336,Avance,New York,262660,Wholesale Supplies Plus,Distribution,"Independence, Ohio, United States",2021-04-29,Secondary Buyout,,,5.3,True,,0,0,https://mergr.com/company/262660,2026-09-03T23:54:45Z
6339,Worklyn Partners,New York,314630,Harbor IT,Information Technology,"New York, New York, United States",2023-05-22,"Buyout (LBO, MBO, MBI)",,,3.3,True,,4,0,https://mergr.com/company/314630,2026-09-03T23:54:45Z
6339,Worklyn Partners,New York,295545,Quadrant Information Security,Information Technology,"Jacksonville, Florida, United States",2022-01-26,"Buyout (LBO, MBO, MBI)",,,4.6,True,,0,0,https://mergr.com/company/295545,2026-09-03T23:54:45Z
6347,Trident Management,New York,345217,LunchMaster,Food,"Hayward, California, United States",2025-12-02,Growth Capital,,,0.8,True,,0,0,https://mergr.com/company/345217,2026-09-03T23:54:45Z
6347,Trident Management,New York,296143,Excel Door,Building Materials,"Hartselle, Alabama, United States",2022-02-09,"Buyout (LBO, MBO, MBI)",,,4.5,True,,0,0,https://mergr.com/company/296143,2026-09-03T23:54:45Z
6347,Trident Management,New York,301744,Lumina,Healthcare Services,"Phoenix, Arizona, United States",2021-10-01,Growth Capital,2026-04-22,Divestiture,4.5,False,,0,0,https://mergr.com/company/301744,2026-09-03T23:54:45Z
6361,Closed Loop Partners,New York,347519,Sutter Metals,Environmental,"Tacoma, Washington, United States",2026-03-31,"Buyout (LBO, MBO, MBI)",,,0.4,True,,0,0,https://mergr.com/company/347519,2026-09-03T23:54:45Z
6361,Closed Loop Partners,New York,339396,Agri-Cycle,Environmental,"South Portland, Maine, United States",2025-08-20,"Buyout (LBO, MBO, MBI)",,,1,True,,0,0,https://mergr.com/company/339396,2026-09-03T23:54:45Z
6361,Closed Loop Partners,New York,202071,Sage Sustainable Electronics,Information Technology,"Columbus, Ohio, United States",2023-11-01,"Buyout (LBO, MBO, MBI)",,,2.8,True,,2,0,https://mergr.com/company/202071,2026-09-03T23:54:45Z
6361,Closed Loop Partners,New York,296975,SMR,Environmental,"Brooklyn, New York, United States",2022-03-02,"Buyout (LBO, MBO, MBI)",2023-11-16,Spin Off,1.7,False,,0,0,https://mergr.com/company/296975,2026-09-03T23:54:45Z
6361,Closed Loop Partners,New York,314582,ERI,Information Technology,"Fresno, California, United States",2021-07-15,Growth Capital,,,5.1,True,,0,0,https://mergr.com/company/314582,2026-09-03T23:54:45Z
6361,Closed Loop Partners,New York,314580,Circular Services,Environmental,"New York City, New York, United States",2019-10-04,"Buyout (LBO, MBO, MBI)",,,6.9,True,,5,0,https://mergr.com/company/314580,2026-09-03T23:54:45Z
6387,Pearl Street Equity,New York,299172,Webonise,Internet Software and Services,"Raleigh, North Carolina, United States",2022-04-27,"Buyout (LBO, MBO, MBI)",,,4.3,True,,0,0,https://mergr.com/company/299172,2026-09-03T23:54:45Z
6425,Bridgeport Partners,New York,125797,CSI,Internet Software and Services,"Paducah, Kentucky, United States",2022-08-22,Going Private,,,4,True,54,3,0,https://mergr.com/company/125797,2026-09-03T23:54:45Z
6432,Novidam Capital Partners,New York,283330,THB Verhoef,Distribution,"Zwijndrecht, Netherlands",2025-01-09,Secondary Buyout,,,1.6,True,,0,0,https://mergr.com/company/283330,2026-09-03T23:54:45Z
6432,Novidam Capital Partners,New York,313712,Eclipse,Information Technology,"Hertogenbosch, Netherlands",2023-04-20,"Buyout (LBO, MBO, MBI)",,,3.3,True,,0,0,https://mergr.com/company/313712,2026-09-03T23:54:45Z
6432,Novidam Capital Partners,New York,309464,TransTech,Education,"Newton, North Carolina, United States",2023-01-20,"Buyout (LBO, MBO, MBI)",,,3.6,True,,1,0,https://mergr.com/company/309464,2026-09-03T23:54:45Z
6432,Novidam Capital Partners,New York,307095,Sylmar,Business Services,"Los Angeles, California, United States",2022-11-08,Growth Capital,,,3.8,True,,7,0,https://mergr.com/company/307095,2026-09-03T23:54:45Z
6432,Novidam Capital Partners,New York,304399,Briscoe Protective,Safety/Security,"Centereach, New York, United States",2017-08-24,"Buyout (LBO, MBO, MBI)",2022-09-06,Divestiture,5,False,,1,0,https://mergr.com/company/304399,2026-09-03T23:54:45Z
6432,Novidam Capital Partners,New York,292307,Rebag,E-Commerce,"New York City, New York, United States",2017-07-24,"Buyout (LBO, MBO, MBI)",,,9.1,True,,0,0,https://mergr.com/company/292307,2026-09-03T23:54:45Z
6435,Aperion Management,New York,12480,RoadSafe Traffic Systems,Safety/Security,"Chicago, Illinois, United States",2016-02-01,Secondary Buyout,2021-04-12,Trade Sale - Public Company,5.2,False,,5,0,https://mergr.com/company/12480,2026-09-03T23:54:45Z
6435,Aperion Management,New York,4048,ODG,Automotive,"North Hamburg, Ontario, Canada",2014-08-22,Secondary Buyout,,,12,True,,0,0,https://mergr.com/company/4048,2026-09-03T23:54:45Z
6435,Aperion Management,New York,215712,Tri Con Works,Energy Services and Equipment,"Baytown, Texas, United States",2014-04-02,"Buyout (LBO, MBO, MBI)",,,12.4,True,,1,0,https://mergr.com/company/215712,2026-09-03T23:54:45Z
6435,Aperion Management,New York,59726,Stella Environmental Services,Environmental,"Houston, Texas, United States",2012-02-01,"Buyout (LBO, MBO, MBI)",2015-06-29,Divestiture,3.3,False,,0,0,https://mergr.com/company/59726,2026-09-03T23:54:45Z
6473,Green Rock Energy Partners,New York,307971,South Hill RNG,Renewable Energy,"Yukon, Pennsylvania, United States",2022-12-08,"Buyout (LBO, MBO, MBI)",,,3.7,True,,0,0,https://mergr.com/company/307971,2026-09-03T23:54:45Z
6473,Green Rock Energy Partners,New York,314526,Bio Town Biogas,Renewable Energy,"Reynolds, Indiana, United States",2022-05-12,Stake Purchase,,,4.3,True,,0,0,https://mergr.com/company/314526,2026-09-03T23:54:45Z
6480,Sandy Hill Investors,New York,308426,Vertullo,Food,"Garden City, New York, United States",2022-12-21,Growth Capital,,,3.7,True,,0,0,https://mergr.com/company/308426,2026-09-03T23:54:45Z
6480,Sandy Hill Investors,New York,308428,Seviroli,Food,"Garden City, New York, United States",2022-12-21,Growth Capital,,,3.7,True,,2,0,https://mergr.com/company/308428,2026-09-03T23:54:45Z
6485,NOVA Infrastructure,New York,271908,DartPoints,Information Technology,"Thanksgiving Tower, Texas, United States",2025-04-30,Secondary Buyout,,,1.3,True,,0,0,https://mergr.com/company/271908,2026-09-03T23:54:45Z
6485,NOVA Infrastructure,New York,328049,UGE,Renewable Energy,"New York, New York, United States",2024-08-16,"Buyout (LBO, MBO, MBI)",,,2,True,,0,0,https://mergr.com/company/328049,2026-09-03T23:54:45Z
6485,NOVA Infrastructure,New York,319767,A&R Bulk-Pak,Transportation,"Moncks Corner, South Carolina, United States",2023-12-12,"Buyout (LBO, MBO, MBI)",,,2.7,True,,0,0,https://mergr.com/company/319767,2026-09-03T23:54:45Z
6485,NOVA Infrastructure,New York,321659,Nopetro Renewables,Renewable Energy,"Vero Beach, Florida, United States",2023-05-31,Joint Venture,,,3.3,True,,0,0,https://mergr.com/company/321659,2026-09-03T23:54:45Z
6485,NOVA Infrastructure,New York,308838,Skywire Networks,Communications,"Brooklyn, New York, United States",2022-11-30,"Buyout (LBO, MBO, MBI)",,,3.8,True,,0,0,https://mergr.com/company/308838,2026-09-03T23:54:45Z
6485,NOVA Infrastructure,New York,27616,Hawthorne Global Aviation Services,Aerospace,"Ronkonkoma, New York, United States",2022-03-15,Secondary Buyout,,,4.4,True,,0,0,https://mergr.com/company/27616,2026-09-03T23:54:45Z
6485,NOVA Infrastructure,New York,308834,telMAX,Communications,"Whitchurch-Stouffville, Ontario, Canada",2021-01-05,Growth Capital,,,5.6,True,,0,0,https://mergr.com/company/308834,2026-09-03T23:54:45Z
6485,NOVA Infrastructure,New York,308829,Harbor Logistics,Transportation,"Hanahan, South Carolina, United States",2021-01-01,"Buyout (LBO, MBO, MBI)",,,5.7,True,,1,0,https://mergr.com/company/308829,2026-09-03T23:54:45Z
6485,NOVA Infrastructure,New York,308833,Integrated Waste Solutions Group,Environmental,"Fort Lauderdale, Florida, United States",2020-04-07,Growth Capital,,,6.3,True,,0,0,https://mergr.com/company/308833,2026-09-03T23:54:45Z
6504,CoLift,New York,7183,Traxys,Metals/Mining,"Strassen, Luxembourg",2023-02-06,Secondary Buyout,,,3.5,True,,1,0,https://mergr.com/company/7183,2026-09-03T23:54:45Z
6523,Aetos Capital,New York,30893,WestWater Research,Business Services,"Boise, Idaho, United States",2023-03-09,"Buyout (LBO, MBO, MBI)",,,3.4,True,,0,0,https://mergr.com/company/30893,2026-09-03T23:54:45Z
6526,Birch Swing Capital,New York,311289,Scrubs on Wheels,Retail,"Elkhart, Indiana, United States",2023-03-20,"Buyout (LBO, MBO, MBI)",,,3.4,True,,0,0,https://mergr.com/company/311289,2026-09-03T23:54:45Z
6527,V&A Capital,New York,116645,SinterMet,Machinery,"Kittanning, Pennsylvania, United States",2019-09-30,Secondary Buyout,,,6.9,True,,1,0,https://mergr.com/company/116645,2026-09-03T23:54:45Z
6527,V&A Capital,New York,311480,Precision Kidd Steel,Metals/Mining,"Aliquippa, Pennsylvania, United States",2015-01-12,"Buyout (LBO, MBO, MBI)",2024-07-30,Divestiture,9.5,False,,0,0,https://mergr.com/company/311480,2026-09-03T23:54:45Z
6537,Ascend Partners,New York,332645,Unison Therapy Services,Consumer Services,"Walnut Creek, California, United States",2025-01-09,Secondary Buyout,,,1.6,True,,0,0,https://mergr.com/company/332645,2026-09-03T23:54:45Z
6537,Ascend Partners,New York,317678,Seoul Medical Group,Healthcare Services,"Long Beach, California, United States",2023-10-03,"Buyout (LBO, MBO, MBI)",,,2.9,True,,0,0,https://mergr.com/company/317678,2026-09-03T23:54:45Z
6537,Ascend Partners,New York,309527,Allied Physicians Group,Healthcare Services,"Melville, New York, United States",2023-01-31,Growth Capital,,,3.6,True,,0,0,https://mergr.com/company/309527,2026-09-03T23:54:45Z
6537,Ascend Partners,New York,312135,Medical Specialists of the Palm Beaches,Healthcare Services,"Boynton Beach, Florida, United States",2022-12-01,Growth Capital,,,3.8,True,,7,0,https://mergr.com/company/312135,2026-09-03T23:54:45Z
6537,Ascend Partners,New York,310116,Elation Health,Healthcare Services,"San Francisco, California, United States",2022-07-26,Venture,,,4.1,True,,2,0,https://mergr.com/company/310116,2026-09-03T23:54:45Z
6537,Ascend Partners,New York,312374,Ilumed,Healthcare Services,"Jupiter, Florida, United States",2021-12-15,Venture,,,4.7,True,,0,0,https://mergr.com/company/312374,2026-09-03T23:54:45Z
6537,Ascend Partners,New York,312385,Rendr,Healthcare Services,"New York, New York, United States",2021-05-11,Growth Capital,,,5.3,True,,1,0,https://mergr.com/company/312385,2026-09-03T23:54:45Z
6537,Ascend Partners,New York,312389,Essen Health Care,Healthcare Services,"Bronx, New York, United States",2020-11-01,"Buyout (LBO, MBO, MBI)",,,5.8,True,,0,0,https://mergr.com/company/312389,2026-09-03T23:54:45Z
6537,Ascend Partners,New York,234778,Consensus Health,Healthcare Services,"Marlton, New Jersey, United States",2016-05-02,Growth Capital,,,10.3,True,,2,0,https://mergr.com/company/234778,2026-09-03T23:54:45Z
6541,Enlightened Hospitality Investments,New York,352308,Blink,Internet Software and Services,"London, United Kingdom",2026-05-18,Growth Capital,,,0.3,True,,0,0,https://mergr.com/company/352308,2026-09-03T23:54:45Z
6541,Enlightened Hospitality Investments,New York,240787,Tripleseat,Internet Software and Services,"Concord, Massachusetts, United States",2023-04-27,Secondary Buyout,2023-04-27,Trade Sale - Public Company,0,False,,0,0,https://mergr.com/company/240787,2026-09-03T23:54:45Z
6541,Enlightened Hospitality Investments,New York,240787,Tripleseat,Internet Software and Services,"Concord, Massachusetts, United States",2020-03-04,Secondary Buyout,2023-04-27,Trade Sale - Public Company,3.1,False,,1,0,https://mergr.com/company/240787,2026-09-03T23:54:45Z
6567,CCMP Growth,New York,341655,A1 Cash & Carry,Retail,"Mississauga, Ontario, Canada",2025-10-14,Divestiture,,,0.8,True,,0,0,https://mergr.com/company/341655,2026-09-03T23:54:45Z
6567,CCMP Growth,New York,331293,Combined Caterers,Consumer Services,"Charlotte, North Carolina, United States",2024-12-03,"Buyout (LBO, MBO, MBI)",,,1.8,True,,0,0,https://mergr.com/company/331293,2026-09-03T23:54:45Z
6567,CCMP Growth,New York,255400,Best Impressions Caterers,Business Services,"Charlotte, North Carolina, United States",2024-12-03,Secondary Buyout,,,1.8,True,,0,0,https://mergr.com/company/255400,2026-09-03T23:54:45Z
6567,CCMP Growth,New York,320730,Innovative Refrigeration Systems,Manufacturing,"Lyndhurst, Virginia, United States",2024-01-11,Growth Capital,,,2.6,True,,0,0,https://mergr.com/company/320730,2026-09-03T23:54:45Z
6567,CCMP Growth,New York,323929,Decks & Docks Lumber,Distribution,"Clearwater, Florida, United States",2023-10-04,"Buyout (LBO, MBO, MBI)",,,2.9,True,,6,0,https://mergr.com/company/323929,2026-09-03T23:54:45Z
6567,CCMP Growth,New York,262641,Mammoth Holdings,Consumer Services,"Atlanta, Georgia, United States",2018-10-18,Consolidation,,,7.8,True,,18,0,https://mergr.com/company/262641,2026-09-03T23:54:45Z
6569,Bluestone Equity Partners,New York,351706,Poolhouse,Leisure,"London, United Kingdom",2026-07-17,Growth Capital,,,0.1,True,,0,0,https://mergr.com/company/351706,2026-09-03T23:54:45Z
6569,Bluestone Equity Partners,New York,345080,Selkirk Sport,Apparel/Textiles,"Meridian, Idaho, United States",2026-01-20,"Buyout (LBO, MBO, MBI)",,,0.6,True,,0,0,https://mergr.com/company/345080,2026-09-03T23:54:45Z
6569,Bluestone Equity Partners,New York,324009,Volo Sports,Leisure,"Baltimore, Maryland, United States",2024-04-18,Growth Capital,,,2.3,True,,1,0,https://mergr.com/company/324009,2026-09-03T23:54:45Z
6569,Bluestone Equity Partners,New York,312236,VideoVerse,Internet Software and Services,"Los Angeles, California, United States",2023-12-18,Growth Capital,2025-09-09,Divestiture,1.7,False,,0,0,https://mergr.com/company/312236,2026-09-03T23:54:45Z
6569,Bluestone Equity Partners,New York,317032,RWS Global,Media,"New York, New York, United States",2023-09-18,Growth Capital,,,2.9,True,,2,0,https://mergr.com/company/317032,2026-09-03T23:54:45Z
6569,Bluestone Equity Partners,New York,315572,PMY Group,Information Technology,"Melbourne, Australia",2023-07-28,"Buyout (LBO, MBO, MBI)",,,3.1,True,,0,0,https://mergr.com/company/315572,2026-09-03T23:54:45Z
6582,Consortium Brand Partners,New York,18511,California Pizza Kitchen,Restaurants,"Costa Mesa, California, United States",2025-12-16,Special Situations/Distressed,,,0.7,True,,0,0,https://mergr.com/company/18511,2026-09-03T23:54:45Z
6582,Consortium Brand Partners,New York,28641,Jonathan Adler,Consumer Products,"New York, New York, United States",2024-12-23,Secondary Buyout,,,1.7,True,,0,0,https://mergr.com/company/28641,2026-09-03T23:54:45Z
6582,Consortium Brand Partners,New York,325626,Outdoor Voices,Apparel/Textiles,"Austin, Texas, United States",2024-06-04,"Buyout (LBO, MBO, MBI)",,,2.3,True,,0,0,https://mergr.com/company/325626,2026-09-03T23:54:45Z
6582,Consortium Brand Partners,New York,316721,Draper James,Consumer Products,"New York, New York, United States",2023-09-07,"Buyout (LBO, MBO, MBI)",,,2.9,True,,0,0,https://mergr.com/company/316721,2026-09-03T23:54:45Z
6615,Good Springs Capital,New York,349211,Snyder Environmental Services,Environmental,"Kearneysville, West Virginia, United States",2026-05-13,Growth Capital,,,0.3,True,,0,0,https://mergr.com/company/349211,2026-09-03T23:54:45Z
6615,Good Springs Capital,New York,331835,Tectonic,Engineering,"Mountainville, New York, United States",2024-10-30,Stake Purchase,,,1.8,True,,0,0,https://mergr.com/company/331835,2026-09-03T23:54:45Z
6615,Good Springs Capital,New York,326642,Kimbel Mechanical Systems,Business Services,"Fayetteville, Arkansas, United States",2024-07-01,Growth Capital,,,2.2,True,,1,0,https://mergr.com/company/326642,2026-09-03T23:54:45Z
6617,Elements Health Investors,New York,246016,Carisk Partners,Insurance,"Miami, Florida, United States",2023-12-04,Recapitalization,,,2.8,True,,1,0,https://mergr.com/company/246016,2026-09-03T23:54:45Z
6623,Rubelmann Capital,New York,319817,John A. Van Den Bosch,Distribution,"Holland, Michigan, United States",2023-12-13,"Buyout (LBO, MBO, MBI)",,,2.7,True,,0,0,https://mergr.com/company/319817,2026-09-03T23:54:45Z
6623,Rubelmann Capital,New York,314870,Vertical Mechanical Group,Business Services,"Sterling, Virginia, United States",2023-06-21,Stake Purchase,,,3.2,True,,0,0,https://mergr.com/company/314870,2026-09-03T23:54:45Z
6623,Rubelmann Capital,New York,319856,Priority,Marketing,"Sheboygan, Wisconsin, United States",2021-01-05,"Buyout (LBO, MBO, MBI)",2024-06-11,Divestiture,3.4,False,,0,0,https://mergr.com/company/319856,2026-09-03T23:54:45Z
6629,Pearl Street Capital Partners,New York,349653,Apex Plumbing,Business Services,"Clearwater, Florida, United States",2026-05-27,"Buyout (LBO, MBO, MBI)",,,0.3,True,,0,0,https://mergr.com/company/349653,2026-09-03T23:54:45Z
6629,Pearl Street Capital Partners,New York,23465,Measurement Control Systems,Test/Measurement Equipment,"Irvine, California, United States",2023-12-01,Secondary Buyout,,,2.8,True,,0,0,https://mergr.com/company/23465,2026-09-03T23:54:45Z
6634,Payroll Growth Partners,New York,320951,School Payroll Services,Business Services,"Henderson, Nevada, United States",2024-01-18,"Buyout (LBO, MBO, MBI)",,,2.6,True,,0,0,https://mergr.com/company/320951,2026-09-03T23:54:45Z
6639,Option3,New York,333128,ENIGMA,Information Technology,"New York, New York, United States",2024-01-26,Consolidation,,,2.6,True,,2,0,https://mergr.com/company/333128,2026-09-03T23:54:45Z
6672,Radial Equity Partners,New York,329483,Plasticade,Business Services,"Des Plaines, Illinois, United States",2024-10-08,Growth Capital,,,1.8,True,,2,0,https://mergr.com/company/329483,2026-09-03T23:54:45Z
6672,Radial Equity Partners,New York,324486,Moss and Rimmer,Automotive,"Goleta, California, United States",2024-04-12,Consolidation,,,2.3,True,,0,0,https://mergr.com/company/324486,2026-09-03T23:54:45Z
6672,Radial Equity Partners,New York,320627,Multi Parts,Automotive,"Jupiter, Florida, United States",2023-04-19,Stake Purchase,,,3.3,True,,1,0,https://mergr.com/company/320627,2026-09-03T23:54:45Z
6672,Radial Equity Partners,New York,315676,Clark-Reliance,Test/Measurement Equipment,"Strongsville, Ohio, United States",2021-11-30,Stake Purchase,,,4.8,True,,1,0,https://mergr.com/company/315676,2026-09-03T23:54:45Z
6672,Radial Equity Partners,New York,324484,Lewisburg Printing Company,Manufacturing,"Lewisburg, Tennessee, United States",2021-04-13,Stake Purchase,,,5.3,True,,1,0,https://mergr.com/company/324484,2026-09-03T23:54:45Z
6682,Swift Anchor Holdings,New York,325487,Essential Turbines,Aerospace,"Dorval, Quebec, Canada",2024-05-29,Growth Capital,,,2.3,True,,1,0,https://mergr.com/company/325487,2026-09-03T23:54:45Z
6682,Swift Anchor Holdings,New York,325502,Associated Veterinary Partners,Consumer Services,"Charlottesville, Virginia, United States",2022-09-01,Growth Capital,,,4,True,,0,0,https://mergr.com/company/325502,2026-09-03T23:54:45Z
6682,Swift Anchor Holdings,New York,284084,Amerimed,Education,"New York, New York, United States",2022-01-01,Growth Capital,,,4.7,True,,0,0,https://mergr.com/company/284084,2026-09-03T23:54:45Z
6683,Hudson Glade,New York,340205,ComNet Communications,Communications,"Bethel, Connecticut, United States",2025-09-10,"Buyout (LBO, MBO, MBI)",,,0.9,True,,0,0,https://mergr.com/company/340205,2026-09-03T23:54:45Z
6683,Hudson Glade,New York,325488,Quality First,Business Services,"Citrus Heights, California, United States",2024-05-29,"Buyout (LBO, MBO, MBI)",,,2.3,True,,0,0,https://mergr.com/company/325488,2026-09-03T23:54:45Z
6686,Technology Acquisition Capital,New York,325686,Seven Verbs,Information Technology,"Beacon, New York, United States",2024-06-05,"Buyout (LBO, MBO, MBI)",,,2.2,True,,0,0,https://mergr.com/company/325686,2026-09-03T23:54:45Z
6688,Zenyth Partners,New York,350446,Evolve Orthopedic,Healthcare Services,"Latham, New York, United States",2025-08-13,Consolidation,,,1,True,,0,0,https://mergr.com/company/350446,2026-09-03T23:54:45Z
6688,Zenyth Partners,New York,325769,LifeCare,Consumer Services,"Irving, Texas, United States",2024-06-06,Growth Capital,,,2.2,True,,2,0,https://mergr.com/company/325769,2026-09-03T23:54:45Z
6688,Zenyth Partners,New York,326067,Align ENT + Allergy,Healthcare Services,"King of Prussia, Pennsylvania, United States",2022-01-01,"Buyout (LBO, MBO, MBI)",,,4.7,True,,0,0,https://mergr.com/company/326067,2026-09-03T23:54:45Z
6688,Zenyth Partners,New York,325948,Helping Hands Family,Healthcare Services,"King of Prussia, Pennsylvania, United States",2019-01-01,"Buyout (LBO, MBO, MBI)",,,7.7,True,,1,0,https://mergr.com/company/325948,2026-09-03T23:54:45Z
6688,Zenyth Partners,New York,304657,Renal Care 360°,Healthcare Services,"Brentwood, Tennessee, United States",2018-09-01,"Buyout (LBO, MBO, MBI)",,,8,True,,0,0,https://mergr.com/company/304657,2026-09-03T23:54:45Z
6688,Zenyth Partners,New York,268542,ReFocus Eye Health,Healthcare Services,"Waterbury, Connecticut, United States",2018-01-01,"Buyout (LBO, MBO, MBI)",,,8.7,True,,3,0,https://mergr.com/company/268542,2026-09-03T23:54:45Z
6688,Zenyth Partners,New York,218676,Schweiger Dermatology Group,Healthcare Services,"New York City, New York, United States",2016-04-13,Growth Capital,,,10.3,True,,23,0,https://mergr.com/company/218676,2026-09-03T23:54:45Z
6697,Madison River Capital,New York,352238,Nexus Power,Electrical Equipment,"Salt Lake City, Utah, United States",2026-07-30,Growth Capital,,,0.1,True,,0,0,https://mergr.com/company/352238,2026-09-03T23:54:45Z
6697,Madison River Capital,New York,351874,Pro Max,Construction,"Miami, Florida, United States",2026-07-22,Growth Capital,,,0.1,True,,0,0,https://mergr.com/company/351874,2026-09-03T23:54:45Z
6697,Madison River Capital,New York,326942,JDC Power Systems,Electrical Equipment,"Armonk, New York, United States",2024-07-10,Recapitalization,,,2.1,True,,0,0,https://mergr.com/company/326942,2026-09-03T23:54:45Z
6697,Madison River Capital,New York,327004,Senior Care Therapy,Healthcare Services,"Rochelle Park, New Jersey, United States",2024-01-10,Growth Capital,,,2.6,True,,0,0,https://mergr.com/company/327004,2026-09-03T23:54:45Z
6697,Madison River Capital,New York,306083,Follett Higher Education,Education,"Westchester, Illinois, United States",2022-02-02,"Buyout (LBO, MBO, MBI)",,,4.6,True,,1,0,https://mergr.com/company/306083,2026-09-03T23:54:45Z
6720,26North,New York,351437,Independent Insurance Group,Insurance,"Dallas, Texas, United States",2026-06-01,"Buyout (LBO, MBO, MBI)",,,0.3,True,,0,0,https://mergr.com/company/351437,2026-09-03T23:54:45Z
6720,26North,New York,280910,Independent Life,Insurance,"Dallas, Texas, United States",2026-06-01,"Buyout (LBO, MBO, MBI)",,,0.3,True,,0,0,https://mergr.com/company/280910,2026-09-03T23:54:45Z
6720,26North,New York,31264,Intermedia,Internet Software and Services,"Sunnyvale, California, United States",2026-03-31,Secondary Buyout,,,0.4,True,,0,0,https://mergr.com/company/31264,2026-09-03T23:54:45Z
6720,26North,New York,309002,Pagaya,Information Technology,"New York, New York, United States",2026-01-16,Stake Purchase,,,0.6,True,1005,0,0,https://mergr.com/company/309002,2026-09-03T23:54:45Z
6720,26North,New York,343580,Middleby Corp's Residential Kitchen Business,Manufacturing,"Elgin, Illinois, United States",2025-12-04,Divestiture,,,0.8,True,,0,0,https://mergr.com/company/343580,2026-09-03T23:54:45Z
6720,26North,New York,17727,NEP Group,Media,"Pittsburgh, Pennsylvania, United States",2025-10-17,Growth Capital,,,0.8,True,,0,0,https://mergr.com/company/17727,2026-09-03T23:54:45Z
6720,26North,New York,18840,AVI-SPL,Information Technology,"Tampa, Florida, United States",2025-06-25,Secondary Buyout,,,1.2,True,,0,0,https://mergr.com/company/18840,2026-09-03T23:54:45Z
6720,26North,New York,286219,ArchKey Solutions,Electrical Equipment,"St. Louis, Missouri, United States",2024-09-04,Secondary Buyout,,,2,True,,2,0,https://mergr.com/company/286219,2026-09-03T23:54:45Z
6729,Coleville Partners,New York,264727,Powderhorn,Insurance,"Brookfield, Connecticut, United States",2024-09-25,Divestiture,,,1.9,True,3,0,0,https://mergr.com/company/264727,2026-09-03T23:54:45Z
6735,Vesper Co.,New York,330004,TAO Digital Solutions,Information Technology,"Santa Clara, California, United States",2024-10-23,Growth Capital,2026-05-30,Bankruptcy,1.6,False,,1,0,https://mergr.com/company/330004,2026-09-03T23:54:45Z
6735,Vesper Co.,New York,340275,Position Music,Media,"Los Angeles, California, United States",2023-04-13,Growth Capital,,,3.3,True,,0,0,https://mergr.com/company/340275,2026-09-03T23:54:45Z
6735,Vesper Co.,New York,288155,New England Marine Monitoring,Technology Hardware,"Portland, Maine, United States",2021-06-30,Divestiture,,,5.2,True,,0,0,https://mergr.com/company/288155,2026-09-03T23:54:45Z
6765,Edgehill Management,New York,346289,ILS Gummies,Consumer Products,"McKinney, Texas, United States",2026-02-03,Growth Capital,,,0.6,True,,0,0,https://mergr.com/company/346289,2026-09-03T23:54:45Z
6765,Edgehill Management,New York,333223,Life Science Connect,Media,"Horsham, Pennsylvania, United States",2025-01-22,Growth Capital,,,1.6,True,,2,0,https://mergr.com/company/333223,2026-09-03T23:54:45Z
6770,Haven Capital Partners,New York,340477,Human Capital Education,Education,"Denver, Colorado, United States",2025-02-03,Growth Capital,,,1.6,True,,2,0,https://mergr.com/company/340477,2026-09-03T23:54:45Z
6770,Haven Capital Partners,New York,333410,Technology Management Concepts,Information Technology,"El Segundo, California, United States",2025-01-30,Growth Capital,,,1.6,True,,1,0,https://mergr.com/company/333410,2026-09-03T23:54:45Z
6770,Haven Capital Partners,New York,335917,Cognitus,Information Technology,"Dallas, Texas, United States",2024-04-22,Growth Capital,2025-10-15,Divestiture,1.4,False,,0,0,https://mergr.com/company/335917,2026-09-03T23:54:45Z
6775,Palella Holdings,New York,333650,Wash Out,Consumer Services,"Milan, Italy",2025-02-05,Divestiture,,,1.5,True,,0,0,https://mergr.com/company/333650,2026-09-03T23:54:45Z
6784,Next In Natural,New York,334176,Aura Bora,Beverages,"San Francisco, California, United States",2025-02-19,"Buyout (LBO, MBO, MBI)",,,1.5,True,,0,0,https://mergr.com/company/334176,2026-09-03T23:54:45Z
6794,Gulmohar Capital Partners,New York,345070,GRCS Trust,Software,"Toronto, Ontario, Canada",2026-01-08,Consolidation,,,0.6,True,,0,0,https://mergr.com/company/345070,2026-09-03T23:54:45Z
6794,Gulmohar Capital Partners,New York,334741,CurrentWare,Internet Software and Services,"Mississauga, Ontario, Canada",2025-03-12,"Buyout (LBO, MBO, MBI)",,,1.4,True,,0,0,https://mergr.com/company/334741,2026-09-03T23:54:45Z
6806,The Visualize Group,New York,331970,eCOGRA,Test/Measurement Equipment,"London, United Kingdom",2026-06-30,Secondary Buyout,,,0.2,True,,0,0,https://mergr.com/company/331970,2026-09-03T23:54:45Z
6806,The Visualize Group,New York,335637,BMM,Gaming,"Las Vegas, Nevada, United States",2025-04-15,"Buyout (LBO, MBO, MBI)",,,1.3,True,,0,0,https://mergr.com/company/335637,2026-09-03T23:54:45Z
6806,The Visualize Group,New York,180416,BMM Testlabs,Gaming,"Las Vegas, Nevada, United States",2025-04-15,"Buyout (LBO, MBO, MBI)",,,1.3,True,,0,0,https://mergr.com/company/180416,2026-09-03T23:54:45Z
6810,Clear Peak Capital,New York,335891,Ntara,Information Technology,"Johnson City, Tennessee, United States",2025-04-17,Growth Capital,,,1.3,True,,0,0,https://mergr.com/company/335891,2026-09-03T23:54:45Z
6810,Clear Peak Capital,New York,335944,ITsynch,Software,"Orlando, Florida, United States",2024-12-11,Growth Capital,,,1.7,True,,0,0,https://mergr.com/company/335944,2026-09-03T23:54:45Z
6820,Integrum,New York,274628,True,Business Services,"Philadelphia, Pennsylvania, United States",2025-11-18,Secondary Buyout,,,0.8,True,,0,0,https://mergr.com/company/274628,2026-09-03T23:54:45Z
6820,Integrum,New York,306169,Stout,Financial Services,"Chicago, Illinois, United States",2025-06-02,Secondary Buyout,,,1.3,True,,2,0,https://mergr.com/company/306169,2026-09-03T23:54:45Z
6839,Hunter Point Capital,New York,337468,Equitix,Business Services,"London, United Kingdom",2014-10-23,Add-on Acquisition,,,11.8,True,,0,0,https://mergr.com/company/337468,2026-09-03T23:54:45Z
6840,KDSA Investment Partners,New York,337554,Williams Distributors,Distribution,"Spokane Valley, Washington, United States",2025-06-18,"Buyout (LBO, MBO, MBI)",,,1.2,True,,0,0,https://mergr.com/company/337554,2026-09-03T23:54:45Z
6851,Turning Rock Partners,New York,30513,Ameriqual Group,Food,"Evansville, Indiana, United States",2021-08-17,Add-on Acquisition,,,5,True,,0,0,https://mergr.com/company/30513,2026-09-03T23:54:45Z
6856,Mascarene Partners,New York,350134,Iron Pillar,Metals/Mining,"Conyers, Georgia, United States",2026-06-08,Consolidation,,,0.2,True,,2,0,https://mergr.com/company/350134,2026-09-03T23:54:45Z
6856,Mascarene Partners,New York,338505,Voyager,Transportation,"Newark, New Jersey, United States",2025-07-17,"Buyout (LBO, MBO, MBI)",,,1.1,True,,0,0,https://mergr.com/company/338505,2026-09-03T23:54:45Z
6872,FalconPoint Capital Partners,New York,325493,Jennmar,Manufacturing,"Pittsburgh, Pennsylvania, United States",2026-03-11,Secondary Buyout,2026-03-11,Trade Sale - Public Company,0,False,,0,0,https://mergr.com/company/325493,2026-09-03T23:54:45Z
6872,FalconPoint Capital Partners,New York,339569,SMS,Metals/Mining,"Portage, Indiana, United States",2025-08-26,"Buyout (LBO, MBO, MBI)",,,1,True,,0,0,https://mergr.com/company/339569,2026-09-03T23:54:45Z
6872,FalconPoint Capital Partners,New York,325493,Jennmar,Manufacturing,"Pittsburgh, Pennsylvania, United States",2024-05-14,Growth Capital,2026-03-11,Trade Sale - Public Company,1.8,False,,8,0,https://mergr.com/company/325493,2026-09-03T23:54:45Z
6886,Portrait Capital,New York,340619,AAi Labels & Decals,Business Services,"Jonesboro, Arkansas, United States",2025-09-19,"Buyout (LBO, MBO, MBI)",,,0.9,True,,1,0,https://mergr.com/company/340619,2026-09-03T23:54:45Z
6886,Portrait Capital,New York,340644,Sticker Ranch,Business Services,"San Antonio, Texas, United States",2025-09-19,"Buyout (LBO, MBO, MBI)",,,0.9,True,,0,0,https://mergr.com/company/340644,2026-09-03T23:54:45Z
6888,Theatre Capital,New York,338851,AllPaid,Financial Services,"Indianapolis, Indiana, United States",2025-10-01,Secondary Buyout,,,0.9,True,,0,0,https://mergr.com/company/338851,2026-09-03T23:54:45Z
6888,Theatre Capital,New York,340898,Association Analytics,Information Technology,"Arlington, Virginia, United States",2025-09-25,"Buyout (LBO, MBO, MBI)",,,0.9,True,,0,0,https://mergr.com/company/340898,2026-09-03T23:54:45Z
6888,Theatre Capital,New York,257330,CMIT Solutions,Information Technology,"Austin, Texas, United States",2023-01-09,Secondary Buyout,,,3.6,True,,2,0,https://mergr.com/company/257330,2026-09-03T23:54:45Z
6888,Theatre Capital,New York,308495,dominKnow,Internet Software and Services,"Ottawa, Ontario, Canada",2022-12-22,Recapitalization,,,3.7,True,,0,0,https://mergr.com/company/308495,2026-09-03T23:54:45Z
6888,Theatre Capital,New York,324214,Draup,Information Technology,"The Woodlands, Texas, United States",2022-03-22,Growth Capital,,,4.4,True,,0,0,https://mergr.com/company/324214,2026-09-03T23:54:45Z
6888,Theatre Capital,New York,315919,Probax,Software,"New York, New York, United States",2021-01-01,"Buyout (LBO, MBO, MBI)",,,5.7,True,,0,0,https://mergr.com/company/315919,2026-09-03T23:54:45Z
6888,Theatre Capital,New York,341737,Velosimo,Internet Software and Services,"Herriman, Utah, United States",2021-01-01,"Buyout (LBO, MBO, MBI)",,,5.7,True,,0,0,https://mergr.com/company/341737,2026-09-03T23:54:45Z
6890,Trajectory Capital,New York,341712,Legal Decoder,Business Services,"Falls Church, Virginia, United States",2025-10-15,Stake Purchase,,,0.8,True,,0,0,https://mergr.com/company/341712,2026-09-03T23:54:45Z
6890,Trajectory Capital,New York,340898,Association Analytics,Information Technology,"Arlington, Virginia, United States",2025-09-25,"Buyout (LBO, MBO, MBI)",,,0.9,True,,0,0,https://mergr.com/company/340898,2026-09-03T23:54:45Z
6909,Highmount Capital,New York,342193,BluWave,Business Services,"Brentwood, Tennessee, United States",2025-10-29,Growth Capital,,,0.8,True,,0,0,https://mergr.com/company/342193,2026-09-03T23:54:45Z
6909,Highmount Capital,New York,352295,Dude Perfect,Digital Media,"Oldsmar, Florida, United States",2024-04-09,Growth Capital,,,2.3,True,,0,0,https://mergr.com/company/352295,2026-09-03T23:54:45Z
6933,Seva Growth,New York,352991,Serif Health,Internet Software and Services,"San Francisco, California, United States",2026-08-20,Growth Capital,,,0,True,,0,0,https://mergr.com/company/352991,2026-09-03T23:54:45Z
6933,Seva Growth,New York,343711,Pronto,Internet Software and Services,"Lehi, Utah, United States",2025-12-09,Growth Capital,,,0.7,True,,0,0,https://mergr.com/company/343711,2026-09-03T23:54:45Z
6933,Seva Growth,New York,352964,TitanFile,Information Technology,"Toronto, Ontario, Canada",2025-07-14,Growth Capital,,,1.1,True,,0,0,https://mergr.com/company/352964,2026-09-03T23:54:45Z
6933,Seva Growth,New York,352989,Teleskope,Internet Software and Services,"Las Vegas, Nevada, United States",2025-05-19,Growth Capital,,,1.3,True,,0,0,https://mergr.com/company/352989,2026-09-03T23:54:45Z
6933,Seva Growth,New York,353008,Chicory,Consumer Services,"New York, New York, United States",2024-09-10,Growth Capital,,,1.9,True,,0,0,https://mergr.com/company/353008,2026-09-03T23:54:45Z
6944,Middle West Partners,New York,344269,Paul Stuart,Apparel/Textiles,"New York, New York, United States",2025-12-22,Divestiture,,,0.7,True,,0,0,https://mergr.com/company/344269,2026-09-03T23:54:45Z
6944,Middle West Partners,New York,352265,David Webb,Consumer Products,"New York, New York, United States",2025-04-07,"Buyout (LBO, MBO, MBI)",,,1.3,True,,0,0,https://mergr.com/company/352265,2026-09-03T23:54:45Z
6948,Carbon Direct Capital,New York,351491,Twelve,Chemicals,"Berkeley, California, United States",2025-02-13,Stake Purchase,,,1.5,True,,0,0,https://mergr.com/company/351491,2026-09-03T23:54:45Z
6948,Carbon Direct Capital,New York,331470,Heirloom,Environmental,"Brisbane, California, United States",2024-12-05,Stake Purchase,,,1.7,True,,0,0,https://mergr.com/company/331470,2026-09-03T23:54:45Z
6948,Carbon Direct Capital,New York,186067,Velocys,Environmental,"Houston, Texas, United States",2024-02-20,Going Private,,,2.5,True,,0,0,https://mergr.com/company/186067,2026-09-03T23:54:45Z
6948,Carbon Direct Capital,New York,353164,Leilac,Environmental,"Paris, France",2021-09-16,Stake Purchase,,,4.9,True,,0,0,https://mergr.com/company/353164,2026-09-03T23:54:45Z
6948,Carbon Direct Capital,New York,285834,Svante,Energy Services and Equipment,"Burnaby, British Columbia, Canada",2021-03-18,Stake Purchase,,,5.4,True,,1,0,https://mergr.com/company/285834,2026-09-03T23:54:45Z
6948,Carbon Direct Capital,New York,281698,CarbonCure,Building Materials,"Dartmouth, Nova Scotia, Canada",2021-01-29,Growth Capital,,,5.6,True,,0,0,https://mergr.com/company/281698,2026-09-03T23:54:45Z
6979,Queens Court Capital Management,New York,345617,Pet Resort Hospitality Group,Consumer Services,United States,2023-04-18,Consolidation,,,3.3,True,,1,0,https://mergr.com/company/345617,2026-09-03T23:54:45Z
6979,Queens Court Capital Management,New York,351796,Hopemark Health,Healthcare Services,"Oak Brook, Illinois, United States",2022-09-01,Special Situations/Distressed,,,4,True,,0,0,https://mergr.com/company/351796,2026-09-03T23:54:45Z
7013,Launch Point Partners,New York,334836,Velocity One,Manufacturing,"Fairfield, New Jersey, United States",2025-03-05,Stake Purchase,,,1.4,True,,3,0,https://mergr.com/company/334836,2026-09-03T23:54:45Z
7023,Third Space Capital,New York,348626,Five Points Production Services,Business Services,"Bell Buckle, Tennessee, United States",2026-04-30,Growth Capital,,,0.3,True,,0,0,https://mergr.com/company/348626,2026-09-03T23:54:45Z
7023,Third Space Capital,New York,347111,Premier Global Production,Media,"Madison, Tennessee, United States",2026-03-16,Growth Capital,,,0.4,True,,0,0,https://mergr.com/company/347111,2026-09-03T23:54:45Z
7023,Third Space Capital,New York,347113,Country Thunder,Media,"Nashville, Tennessee, United States",2026-03-16,Growth Capital,,,0.4,True,,0,0,https://mergr.com/company/347113,2026-09-03T23:54:45Z
7028,Basis Vectors,New York,351635,Agrim Intelligence,Software,"New York, New York, United States",2026-05-01,Growth Capital,,,0.3,True,,0,0,https://mergr.com/company/351635,2026-09-03T23:54:45Z
7028,Basis Vectors,New York,262413,Cadient Talent,Internet Software and Services,"Raleigh, North Carolina, United States",2024-04-10,Secondary Buyout,,,2.3,True,,0,0,https://mergr.com/company/262413,2026-09-03T23:54:45Z
7028,Basis Vectors,New York,302708,CommerceV3,Internet Software and Services,"Minneola, Florida, United States",2022-07-20,"Buyout (LBO, MBO, MBI)",,,4.1,True,,0,0,https://mergr.com/company/302708,2026-09-03T23:54:45Z
7028,Basis Vectors,New York,213304,Vorro,Information Technology,"Orange Park, Florida, United States",2021-11-09,"Buyout (LBO, MBO, MBI)",,,4.8,True,,0,0,https://mergr.com/company/213304,2026-09-03T23:54:45Z
7028,Basis Vectors,New York,351634,Infinita Lab,Test/Measurement Equipment,"Newark, California, United States",2020-01-01,Growth Capital,,,6.7,True,,0,0,https://mergr.com/company/351634,2026-09-03T23:54:45Z
7045,Nivora Group,New York,348062,Aavrani,Consumer Products,"New York, New York, United States",2026-04-15,"Buyout (LBO, MBO, MBI)",,,0.3,True,,0,0,https://mergr.com/company/348062,2026-09-03T23:54:45Z
7062,Link Growth Capital Partners,New York,260409,Choice Adhesives,Chemicals,"Cincinnati, Ohio, United States",2021-04-19,Add-on Acquisition,,,5.3,True,,0,0,https://mergr.com/company/260409,2026-09-03T23:54:45Z
7069,Norlantic Capital,New York,350246,Stephano Slack,Business Services,"Wayne, Pennsylvania, United States",2026-06-10,Growth Capital,,,0.2,True,,0,0,https://mergr.com/company/350246,2026-09-03T23:54:45Z
7073,Verance Capital,New York,350540,Invisible Narratives,Media,"Santa Monica, California, United States",2026-06-17,Growth Capital,,,0.2,True,,0,0,https://mergr.com/company/350540,2026-09-03T23:54:45Z
7078,Forge52,New York,350886,Logomark,Business Services,"Tustin, California, United States",2026-03-10,"Buyout (LBO, MBO, MBI)",,,0.4,True,,0,0,https://mergr.com/company/350886,2026-09-03T23:54:45Z
7084,Industrious Equity Partners,New York,223869,Labsphere,Test/Measurement Equipment,"North Sutton, New Hampshire, United States",2026-04-02,Divestiture,,,0.4,True,13,0,0,https://mergr.com/company/223869,2026-09-03T23:54:45Z
7094,Coogee Bay Partners,New York,351661,Caring Transitions,Business Services,"Cincinnati, Ohio, United States",2026-07-16,"Buyout (LBO, MBO, MBI)",,,0.1,True,,0,0,https://mergr.com/company/351661,2026-09-03T23:54:45Z
7100,Altair Industries,New York,352505,Central Wire,Manufacturing,"Perth, Ontario, Canada",2026-08-05,"Buyout (LBO, MBO, MBI)",,,0,True,,0,0,https://mergr.com/company/352505,2026-09-03T23:54:45Z
7103,Tortuga Growth Partners,New York,352610,Advanced eClinical Training,Education,"New York, New York, United States",2026-08-04,Growth Capital,,,0.1,True,,0,0,https://mergr.com/company/352610,2026-09-03T23:54:45Z
7112,Concord Holdings,New York,353040,Paramount Placement,Staffing,"Norton, Massachusetts, United States",2026-08-21,"Buyout (LBO, MBO, MBI)",,,0,True,,0,0,https://mergr.com/company/353040,2026-09-03T23:54:45Z
161,Easton Capital Investment Group,New York,300836,Kit Check,Medical Products,"Alexandria, Virginia, United States",2013-07-16,Venture,,,13.1,True,,0,0,https://mergr.com/company/300836,2026-09-07T00:00:00Z
161,Easton Capital Investment Group,New York,300844,electroCore,Medical Products,"Rockaway, New Jersey, United States",2013-04-09,Venture,2018-06-01,IPO,5.1,False,25,0,0,https://mergr.com/company/300844,2026-09-07T00:00:00Z
161,Easton Capital Investment Group,New York,300838,Medikly,Medical Products,"New York, New York, United States",2013-02-21,Venture,,,13.5,True,,0,0,https://mergr.com/company/300838,2026-09-07T00:00:00Z
161,Easton Capital Investment Group,New York,114341,Within3,Internet Software and Services,"Lakewood, Ohio, United States",2012-12-20,Venture,,,13.7,True,,1,0,https://mergr.com/company/114341,2026-09-07T00:00:00Z
161,Easton Capital Investment Group,New York,275955,TigerConnect,Medical Products,"El Segundo, California, United States",2012-02-03,Venture,,,14.6,True,,2,0,https://mergr.com/company/275955,2026-09-07T00:00:00Z
161,Easton Capital Investment Group,New York,114313,Resolve Therapeutics LLC,Life Science,"Kirkland, Washington, United States",2011-05-17,Venture,,,15.3,True,,0,0,https://mergr.com/company/114313,2026-09-07T00:00:00Z
161,Easton Capital Investment Group,New York,22245,"Promedior, Inc.",Life Science,"Lexington, Massachusetts, United States",2010-03-16,Venture,2019-11-15,Spin Off,9.6,False,,0,0,https://mergr.com/company/22245,2026-09-07T00:00:00Z
161,Easton Capital Investment Group,New York,1281,Genetix,Life Science,"Somerville, Massachusetts, United States",2010-03-12,Venture,2013-06-19,IPO,3.3,False,29,0,0,https://mergr.com/company/1281,2026-09-07T00:00:00Z
161,Easton Capital Investment Group,New York,8890,Coapt Systems,Medical Products,"Palo Alto, California, United States",2009-12-08,Venture,,,16.7,True,,0,0,https://mergr.com/company/8890,2026-09-07T00:00:00Z
161,Easton Capital Investment Group,New York,1294,Java Brands,Beverages,"New York City, New York, United States",2009-08-06,"Buyout (LBO, MBO, MBI)",,,17.1,True,,0,0,https://mergr.com/company/1294,2026-09-07T00:00:00Z
161,Easton Capital Investment Group,New York,22239,Autonet Mobile,Communications,"Santa Rosa, California, United States",2008-01-01,Venture,,,18.7,True,,0,1,https://mergr.com/company/22239,2026-09-07T00:00:00Z
161,Easton Capital Investment Group,New York,1264,Achronix,Semiconductors,"Santa Clara, California, United States",2007-08-01,Venture,2021-01-08,SPAC,13.4,False,,0,0,https://mergr.com/company/1264,2026-09-07T00:00:00Z
161,Easton Capital Investment Group,New York,1262,Gentis,Life Science,"Wayne, Pennsylvania, United States",2007-06-20,Venture,,,19.2,True,,0,0,https://mergr.com/company/1262,2026-09-07T00:00:00Z
161,Easton Capital Investment Group,New York,1265,Lamina Ceramics,Electrical Equipment,"Westampton, New Jersey, United States",2007-04-24,Venture,2008-08-01,Divestiture,1.3,False,,0,0,https://mergr.com/company/1265,2026-09-07T00:00:00Z
161,Easton Capital Investment Group,New York,22249,"Xoft, Inc.",Medical Products,"Sunnvale, California, United States",2007-04-04,Venture,2010-12-16,Divestiture,3.7,False,,0,0,https://mergr.com/company/22249,2026-09-07T00:00:00Z
161,Easton Capital Investment Group,New York,1273,Trellis Bioscience,Life Science,"South San Francisco, California, United States",2007-02-13,Venture,,,19.5,True,,0,0,https://mergr.com/company/1273,2026-09-07T00:00:00Z
161,Easton Capital Investment Group,New York,1298,IGA Worldwide,Marketing,"New York, New York, United States",2006-02-07,Venture,,,20.6,True,,0,0,https://mergr.com/company/1298,2026-09-07T00:00:00Z
161,Easton Capital Investment Group,New York,22246,"Protez Pharmaceuticals, Inc.",Life Science,"Malvem, Pennsylvania, United States",2005-08-24,Venture,2008-06-04,Divestiture,2.8,False,,0,0,https://mergr.com/company/22246,2026-09-07T00:00:00Z
161,Easton Capital Investment Group,New York,1278,Salmedix,Life Science,"San Diego, California, United States",2004-06-01,Venture,2005-06-14,Divestiture,1,False,,0,0,https://mergr.com/company/1278,2026-09-07T00:00:00Z
161,Easton Capital Investment Group,New York,1905,"TransMolecular, Inc.",Life Science,"Cambridge, Massachusetts, United States",2004-03-01,Venture,2011-04-04,Divestiture,7.1,False,,0,0,https://mergr.com/company/1905,2026-09-07T00:00:00Z
161,Easton Capital Investment Group,New York,1259,Biolex Therapeutics,Life Science,"Pittsboro, North Carolina, United States",2003-08-20,Venture,2014-01-01,Bankruptcy,10.3,False,,0,0,https://mergr.com/company/1259,2026-09-07T00:00:00Z
161,Easton Capital Investment Group,New York,1269,Acorda Therapeutics,Life Science,"Pearl River, New York, United States",2003-05-01,Venture,2006-02-01,IPO,2.8,False,118,0,0,https://mergr.com/company/1269,2026-09-07T00:00:00Z
161,Easton Capital Investment Group,New York,27131,"Comverge, Inc.",Utilities,"Norcross, Georgia, United States",2003-04-01,Venture,2007-04-13,IPO,4,False,,0,0,https://mergr.com/company/27131,2026-09-07T00:00:00Z
161,Easton Capital Investment Group,New York,1293,DDF Skincare,Consumer Products,"Cincinnati, Ohio, United States",2002-01-01,"Buyout (LBO, MBO, MBI)",2007-01-22,Divestiture,5,False,,0,0,https://mergr.com/company/1293,2026-09-07T00:00:00Z
161,Easton Capital Investment Group,New York,1272,Targacept,Life Science,"Winston-Salem, North Carolina, United States",2000-08-01,"Buyout (LBO, MBO, MBI)",2006-04-01,IPO,5.7,False,3629,0,0,https://mergr.com/company/1272,2026-09-07T00:00:00Z
6139,Everberg Capital,New York,263993,Paxia,Internet Software and Services,"Herndon, Virginia, United States",2025-07-10,Secondary Buyout,,,1.1,True,,0,0,https://mergr.com/company/263993,2026-09-07T00:00:00Z
6139,Everberg Capital,New York,337828,Aligned Fitness Posture Therapy,Consumer Services,"San Jose, California, United States",2025-06-26,Growth Capital,,,1.2,True,,1,0,https://mergr.com/company/337828,2026-09-07T00:00:00Z
6139,Everberg Capital,New York,332736,Allied OMS,Healthcare Services,"Southlake, Texas, United States",2025-06-16,Growth Capital,,,1.2,True,,2,0,https://mergr.com/company/332736,2026-09-07T00:00:00Z
6139,Everberg Capital,New York,310109,CoachCare,Internet Software and Services,"New York City, New York, United States",2024-12-11,Growth Capital,,,1.7,True,,2,0,https://mergr.com/company/310109,2026-09-07T00:00:00Z
6139,Everberg Capital,New York,321263,Ridgeline Roofing and Restoration,Building Materials,"Odenville, Alabama, United States",2024-01-30,Growth Capital,,,2.6,True,,6,0,https://mergr.com/company/321263,2026-09-07T00:00:00Z
6139,Everberg Capital,New York,338673,RAFTR Roofing + Exteriors,Construction,"Duluth, Georgia, United States",2023-09-01,Consolidation,,,3,True,,1,0,https://mergr.com/company/338673,2026-09-07T00:00:00Z
6139,Everberg Capital,New York,309395,MTM,Transportation,"St. Louis, Missouri, United States",2022-08-01,Growth Capital,,,4.1,True,,0,0,https://mergr.com/company/309395,2026-09-07T00:00:00Z
6139,Everberg Capital,New York,300516,GoAuto,Insurance,"Baton Rouge, Louisiana, United States",2022-05-26,Add-on Acquisition,,,4.3,True,,0,0,https://mergr.com/company/300516,2026-09-07T00:00:00Z
6139,Everberg Capital,New York,313108,Swyft Filings,Business Services,"Houston, Texas, United States",2021-12-01,"Buyout (LBO, MBO, MBI)",,,4.8,True,,0,0,https://mergr.com/company/313108,2026-09-07T00:00:00Z
6139,Everberg Capital,New York,19278,Carrus,Internet Software and Services,"Lehi, Utah, United States",2021-10-13,Add-on Acquisition,,,4.8,True,,0,0,https://mergr.com/company/19278,2026-09-07T00:00:00Z
6139,Everberg Capital,New York,297016,UniVista Insurance,Insurance,"Miami, Florida, United States",2021-07-15,Growth Capital,,,5.1,True,,0,0,https://mergr.com/company/297016,2026-09-07T00:00:00Z
6139,Everberg Capital,New York,313110,Atlas Vineyard Management,Agriculture,"Napa, California, United States",2021-05-28,Growth Capital,,,5.3,True,,0,0,https://mergr.com/company/313110,2026-09-07T00:00:00Z
6139,Everberg Capital,New York,40325,CIS Secure,Technology Hardware,"Ashburn, Virginia, United States",2021-04-20,Secondary Buyout,,,5.3,True,,1,0,https://mergr.com/company/40325,2026-09-07T00:00:00Z
6139,Everberg Capital,New York,199974,Signal,Franchising,"Omaha, Nebraska, United States",2020-06-01,Secondary Buyout,,,6.3,True,,0,0,https://mergr.com/company/199974,2026-09-07T00:00:00Z
6139,Everberg Capital,New York,301830,Omni Logistics,Transportation,"Coppell, Texas, United States",2020-01-01,"Buyout (LBO, MBO, MBI)",2023-08-10,Divestiture,3.6,False,,0,0,https://mergr.com/company/301830,2026-09-07T00:00:00Z
6139,Everberg Capital,New York,258206,HH Global,Marketing,"Leatherhead, United Kingdom",2019-12-03,Growth Capital,,,6.8,True,,7,0,https://mergr.com/company/258206,2026-09-07T00:00:00Z
6139,Everberg Capital,New York,266165,Crafty Apes,Media,"El Segundo, California, United States",2019-11-07,Growth Capital,,,6.8,True,,2,0,https://mergr.com/company/266165,2026-09-07T00:00:00Z
6139,Everberg Capital,New York,165993,Comar,Plastics,"Voorhees, New Jersey, United States",2018-06-19,Recapitalization,2025-11-04,Divestiture,7.3,False,,3,0,https://mergr.com/company/165993,2026-09-07T00:00:00Z
6139,Everberg Capital,New York,4416,Penn Foster Group,Education,"Scranton, Pennsylvania, United States",2018-05-01,Secondary Buyout,,,8.3,True,,3,0,https://mergr.com/company/4416,2026-09-07T00:00:00Z
6139,Everberg Capital,New York,224546,Wpromote,Marketing,"El Segundo, California, United States",2018-03-13,Growth Capital,,,8.4,True,,4,0,https://mergr.com/company/224546,2026-09-07T00:00:00Z
6139,Everberg Capital,New York,74325,Hyphen Solutions,Internet Software and Services,"Dallas, Texas, United States",2016-06-21,Growth Capital,,,10.2,True,,5,0,https://mergr.com/company/74325,2026-09-07T00:00:00Z
6139,Everberg Capital,New York,220558,Applied Composites,Manufacturing,"Lake Forest, California, United States",2016-05-19,"Buyout (LBO, MBO, MBI)",,,10.3,True,,3,0,https://mergr.com/company/220558,2026-09-07T00:00:00Z
6139,Everberg Capital,New York,33953,Dental Care Alliance,Healthcare Services,"Sarasota, Florida, United States",2015-07-06,Secondary Buyout,,,11.2,True,,2,0,https://mergr.com/company/33953,2026-09-07T00:00:00Z
6139,Everberg Capital,New York,200644,9 Story Media Group,Digital Media,"Toronto, Ontario, Canada",2014-07-14,Growth Capital,2024-03-12,Divestiture,9.6,False,,2,0,https://mergr.com/company/200644,2026-09-07T00:00:00Z
6139,Everberg Capital,New York,15126,Interface Security Systems,Information Technology,"St. Louis, Missouri, United States",2005-09-26,"Buyout (LBO, MBO, MBI)",,,20.9,True,,1,0,https://mergr.com/company/15126,2026-09-07T00:00:00Z
