owner_firm_id,owner_firm_name,owner_firm_state,company_id,company_name,sector,location,acquired_date,acquisition_type,exit_date,exit_type,hold_years,is_current,revenue_millions_usd,acquisitions_during_hold,divestitures_during_hold,mergr_url,_fetched_at
46,Bradford Equities Management,New York,234571,United Brass Works,Manufacturing,"Randleman, North Carolina, United States",2016-08-12,"Buyout (LBO, MBO, MBI)",,,10,True,,0,0,https://mergr.com/company/234571,2026-09-03T23:54:45Z
46,Bradford Equities Management,New York,21930,"Connecticut Color, Inc.",Business Services,"Meriden, Connecticut, United States",2009-12-22,"Buyout (LBO, MBO, MBI)",,,16.7,True,,0,0,https://mergr.com/company/21930,2026-09-03T23:54:45Z
46,Bradford Equities Management,New York,17918,Globe Food Equipment Co.,Manufacturing,"Dayton, Ohio, United States",2008-08-01,"Buyout (LBO, MBO, MBI)",2011-12-05,Trade Sale - Public Company,3.3,False,,0,0,https://mergr.com/company/17918,2026-09-03T23:54:45Z
46,Bradford Equities Management,New York,17930,Sunbelt Modular,Building Materials,"Phoenix, Arizona, United States",2006-04-01,"Buyout (LBO, MBO, MBI)",,,20.4,True,,2,0,https://mergr.com/company/17930,2026-09-03T23:54:45Z
46,Bradford Equities Management,New York,392,Alkota Cleaning Systems,Machinery,"Alcester, South Dakota, United States",2006-03-08,Secondary Buyout,2015-05-05,Trade Sale - Public Company,9.1,False,,0,0,https://mergr.com/company/392,2026-09-03T23:54:45Z
46,Bradford Equities Management,New York,395,Electron Beam,Electrical Equipment,"Kankakee, Illinois, United States",2005-08-12,"Buyout (LBO, MBO, MBI)",,,21,True,,0,0,https://mergr.com/company/395,2026-09-03T23:54:45Z
46,Bradford Equities Management,New York,153737,PPG,Building Materials,"Glen Mills, Pennsylvania, United States",2004-01-02,"Buyout (LBO, MBO, MBI)",2013-08-01,Trade Sale - Public Company,9.5,False,,1,0,https://mergr.com/company/153737,2026-09-03T23:54:45Z
46,Bradford Equities Management,New York,396,Independent Printing Co.,Publishing,"De Pere, Wisconsin, United States",2003-06-13,"Buyout (LBO, MBO, MBI)",2017-01-30,Divestiture,13.6,False,,1,0,https://mergr.com/company/396,2026-09-03T23:54:45Z
46,Bradford Equities Management,New York,410,Paramount Cards,Consumer Products,"Pawtucket, Rhode Island, United States",1999-04-01,"Buyout (LBO, MBO, MBI)",2006-08-01,Bankruptcy,7.3,False,,0,0,https://mergr.com/company/410,2026-09-03T23:54:45Z
46,Bradford Equities Management,New York,405,Foilmark,Manufacturing,"Newyburyport, Massachusetts, United States",1998-11-17,"Buyout (LBO, MBO, MBI)",,,27.8,True,67,0,0,https://mergr.com/company/405,2026-09-03T23:54:45Z
46,Bradford Equities Management,New York,409,Pamarco Technologies,Manufacturing,"Roselle, New Jersey, United States",1997-10-27,"Buyout (LBO, MBO, MBI)",2006-03-08,Secondary Sale,8.3,False,,0,0,https://mergr.com/company/409,2026-09-03T23:54:45Z
46,Bradford Equities Management,New York,22767,"Travis International, Inc.",Distribution,"Houston, Texas, United States",1996-11-01,"Buyout (LBO, MBO, MBI)",1999-01-01,Trade Sale - Public Company,2.2,False,,0,0,https://mergr.com/company/22767,2026-09-03T23:54:45Z
46,Bradford Equities Management,New York,401,Tufco Technologies,Manufacturing,"Green Bay, Wisconsin, United States",1994-01-28,PIPE,,,32.6,True,,0,0,https://mergr.com/company/401,2026-09-03T23:54:45Z
46,Bradford Equities Management,New York,411,C.R. Gibson,Consumer Products,"Nashville, Tennessee, United States",1992-01-01,"Buyout (LBO, MBO, MBI)",1994-03-18,Sold to Management,2.2,False,,0,0,https://mergr.com/company/411,2026-09-03T23:54:45Z
66,Cadent Energy Partners,New York,33353,"SustainX, Inc.",Electrical Equipment,"Seabrook, New Hampshire, United States",2011-03-16,Venture,2015-03-30,Spin Off,4,False,,0,0,https://mergr.com/company/33353,2026-09-03T23:54:45Z
66,Cadent Energy Partners,New York,25632,Pipeline Supply & Service LLC,Distribution,"Houston, Texas, United States",2011-02-28,Recapitalization,2013-03-19,Divestiture,2,False,,1,0,https://mergr.com/company/25632,2026-09-03T23:54:45Z
66,Cadent Energy Partners,New York,33357,PolyFlow,Energy Services and Equipment,"Oaks, Pennsylvania, United States",2010-05-10,"Buyout (LBO, MBO, MBI)",,,16.3,True,,0,0,https://mergr.com/company/33357,2026-09-03T23:54:45Z
66,Cadent Energy Partners,New York,25631,Sherwood Energy,Energy Services and Equipment,"Austin, Texas, United States",2010-01-01,"Buyout (LBO, MBO, MBI)",,,16.7,True,,0,0,https://mergr.com/company/25631,2026-09-03T23:54:45Z
66,Cadent Energy Partners,New York,18490,NuCore Energy,Energy Services and Equipment,"Stamford, Connecticut, United States",2009-02-01,"Buyout (LBO, MBO, MBI)",2012-01-20,Divestiture,2.9,False,,0,0,https://mergr.com/company/18490,2026-09-03T23:54:45Z
66,Cadent Energy Partners,New York,555,Torqued-Up Energy Services,Energy Services and Equipment,"Tyler, Texas, United States",2008-04-01,Venture,2016-04-01,Divestiture,8,False,,0,1,https://mergr.com/company/555,2026-09-03T23:54:45Z
66,Cadent Energy Partners,New York,556,Ardent Services,Energy Services and Equipment,"Covington, Louisiana, United States",2008-02-01,Secondary Buyout,2016-03-21,Divestiture,8.1,False,300,0,0,https://mergr.com/company/556,2026-09-03T23:54:45Z
66,Cadent Energy Partners,New York,561,Probe Holdings,Test/Measurement Equipment,"Houston, Texas, United States",2008-01-01,"Buyout (LBO, MBO, MBI)",,,18.7,True,,0,0,https://mergr.com/company/561,2026-09-03T23:54:45Z
66,Cadent Energy Partners,New York,560,Logan International,Energy Services and Equipment,"Houston, Texas, United States",2006-12-01,Stake Purchase,,,19.8,True,,3,0,https://mergr.com/company/560,2026-09-03T23:54:45Z
66,Cadent Energy Partners,New York,559,Argos Utilities,Utilities,"Roanoke, Virginia, United States",2006-08-05,"Buyout (LBO, MBO, MBI)",,,20,True,,0,0,https://mergr.com/company/559,2026-09-03T23:54:45Z
66,Cadent Energy Partners,New York,558,Virginia Explosives & Drilling Co.,Energy Services and Equipment,"Vansant, Virginia, United States",2006-06-29,Growth Capital,,,20.2,True,,0,0,https://mergr.com/company/558,2026-09-03T23:54:45Z
66,Cadent Energy Partners,New York,4740,"Maxum Petroleum, Inc.",Transportation,"Greenwich, Connecticut, United States",2004-04-01,"Buyout (LBO, MBO, MBI)",2012-09-04,Divestiture,8.4,False,,1,0,https://mergr.com/company/4740,2026-09-03T23:54:45Z
102,Chartwell Investments Entrepreneur & Founder Capital,New York,344094,World Water Works,Environmental,"Oklahoma city, Oklahoma, United States",2024-12-04,Growth Capital,,,1.8,True,,0,0,https://mergr.com/company/344094,2026-09-03T23:54:45Z
102,Chartwell Investments Entrepreneur & Founder Capital,New York,326439,Guardian Fleet Services,Transportation,"West Palm Beach, Florida, United States",2023-02-21,Growth Capital,,,3.5,True,,2,0,https://mergr.com/company/326439,2026-09-03T23:54:45Z
102,Chartwell Investments Entrepreneur & Founder Capital,New York,326461,Blue Ocean Aesthetic Holdings,Healthcare Services,"New York City, New York, United States",2022-04-25,Consolidation,,,4.3,True,,0,0,https://mergr.com/company/326461,2026-09-03T23:54:45Z
102,Chartwell Investments Entrepreneur & Founder Capital,New York,326289,Rohrer Aesthetics,Medical Products,"Homewood, Alabama, United States",2022-03-23,Growth Capital,,,4.4,True,,0,0,https://mergr.com/company/326289,2026-09-03T23:54:45Z
102,Chartwell Investments Entrepreneur & Founder Capital,New York,287870,RQM+,Medical Products,"Monroeville, Pennsylvania, United States",2019-10-11,Growth Capital,2021-08-16,Trade Sale - Public Company,1.8,False,,1,0,https://mergr.com/company/287870,2026-09-03T23:54:45Z
102,Chartwell Investments Entrepreneur & Founder Capital,New York,271960,Catalyst MedTech,Medical Products,"Pittsburgh, Pennsylvania, United States",2018-12-01,Growth Capital,2021-12-27,Trade Sale - Public Company,3,False,,0,0,https://mergr.com/company/271960,2026-09-03T23:54:45Z
102,Chartwell Investments Entrepreneur & Founder Capital,New York,271971,Effox-Flextor-Mader,Manufacturing,"LaGrange, Ohio, United States",2013-06-06,Recapitalization,,,13.2,True,,0,0,https://mergr.com/company/271971,2026-09-03T23:54:45Z
102,Chartwell Investments Entrepreneur & Founder Capital,New York,26800,Datascan,Business Services,"Irving, Texas, United States",2011-02-01,Recapitalization,,,15.6,True,,0,0,https://mergr.com/company/26800,2026-09-03T23:54:45Z
102,Chartwell Investments Entrepreneur & Founder Capital,New York,855,PlayCore,Consumer Products,"Chattanooga, Tennessee, United States",2007-02-22,Secondary Buyout,2007-02-22,Trade Sale - Public Company,0,False,,0,0,https://mergr.com/company/855,2026-09-03T23:54:45Z
102,Chartwell Investments Entrepreneur & Founder Capital,New York,21578,Keen Energy Services LLC,Energy Services and Equipment,"Stillwater, Oklahoma, United States",2006-01-01,"Buyout (LBO, MBO, MBI)",2012-10-17,Divestiture,6.8,False,,0,0,https://mergr.com/company/21578,2026-09-03T23:54:45Z
102,Chartwell Investments Entrepreneur & Founder Capital,New York,859,Idaho Timber,Forest Products,"Boise, Idaho, United States",2005-05-01,"Buyout (LBO, MBO, MBI)",,,21.3,True,,0,0,https://mergr.com/company/859,2026-09-03T23:54:45Z
102,Chartwell Investments Entrepreneur & Founder Capital,New York,6801,"Easton Bell Sports, Inc.",Consumer Products,"Van Nuys, California, United States",2004-09-01,"Buyout (LBO, MBO, MBI)",2006-02-07,Divestiture,1.4,False,,0,0,https://mergr.com/company/6801,2026-09-03T23:54:45Z
102,Chartwell Investments Entrepreneur & Founder Capital,New York,856,PPC Air Pollution Control Systems,Manufacturing,"Longview, Texas, United States",2004-01-01,"Buyout (LBO, MBO, MBI)",,,22.7,True,,0,0,https://mergr.com/company/856,2026-09-03T23:54:45Z
102,Chartwell Investments Entrepreneur & Founder Capital,New York,857,Richard Childress Racing,Media,"Welcome, North Carolina, United States",2003-01-01,Recapitalization,,,23.7,True,,0,0,https://mergr.com/company/857,2026-09-03T23:54:45Z
102,Chartwell Investments Entrepreneur & Founder Capital,New York,854,Carey,Transportation,"Washington, District of Columbia, United States",2000-09-01,Going Private,2007-10-23,Divestiture,7.1,False,,0,0,https://mergr.com/company/854,2026-09-03T23:54:45Z
102,Chartwell Investments Entrepreneur & Founder Capital,New York,855,PlayCore,Consumer Products,"Chattanooga, Tennessee, United States",2000-04-14,Going Private,2007-02-22,Trade Sale - Public Company,6.8,False,,1,0,https://mergr.com/company/855,2026-09-03T23:54:45Z
102,Chartwell Investments Entrepreneur & Founder Capital,New York,21581,"Sunpark, Inc.",Business Services,"Buffalo, New York, United States",1997-10-15,Recapitalization,,,28.8,True,,0,0,https://mergr.com/company/21581,2026-09-03T23:54:45Z
102,Chartwell Investments Entrepreneur & Founder Capital,New York,32851,Petro Stopping Centers LP,Transportation,"El Paso, Texas, United States",1997-07-01,"Buyout (LBO, MBO, MBI)",2007-05-03,Divestiture,9.8,False,,0,0,https://mergr.com/company/32851,2026-09-03T23:54:45Z
102,Chartwell Investments Entrepreneur & Founder Capital,New York,21580,TA Operating LLC,Transportation,"West Lake, Ohio, United States",1996-10-24,Secondary Buyout,,,29.8,True,,0,0,https://mergr.com/company/21580,2026-09-03T23:54:45Z
113,Circle Peak Capital,New York,24501,Fischbein,Machinery,"Statesville, North Carolina, United States",2007-05-02,Secondary Buyout,2011-05-01,Secondary Sale,3.9,False,,0,0,https://mergr.com/company/24501,2026-09-03T23:54:45Z
113,Circle Peak Capital,New York,932,Rocket Dog Brands,Apparel/Textiles,"Haywards, California, United States",2007-03-05,Divestiture,,,19.4,True,,0,0,https://mergr.com/company/932,2026-09-03T23:54:45Z
113,Circle Peak Capital,New York,6789,WealthTrust LLC,Financial Services,"Scottsdale, Arizona, United States",2006-11-14,"Buyout (LBO, MBO, MBI)",,,19.8,True,,1,0,https://mergr.com/company/6789,2026-09-03T23:54:45Z
113,Circle Peak Capital,New York,934,Luxury Optical Holdings,Retail,"Las Vegas, Nevada, United States",2006-05-03,"Buyout (LBO, MBO, MBI)",,,20.3,True,,1,0,https://mergr.com/company/934,2026-09-03T23:54:45Z
113,Circle Peak Capital,New York,28930,Shari’s Management Corp. (aka Shari’s Restaurants),Restaurants,"Beaverton, Oregon, United States",2006-01-03,Secondary Buyout,,,20.7,True,175,0,0,https://mergr.com/company/28930,2026-09-03T23:54:45Z
113,Circle Peak Capital,New York,936,Hill & Valley,Food,"Rock Island, Illinois, United States",2005-08-15,"Buyout (LBO, MBO, MBI)",2017-01-03,Divestiture,11.3,False,,0,0,https://mergr.com/company/936,2026-09-03T23:54:45Z
120,CM Equity Partners,New York,342965,ShorePoint,Information Technology,"Herndon, Virginia, United States",2025-11-18,Growth Capital,,,0.8,True,,0,0,https://mergr.com/company/342965,2026-09-03T23:54:45Z
120,CM Equity Partners,New York,329481,Sabre Systems,Information Technology,"Warminster, Pennsylvania, United States",2024-09-26,"Buyout (LBO, MBO, MBI)",,,1.9,True,,0,0,https://mergr.com/company/329481,2026-09-03T23:54:45Z
120,CM Equity Partners,New York,325473,Dexis Consulting Group,Business Services,"Arlington, Virginia, United States",2023-12-26,Growth Capital,,,2.7,True,,0,0,https://mergr.com/company/325473,2026-09-03T23:54:45Z
120,CM Equity Partners,New York,272553,JANUS Research Group,Defense,"Evans, Georgia, United States",2019-06-12,Recapitalization,,,7.2,True,,0,0,https://mergr.com/company/272553,2026-09-03T23:54:45Z
120,CM Equity Partners,New York,262744,Systems Planning & Analysis,Business Services,"Alexandria, Virginia, United States",2016-07-18,"Buyout (LBO, MBO, MBI)",2021-10-06,Trade Sale - Public Company,5.2,False,,2,0,https://mergr.com/company/262744,2026-09-03T23:54:45Z
120,CM Equity Partners,New York,69318,GracoRoberts,Distribution,"Arlington, Texas, United States",2015-09-24,Secondary Buyout,2026-07-23,Trade Sale - Public Company,10.8,False,,6,1,https://mergr.com/company/69318,2026-09-03T23:54:45Z
120,CM Equity Partners,New York,27400,Solerity,Information Technology,"McLean, Virginia, United States",2007-09-05,Recapitalization,,,18.9,True,,7,0,https://mergr.com/company/27400,2026-09-03T23:54:45Z
120,CM Equity Partners,New York,27402,"RGS Associates, Inc.",Business Services,"Arlington, Virginia, United States",2006-11-29,"Buyout (LBO, MBO, MBI)",,,19.8,True,,0,0,https://mergr.com/company/27402,2026-09-03T23:54:45Z
120,CM Equity Partners,New York,63354,ICF International,Business Services,"Reston, Virginia, United States",2006-01-01,PIPE,,,20.7,True,1873,14,1,https://mergr.com/company/63354,2026-09-03T23:54:45Z
120,CM Equity Partners,New York,27404,Echo Bridge Entertainment LLC,Media,"Needham, Massachusetts, United States",2005-02-07,Consolidation,,,21.5,True,,0,0,https://mergr.com/company/27404,2026-09-03T23:54:45Z
183,Falconhead Capital,New York,35193,"Kwik Tek, Inc.",Consumer Products,"Denver, Colorado, United States",2017-01-19,Secondary Buyout,,,9.6,True,,0,0,https://mergr.com/company/35193,2026-09-03T23:54:45Z
183,Falconhead Capital,New York,212301,Multi-Flow Industries LLC,Beverages,"Huntingdon Valley, Pennsylvania, United States",2015-12-14,"Buyout (LBO, MBO, MBI)",,,10.7,True,,1,0,https://mergr.com/company/212301,2026-09-03T23:54:45Z
183,Falconhead Capital,New York,4070,Rita's,Franchising,"Trevose, Pennsylvania, United States",2011-12-01,Secondary Buyout,2017-01-03,Trade Sale - Public Company,5.1,False,,0,0,https://mergr.com/company/4070,2026-09-03T23:54:45Z
183,Falconhead Capital,New York,14204,GPSI Holdings LLC,Technology Hardware,"Sarasota, Florida, United States",2009-10-16,Consolidation,2017-10-31,Divestiture,8,False,,0,0,https://mergr.com/company/14204,2026-09-03T23:54:45Z
183,Falconhead Capital,New York,14205,Javo,Beverages,"Vista, California, United States",2009-04-10,"Buyout (LBO, MBO, MBI)",,,17.3,True,,0,0,https://mergr.com/company/14205,2026-09-03T23:54:45Z
183,Falconhead Capital,New York,11839,NYDJ Apparel LLC,Apparel/Textiles,"Vernon, California, United States",2008-09-26,"Buyout (LBO, MBO, MBI)",2014-01-06,Trade Sale - Public Company,5.3,False,,0,0,https://mergr.com/company/11839,2026-09-03T23:54:45Z
183,Falconhead Capital,New York,1444,Competitor Group,Media,"San Diego, California, United States",2007-01-01,"Buyout (LBO, MBO, MBI)",2012-12-03,Trade Sale - Public Company,5.9,False,,1,0,https://mergr.com/company/1444,2026-09-03T23:54:45Z
183,Falconhead Capital,New York,14967,Mom365,Healthcare Services,"Maryland Heights, Missouri, United States",2006-08-23,Secondary Buyout,,,20,True,,0,0,https://mergr.com/company/14967,2026-09-03T23:54:45Z
183,Falconhead Capital,New York,1446,Extreme Fitness,Consumer Services,"Toronto, Ontario, Canada",2006-06-19,"Buyout (LBO, MBO, MBI)",2013-04-01,Divestiture,6.8,False,,0,0,https://mergr.com/company/1446,2026-09-03T23:54:45Z
183,Falconhead Capital,New York,28914,"Premier Salons, Inc.",Consumer Services,"Golden Valley, Minnesota, United States",2004-06-21,"Buyout (LBO, MBO, MBI)",2014-12-05,Bankruptcy,10.4,False,,0,0,https://mergr.com/company/28914,2026-09-03T23:54:45Z
183,Falconhead Capital,New York,14206,National Powersport Auctions,Automotive,"Poway, California, United States",2004-02-23,"Buyout (LBO, MBO, MBI)",2006-08-29,Trade Sale - Public Company,2.5,False,,0,0,https://mergr.com/company/14206,2026-09-03T23:54:45Z
183,Falconhead Capital,New York,5103,Escort,Electronics,"West Chester, Ohio, United States",2003-07-23,Recapitalization,2013-10-08,Trade Sale - Public Company,10.2,False,,0,0,https://mergr.com/company/5103,2026-09-03T23:54:45Z
183,Falconhead Capital,New York,14207,"MTN Satellite Communications, Inc.",Communications,"Miramar, Florida, United States",2003-02-17,Recapitalization,2005-04-07,Trade Sale - Public Company,2.1,False,,0,0,https://mergr.com/company/14207,2026-09-03T23:54:45Z
183,Falconhead Capital,New York,14209,ESPN Classic Europe LLC,Media,"London, United Kingdom",2001-12-10,Stake Purchase,2005-04-12,Sold to Management,3.3,False,,0,0,https://mergr.com/company/14209,2026-09-03T23:54:45Z
183,Falconhead Capital,New York,14208,"The Golf Warehouse, Inc.",E-Commerce,"Wichita, United States",1999-01-01,Recapitalization,2004-06-29,Divestiture,5.4,False,40,0,0,https://mergr.com/company/14208,2026-09-03T23:54:45Z
442,Pouschine Cook,New York,321968,Curexa,Life Science,"Egg Harbor Township, New Jersey, United States",2021-12-04,Growth Capital,,,4.8,True,,0,0,https://mergr.com/company/321968,2026-09-03T23:54:45Z
442,Pouschine Cook,New York,243018,Southern Dental Alliance,Healthcare Services,"Kennesaw, Georgia, United States",2017-08-30,"Buyout (LBO, MBO, MBI)",,,9,True,,0,0,https://mergr.com/company/243018,2026-09-03T23:54:45Z
442,Pouschine Cook,New York,212777,Golden State Dermatology,Healthcare Services,"Walnut Creek, California, United States",2015-12-01,"Buyout (LBO, MBO, MBI)",,,10.8,True,,2,0,https://mergr.com/company/212777,2026-09-03T23:54:45Z
442,Pouschine Cook,New York,30549,Griswold Home Care,Consumer Services,"Blue Bell, Pennsylvania, United States",2012-11-01,Growth Capital,2025-07-22,Trade Sale - Public Company,12.7,False,,0,0,https://mergr.com/company/30549,2026-09-03T23:54:45Z
442,Pouschine Cook,New York,2122,Drilltec,Manufacturing,"Houston, Texas, United States",2012-03-16,Secondary Buyout,,,14.4,True,,0,0,https://mergr.com/company/2122,2026-09-03T23:54:45Z
442,Pouschine Cook,New York,6137,SDI,Business Services,"Jacksonville, Florida, United States",2011-06-28,Recapitalization,2026-03-19,Trade Sale - Public Company,14.7,False,,0,0,https://mergr.com/company/6137,2026-09-03T23:54:45Z
442,Pouschine Cook,New York,16540,"International Graphics, Inc.",Manufacturing,"South Plainfield, New Jersey, United States",2007-12-18,Secondary Buyout,,,18.7,True,,0,0,https://mergr.com/company/16540,2026-09-03T23:54:45Z
442,Pouschine Cook,New York,3466,Great Lakes Caring,Healthcare Services,"Jackson, Michigan, United States",2007-05-10,Recapitalization,2014-05-13,Trade Sale - Public Company,7,False,,0,0,https://mergr.com/company/3466,2026-09-03T23:54:45Z
442,Pouschine Cook,New York,8708,Crownline,Marine,"West Frankfort, Illinois, United States",2007-04-06,Recapitalization,2009-01-15,Trade Sale,1.8,False,,0,0,https://mergr.com/company/8708,2026-09-03T23:54:45Z
442,Pouschine Cook,New York,3467,The RoomPlace,Retail,"Algonquin, Illinois, United States",2005-02-07,"Buyout (LBO, MBO, MBI)",,,21.5,True,,0,0,https://mergr.com/company/3467,2026-09-03T23:54:45Z
442,Pouschine Cook,New York,3464,Doe & Ingalls Management LLC,Chemicals,"Medford, Massachusetts, United States",2005-01-01,Recapitalization,2012-05-01,Divestiture,7.3,False,,0,0,https://mergr.com/company/3464,2026-09-03T23:54:45Z
442,Pouschine Cook,New York,9945,MasterCraft,Marine,"Vonore, Tennessee, United States",2004-11-01,"Buyout (LBO, MBO, MBI)",2007-08-15,Trade Sale - Public Company,2.8,False,284,0,0,https://mergr.com/company/9945,2026-09-03T23:54:45Z
442,Pouschine Cook,New York,3465,Fantastic Sams International Corp.,Franchising,"Beverly, Massachusetts, United States",2003-08-12,Special Situations/Distressed,2012-01-18,Divestiture,8.4,False,,0,0,https://mergr.com/company/3465,2026-09-03T23:54:45Z
442,Pouschine Cook,New York,16426,"St. Clair Entertainment Group, Inc.",Distribution,"Los Angeles, California, United States",2003-04-02,Stake Purchase,,,23.4,True,,0,0,https://mergr.com/company/16426,2026-09-03T23:54:45Z
442,Pouschine Cook,New York,16425,Spring Air International,Consumer Products,"Chelsea, Massachusetts, United States",1999-01-01,Stake Purchase,,,27.7,True,,0,0,https://mergr.com/company/16425,2026-09-03T23:54:45Z
442,Pouschine Cook,New York,3468,Talalay Global,Consumer Products,"Shelton, Connecticut, United States",1999-01-01,"Buyout (LBO, MBO, MBI)",,,27.7,True,,0,0,https://mergr.com/company/3468,2026-09-03T23:54:45Z
474,Rho Acceleration,New York,232122,Passport,Internet Software and Services,"Charlotte, North Carolina, United States",2019-12-16,Venture,2026-03-04,Sold to Management,6.2,False,,0,0,https://mergr.com/company/232122,2026-09-03T23:54:45Z
474,Rho Acceleration,New York,247280,Skyword,Software,"Boston, Massachusetts, United States",2018-01-09,Growth Capital,,,8.6,True,,0,0,https://mergr.com/company/247280,2026-09-03T23:54:45Z
474,Rho Acceleration,New York,6399,SnagAJob,Internet Software and Services,"Glen Allen, Virginia, United States",2016-02-04,Growth Capital,2024-11-15,Divestiture,8.8,False,,1,1,https://mergr.com/company/6399,2026-09-03T23:54:45Z
503,Saw Mill Capital,New York,347163,T3 Expo,Media,"Lakeville, Massachusetts, United States",2025-01-01,"Buyout (LBO, MBO, MBI)",,,1.7,True,,0,0,https://mergr.com/company/347163,2026-09-03T23:54:45Z
503,Saw Mill Capital,New York,347140,Fidelity Memorial Group,Consumer Services,"Garden City, Georgia, United States",2025-01-01,"Buyout (LBO, MBO, MBI)",,,1.7,True,,0,0,https://mergr.com/company/347140,2026-09-03T23:54:45Z
503,Saw Mill Capital,New York,347143,Pro Max Fence Systems,Construction,"Reading, Pennsylvania, United States",2024-05-01,Recapitalization,,,2.3,True,,0,0,https://mergr.com/company/347143,2026-09-03T23:54:45Z
503,Saw Mill Capital,New York,303676,Southern Aluminum,Furniture,"Magnolia, Arkansas, United States",2024-02-20,Secondary Buyout,,,2.5,True,,0,0,https://mergr.com/company/303676,2026-09-03T23:54:45Z
503,Saw Mill Capital,New York,338673,RAFTR Roofing + Exteriors,Construction,"Duluth, Georgia, United States",2023-09-01,Consolidation,,,3,True,,1,0,https://mergr.com/company/338673,2026-09-03T23:54:45Z
503,Saw Mill Capital,New York,322430,SMC Roofing Solutions,Consumer Services,"Delaware, United States",2023-06-22,"Buyout (LBO, MBO, MBI)",,,3.2,True,,0,0,https://mergr.com/company/322430,2026-09-03T23:54:45Z
503,Saw Mill Capital,New York,315288,Rasa Floors,Construction,"Carrollton, Texas, United States",2023-01-21,"Buyout (LBO, MBO, MBI)",,,3.6,True,,2,0,https://mergr.com/company/315288,2026-09-03T23:54:45Z
503,Saw Mill Capital,New York,304353,CAS,Machinery,"Franklin, Massachusetts, United States",2022-02-12,Consolidation,,,4.5,True,,3,0,https://mergr.com/company/304353,2026-09-03T23:54:45Z
503,Saw Mill Capital,New York,296762,Versatrim,Building Materials,"Henderson, North Carolina, United States",2022-02-10,Growth Capital,,,4.5,True,,1,0,https://mergr.com/company/296762,2026-09-03T23:54:45Z
503,Saw Mill Capital,New York,282887,Nemo Tile + Stone,Building Materials,"New York City, New York, United States",2021-03-17,"Buyout (LBO, MBO, MBI)",,,5.4,True,,1,0,https://mergr.com/company/282887,2026-09-03T23:54:45Z
503,Saw Mill Capital,New York,279490,RND Automation,Manufacturing,"Lakewood Ranch, Florida, United States",2020-12-17,"Buyout (LBO, MBO, MBI)",2022-02-12,Divestiture,1.1,False,,0,0,https://mergr.com/company/279490,2026-09-03T23:54:45Z
503,Saw Mill Capital,New York,187159,ARCXIS,Engineering,"Houston, Texas, United States",2019-09-06,Secondary Buyout,,,6.9,True,,9,0,https://mergr.com/company/187159,2026-09-03T23:54:45Z
503,Saw Mill Capital,New York,270770,Let’s Pave,Construction,"Oak Brook, Illinois, United States",2019-06-25,Recapitalization,,,7.2,True,,0,0,https://mergr.com/company/270770,2026-09-03T23:54:45Z
503,Saw Mill Capital,New York,247595,Meteor,Education,"Gainesville, Florida, United States",2018-01-17,Secondary Buyout,2023-03-01,Trade Sale - Public Company,5.1,False,,2,0,https://mergr.com/company/247595,2026-09-03T23:54:45Z
503,Saw Mill Capital,New York,247031,Climate Pros,Business Services,"Glendale Heights, Illinois, United States",2018-01-04,"Buyout (LBO, MBO, MBI)",,,8.7,True,,5,0,https://mergr.com/company/247031,2026-09-03T23:54:45Z
503,Saw Mill Capital,New York,210285,iAutomation,Electrical Equipment,"North Attleboro, Massachusetts, United States",2017-01-11,Secondary Buyout,2022-02-12,Divestiture,5.1,False,,0,0,https://mergr.com/company/210285,2026-09-03T23:54:45Z
503,Saw Mill Capital,New York,13679,Wolf-Gordon,Building Materials,"New York, New York, United States",2016-01-27,Secondary Buyout,2024-05-02,Trade Sale - Public Company,8.3,False,,0,0,https://mergr.com/company/13679,2026-09-03T23:54:45Z
503,Saw Mill Capital,New York,167877,Janus International,Building Materials,"Temple, Georgia, United States",2013-12-17,"Buyout (LBO, MBO, MBI)",2018-01-17,Trade Sale - Public Company,4.1,False,884,1,0,https://mergr.com/company/167877,2026-09-03T23:54:45Z
503,Saw Mill Capital,New York,50254,Victory Energy,Machinery,"Collinsville, Oklahoma, United States",2012-11-28,Recapitalization,2024-10-08,Merger,11.8,False,,0,0,https://mergr.com/company/50254,2026-09-03T23:54:45Z
503,Saw Mill Capital,New York,3727,Pine Environmental Services,Environmental,"Windsor, New Jersey, United States",2012-08-23,Secondary Buyout,2020-01-07,Trade Sale - Public Company,7.3,False,,1,0,https://mergr.com/company/3727,2026-09-03T23:54:45Z
503,Saw Mill Capital,New York,26497,Gateway Packaging Co. LLC,Packaging,"Granite City, Illinois, United States",2010-06-22,Recapitalization,2018-05-01,Divestiture,7.8,False,,2,0,https://mergr.com/company/26497,2026-09-03T23:54:45Z
503,Saw Mill Capital,New York,302624,Pexco,Manufacturing,"Alpharetta, Georgia, United States",2009-03-31,Divestiture,2012-08-15,Trade Sale - Public Company,3.3,False,,4,0,https://mergr.com/company/302624,2026-09-03T23:54:45Z
503,Saw Mill Capital,New York,96765,Identity Group,Marketing,"Cookeville, Tennessee, United States",2008-01-23,Secondary Buyout,2014-05-27,Trade Sale - Public Company,6.3,False,,0,0,https://mergr.com/company/96765,2026-09-03T23:54:45Z
503,Saw Mill Capital,New York,3887,"NetShape Technologies, Inc.",Manufacturing,"Floyds Knobs, Indiana, United States",2007-03-05,Divestiture,,,19.4,True,,1,0,https://mergr.com/company/3887,2026-09-03T23:54:45Z
503,Saw Mill Capital,New York,15215,"Terra Renewal Services, Inc.",Environmental,"Russellville, Arkansas, United States",2005-04-27,Secondary Buyout,2013-09-09,Divestiture,8.3,False,,1,0,https://mergr.com/company/15215,2026-09-03T23:54:45Z
503,Saw Mill Capital,New York,20796,Turner Bros.,Business Services,"Oklahoma City, Oklahoma, United States",2002-10-15,"Buyout (LBO, MBO, MBI)",2008-10-14,Trade Sale - Public Company,5.9,False,,0,0,https://mergr.com/company/20796,2026-09-03T23:54:45Z
503,Saw Mill Capital,New York,20798,AIR 2 LLC,Business Services,"Timonium, Maryland, United States",2002-01-03,"Buyout (LBO, MBO, MBI)",,,24.7,True,,0,0,https://mergr.com/company/20798,2026-09-03T23:54:45Z
503,Saw Mill Capital,New York,3132,Clyde Bergemann GmbH,Technology Hardware,"Wesel, Germany",2001-03-20,"Buyout (LBO, MBO, MBI)",2005-07-12,Trade Sale - Public Company,4.3,False,501,0,0,https://mergr.com/company/3132,2026-09-03T23:54:45Z
503,Saw Mill Capital,New York,20795,Williams,Energy Services and Equipment,"Atlanta, Georgia, United States",2000-08-02,Secondary Buyout,2001-05-17,IPO,0.8,False,269,0,0,https://mergr.com/company/20795,2026-09-03T23:54:45Z
503,Saw Mill Capital,New York,3885,Jason,Manufacturing,"Richmond, Indiana, United States",2000-08-01,Going Private,2013-08-09,IPO,13,False,338,0,0,https://mergr.com/company/3885,2026-09-03T23:54:45Z
522,Solera Capital,New York,36829,Calypso St. Barth,Apparel/Textiles,"New York, New York, United States",2007-09-25,Recapitalization,,,18.9,True,,0,0,https://mergr.com/company/36829,2026-09-03T23:54:45Z
522,Solera Capital,New York,36833,The Little Clinic LLC,Healthcare Services,"Nashville, Tennessee, United States",2005-02-01,Stake Purchase,2010-02-11,Divestiture,5,False,,0,0,https://mergr.com/company/36833,2026-09-03T23:54:45Z
522,Solera Capital,New York,36837,"Annie's, Inc.",Food,"Berkeley, California, United States",2002-08-13,Divestiture,2012-03-28,IPO,9.6,False,204,0,0,https://mergr.com/company/36837,2026-09-03T23:54:45Z
522,Solera Capital,New York,36845,Latina Magazine,Publishing,"New York, New York, United States",2000-11-15,Growth Capital,,,25.8,True,,0,0,https://mergr.com/company/36845,2026-09-03T23:54:45Z
531,Spire Capital Partners,New York,325507,WatchMeGrow,Internet Software and Services,"Lacey, Washington, United States",2024-05-29,Growth Capital,,,2.3,True,,0,0,https://mergr.com/company/325507,2026-09-03T23:54:45Z
531,Spire Capital Partners,New York,324213,Green Security,Internet Software and Services,"Clearwater, Florida, United States",2024-04-24,Growth Capital,,,2.3,True,,2,0,https://mergr.com/company/324213,2026-09-03T23:54:45Z
531,Spire Capital Partners,New York,298219,Penlink,Software,"Lincoln, Nebraska, United States",2022-04-05,Growth Capital,,,4.3,True,,1,0,https://mergr.com/company/298219,2026-09-03T23:54:45Z
531,Spire Capital Partners,New York,280092,Inception,Information Technology,"Fairfield, New Jersey, United States",2021-01-06,Growth Capital,,,5.6,True,,0,0,https://mergr.com/company/280092,2026-09-03T23:54:45Z
531,Spire Capital Partners,New York,275704,Advocate,Information Technology,"Norcross, Georgia, United States",2020-08-28,Growth Capital,2022-06-06,Divestiture,1.8,False,,0,0,https://mergr.com/company/275704,2026-09-03T23:54:45Z
531,Spire Capital Partners,New York,257845,PROtect,Business Services,"Wichita, Kansas, United States",2019-01-24,Growth Capital,2024-11-12,Trade Sale - Public Company,5.8,False,,4,0,https://mergr.com/company/257845,2026-09-03T23:54:45Z
531,Spire Capital Partners,New York,254718,O2B Kids,Education,"Gainesville, Florida, United States",2018-10-04,Growth Capital,,,7.9,True,,6,0,https://mergr.com/company/254718,2026-09-03T23:54:45Z
531,Spire Capital Partners,New York,251721,Dynamic Quest,Information Technology,"Greensboro, North Carolina, United States",2018-06-18,Growth Capital,,,8.2,True,,8,0,https://mergr.com/company/251721,2026-09-03T23:54:45Z
531,Spire Capital Partners,New York,222705,Vector Media,Marketing,"New York City, New York, United States",2016-11-30,Growth Capital,,,9.8,True,,5,0,https://mergr.com/company/222705,2026-09-03T23:54:45Z
531,Spire Capital Partners,New York,30470,On Campus Marketing,E-Commerce,"West Trenton, New Jersey, United States",2016-05-23,Secondary Buyout,,,10.3,True,,0,0,https://mergr.com/company/30470,2026-09-03T23:54:45Z
531,Spire Capital Partners,New York,177861,Trax Group,Software,"Irving, Texas, United States",2015-02-26,Secondary Buyout,,,11.5,True,,2,0,https://mergr.com/company/177861,2026-09-03T23:54:45Z
531,Spire Capital Partners,New York,176962,Lighthouse,Information Technology,"Seattle, Washington, United States",2015-02-12,Growth Capital,2019-05-01,Trade Sale - Public Company,4.2,False,,1,0,https://mergr.com/company/176962,2026-09-03T23:54:45Z
531,Spire Capital Partners,New York,14764,Veraction LLC,Software,"Memphis, Tennessee, United States",2014-03-28,Divestiture,2018-06-25,Spin Off,4.2,False,,0,0,https://mergr.com/company/14764,2026-09-03T23:54:45Z
531,Spire Capital Partners,New York,22001,KnowFully Learning Group,Education,"Radnor, Pennsylvania, United States",2013-12-19,Secondary Buyout,2019-11-19,Trade Sale - Public Company,5.9,False,,1,0,https://mergr.com/company/22001,2026-09-03T23:54:45Z
531,Spire Capital Partners,New York,189544,NetFortris,Internet Software and Services,"Plano, Texas, United States",2013-12-19,Growth Capital,2022-03-29,Divestiture,8.3,False,,1,0,https://mergr.com/company/189544,2026-09-03T23:54:45Z
531,Spire Capital Partners,New York,50878,"Performance Assessment Network, Inc.",Internet Software and Services,"Carmel, Indiana, United States",2013-02-04,Divestiture,2017-01-24,Divestiture,3.9,False,,0,0,https://mergr.com/company/50878,2026-09-03T23:54:45Z
531,Spire Capital Partners,New York,26719,Spindletop Group,Internet Software and Services,"Austin, Texas, United States",2011-05-01,"Buyout (LBO, MBO, MBI)",,,15.3,True,,0,0,https://mergr.com/company/26719,2026-09-03T23:54:45Z
531,Spire Capital Partners,New York,26718,Rainbow Child Care Center,Education,"Troy, Michigan, United States",2010-05-05,"Buyout (LBO, MBO, MBI)",2016-07-07,Trade Sale - Public Company,6.2,False,,0,0,https://mergr.com/company/26718,2026-09-03T23:54:45Z
531,Spire Capital Partners,New York,22785,"Velocity Technology Solutions, Inc.",Internet Software and Services,"Charlotte, North Carolina, United States",2010-02-19,"Buyout (LBO, MBO, MBI)",2012-07-12,Trade Sale - Public Company,2.3,False,,1,0,https://mergr.com/company/22785,2026-09-03T23:54:45Z
531,Spire Capital Partners,New York,14338,Tarpon Towers LLC,Communications,"Bradenton, Florida, United States",2009-06-09,"Buyout (LBO, MBO, MBI)",2014-10-01,Divestiture,5.3,False,,0,0,https://mergr.com/company/14338,2026-09-03T23:54:45Z
531,Spire Capital Partners,New York,12978,"Carpathia Hosting, Inc.",Internet Software and Services,"Ashburn, Virginia, United States",2008-08-07,"Buyout (LBO, MBO, MBI)",2015-05-06,Divestiture,6.7,False,,1,0,https://mergr.com/company/12978,2026-09-03T23:54:45Z
531,Spire Capital Partners,New York,12979,"Just Marketing, Inc. (dba Just Marketing International)",Marketing,"Zionsville, Indiana, United States",2008-06-04,Stake Purchase,2013-11-04,Divestiture,5.4,False,,0,0,https://mergr.com/company/12979,2026-09-03T23:54:45Z
531,Spire Capital Partners,New York,4017,"Certiport, Inc.",Education,"American Fork, Utah, United States",2007-11-02,"Buyout (LBO, MBO, MBI)",2012-05-16,Divestiture,4.5,False,48,1,0,https://mergr.com/company/4017,2026-09-03T23:54:45Z
531,Spire Capital Partners,New York,4021,PBR,Media,"Pueblo, Colorado, United States",2007-04-23,"Buyout (LBO, MBO, MBI)",2015-04-16,Divestiture,7.9,False,,0,0,https://mergr.com/company/4021,2026-09-03T23:54:45Z
531,Spire Capital Partners,New York,12977,"AssetNation, Inc.",Information Technology,"Houston, Texas, United States",2007-03-20,"Buyout (LBO, MBO, MBI)",2012-05-16,Divestiture,5.1,False,,1,0,https://mergr.com/company/12977,2026-09-03T23:54:45Z
531,Spire Capital Partners,New York,4018,Ariston Global LLC,Software,"Pittsford, New York, United States",2006-05-05,"Buyout (LBO, MBO, MBI)",2014-08-01,Shut Down,8.2,False,,2,0,https://mergr.com/company/4018,2026-09-03T23:54:45Z
531,Spire Capital Partners,New York,4020,"SkyMall, Inc.",Retail,"Phoenix, Arizona, United States",2005-12-05,Divestiture,2012-04-04,Divestiture,6.3,False,,0,0,https://mergr.com/company/4020,2026-09-03T23:54:45Z
531,Spire Capital Partners,New York,21247,American Community Newspapers LLC,Publishing,"Leesburg, Virginia, United States",2004-12-09,Secondary Buyout,2007-07-01,Divestiture,2.5,False,,0,0,https://mergr.com/company/21247,2026-09-03T23:54:45Z
531,Spire Capital Partners,New York,23699,Sonitrol Corp.,Safety/Security,"Westlake, Texas, United States",2004-03-29,Divestiture,2008-07-18,Divestiture,4.3,False,,0,0,https://mergr.com/company/23699,2026-09-03T23:54:45Z
531,Spire Capital Partners,New York,21249,Highline Media LLC,Publishing,"New York, New York, United States",2003-10-01,"Buyout (LBO, MBO, MBI)",2006-11-09,Divestiture,3.1,False,,0,0,https://mergr.com/company/21249,2026-09-03T23:54:45Z
531,Spire Capital Partners,New York,12980,Highline Financial LLC,Business Services,"Austin, Texas, United States",2003-10-01,"Buyout (LBO, MBO, MBI)",2010-11-01,Divestiture,7.1,False,,0,0,https://mergr.com/company/12980,2026-09-03T23:54:45Z
531,Spire Capital Partners,New York,9136,Patriot Media and Communications LLC,Communications,"Greenwich, Connecticut, United States",2003-04-15,Stake Purchase,2007-08-01,Divestiture,4.3,False,,0,0,https://mergr.com/company/9136,2026-09-03T23:54:45Z
531,Spire Capital Partners,New York,9135,Nassau Broadcasting Partners L.P.,Media,"Princeton, New Jersey, United States",2003-03-13,"Buyout (LBO, MBO, MBI)",2011-01-01,Shut Down,7.8,False,,0,0,https://mergr.com/company/9135,2026-09-03T23:54:45Z
531,Spire Capital Partners,New York,21250,"Inflow, Inc.",Information Technology,"Thornton, Colorado, United States",2001-08-01,Venture,2004-11-17,Divestiture,3.3,False,,0,0,https://mergr.com/company/21250,2026-09-03T23:54:45Z
531,Spire Capital Partners,New York,21248,"Encoda Systems, Inc.",Software,"Denver, Colorado, United States",2001-06-28,Stake Purchase,2004-11-03,Divestiture,3.3,False,,0,0,https://mergr.com/company/21248,2026-09-03T23:54:45Z
531,Spire Capital Partners,New York,21251,"iNNERHOST, Inc.",Information Technology,"Miami, Florida, United States",2000-06-01,"Buyout (LBO, MBO, MBI)",2002-08-31,Divestiture,2.2,False,,0,0,https://mergr.com/company/21251,2026-09-03T23:54:45Z
531,Spire Capital Partners,New York,26926,"Vivax, Inc.",Communications,"Sao Paulo, Brazil",1999-04-15,"Buyout (LBO, MBO, MBI)",2006-12-01,Divestiture,7.6,False,,0,0,https://mergr.com/company/26926,2026-09-03T23:54:45Z
540,Stonebridge Partners,New York,346440,CVM Electric,Electrical Equipment,"Buffalo, New York, United States",2026-01-26,Recapitalization,,,0.6,True,,0,0,https://mergr.com/company/346440,2026-09-03T23:54:45Z
540,Stonebridge Partners,New York,317939,Architectural Polymers,Chemicals,"Palmerton, Pennsylvania, United States",2023-10-04,Recapitalization,,,2.9,True,,0,0,https://mergr.com/company/317939,2026-09-03T23:54:45Z
540,Stonebridge Partners,New York,306416,MetalForming,Distribution,"Peachtree City, Georgia, United States",2022-10-27,Recapitalization,,,3.8,True,,0,0,https://mergr.com/company/306416,2026-09-03T23:54:45Z
540,Stonebridge Partners,New York,299003,North American Formworx,Building Materials,"Houston, Texas, United States",2022-04-07,Recapitalization,,,4.3,True,,0,0,https://mergr.com/company/299003,2026-09-03T23:54:45Z
540,Stonebridge Partners,New York,283296,Paramount Mechanical,Business Services,"Manassas, Virginia, United States",2021-03-11,Recapitalization,,,5.4,True,,1,0,https://mergr.com/company/283296,2026-09-03T23:54:45Z
540,Stonebridge Partners,New York,271611,Cast-Crete USA,Building Materials,"Seffner, Florida, United States",2017-01-01,"Buyout (LBO, MBO, MBI)",2022-01-06,Trade Sale - Public Company,5,False,130,1,0,https://mergr.com/company/271611,2026-09-03T23:54:45Z
540,Stonebridge Partners,New York,237878,ADI American Distributors,Distribution,"Randolph, New Jersey, United States",2016-04-29,Growth Capital,2025-09-25,Divestiture,9.3,False,149,1,0,https://mergr.com/company/237878,2026-09-03T23:54:45Z
540,Stonebridge Partners,New York,175502,STC Floors,Distribution,"Houston, Texas, United States",2014-12-23,Recapitalization,2022-10-18,Divestiture,7.8,False,,0,0,https://mergr.com/company/175502,2026-09-03T23:54:45Z
540,Stonebridge Partners,New York,185421,BrandFX LLC,Automotive,"Fort Worth, Texas, United States",2013-08-30,Recapitalization,2019-11-06,Divestiture,6.2,False,80,1,0,https://mergr.com/company/185421,2026-09-03T23:54:45Z
540,Stonebridge Partners,New York,32804,National Trench Safety,Safety/Security,"Houston, Texas, United States",2012-03-01,"Buyout (LBO, MBO, MBI)",2021-04-01,Spin Off,9.1,False,,0,0,https://mergr.com/company/32804,2026-09-03T23:54:45Z
540,Stonebridge Partners,New York,26956,Specialty Bakers,Food,"Marysville, Pennsylvania, United States",2010-09-01,Recapitalization,2025-06-19,Trade Sale - Public Company,14.8,False,,0,1,https://mergr.com/company/26956,2026-09-03T23:54:45Z
540,Stonebridge Partners,New York,26957,Hydraulex,Machinery,"Chesterfield, Michigan, United States",2010-08-01,"Buyout (LBO, MBO, MBI)",2023-07-17,Divestiture,12.9,False,,0,0,https://mergr.com/company/26957,2026-09-03T23:54:45Z
540,Stonebridge Partners,New York,25475,Trivium Packaging,Packaging,"Amsterdam, Netherlands",2010-04-01,Recapitalization,2019-07-15,Divestiture,9.3,False,,0,0,https://mergr.com/company/25475,2026-09-03T23:54:45Z
540,Stonebridge Partners,New York,13106,American Dryer Corp.,Machinery,"Fall River, Massachusetts, United States",2008-07-22,Recapitalization,2015-05-18,Divestiture,6.8,False,,0,0,https://mergr.com/company/13106,2026-09-03T23:54:45Z
540,Stonebridge Partners,New York,17781,"Alpine Engineered Products, Inc.",Building Materials,"Pompano Beach, Florida, United States",2005-05-30,"Buyout (LBO, MBO, MBI)",2006-02-09,Divestiture,0.7,False,,0,0,https://mergr.com/company/17781,2026-09-03T23:54:45Z
540,Stonebridge Partners,New York,25210,Alpha Packaging,Packaging,"St. Louis, Missouri, United States",2005-01-01,"Buyout (LBO, MBO, MBI)",2010-12-01,Trade Sale - Public Company,5.9,False,,0,0,https://mergr.com/company/25210,2026-09-03T23:54:45Z
540,Stonebridge Partners,New York,13307,"Icon Identity Solutions, Inc.",Business Services,"Elk Grove Village, Illinois, United States",2004-05-01,"Buyout (LBO, MBO, MBI)",2007-08-07,Trade Sale - Public Company,3.3,False,,0,0,https://mergr.com/company/13307,2026-09-03T23:54:45Z
540,Stonebridge Partners,New York,210740,"Laboratory Tops, Inc.",Building Materials,"Taylor, Texas, United States",2003-12-15,"Buyout (LBO, MBO, MBI)",,,22.7,True,,1,1,https://mergr.com/company/210740,2026-09-03T23:54:45Z
540,Stonebridge Partners,New York,27286,"Telmar Network Technology, Inc.",Communications,"Plano, Texas, United States",2003-11-01,"Buyout (LBO, MBO, MBI)",2006-05-01,Trade Sale - Public Company,2.5,False,145,0,0,https://mergr.com/company/27286,2026-09-03T23:54:45Z
540,Stonebridge Partners,New York,22105,PROMA Technologies,Packaging,"Franklin, Massachusetts, United States",2000-01-01,"Buyout (LBO, MBO, MBI)",2005-07-01,Trade Sale,5.5,False,,0,0,https://mergr.com/company/22105,2026-09-03T23:54:45Z
540,Stonebridge Partners,New York,49037,Boyd Corp. (old),Manufacturing,"Modesto, California, United States",1998-02-01,"Buyout (LBO, MBO, MBI)",2011-08-01,Spin Off,13.5,False,,0,0,https://mergr.com/company/49037,2026-09-03T23:54:45Z
540,Stonebridge Partners,New York,22097,"Joelson Taylor Concrete Products, Inc.",Building Materials,"Deland, Florida, United States",1995-06-01,"Buyout (LBO, MBO, MBI)",,,31.3,True,,0,0,https://mergr.com/company/22097,2026-09-03T23:54:45Z
634,Wand Partners,New York,194483,Prosperity Life Group,Insurance,"New York City, New York, United States",2018-03-14,Secondary Buyout,,,8.4,True,,1,0,https://mergr.com/company/194483,2026-09-03T23:54:45Z
634,Wand Partners,New York,7850,Aeolus Re,Insurance,"Hamilton, Bermuda",2017-01-01,"Buyout (LBO, MBO, MBI)",,,9.7,True,,0,0,https://mergr.com/company/7850,2026-09-03T23:54:45Z
634,Wand Partners,New York,29776,Paraline Group,Financial Services,"Hamilton, Bermuda",2010-08-01,"Buyout (LBO, MBO, MBI)",,,16.1,True,,0,0,https://mergr.com/company/29776,2026-09-03T23:54:45Z
634,Wand Partners,New York,12153,"American Independent Companies, Inc.",Insurance,"New York, New York, United States",2004-03-24,"Buyout (LBO, MBO, MBI)",,,22.4,True,,1,0,https://mergr.com/company/12153,2026-09-03T23:54:45Z
634,Wand Partners,New York,17970,"Republic Companies, Inc.",Insurance,"Dallas, Texas, United States",2003-01-01,"Buyout (LBO, MBO, MBI)",2006-12-01,Divestiture,3.9,False,,0,0,https://mergr.com/company/17970,2026-09-03T23:54:45Z
634,Wand Partners,New York,2342,Mitchell,Software,"San Diego, California, United States",1999-08-01,"Buyout (LBO, MBO, MBI)",2007-03-28,Trade Sale - Public Company,7.6,False,,1,0,https://mergr.com/company/2342,2026-09-03T23:54:45Z
634,Wand Partners,New York,16334,"SoundView Technology Group, Inc.",Financial Services,"Old Greenwich, Connecticut, United States",1999-01-01,"Buyout (LBO, MBO, MBI)",2000-04-01,IPO,1.3,False,,0,0,https://mergr.com/company/16334,2026-09-03T23:54:45Z
634,Wand Partners,New York,4722,SeedWorks,Agriculture,"Hyderabad, India",1998-12-01,"Buyout (LBO, MBO, MBI)",,,27.8,True,16,0,0,https://mergr.com/company/4722,2026-09-03T23:54:45Z
634,Wand Partners,New York,172965,Wells Fargo Insurance Services USA Inc.,Insurance,"Chicago, Illinois, United States",1997-08-01,"Buyout (LBO, MBO, MBI)",2001-03-08,Divestiture,3.6,False,,0,0,https://mergr.com/company/172965,2026-09-03T23:54:45Z
634,Wand Partners,New York,4720,Casewise Ltd.,Software,"Watford, United Kingdom",1996-12-01,"Buyout (LBO, MBO, MBI)",2016-12-08,Divestiture,20,False,,0,0,https://mergr.com/company/4720,2026-09-03T23:54:45Z
634,Wand Partners,New York,16333,Seguros Commercial America,Insurance,"Guadalajara, Mexico",1996-10-01,"Buyout (LBO, MBO, MBI)",2000-07-01,Divestiture,3.8,False,,0,0,https://mergr.com/company/16333,2026-09-03T23:54:45Z
634,Wand Partners,New York,719,Universal American,Healthcare Services,"White Plains, New York, United States",1994-12-01,"Buyout (LBO, MBO, MBI)",2002-01-01,IPO,7.1,False,1491,0,0,https://mergr.com/company/719,2026-09-03T23:54:45Z
634,Wand Partners,New York,16321,"ACE Bermuda Insurance, Ltd.",Insurance,"Hamilton, Bermuda",1993-03-01,"Buyout (LBO, MBO, MBI)",1995-01-01,Unknown,1.8,False,,0,0,https://mergr.com/company/16321,2026-09-03T23:54:45Z
634,Wand Partners,New York,16330,Old American Holdings,Insurance,"Texas, United States",1992-06-01,"Buyout (LBO, MBO, MBI)",1999-10-01,Trade Sale - Public Company,7.3,False,,0,0,https://mergr.com/company/16330,2026-09-03T23:54:45Z
634,Wand Partners,New York,16325,Chartwell Re Corp.,Insurance,"Stamford, California, United States",1992-03-01,"Buyout (LBO, MBO, MBI)",1999-10-27,Spin Off,7.6,False,,0,0,https://mergr.com/company/16325,2026-09-03T23:54:45Z
634,Wand Partners,New York,16323,"AMRESCO, Inc.",Financial Services,"Solon, Ohio, United States",1991-04-01,"Buyout (LBO, MBO, MBI)",,,35.4,True,,0,0,https://mergr.com/company/16323,2026-09-03T23:54:45Z
634,Wand Partners,New York,16331,"PennCorp Financial Group, Inc.",Insurance,"Dallas, Texas, United States",1990-08-01,"Buyout (LBO, MBO, MBI)",1994-10-01,IPO,4.2,False,,0,0,https://mergr.com/company/16331,2026-09-03T23:54:45Z
634,Wand Partners,New York,16327,"Life Partners Group, Inc.",Insurance,"Englewood, Colorado, United States",1990-04-01,"Buyout (LBO, MBO, MBI)",1996-08-01,Spin Off,6.3,False,,0,0,https://mergr.com/company/16327,2026-09-03T23:54:45Z
634,Wand Partners,New York,16324,Bayly Martin & Fay,Insurance,"Ft. Worth, Texas, United States",1985-05-01,"Buyout (LBO, MBO, MBI)",1989-07-04,Divestiture,4.2,False,,0,0,https://mergr.com/company/16324,2026-09-03T23:54:45Z
659,Yorktown Partners,New York,343553,Solar Proponent,Renewable Energy,"Austin, Texas, United States",2020-12-08,Growth Capital,,,5.7,True,,0,0,https://mergr.com/company/343553,2026-09-03T23:54:45Z
659,Yorktown Partners,New York,283918,Catalyze,Renewable Energy,"Houston, Texas, United States",2019-01-01,"Buyout (LBO, MBO, MBI)",,,7.7,True,,3,0,https://mergr.com/company/283918,2026-09-03T23:54:45Z
659,Yorktown Partners,New York,246379,ATX Energy Partners,Oil/Gas Exploration,"Austin, Texas, United States",2017-12-15,Growth Capital,2022-02-02,Spin Off,4.1,False,,0,0,https://mergr.com/company/246379,2026-09-03T23:54:45Z
659,Yorktown Partners,New York,54114,Brigham Minerals,Oil/Gas Exploration,"Austin, Texas, United States",2013-04-30,Growth Capital,2019-04-17,IPO,5.9,False,161,0,0,https://mergr.com/company/54114,2026-09-03T23:54:45Z
662,ZS Fund,New York,294772,Juniper,Business Services,"Fort Myers, Florida, United States",2017-03-10,Recapitalization,2022-01-10,Trade Sale - Public Company,4.8,False,,0,0,https://mergr.com/company/294772,2026-09-03T23:54:45Z
662,ZS Fund,New York,2025,Amerijet International,Transportation,"Miami, Florida, United States",2016-07-26,Secondary Buyout,,,10.1,True,,0,1,https://mergr.com/company/2025,2026-09-03T23:54:45Z
662,ZS Fund,New York,35937,SOS Security,Safety/Security,"Parsippany, New Jersey, United States",2013-01-14,Recapitalization,2019-06-01,Trade Sale - Public Company,6.3,False,,6,0,https://mergr.com/company/35937,2026-09-03T23:54:45Z
662,ZS Fund,New York,35933,ECS Refining LLC,Environmental,"Santa Clara, California, United States",2012-02-22,Recapitalization,2018-07-03,Bankruptcy,6.3,False,,0,0,https://mergr.com/company/35933,2026-09-03T23:54:45Z
662,ZS Fund,New York,18521,Industrial Air Tool LLP,Distribution,"Pasadena, Texas, United States",2011-08-15,Recapitalization,2014-01-28,Divestiture,2.4,False,,0,0,https://mergr.com/company/18521,2026-09-03T23:54:45Z
662,ZS Fund,New York,4923,Transervice Logistics,Transportation,"Lake Success, New York, United States",2007-06-01,"Buyout (LBO, MBO, MBI)",,,19.3,True,,0,0,https://mergr.com/company/4923,2026-09-03T23:54:45Z
662,ZS Fund,New York,4924,"VPSI, Inc.",Business Services,"Troy, Michigan, United States",2007-05-07,"Buyout (LBO, MBO, MBI)",,,19.3,True,,0,0,https://mergr.com/company/4924,2026-09-03T23:54:45Z
662,ZS Fund,New York,4919,Casabella Holdings LLC,Consumer Products,"Congers, New York, United States",2006-11-03,Recapitalization,2017-09-26,Trade Sale,10.8,False,,0,0,https://mergr.com/company/4919,2026-09-03T23:54:45Z
662,ZS Fund,New York,4922,ASC Engineered Solutions,Building Materials,"Oak Brook, Illinois, United States",2006-10-04,Recapitalization,2012-10-18,Trade Sale - Public Company,6,False,,0,0,https://mergr.com/company/4922,2026-09-03T23:54:45Z
662,ZS Fund,New York,18406,"Loehmann's, Inc.",Retail,"Bronx, New York, United States",2004-10-01,"Buyout (LBO, MBO, MBI)",,,21.9,True,,0,0,https://mergr.com/company/18406,2026-09-03T23:54:45Z
662,ZS Fund,New York,19907,ARC,Business Services,"Walnut Creek, California, United States",2000-03-01,"Buyout (LBO, MBO, MBI)",2005-02-01,IPO,4.9,False,,0,0,https://mergr.com/company/19907,2026-09-03T23:54:45Z
779,CoBe Capital,New York,262629,LOGOCOS Naturkosmetik,Consumer Products,"Salzhemmendorf, Germany",2023-03-06,"Buyout (LBO, MBO, MBI)",,,3.4,True,,0,0,https://mergr.com/company/262629,2026-09-03T23:54:45Z
779,CoBe Capital,New York,200833,Völker,Medical Products,"Witten, Germany",2017-07-31,Divestiture,,,9.1,True,100,0,0,https://mergr.com/company/200833,2026-09-03T23:54:45Z
779,CoBe Capital,New York,223942,Sandvik - Mining Systems Operations,Metals/Mining,"Stockholm, Sweden",2016-07-18,Divestiture,2018-03-01,Divestiture,1.6,False,592,0,0,https://mergr.com/company/223942,2026-09-03T23:54:45Z
779,CoBe Capital,New York,200784,Techco Security,Safety/Security,"Madrid, Italy",2015-07-24,Divestiture,2020-01-09,Divestiture,4.4,False,,0,0,https://mergr.com/company/200784,2026-09-03T23:54:45Z
779,CoBe Capital,New York,77661,Hatria,Building Materials,"Teramo, Italy",2014-01-21,Divestiture,,,12.6,True,,0,0,https://mergr.com/company/77661,2026-09-03T23:54:45Z
779,CoBe Capital,New York,178536,Printing Systems Group Holding B.V.,Technology Hardware,"Almere, Netherlands",2013-10-07,Divestiture,2015-03-11,Divestiture,1.4,False,254,0,0,https://mergr.com/company/178536,2026-09-03T23:54:45Z
779,CoBe Capital,New York,56726,"LSI Corporation of America, Inc.",Furniture,"Minneapolis, Minnesota, United States",2013-06-19,Divestiture,2016-04-01,Unknown,2.8,False,,0,0,https://mergr.com/company/56726,2026-09-03T23:54:45Z
779,CoBe Capital,New York,214815,Arosa Mobilia d.o.o.,Consumer Products,"Maribor, Slovenia",2013-02-27,Divestiture,,,13.5,True,,0,0,https://mergr.com/company/214815,2026-09-03T23:54:45Z
779,CoBe Capital,New York,34681,Warendorfer Küchen GmbH,Furniture,"Warendorf, Germany",2012-12-31,Divestiture,,,13.7,True,,0,0,https://mergr.com/company/34681,2026-09-03T23:54:45Z
779,CoBe Capital,New York,31175,Bourrelier Éducation,Consumer Products,"Amiens, France",2011-12-01,Divestiture,,,14.8,True,,0,0,https://mergr.com/company/31175,2026-09-03T23:54:45Z
779,CoBe Capital,New York,214819,Resilion,Internet Software and Services,"San Ramon, California, United States",2011-11-11,Divestiture,,,14.8,True,,0,0,https://mergr.com/company/214819,2026-09-03T23:54:45Z
779,CoBe Capital,New York,214839,Crelint Oy,Information Technology,"Rovaniemi, Finland",2011-09-02,Divestiture,,,15,True,,0,0,https://mergr.com/company/214839,2026-09-03T23:54:45Z
779,CoBe Capital,New York,26106,"AxiSource, Inc.",Distribution,"Toronto, Ontario, Canada",2009-09-30,Divestiture,,,16.9,True,,0,0,https://mergr.com/company/26106,2026-09-03T23:54:45Z
779,CoBe Capital,New York,6011,Dack's Shoes Ltd.,Apparel/Textiles,"Toronto, Ontario, Canada",2007-12-01,"Buyout (LBO, MBO, MBI)",2009-12-01,Shut Down,2,False,,0,0,https://mergr.com/company/6011,2026-09-03T23:54:45Z
779,CoBe Capital,New York,6012,Stark Manufacturing,Manufacturing,"Paris, Arkansas, United States",2002-09-01,Divestiture,,,24,True,,1,0,https://mergr.com/company/6012,2026-09-03T23:54:45Z
779,CoBe Capital,New York,6013,Bus Parts Warehouse,Distribution,"Syracuse, New York, United States",1999-05-01,Divestiture,,,27.3,True,,0,0,https://mergr.com/company/6013,2026-09-03T23:54:45Z
844,Andlinger & Company,New York,266988,Plasmalex,Business Services,"Fuveau, France",2023-06-22,"Buyout (LBO, MBO, MBI)",,,3.2,True,,0,0,https://mergr.com/company/266988,2026-09-03T23:54:45Z
844,Andlinger & Company,New York,308158,Mesa Parts,Manufacturing,"Lenzkirch, Germany",2021-12-06,"Buyout (LBO, MBO, MBI)",,,4.7,True,,0,0,https://mergr.com/company/308158,2026-09-03T23:54:45Z
844,Andlinger & Company,New York,267006,Hew-Kabel,Electrical Equipment,"Wipperfurth, Germany",2019-08-06,"Buyout (LBO, MBO, MBI)",,,7,True,,0,0,https://mergr.com/company/267006,2026-09-03T23:54:45Z
844,Andlinger & Company,New York,171761,Europlasma NV,Business Services,"Oudenaarde, Belgium",2018-08-01,Secondary Buyout,,,8.1,True,,0,0,https://mergr.com/company/171761,2026-09-03T23:54:45Z
844,Andlinger & Company,New York,267004,Eti Elektroelement,Electrical Equipment,"Izlake, Slovenia",2016-10-17,Stake Purchase,,,9.8,True,,0,0,https://mergr.com/company/267004,2026-09-03T23:54:45Z
844,Andlinger & Company,New York,267005,Solvis,Consumer Products,"Braunschweig, Germany",2015-10-30,"Buyout (LBO, MBO, MBI)",,,10.8,True,68,0,0,https://mergr.com/company/267005,2026-09-03T23:54:45Z
844,Andlinger & Company,New York,267001,Crown van Gelder,Forest Products,"Velsen-Noord, Netherlands",2015-04-16,Going Private,2023-02-24,Bankruptcy,7.8,False,,0,0,https://mergr.com/company/267001,2026-09-03T23:54:45Z
844,Andlinger & Company,New York,266998,Clesse Industries,Manufacturing,"Cournon-d'Auvergne, France",2015-01-08,"Buyout (LBO, MBO, MBI)",2022-10-01,Trade Sale - Public Company,7.7,False,,0,0,https://mergr.com/company/266998,2026-09-03T23:54:45Z
844,Andlinger & Company,New York,266992,CPI,Business Services,"Fuveau, France",2015-01-01,"Buyout (LBO, MBO, MBI)",,,11.7,True,,0,0,https://mergr.com/company/266992,2026-09-03T23:54:45Z
844,Andlinger & Company,New York,266967,Steward Advanced Materials,Manufacturing,"Chattanooga, Tennessee, United States",2015-01-01,Divestiture,,,11.7,True,,0,0,https://mergr.com/company/266967,2026-09-03T23:54:45Z
844,Andlinger & Company,New York,24797,Eska,Forest Products,"Sappemeer, Netherlands",2013-11-15,Secondary Buyout,2021-06-08,Divestiture,7.5,False,159,0,0,https://mergr.com/company/24797,2026-09-03T23:54:45Z
844,Andlinger & Company,New York,88885,Alltec,Engineering,"Canton, North Carolina, United States",2013-03-29,Growth Capital,,,13.4,True,,0,0,https://mergr.com/company/88885,2026-09-03T23:54:45Z
844,Andlinger & Company,New York,11321,Suspa GmbH,Automotive,"Altdorf, Germany",2012-06-01,Secondary Buyout,2018-07-03,Unknown,6.1,False,167,0,0,https://mergr.com/company/11321,2026-09-03T23:54:45Z
844,Andlinger & Company,New York,34765,Seitz,Plastics,"Torrington, Connecticut, United States",2011-11-17,Divestiture,2021-11-16,Divestiture,9.9,False,,0,0,https://mergr.com/company/34765,2026-09-03T23:54:45Z
844,Andlinger & Company,New York,26155,Turbine Engine Resources LLC,Aerospace,"Farmers Branch, Texas, United States",2010-09-12,Growth Capital,,,15.9,True,,0,0,https://mergr.com/company/26155,2026-09-03T23:54:45Z
844,Andlinger & Company,New York,19724,Vacuum Process Technology LLC,Machinery,"Plymouth, Massachusetts, United States",2008-07-01,"Buyout (LBO, MBO, MBI)",,,18.2,True,,0,0,https://mergr.com/company/19724,2026-09-03T23:54:45Z
844,Andlinger & Company,New York,6701,Medscreen infotainment GmbH,Marketing,"Vienna, Austria",2007-10-31,"Buyout (LBO, MBO, MBI)",,,18.8,True,,0,0,https://mergr.com/company/6701,2026-09-03T23:54:45Z
844,Andlinger & Company,New York,6708,Lapp Insulators co. LLC,Electrical Equipment,"Leroy, New York, United States",2005-12-15,"Buyout (LBO, MBO, MBI)",2011-08-24,Trade Sale - Public Company,5.7,False,146,0,0,https://mergr.com/company/6708,2026-09-03T23:54:45Z
962,LNK Partners,New York,296429,Tommy John,Apparel/Textiles,"New York City, New York, United States",2022-02-15,Growth Capital,,,4.5,True,,0,0,https://mergr.com/company/296429,2026-09-03T23:54:45Z
962,LNK Partners,New York,218676,Schweiger Dermatology Group,Healthcare Services,"New York City, New York, United States",2016-04-13,Growth Capital,,,10.3,True,,23,0,https://mergr.com/company/218676,2026-09-03T23:54:45Z
962,LNK Partners,New York,16367,Life Time,Consumer Services,"Chanhassen, Minnesota, United States",2015-03-16,Going Private,2021-10-07,IPO,6.5,False,2995,0,0,https://mergr.com/company/16367,2026-09-03T23:54:45Z
962,LNK Partners,New York,4810,Fitness Connection,Consumer Services,"Carrollton, Texas, United States",2013-10-01,Secondary Buyout,2019-02-04,Trade Sale - Public Company,5.3,False,,1,0,https://mergr.com/company/4810,2026-09-03T23:54:45Z
962,LNK Partners,New York,286741,Beachbody,Internet Software and Services,"El Segundo, California, United States",2012-12-11,Growth Capital,2021-02-11,IPO,8.2,False,252,0,0,https://mergr.com/company/286741,2026-09-03T23:54:45Z
962,LNK Partners,New York,212830,"Natural Food Holdings, Inc.",Food,"Sioux City, Iowa, United States",2011-06-01,Secondary Buyout,2015-09-08,Divestiture,4.3,False,,0,0,https://mergr.com/company/212830,2026-09-03T23:54:45Z
962,LNK Partners,New York,22870,PVH,Apparel/Textiles,"New York City, New York, United States",2010-05-01,Stake Purchase,,,16.3,True,8950,4,3,https://mergr.com/company/22870,2026-09-03T23:54:45Z
962,LNK Partners,New York,472,Au Bon Pain,Restaurants,"Boston, Massachusetts, United States",2008-03-04,Secondary Buyout,2017-11-08,Divestiture,9.7,False,,0,0,https://mergr.com/company/472,2026-09-03T23:54:45Z
962,LNK Partners,New York,7306,Ariat,Apparel/Textiles,"San Leandro, California, United States",2006-11-15,Recapitalization,2012-06-07,Unknown,5.5,False,,0,0,https://mergr.com/company/7306,2026-09-03T23:54:45Z
962,LNK Partners,New York,8666,Niman Ranch,Food,"Oakland, California, United States",2006-07-01,"Buyout (LBO, MBO, MBI)",2015-09-08,Divestiture,9.2,False,,0,0,https://mergr.com/company/8666,2026-09-03T23:54:45Z
1037,Saratoga Partners,New York,4057,LTI,Manufacturing,"Baldwin Park, California, United States",2016-11-03,Divestiture,2022-03-01,Unknown,5.3,False,,0,0,https://mergr.com/company/4057,2026-09-03T23:54:45Z
1037,Saratoga Partners,New York,3484,National Truck Protection,Insurance,"Winston-Salem, North Carolina, United States",2007-04-01,Growth Capital,2016-07-26,Trade Sale - Public Company,9.3,False,,0,0,https://mergr.com/company/3484,2026-09-03T23:54:45Z
1037,Saratoga Partners,New York,300390,CEMA,Electrical Equipment,"Chennai, India",2007-02-15,"Buyout (LBO, MBO, MBI)",,,19.5,True,,0,0,https://mergr.com/company/300390,2026-09-03T23:54:45Z
1037,Saratoga Partners,New York,7821,Advanced Lighting Technologies,Electrical Equipment,"Glenwillow, Ohio, United States",2003-12-10,Special Situations/Distressed,,,22.7,True,,0,0,https://mergr.com/company/7821,2026-09-03T23:54:45Z
1037,Saratoga Partners,New York,12335,Data Return LLC,Information Technology,"Irving, Texas, United States",2003-05-15,Special Situations/Distressed,2007-05-14,Divestiture,3.9,False,,0,0,https://mergr.com/company/12335,2026-09-03T23:54:45Z
1037,Saratoga Partners,New York,16954,"Sericol, Inc.",Consumer Products,"Kansas City, Kansas, United States",2003-01-07,Divestiture,2005-01-19,Divestiture,2,False,,0,0,https://mergr.com/company/16954,2026-09-03T23:54:45Z
1037,Saratoga Partners,New York,12336,"NAT, Inc.",Business Services,"Rosemont, Illinois, United States",2003-01-01,"Buyout (LBO, MBO, MBI)",2005-05-23,Trade Sale,2.3,False,,0,0,https://mergr.com/company/12336,2026-09-03T23:54:45Z
1037,Saratoga Partners,New York,12343,Commsoft,Software,"Rensselaer, New York, United States",2001-02-19,"Buyout (LBO, MBO, MBI)",,,25.5,True,,1,0,https://mergr.com/company/12343,2026-09-03T23:54:45Z
1037,Saratoga Partners,New York,12344,Datavantage Corp.,Information Technology,"Cleveland, Ohio, United States",2000-01-01,Stake Purchase,2003-05-05,Divestiture,3.3,False,42,0,0,https://mergr.com/company/12344,2026-09-03T23:54:45Z
1037,Saratoga Partners,New York,12337,"EUR Systems, Inc.",Business Services,"Mechanicsburg, Pennsylvania, United States",2000-01-01,Stake Purchase,2006-07-18,Trade Sale,6.5,False,,0,0,https://mergr.com/company/12337,2026-09-03T23:54:45Z
1037,Saratoga Partners,New York,12342,Emeritus Corp.,Consumer Services,"Seattle, Washington, United States",1999-12-10,Stake Purchase,,,26.7,True,,1,0,https://mergr.com/company/12342,2026-09-03T23:54:45Z
1037,Saratoga Partners,New York,12341,STC Netcom,Engineering,"Fontana, California, United States",1999-05-01,"Buyout (LBO, MBO, MBI)",2022-03-10,Divestiture,22.8,False,,0,0,https://mergr.com/company/12341,2026-09-03T23:54:45Z
1037,Saratoga Partners,New York,16955,Koppers,Diversified,"Pittsburgh, Pennsylvania, United States",1997-12-01,Stake Purchase,2006-02-01,IPO,8.2,False,1879,0,0,https://mergr.com/company/16955,2026-09-03T23:54:45Z
1037,Saratoga Partners,New York,12339,"Scovill Fasteners, Inc.",Apparel/Textiles,"Clarkesville, Georgia, United States",1997-11-12,"Buyout (LBO, MBO, MBI)",2011-04-01,Bankruptcy,13.3,False,,0,0,https://mergr.com/company/12339,2026-09-03T23:54:45Z
1037,Saratoga Partners,New York,16957,"J&W Scientific, Inc.",Manufacturing,"Folsom, California, United States",1995-11-01,Divestiture,2000-03-29,Trade Sale,4.3,False,,0,0,https://mergr.com/company/16957,2026-09-03T23:54:45Z
1037,Saratoga Partners,New York,87333,"CapMAC Holdings, Inc.",Software,United States,1992-06-26,Divestiture,1997-11-14,Spin Off,5.3,False,,0,0,https://mergr.com/company/87333,2026-09-03T23:54:45Z
1037,Saratoga Partners,New York,16962,Formica Corp.,Building Materials,"Cincinnati, Ohio, United States",1989-09-01,"Buyout (LBO, MBO, MBI)",1995-01-01,Trade Sale,5.3,False,,0,0,https://mergr.com/company/16962,2026-09-03T23:54:45Z
1037,Saratoga Partners,New York,12340,"Viking Office Products, Inc.",Retail,"Los Angeles, California, United States",1988-01-01,"Buyout (LBO, MBO, MBI)",1998-08-27,Trade Sale,10.6,False,,0,0,https://mergr.com/company/12340,2026-09-03T23:54:45Z
1037,Saratoga Partners,New York,16963,"Hi-Lo Automotive, Inc.",Automotive,"Houston, Texas, United States",1986-01-01,"Buyout (LBO, MBO, MBI)",1998-01-30,Trade Sale,12,False,,0,0,https://mergr.com/company/16963,2026-09-03T23:54:45Z
1057,Topspin Consumer Partners,New York,346389,Grid,Manufacturing,"Dallas, Texas, United States",2026-02-24,Growth Capital,,,0.5,True,,0,0,https://mergr.com/company/346389,2026-09-03T23:54:45Z
1057,Topspin Consumer Partners,New York,314419,Three Dog Bakery - Consumer Products Division,Food,"Kansas, Missouri, United States",2023-06-21,Divestiture,,,3.2,True,,0,0,https://mergr.com/company/314419,2026-09-03T23:54:45Z
1057,Topspin Consumer Partners,New York,226730,Mission Cooling,Consumer Products,"New York, New York, United States",2022-01-11,Growth Capital,,,4.6,True,,0,0,https://mergr.com/company/226730,2026-09-03T23:54:45Z
1057,Topspin Consumer Partners,New York,320315,Coop,Consumer Products,"Los Angeles, California, United States",2021-08-26,Recapitalization,,,5,True,,0,0,https://mergr.com/company/320315,2026-09-03T23:54:45Z
1057,Topspin Consumer Partners,New York,320316,SportPet,Consumer Products,"Waukesha, Wisconsin, United States",2021-08-10,Growth Capital,,,5,True,,1,0,https://mergr.com/company/320316,2026-09-03T23:54:45Z
1057,Topspin Consumer Partners,New York,272767,Recom,Retail,"Deerfield Beach, Florida, United States",2020-04-28,Growth Capital,,,6.3,True,,2,0,https://mergr.com/company/272767,2026-09-03T23:54:45Z
1057,Topspin Consumer Partners,New York,181020,Japonesque,Consumer Products,"San Ramon, California, United States",2019-09-23,Secondary Buyout,,,6.9,True,,1,0,https://mergr.com/company/181020,2026-09-03T23:54:45Z
1057,Topspin Consumer Partners,New York,10229,HealthCentral,Internet Software and Services,"Arlington, Virginia, United States",2017-11-29,Secondary Buyout,2021-09-27,Trade Sale - Public Company,3.8,False,,3,0,https://mergr.com/company/10229,2026-09-03T23:54:45Z
1057,Topspin Consumer Partners,New York,244533,Bear Down Brands,Consumer Products,"Santa Ana, California, United States",2017-10-19,Growth Capital,,,8.8,True,,0,0,https://mergr.com/company/244533,2026-09-03T23:54:45Z
1057,Topspin Consumer Partners,New York,229981,Palmetto Moon,Retail,"North Charleston, South Carolina, United States",2016-11-07,"Buyout (LBO, MBO, MBI)",,,9.8,True,,0,0,https://mergr.com/company/229981,2026-09-03T23:54:45Z
1057,Topspin Consumer Partners,New York,225371,Texas Family Fitness,Consumer Services,"Coppell, Texas, United States",2016-08-15,"Buyout (LBO, MBO, MBI)",,,10,True,,0,0,https://mergr.com/company/225371,2026-09-03T23:54:45Z
1057,Topspin Consumer Partners,New York,213853,Polder Products,Consumer Products,"Oxford, Connecticut, United States",2016-01-12,"Buyout (LBO, MBO, MBI)",,,10.6,True,,0,0,https://mergr.com/company/213853,2026-09-03T23:54:45Z
1057,Topspin Consumer Partners,New York,208430,Beauty by Imagination,Consumer Products,"New York, New York, United States",2015-10-26,"Buyout (LBO, MBO, MBI)",2019-03-11,Spin Off,3.3,False,,2,0,https://mergr.com/company/208430,2026-09-03T23:54:45Z
1057,Topspin Consumer Partners,New York,229382,PlayMonster,Consumer Products,"Beloit, Wisconsin, United States",2014-09-01,"Buyout (LBO, MBO, MBI)",2018-11-19,Trade Sale - Public Company,4.2,False,,4,0,https://mergr.com/company/229382,2026-09-03T23:54:45Z
1057,Topspin Consumer Partners,New York,76085,HCOA Fitness,Consumer Services,"Miami, Florida, United States",2014-01-08,"Buyout (LBO, MBO, MBI)",,,12.6,True,,0,0,https://mergr.com/company/76085,2026-09-03T23:54:45Z
1057,Topspin Consumer Partners,New York,55806,Vio Security,Safety/Security,"Irving, Texas, United States",2013-05-01,"Buyout (LBO, MBO, MBI)",,,13.3,True,,1,0,https://mergr.com/company/55806,2026-09-03T23:54:45Z
1057,Topspin Consumer Partners,New York,60626,Brighter Dental Solutions LLC,Healthcare Services,"Branchburg, New Jersey, United States",2012-05-14,"Buyout (LBO, MBO, MBI)",,,14.3,True,,0,0,https://mergr.com/company/60626,2026-09-03T23:54:45Z
1057,Topspin Consumer Partners,New York,215795,Stagnito Business Information,Publishing,"Chicago, Illinois, United States",2012-01-23,"Buyout (LBO, MBO, MBI)",2016-02-17,Spin Off,4,False,,0,0,https://mergr.com/company/215795,2026-09-03T23:54:45Z
1057,Topspin Consumer Partners,New York,26077,2-20 Records Management,Information Technology,"Carlstadt, New Jersey, United States",2011-01-04,"Buyout (LBO, MBO, MBI)",,,15.7,True,,3,0,https://mergr.com/company/26077,2026-09-03T23:54:45Z
1057,Topspin Consumer Partners,New York,14663,Pulse Vet,Medical Products,"Roswell, Georgia, United States",2009-06-03,"Buyout (LBO, MBO, MBI)",2015-03-20,Trade Sale - Public Company,5.8,False,,0,0,https://mergr.com/company/14663,2026-09-03T23:54:45Z
1057,Topspin Consumer Partners,New York,26882,Hart Systems LLC,Business Services,"Hauppauge, New York, United States",2009-01-28,Recapitalization,2013-12-19,Divestiture,4.8,False,,0,0,https://mergr.com/company/26882,2026-09-03T23:54:45Z
1057,Topspin Consumer Partners,New York,14662,IDS,Media,"Jacksonville, Florida, United States",2008-12-15,"Buyout (LBO, MBO, MBI)",2012-02-16,Divestiture,3.2,False,,0,0,https://mergr.com/company/14662,2026-09-03T23:54:45Z
1057,Topspin Consumer Partners,New York,226556,New Whey Nutrition,Beverages,"Oviedo, Florida, United States",2008-09-01,"Buyout (LBO, MBO, MBI)",,,18,True,,0,0,https://mergr.com/company/226556,2026-09-03T23:54:45Z
1057,Topspin Consumer Partners,New York,11919,Utrecht Manufacturing Corp.,Retail,"Cranbury, New Jersey, United States",2007-09-10,Secondary Buyout,2013-04-01,Trade Sale,5.5,False,,0,0,https://mergr.com/company/11919,2026-09-03T23:54:45Z
1057,Topspin Consumer Partners,New York,8068,Moose River Media LLC,Publishing,"St. Johnsbury, Vermont, United States",2005-12-01,Secondary Buyout,2013-08-30,Divestiture,7.7,False,,0,0,https://mergr.com/company/8068,2026-09-03T23:54:45Z
1057,Topspin Consumer Partners,New York,15039,"Band Digital, Inc.",Information Technology,"Chicago, Hawaii, United States",2005-03-24,Venture,2013-08-16,Bankruptcy,8.3,False,,0,0,https://mergr.com/company/15039,2026-09-03T23:54:45Z
1057,Topspin Consumer Partners,New York,11918,Tiffen,Electronics,"Hauppauge, New York, United States",2003-08-01,Special Situations/Distressed,,,23.1,True,,0,0,https://mergr.com/company/11918,2026-09-03T23:54:45Z
1057,Topspin Consumer Partners,New York,19411,"Coastal Security Systems, Inc.",Safety/Security,"Boca Raton, Florida, United States",2002-11-01,"Buyout (LBO, MBO, MBI)",2005-11-10,Trade Sale - Public Company,3,False,,0,0,https://mergr.com/company/19411,2026-09-03T23:54:45Z
1123,Summer Street Capital Partners,New York,239224,Frontier Waste Solutions,Environmental,"Dallas, Texas, United States",2022-11-29,Secondary Buyout,2026-04-01,Divestiture,3.3,False,,2,0,https://mergr.com/company/239224,2026-09-03T23:54:45Z
1123,Summer Street Capital Partners,New York,260088,Coastal Waste & Recycling,Environmental,"Boca Raton, Florida, United States",2018-10-24,Growth Capital,2023-06-20,Merger,4.6,False,,0,0,https://mergr.com/company/260088,2026-09-03T23:54:45Z
1123,Summer Street Capital Partners,New York,35173,Halco Lighting Technologies,Electrical Equipment,"Norcross, Georgia, United States",2015-12-03,Secondary Buyout,,,10.8,True,,0,1,https://mergr.com/company/35173,2026-09-03T23:54:45Z
1123,Summer Street Capital Partners,New York,18322,Dwellworks,Business Services,"Cleveland, Ohio, United States",2015-02-04,Recapitalization,2018-05-30,Trade Sale - Public Company,3.3,False,,1,0,https://mergr.com/company/18322,2026-09-03T23:54:45Z
1123,Summer Street Capital Partners,New York,178352,Full Spectrum Laser LLC (FSL3D),Manufacturing,"Las Vegas, Nevada, United States",2014-11-12,Growth Capital,,,11.8,True,,0,0,https://mergr.com/company/178352,2026-09-03T23:54:45Z
1123,Summer Street Capital Partners,New York,178353,Multisorb Technologies,Packaging,"Buffalo, New York, United States",2014-10-22,"Buyout (LBO, MBO, MBI)",2018-04-06,Divestiture,3.4,False,,0,0,https://mergr.com/company/178353,2026-09-03T23:54:45Z
1123,Summer Street Capital Partners,New York,48477,Midwest Technical Institute,Education,"Springfield, Illinois, United States",2012-10-11,Recapitalization,,,13.8,True,,0,0,https://mergr.com/company/48477,2026-09-03T23:54:45Z
1123,Summer Street Capital Partners,New York,30630,New England Orthotic and Prosthetic Systems LLC,Healthcare Services,"Branford, Connecticut, United States",2012-05-10,Recapitalization,,,14.3,True,,0,0,https://mergr.com/company/30630,2026-09-03T23:54:45Z
1123,Summer Street Capital Partners,New York,30629,Sharps Medical Waste Services,Environmental,"Houston, Texas, United States",2012-03-30,"Buyout (LBO, MBO, MBI)",2021-04-01,Trade Sale - Public Company,9,False,,1,0,https://mergr.com/company/30629,2026-09-03T23:54:45Z
1123,Summer Street Capital Partners,New York,30628,"Apple Valley Waste, Inc.",Environmental,"Kearneysville, West Virginia, United States",2011-03-22,"Buyout (LBO, MBO, MBI)",2018-12-03,Divestiture,7.7,False,,0,0,https://mergr.com/company/30628,2026-09-03T23:54:45Z
1123,Summer Street Capital Partners,New York,16895,"Graphic Controls Holdings, Inc.",Manufacturing,"Buffalo, New York, United States",2010-10-19,Recapitalization,2016-08-05,Divestiture,5.8,False,,0,0,https://mergr.com/company/16895,2026-09-03T23:54:45Z
1123,Summer Street Capital Partners,New York,299294,Interstate Waste Services,Environmental,"Teaneck, New Jersey, United States",2010-08-06,"Buyout (LBO, MBO, MBI)",2020-01-21,Trade Sale - Public Company,9.4,False,,0,0,https://mergr.com/company/299294,2026-09-03T23:54:45Z
1123,Summer Street Capital Partners,New York,3619,"Star Career Academy, Inc.",Education,"Berlin, New Jersey, United States",2010-08-03,Secondary Buyout,,,16.1,True,,0,0,https://mergr.com/company/3619,2026-09-03T23:54:45Z
1123,Summer Street Capital Partners,New York,17917,"Tulsa Welding School, Inc.",Education,"Tulsa, Oklahoma, United States",2008-10-27,"Buyout (LBO, MBO, MBI)",2011-12-05,Unknown,3.1,False,,1,0,https://mergr.com/company/17917,2026-09-03T23:54:45Z
1123,Summer Street Capital Partners,New York,177795,"Bracor, Inc. (dba WillCare HealthCare)",Healthcare Services,"Buffalo, New York, United States",2008-09-29,"Buyout (LBO, MBO, MBI)",2015-02-25,Divestiture,6.3,False,,1,0,https://mergr.com/company/177795,2026-09-03T23:54:45Z
1123,Summer Street Capital Partners,New York,8974,Belmont Meat Products Ltd.,Food,"Toronto, Ontario, Canada",2007-04-30,Recapitalization,2016-10-13,Divestiture,9.4,False,120,0,0,https://mergr.com/company/8974,2026-09-03T23:54:45Z
1123,Summer Street Capital Partners,New York,17943,"Innovative Concepts in Entertainment, Inc.",Manufacturing,"Clarence, New York, United States",2006-02-27,Recapitalization,2006-02-27,Merger,0,False,,0,0,https://mergr.com/company/17943,2026-09-03T23:54:45Z
1123,Summer Street Capital Partners,New York,3428,Healthtrax,Consumer Services,"Glastonbury, Connecticut, United States",2005-04-01,Recapitalization,,,21.4,True,,0,1,https://mergr.com/company/3428,2026-09-03T23:54:45Z
1123,Summer Street Capital Partners,New York,16895,"Graphic Controls Holdings, Inc.",Manufacturing,"Buffalo, New York, United States",2004-06-07,"Buyout (LBO, MBO, MBI)",2016-08-05,Divestiture,12.1,False,,0,0,https://mergr.com/company/16895,2026-09-03T23:54:45Z
1123,Summer Street Capital Partners,New York,17943,"Innovative Concepts in Entertainment, Inc.",Manufacturing,"Clarence, New York, United States",2003-06-01,"Buyout (LBO, MBO, MBI)",2006-02-27,Merger,2.7,False,,0,0,https://mergr.com/company/17943,2026-09-03T23:54:45Z
1123,Summer Street Capital Partners,New York,8970,"Reichert Technologies, Inc.",Medical Products,"Depew, New York, United States",2002-12-02,Divestiture,2007-01-12,Trade Sale - Public Company,4.1,False,,0,0,https://mergr.com/company/8970,2026-09-03T23:54:45Z
1123,Summer Street Capital Partners,New York,8966,"La Madeleine de Corps, Inc.",Restaurants,"Dallas, Texas, United States",2001-12-17,"Buyout (LBO, MBO, MBI)",,,24.7,True,,0,0,https://mergr.com/company/8966,2026-09-03T23:54:45Z
1123,Summer Street Capital Partners,New York,8972,USA Datanet Corp.,Communications,"Warwick, New York, United States",2001-08-28,Growth Capital,2008-04-24,Trade Sale,6.6,False,,0,0,https://mergr.com/company/8972,2026-09-03T23:54:45Z
1153,Park Avenue Equity Partners,New York,9311,Thomas Concrete,Building Materials,"Atlanta, Georgia, United States",2007-04-03,"Buyout (LBO, MBO, MBI)",,,19.4,True,,0,0,https://mergr.com/company/9311,2026-09-03T23:54:45Z
1153,Park Avenue Equity Partners,New York,9306,Condor Automotive Group,Automotive,"West Chester, Pennsylvania, United States",2006-01-01,"Buyout (LBO, MBO, MBI)",,,20.7,True,,0,0,https://mergr.com/company/9306,2026-09-03T23:54:45Z
1153,Park Avenue Equity Partners,New York,4734,Meyer Material Co.,Manufacturing,"McHenry, Illinois, United States",2005-04-08,"Buyout (LBO, MBO, MBI)",2006-06-26,Divestiture,1.2,False,,0,0,https://mergr.com/company/4734,2026-09-03T23:54:45Z
1153,Park Avenue Equity Partners,New York,12092,Liberty Tire Recycling,Environmental,"Pittsburgh, Pennsylvania, United States",2004-09-01,"Buyout (LBO, MBO, MBI)",2008-11-05,Trade Sale - Public Company,4.2,False,,0,0,https://mergr.com/company/12092,2026-09-03T23:54:45Z
1153,Park Avenue Equity Partners,New York,4646,DynaVox Systems LLC,Information Technology,"Pittsburgh, Pennsylvania, United States",2004-05-01,Growth Capital,2010-01-06,IPO,5.7,False,,0,0,https://mergr.com/company/4646,2026-09-03T23:54:45Z
1153,Park Avenue Equity Partners,New York,14669,"OPENFIELD Solutions, Inc.",Retail,"Raleigh, North Carolina, United States",2002-04-02,Stake Purchase,2005-09-26,Divestiture,3.4,False,,0,0,https://mergr.com/company/14669,2026-09-03T23:54:45Z
1153,Park Avenue Equity Partners,New York,14666,Impact Products,Consumer Products,"Toledo, Ohio, United States",2001-10-01,"Buyout (LBO, MBO, MBI)",2006-03-21,Trade Sale - Public Company,4.4,False,,0,0,https://mergr.com/company/14666,2026-09-03T23:54:45Z
1153,Park Avenue Equity Partners,New York,4651,Joerns Healthcare,Medical Products,"Charlotte, North Carolina, United States",2000-12-01,"Buyout (LBO, MBO, MBI)",2010-08-09,Trade Sale - Public Company,9.7,False,,0,0,https://mergr.com/company/4651,2026-09-03T23:54:45Z
1153,Park Avenue Equity Partners,New York,30771,DeVilbiss Healthcare,Medical Products,"Somerset, Pennsylvania, United States",2000-12-01,"Buyout (LBO, MBO, MBI)",2015-07-02,Divestiture,14.6,False,,0,0,https://mergr.com/company/30771,2026-09-03T23:54:45Z
1153,Park Avenue Equity Partners,New York,9309,WR Hambrecht+Co,Financial Services,"San Francisco, California, United States",2000-07-06,Venture,,,26.1,True,,0,0,https://mergr.com/company/9309,2026-09-03T23:54:45Z
1268,SFW Capital Partners,New York,324163,Sannova Analytical,Life Science,"Somerset, New Jersey, United States",2022-08-10,Growth Capital,,,4,True,,0,0,https://mergr.com/company/324163,2026-09-03T23:54:45Z
1268,SFW Capital Partners,New York,296500,RDI Technologies,Electronics,"Knoxville, Tennessee, United States",2022-02-17,Recapitalization,,,4.5,True,,0,0,https://mergr.com/company/296500,2026-09-03T23:54:45Z
1268,SFW Capital Partners,New York,61206,Captify,Marketing,"London, United Kingdom",2021-07-14,Secondary Buyout,,,5.1,True,,0,0,https://mergr.com/company/61206,2026-09-03T23:54:45Z
1268,SFW Capital Partners,New York,273384,Pion,Life Science,"Billerica, Massachusetts, United States",2021-05-20,Recapitalization,,,5.3,True,,0,0,https://mergr.com/company/273384,2026-09-03T23:54:45Z
1268,SFW Capital Partners,New York,324145,Granite River Labs,Information Technology,"Santa Clara, California, United States",2021-05-12,Recapitalization,,,5.3,True,,0,0,https://mergr.com/company/324145,2026-09-03T23:54:45Z
1268,SFW Capital Partners,New York,289324,CARON Scientific,Medical Products,"Marietta, Ohio, United States",2021-01-13,Recapitalization,,,5.6,True,,1,0,https://mergr.com/company/289324,2026-09-03T23:54:45Z
1268,SFW Capital Partners,New York,273781,Micromeritics,Test/Measurement Equipment,"Norcross, Georgia, United States",2019-12-19,Recapitalization,2024-07-16,Divestiture,4.5,False,,0,0,https://mergr.com/company/273781,2026-09-03T23:54:45Z
1268,SFW Capital Partners,New York,258955,Greenshades Software,Software,"Jacksonville, Florida, United States",2019-03-07,Growth Capital,2022-10-04,Trade Sale - Public Company,3.5,False,,0,0,https://mergr.com/company/258955,2026-09-03T23:54:45Z
1268,SFW Capital Partners,New York,37165,act!,Software,"Denver, Colorado, United States",2018-05-23,Secondary Buyout,,,8.3,True,,1,0,https://mergr.com/company/37165,2026-09-03T23:54:45Z
1268,SFW Capital Partners,New York,244483,Devada,Software,"Raleigh-Durham, North Carolina, United States",2017-10-17,Growth Capital,,,8.8,True,,0,0,https://mergr.com/company/244483,2026-09-03T23:54:45Z
1268,SFW Capital Partners,New York,227392,DaySmart Software,Software,"Ann Arbor, Michigan, United States",2016-09-28,Growth Capital,2019-10-16,Trade Sale - Public Company,3,False,,1,0,https://mergr.com/company/227392,2026-09-03T23:54:45Z
1268,SFW Capital Partners,New York,3974,GLG,Information Services,"New York, New York, United States",2015-12-21,Secondary Buyout,,,10.7,True,,0,0,https://mergr.com/company/3974,2026-09-03T23:54:45Z
1268,SFW Capital Partners,New York,94437,"Essen BioScience, Inc.",Medical Products,"Ann Arbor, Michigan, United States",2014-05-15,Growth Capital,2017-03-03,Divestiture,2.8,False,,0,0,https://mergr.com/company/94437,2026-09-03T23:54:45Z
1268,SFW Capital Partners,New York,70613,Filtec,Business Services,"Torrance, California, United States",2013-11-05,Growth Capital,2022-09-12,Divestiture,8.8,False,,0,0,https://mergr.com/company/70613,2026-09-03T23:54:45Z
1268,SFW Capital Partners,New York,30631,Keypoint Intelligence,Information Services,"Fairfield, New Jersey, United States",2011-12-14,Growth Capital,2019-10-10,Trade Sale - Public Company,7.8,False,,1,0,https://mergr.com/company/30631,2026-09-03T23:54:45Z
1268,SFW Capital Partners,New York,175314,"Spectro Scientific, Inc.",Test/Measurement Equipment,"Chelmsford, Massachusetts, United States",2011-07-07,Divestiture,2018-11-27,Divestiture,7.3,False,50,2,0,https://mergr.com/company/175314,2026-09-03T23:54:45Z
1268,SFW Capital Partners,New York,30632,"MD Buyline, Inc.",Information Services,"Dallas, Texas, United States",2011-02-02,"Buyout (LBO, MBO, MBI)",2014-08-04,Divestiture,3.5,False,,0,0,https://mergr.com/company/30632,2026-09-03T23:54:45Z
1268,SFW Capital Partners,New York,789,Agdata,Information Services,"Charlotte, North Carolina, United States",2010-02-08,Secondary Buyout,2014-07-25,Trade Sale - Public Company,4.4,False,,0,0,https://mergr.com/company/789,2026-09-03T23:54:45Z
1268,SFW Capital Partners,New York,21360,"Telephia, Inc.",Media,"San Francisco, California, United States",1999-07-19,Venture,2007-08-10,Divestiture,8,False,,0,0,https://mergr.com/company/21360,2026-09-03T23:54:45Z
1268,SFW Capital Partners,New York,29749,"Sovereign Specialty Chemicals, Inc.",Chemicals,"Chicago, Illinois, United States",1996-03-01,"Buyout (LBO, MBO, MBI)",2004-12-27,Trade Sale,8.8,False,,0,0,https://mergr.com/company/29749,2026-09-03T23:54:45Z
1517,Mistral Equity Partners,New York,252712,Insomnia Cookies,Food,"Philadelphia, Pennsylvania, United States",2024-07-17,Stake Purchase,,,2.1,True,,0,0,https://mergr.com/company/252712,2026-09-03T23:54:45Z
1517,Mistral Equity Partners,New York,169125,Abe's Market Co.,E-Commerce,"Buffalo Grove, Illinois, United States",2014-02-07,Venture,2016-05-16,Divestiture,2.3,False,,0,0,https://mergr.com/company/169125,2026-09-03T23:54:45Z
1517,Mistral Equity Partners,New York,169117,Vino Volo,Beverages,"San Francisco, California, United States",2012-08-09,Growth Capital,,,14,True,,0,0,https://mergr.com/company/169117,2026-09-03T23:54:45Z
1517,Mistral Equity Partners,New York,225198,XWELL,Diversified,"New York, New York, United States",2012-03-09,Stake Purchase,,,14.4,True,29,2,1,https://mergr.com/company/225198,2026-09-03T23:54:45Z
1517,Mistral Equity Partners,New York,4300,PetWise,Consumer Products,"Novato, California, United States",2011-04-29,Secondary Buyout,2021-09-28,Trade Sale - Public Company,10.3,False,,2,0,https://mergr.com/company/4300,2026-09-03T23:54:45Z
1517,Mistral Equity Partners,New York,1564,Country Pure Foods,Food,"Akron, Ohio, United States",2010-08-13,Secondary Buyout,2015-03-05,Divestiture,4.5,False,,1,0,https://mergr.com/company/1564,2026-09-03T23:54:45Z
1517,Mistral Equity Partners,New York,26380,Lovesac,Furniture,"Stamford, Connecticut, United States",2010-05-25,Growth Capital,2018-06-26,IPO,8.1,False,697,0,0,https://mergr.com/company/26380,2026-09-03T23:54:45Z
1517,Mistral Equity Partners,New York,20480,Worldlynx Wireless L.P.,Distribution,"Toronto, Ontario, Canada",2009-09-21,Growth Capital,,,16.9,True,,0,0,https://mergr.com/company/20480,2026-09-03T23:54:45Z
1517,Mistral Equity Partners,New York,16354,"Jamba, Inc.",Restaurants,"Emeryville, California, United States",2009-06-01,PIPE,2018-08-02,Divestiture,9.2,False,161,0,0,https://mergr.com/company/16354,2026-09-03T23:54:45Z
1517,Mistral Equity Partners,New York,10445,Shearer’s Foods,Food,"Massillon, Ohio, United States",2008-01-28,Secondary Buyout,2012-11-02,Trade Sale - Public Company,4.8,False,,1,0,https://mergr.com/company/10445,2026-09-03T23:54:45Z
1944,Cooper Investment Partners,New York,176060,"Ventech Engineers, Inc.",Construction,"Pasadena, Texas, United States",2011-09-28,Recapitalization,,,14.9,True,,0,0,https://mergr.com/company/176060,2026-09-03T23:54:45Z
2317,Dominus Capital,New York,294336,Pelco Solutions,Safety/Security,"Edmond, Oklahoma, United States",2026-07-29,Secondary Buyout,,,0.1,True,,0,0,https://mergr.com/company/294336,2026-09-03T23:54:45Z
2317,Dominus Capital,New York,290184,Creative Outdoor,Marketing,"Tampa, Florida, United States",2026-01-16,Secondary Buyout,,,0.6,True,,0,0,https://mergr.com/company/290184,2026-09-03T23:54:45Z
2317,Dominus Capital,New York,325470,Safe Haven Defense,Safety/Security,"Scottsdale, Arizona, United States",2024-05-29,Recapitalization,,,2.3,True,,0,0,https://mergr.com/company/325470,2026-09-03T23:54:45Z
2317,Dominus Capital,New York,309687,Uptime Institute,Information Technology,"New York, New York, United States",2022-01-14,Growth Capital,,,4.6,True,,2,0,https://mergr.com/company/309687,2026-09-03T23:54:45Z
2317,Dominus Capital,New York,272169,Seaga,Manufacturing,"Freeport, Illinois, United States",2021-11-03,Secondary Buyout,,,4.8,True,,1,0,https://mergr.com/company/272169,2026-09-03T23:54:45Z
2317,Dominus Capital,New York,290051,Consolidated Equipment Group,Machinery,"Alexandria, Minnesota, United States",2021-08-16,Secondary Buyout,,,5,True,,1,0,https://mergr.com/company/290051,2026-09-03T23:54:45Z
2317,Dominus Capital,New York,290049,Lockmasters,Safety/Security,"Nicholasville, Kentucky, United States",2020-09-09,Stake Purchase,,,5.9,True,,4,0,https://mergr.com/company/290049,2026-09-03T23:54:45Z
2317,Dominus Capital,New York,57010,Surface Preparation Technologies,Construction,"New Kingstown, Pennsylvania, United States",2019-11-14,Secondary Buyout,2026-01-05,Divestiture,6.1,False,,0,0,https://mergr.com/company/57010,2026-09-03T23:54:45Z
2317,Dominus Capital,New York,203501,BluSky Restoration,Construction,"Centennial, Colorado, United States",2018-08-15,Secondary Buyout,2021-10-19,Trade Sale - Public Company,3.2,False,,1,0,https://mergr.com/company/203501,2026-09-03T23:54:45Z
2317,Dominus Capital,New York,274018,L2 Brands,Apparel/Textiles,"Hanover, Pennsylvania, United States",2018-05-02,Recapitalization,2022-11-16,Trade Sale - Public Company,4.5,False,,2,0,https://mergr.com/company/274018,2026-09-03T23:54:45Z
2317,Dominus Capital,New York,274019,Nevco,Consumer Products,"Greenville, Illinois, United States",2017-07-06,Growth Capital,,,9.1,True,,2,0,https://mergr.com/company/274019,2026-09-03T23:54:45Z
2317,Dominus Capital,New York,224822,"League Collegiate Wear, Inc.",Apparel/Textiles,"Bridgeport, Pennsylvania, United States",2016-08-02,Growth Capital,2018-05-02,Spin Off,1.8,False,,0,0,https://mergr.com/company/224822,2026-09-03T23:54:45Z
2317,Dominus Capital,New York,212883,"Complete Nutrition, Inc.",Consumer Products,"Omaha, Nebraska, United States",2016-01-27,"Buyout (LBO, MBO, MBI)",,,10.6,True,,0,0,https://mergr.com/company/212883,2026-09-03T23:54:45Z
2317,Dominus Capital,New York,254415,W.F. Taylor LLC,Chemicals,"Dalton, Georgia, United States",2015-05-07,Recapitalization,2018-09-25,Divestiture,3.3,False,,0,0,https://mergr.com/company/254415,2026-09-03T23:54:45Z
2317,Dominus Capital,New York,215103,Frontline Managed Services,Business Services,"Atlanta, Georgia, United States",2014-10-31,Secondary Buyout,2019-02-01,Merger,4.3,False,,0,0,https://mergr.com/company/215103,2026-09-03T23:54:45Z
2317,Dominus Capital,New York,235868,Bentley Mills,Apparel/Textiles,"City of Industry, California, United States",2012-08-17,Divestiture,2017-02-09,Divestiture,4.4,False,,0,0,https://mergr.com/company/235868,2026-09-03T23:54:45Z
2317,Dominus Capital,New York,30470,On Campus Marketing,E-Commerce,"West Trenton, New Jersey, United States",2011-04-29,Divestiture,2016-05-23,Trade Sale - Public Company,5,False,,0,0,https://mergr.com/company/30470,2026-09-03T23:54:45Z
2317,Dominus Capital,New York,24005,Spectrum Corp.,Chemicals,"Selmer, Tennessee, United States",2010-03-16,Secondary Buyout,2014-06-23,Divestiture,4.3,False,,0,0,https://mergr.com/company/24005,2026-09-03T23:54:45Z
2470,CIP Capital,New York,175465,3Pillar Global,Software,"Fairfax, Virginia, United States",2020-03-10,Growth Capital,,,6.4,True,,5,0,https://mergr.com/company/175465,2026-09-03T23:54:45Z
2470,CIP Capital,New York,246735,SBI,Business Services,"Southlake, Texas, United States",2020-01-09,Secondary Buyout,,,6.6,True,,6,0,https://mergr.com/company/246735,2026-09-03T23:54:45Z
2470,CIP Capital,New York,181213,Benefit Resources,Business Services,"Rochester, New York, United States",2019-08-19,Growth Capital,2023-07-13,Divestiture,3.8,False,,1,0,https://mergr.com/company/181213,2026-09-03T23:54:45Z
2470,CIP Capital,New York,260377,People2.0,Staffing,"King of Prussia, Pennsylvania, United States",2019-04-24,Growth Capital,2021-02-02,Trade Sale - Public Company,1.8,False,,0,0,https://mergr.com/company/260377,2026-09-03T23:54:45Z
2470,CIP Capital,New York,192927,Attane,Marketing,"Kansas City, Missouri, United States",2018-12-03,Secondary Buyout,,,7.8,True,,2,0,https://mergr.com/company/192927,2026-09-03T23:54:45Z
2470,CIP Capital,New York,274059,Adstra,Marketing,"Princeton, New Jersey, United States",2018-11-16,Growth Capital,,,7.8,True,,0,0,https://mergr.com/company/274059,2026-09-03T23:54:45Z
2470,CIP Capital,New York,85585,Carnegie Learning,Education,"Pittsburgh, Pennsylvania, United States",2018-09-06,Divestiture,2020-10-22,Trade Sale - Public Company,2.1,False,,2,0,https://mergr.com/company/85585,2026-09-03T23:54:45Z
2470,CIP Capital,New York,203904,New Mountain Learning LLC,Education,"Saint Paul, Minnesota, United States",2018-04-02,Secondary Buyout,2018-09-06,Spin Off,0.4,False,,0,0,https://mergr.com/company/203904,2026-09-03T23:54:45Z
2470,CIP Capital,New York,62770,WilsonHCG,Staffing,"Tampa, Florida, United States",2017-10-17,Secondary Buyout,2021-02-19,Trade Sale - Public Company,3.3,False,,0,0,https://mergr.com/company/62770,2026-09-03T23:54:45Z
2470,CIP Capital,New York,235138,CSS,Information Technology,"New York, New York, United States",2017-01-31,Consolidation,2021-11-09,Divestiture,4.8,False,,5,0,https://mergr.com/company/235138,2026-09-03T23:54:45Z
2470,CIP Capital,New York,226477,Cisive,Information Technology,"Holtsville, New York, United States",2016-09-09,Growth Capital,2021-11-01,Trade Sale - Public Company,5.1,False,,2,0,https://mergr.com/company/226477,2026-09-03T23:54:45Z
2470,CIP Capital,New York,244507,Affinitiv,Marketing,"Buffalo Grove, Illinois, United States",2016-09-08,Consolidation,,,9.9,True,,7,0,https://mergr.com/company/244507,2026-09-03T23:54:45Z
2470,CIP Capital,New York,239592,FRONTSTEPS,Software,"Denver, Colorado, United States",2015-09-15,Growth Capital,,,10.9,True,,4,0,https://mergr.com/company/239592,2026-09-03T23:54:45Z
2470,CIP Capital,New York,178459,eDriving,Internet Software and Services,"Cape May Court House, New Jersey, United States",2015-01-20,Consolidation,2021-06-02,Divestiture,6.3,False,,3,0,https://mergr.com/company/178459,2026-09-03T23:54:45Z
2470,CIP Capital,New York,19466,OnCourse Learning,Education,"Brookfield, Wisconsin, United States",2014-03-04,Secondary Buyout,2018-09-17,Divestiture,4.5,False,,5,0,https://mergr.com/company/19466,2026-09-03T23:54:45Z
2470,CIP Capital,New York,32862,I Drive Safely LLC,Internet Software and Services,"Carlsbad, California, United States",2012-05-29,"Buyout (LBO, MBO, MBI)",2015-01-20,Spin Off,2.6,False,,0,0,https://mergr.com/company/32862,2026-09-03T23:54:45Z
2470,CIP Capital,New York,5546,RevSpring,Information Technology,"Nashville, Tennessee, United States",2011-10-24,Secondary Buyout,2016-11-07,Trade Sale - Public Company,5,False,,2,0,https://mergr.com/company/5546,2026-09-03T23:54:45Z
2470,CIP Capital,New York,24765,CoAdvantage,Information Technology,"Bradenton, Florida, United States",2010-10-01,"Buyout (LBO, MBO, MBI)",2015-10-08,Trade Sale - Public Company,5,False,,2,0,https://mergr.com/company/24765,2026-09-03T23:54:45Z
2606,BelHealth Investment Partners,New York,254171,Gemini Bio,Life Science,"West Sacramento, California, United States",2018-09-14,"Buyout (LBO, MBO, MBI)",,,7.9,True,,2,1,https://mergr.com/company/254171,2026-09-03T23:54:45Z
2606,BelHealth Investment Partners,New York,252533,NavaDerm Partners,Healthcare Services,"New York City, New York, United States",2018-07-17,Consolidation,,,8.1,True,,4,3,https://mergr.com/company/252533,2026-09-03T23:54:45Z
2606,BelHealth Investment Partners,New York,252025,Beach House,Healthcare Services,"Juno Beach, Florida, United States",2018-06-28,"Buyout (LBO, MBO, MBI)",,,8.2,True,,0,0,https://mergr.com/company/252025,2026-09-03T23:54:45Z
2606,BelHealth Investment Partners,New York,271500,Integrated Care Physicians,Healthcare Services,"Tampa, Florida, United States",2017-08-16,"Buyout (LBO, MBO, MBI)",,,9,True,,0,0,https://mergr.com/company/271500,2026-09-03T23:54:45Z
2606,BelHealth Investment Partners,New York,235355,AHSA,Staffing,"Traverse City, Michigan, United States",2017-02-01,"Buyout (LBO, MBO, MBI)",2021-11-22,Unknown,4.8,False,,3,0,https://mergr.com/company/235355,2026-09-03T23:54:45Z
2606,BelHealth Investment Partners,New York,233759,Care Advantage,Consumer Services,"Richmond, Virginia, United States",2017-01-04,"Buyout (LBO, MBO, MBI)",2021-06-01,Trade Sale - Public Company,4.3,False,,8,0,https://mergr.com/company/233759,2026-09-03T23:54:45Z
2606,BelHealth Investment Partners,New York,292892,AHSG,Staffing,"Edmond, Oklahoma, United States",2016-10-17,"Buyout (LBO, MBO, MBI)",2021-11-22,Trade Sale - Public Company,5.1,False,,0,0,https://mergr.com/company/292892,2026-09-03T23:54:45Z
2606,BelHealth Investment Partners,New York,200622,Apothecary By Design,Healthcare Services,"Portland, Maine, United States",2015-08-18,"Buyout (LBO, MBO, MBI)",2018-01-05,Divestiture,2.3,False,,2,0,https://mergr.com/company/200622,2026-09-03T23:54:45Z
2606,BelHealth Investment Partners,New York,324648,VFP Pharmacy Group,Healthcare Services,"Waltham, Massachusetts, United States",2015-08-01,"Buyout (LBO, MBO, MBI)",2024-08-08,Unknown,9,False,,0,0,https://mergr.com/company/324648,2026-09-03T23:54:45Z
2606,BelHealth Investment Partners,New York,199322,Geritrex LLC,Medical Products,"Middletown, New York, United States",2015-07-31,"Buyout (LBO, MBO, MBI)",,,11.1,True,,3,0,https://mergr.com/company/199322,2026-09-03T23:54:45Z
2606,BelHealth Investment Partners,New York,180870,Precision Diagnostics,Life Science,"San Diego, California, United States",2015-04-07,Recapitalization,2015-04-07,Merger,0,False,,0,0,https://mergr.com/company/180870,2026-09-03T23:54:45Z
2606,BelHealth Investment Partners,New York,180870,Precision Diagnostics,Life Science,"San Diego, California, United States",2014-05-01,"Buyout (LBO, MBO, MBI)",2015-04-07,Merger,0.9,False,,0,0,https://mergr.com/company/180870,2026-09-03T23:54:45Z
2606,BelHealth Investment Partners,New York,59618,Quick Care Pharmacy,Healthcare Services,"Rancho Cucamonga, California, United States",2013-07-25,"Buyout (LBO, MBO, MBI)",,,13.1,True,,1,0,https://mergr.com/company/59618,2026-09-03T23:54:45Z
2606,BelHealth Investment Partners,New York,180913,General Genetics,Life Science,"Las Cruces, New Mexico, United States",2013-07-25,"Buyout (LBO, MBO, MBI)",,,13.1,True,,2,0,https://mergr.com/company/180913,2026-09-03T23:54:45Z
2606,BelHealth Investment Partners,New York,59626,"Qforma, Inc.",Information Technology,"Morris Plains, New Jersey, United States",2013-06-09,"Buyout (LBO, MBO, MBI)",2015-12-22,Divestiture,2.5,False,,0,0,https://mergr.com/company/59626,2026-09-03T23:54:45Z
2606,BelHealth Investment Partners,New York,155449,Aureus Health Services LLC,Medical Products,"Pittsburgh, Pennsylvania, United States",2012-12-01,"Buyout (LBO, MBO, MBI)",2015-05-20,Divestiture,2.4,False,,1,0,https://mergr.com/company/155449,2026-09-03T23:54:45Z
2634,AUA Private Equity Partners,New York,331956,Tropical Cheese,Food,"Perth Amboy, New Jersey, United States",2024-12-09,Growth Capital,,,1.7,True,,1,0,https://mergr.com/company/331956,2026-09-03T23:54:45Z
2634,AUA Private Equity Partners,New York,320443,Weaver Popcorn Manufacturing,Food,"Van Buren, Indiana, United States",2024-01-04,"Buyout (LBO, MBO, MBI)",,,2.7,True,,0,0,https://mergr.com/company/320443,2026-09-03T23:54:45Z
2634,AUA Private Equity Partners,New York,311610,Western Smokehouse Partners,Food,"Galesburg, Illinois, United States",2023-03-28,Secondary Buyout,2025-07-09,Trade Sale - Public Company,2.3,False,,1,0,https://mergr.com/company/311610,2026-09-03T23:54:45Z
2634,AUA Private Equity Partners,New York,290900,Epi Breads,Food,"Atlanta, Georgia, United States",2021-09-28,Recapitalization,,,4.9,True,,0,0,https://mergr.com/company/290900,2026-09-03T23:54:45Z
2634,AUA Private Equity Partners,New York,307258,Keranique,Consumer Products,"Jersey City, New Jersey, United States",2021-06-23,Consolidation,2024-08-06,Divestiture,3.1,False,,0,0,https://mergr.com/company/307258,2026-09-03T23:54:45Z
2634,AUA Private Equity Partners,New York,283477,bistroMD,Food,"Naples, Florida, United States",2021-03-09,Recapitalization,2024-01-31,Divestiture,2.8,False,,0,0,https://mergr.com/company/283477,2026-09-03T23:54:45Z
2634,AUA Private Equity Partners,New York,276042,Westminster Pet Products,Food,"Cumberland, Rhode Island, United States",2020-09-08,"Buyout (LBO, MBO, MBI)",,,5.9,True,,1,0,https://mergr.com/company/276042,2026-09-03T23:54:45Z
2634,AUA Private Equity Partners,New York,261778,Tandem Foods,Food,"Pittsburgh, Pennsylvania, United States",2019-06-18,"Buyout (LBO, MBO, MBI)",2022-10-18,Trade Sale - Public Company,3.3,False,,1,0,https://mergr.com/company/261778,2026-09-03T23:54:45Z
2634,AUA Private Equity Partners,New York,265760,Gourmet Culinary Partners,Food,"Atlanta, Georgia, United States",2019-03-27,Consolidation,,,7.4,True,,3,0,https://mergr.com/company/265760,2026-09-03T23:54:45Z
2634,AUA Private Equity Partners,New York,235094,Indulge Desserts Holdings LLC,Food,"Freeport, New York, United States",2016-06-01,"Buyout (LBO, MBO, MBI)",2020-10-13,Divestiture,4.3,False,,2,0,https://mergr.com/company/235094,2026-09-03T23:54:45Z
2634,AUA Private Equity Partners,New York,214961,Raymundos Food Group,Food,"Bedford Park, Illinois, United States",2016-02-01,"Buyout (LBO, MBO, MBI)",2024-10-23,Divestiture,8.7,False,,2,2,https://mergr.com/company/214961,2026-09-03T23:54:45Z
2634,AUA Private Equity Partners,New York,199115,Tijuana Flats,Restaurants,"Maitland, Florida, United States",2015-08-03,Recapitalization,2024-04-19,Bankruptcy,8.7,False,,0,0,https://mergr.com/company/199115,2026-09-03T23:54:45Z
2634,AUA Private Equity Partners,New York,100029,"Blue Star Productions, Inc.",Media,"St. Paul, Minnesota, United States",2014-06-11,"Buyout (LBO, MBO, MBI)",,,12.2,True,,1,0,https://mergr.com/company/100029,2026-09-03T23:54:45Z
2634,AUA Private Equity Partners,New York,60614,Associated Supermarket Group LLC,Distribution,"Port Washington, New York, United States",2013-03-04,Recapitalization,2021-01-12,Sold to Management,7.8,False,,0,0,https://mergr.com/company/60614,2026-09-03T23:54:45Z
2634,AUA Private Equity Partners,New York,60626,Brighter Dental Solutions LLC,Healthcare Services,"Branchburg, New Jersey, United States",2012-05-14,"Buyout (LBO, MBO, MBI)",,,14.3,True,,0,0,https://mergr.com/company/60626,2026-09-03T23:54:45Z
2634,AUA Private Equity Partners,New York,26077,2-20 Records Management,Information Technology,"Carlstadt, New Jersey, United States",2011-01-04,"Buyout (LBO, MBO, MBI)",,,15.7,True,,3,0,https://mergr.com/company/26077,2026-09-03T23:54:45Z
3057,New State Capital Partners,New York,348885,Vast Coworking,Franchising,"West Palm Beach, Florida, United States",2026-03-03,"Buyout (LBO, MBO, MBI)",,,0.5,True,,0,0,https://mergr.com/company/348885,2026-09-03T23:54:45Z
3057,New State Capital Partners,New York,347840,HFI,Business Services,"Bloomington, Indiana, United States",2025-12-09,"Buyout (LBO, MBO, MBI)",,,0.7,True,,1,0,https://mergr.com/company/347840,2026-09-03T23:54:45Z
3057,New State Capital Partners,New York,268142,Expo Group,Media,"Irving, Texas, United States",2024-09-26,"Buyout (LBO, MBO, MBI)",,,1.9,True,,0,0,https://mergr.com/company/268142,2026-09-03T23:54:45Z
3057,New State Capital Partners,New York,328106,Universal Plant Services - Rotating Equipment Segment,Energy Services and Equipment,"Deer Park, Texas, United States",2024-08-14,Divestiture,,,2,True,,0,0,https://mergr.com/company/328106,2026-09-03T23:54:45Z
3057,New State Capital Partners,New York,314259,Finnoff Aviation Products,Aerospace,"Broomfield, Colorado, United States",2023-06-15,"Buyout (LBO, MBO, MBI)",,,3.2,True,,0,0,https://mergr.com/company/314259,2026-09-03T23:54:45Z
3057,New State Capital Partners,New York,303982,Afimac,Safety/Security,"Guelph, Ontario, Canada",2022-08-24,"Buyout (LBO, MBO, MBI)",,,4,True,,1,0,https://mergr.com/company/303982,2026-09-03T23:54:45Z
3057,New State Capital Partners,New York,299102,Patuxent,Construction,"Millersville, Maryland, United States",2022-04-26,"Buyout (LBO, MBO, MBI)",,,4.3,True,,4,0,https://mergr.com/company/299102,2026-09-03T23:54:45Z
3057,New State Capital Partners,New York,294035,AVEX,Aerospace,"Camarillo, California, United States",2021-12-21,"Buyout (LBO, MBO, MBI)",,,4.7,True,,0,0,https://mergr.com/company/294035,2026-09-03T23:54:45Z
3057,New State Capital Partners,New York,292497,Wilmington Paper,Engineering,"Pine Brook, New Jersey, United States",2021-11-12,"Buyout (LBO, MBO, MBI)",,,4.8,True,,0,0,https://mergr.com/company/292497,2026-09-03T23:54:45Z
3057,New State Capital Partners,New York,325898,ArborWorks,Business Services,"Oakhurst, California, United States",2021-11-01,"Buyout (LBO, MBO, MBI)",,,4.8,True,,0,0,https://mergr.com/company/325898,2026-09-03T23:54:45Z
3057,New State Capital Partners,New York,325904,KMS,Distribution,"Wichita, Kansas, United States",2020-12-02,"Buyout (LBO, MBO, MBI)",,,5.8,True,,0,0,https://mergr.com/company/325904,2026-09-03T23:54:45Z
3057,New State Capital Partners,New York,325920,Klein Hersh,Staffing,"Horsham, Pennsylvania, United States",2020-11-17,Growth Capital,,,5.8,True,,0,0,https://mergr.com/company/325920,2026-09-03T23:54:45Z
3057,New State Capital Partners,New York,274561,Global Holdings,Internet Software and Services,"Tulsa, Oklahoma, United States",2019-10-15,Recapitalization,,,6.8,True,,0,0,https://mergr.com/company/274561,2026-09-03T23:54:45Z
3057,New State Capital Partners,New York,263706,Computer Data Source,Information Technology,"Eatontown, New Jersey, United States",2019-08-22,Growth Capital,,,7,True,,0,0,https://mergr.com/company/263706,2026-09-03T23:54:45Z
3057,New State Capital Partners,New York,263206,MakoRabco,Construction,"Carlsbad, California, United States",2019-08-06,"Buyout (LBO, MBO, MBI)",2025-03-25,Divestiture,5.6,False,,1,0,https://mergr.com/company/263206,2026-09-03T23:54:45Z
3057,New State Capital Partners,New York,251827,Global Client Solutions,Financial Services,"Tulsa, Oklahoma, United States",2018-01-01,Secondary Buyout,,,8.7,True,,0,0,https://mergr.com/company/251827,2026-09-03T23:54:45Z
3057,New State Capital Partners,New York,243011,Capitol Pain Institute,Healthcare Services,"Austin, Texas, United States",2017-08-31,Growth Capital,2022-06-27,Merger,4.8,False,,0,0,https://mergr.com/company/243011,2026-09-03T23:54:45Z
3057,New State Capital Partners,New York,24452,NWN Carousel,Information Technology,"Exeter, Rhode Island, United States",2015-10-19,Growth Capital,2024-02-08,Trade Sale - Public Company,8.3,False,,1,1,https://mergr.com/company/24452,2026-09-03T23:54:45Z
3057,New State Capital Partners,New York,163121,Central Conveyor Co. Inc.,Machinery,"Brighton, Michigan, United States",2014-12-16,Growth Capital,2018-06-15,Divestiture,3.4,False,,0,0,https://mergr.com/company/163121,2026-09-03T23:54:45Z
3057,New State Capital Partners,New York,24439,United Medical Systems,Medical Products,"Westborough, Massachusetts, United States",2014-11-11,Divestiture,2023-06-01,Trade Sale - Public Company,8.5,False,,2,0,https://mergr.com/company/24439,2026-09-03T23:54:45Z
3057,New State Capital Partners,New York,77833,Gautier Steel,Metals/Mining,"Johnstown, Pennsylvania, United States",2014-01-31,Growth Capital,,,12.6,True,,0,0,https://mergr.com/company/77833,2026-09-03T23:54:45Z
3113,Verus Investment Partners,New York,222139,CAPS Payroll,Information Technology,"Culver City, California, United States",2016-06-16,Add-on Acquisition,,,10.2,True,,0,0,https://mergr.com/company/222139,2026-09-03T23:54:45Z
3113,Verus Investment Partners,New York,135117,Drake Manufacturing,Machinery,"Warren, Ohio, United States",2014-10-14,Growth Capital,,,11.8,True,,0,0,https://mergr.com/company/135117,2026-09-03T23:54:45Z
3113,Verus Investment Partners,New York,500,VanDeMark,Chemicals,"Lockport, New York, United States",2012-12-11,Secondary Buyout,2019-04-23,Trade Sale - Public Company,6.3,False,,1,0,https://mergr.com/company/500,2026-09-03T23:54:45Z
3113,Verus Investment Partners,New York,81465,Preferred Fragrance,Consumer Products,"Brooklyn, New York, United States",2011-11-03,Recapitalization,,,14.8,True,,0,0,https://mergr.com/company/81465,2026-09-03T23:54:45Z
3113,Verus Investment Partners,New York,81509,CAPS Universal,Staffing,"Culver City, California, United States",2011-05-10,Growth Capital,2016-06-16,Divestiture,5.1,False,,0,0,https://mergr.com/company/81509,2026-09-03T23:54:45Z
3113,Verus Investment Partners,New York,81473,Pittsburgh Brewing Co.,Beverages,"Pittsburgh, Pennsylvania, United States",2011-04-06,"Buyout (LBO, MBO, MBI)",2018-01-24,Unknown,6.8,False,,0,0,https://mergr.com/company/81473,2026-09-03T23:54:45Z
3165,Renco Group,New York,7181,Renfro Brands,Apparel/Textiles,"Mount Airy, North Carolina, United States",2021-06-09,Secondary Buyout,,,5.2,True,,0,0,https://mergr.com/company/7181,2026-09-03T23:54:45Z
3165,Renco Group,New York,82413,Inteva Products,Automotive,"Troy, Michigan, United States",2008-03-01,Divestiture,2018-09-16,Divestiture,10.5,False,,1,0,https://mergr.com/company/82413,2026-09-03T23:54:45Z
3165,Renco Group,New York,7316,AM General,Automotive,"South Bend, Indiana, United States",2004-08-11,Joint Venture,2020-07-22,Trade Sale - Public Company,15.9,False,,1,0,https://mergr.com/company/7316,2026-09-03T23:54:45Z
3165,Renco Group,New York,87753,Unarco,Manufacturing,"Springfield, Tennessee, United States",1995-01-01,"Buyout (LBO, MBO, MBI)",,,31.7,True,,1,1,https://mergr.com/company/87753,2026-09-03T23:54:45Z
3165,Renco Group,New York,95385,Doe Run,Metals/Mining,"St. Louis, Missouri, United States",1994-01-01,Divestiture,,,32.7,True,,0,0,https://mergr.com/company/95385,2026-09-03T23:54:45Z
3165,Renco Group,New York,95425,US Magnesium,Chemicals,"Salt Lake City, Utah, United States",1989-01-01,"Buyout (LBO, MBO, MBI)",,,37.7,True,,0,0,https://mergr.com/company/95425,2026-09-03T23:54:45Z
3165,Renco Group,New York,95405,"Kings of New Castle, Inc.",Retail,"New Castle, Pennsylvania, United States",1981-01-01,"Buyout (LBO, MBO, MBI)",,,45.7,True,,0,0,https://mergr.com/company/95405,2026-09-03T23:54:45Z
3629,Observer Capital,New York,297290,SafeGraph,Information Services,"Denver, Colorado, United States",2021-03-16,Venture,,,5.4,True,,0,0,https://mergr.com/company/297290,2026-09-03T23:54:45Z
3629,Observer Capital,New York,251032,Knotel,Real Estate,"New York, New York, United States",2017-02-21,Venture,2021-01-31,Bankruptcy,3.9,False,,1,0,https://mergr.com/company/251032,2026-09-03T23:54:45Z
3629,Observer Capital,New York,2514,Arizent,Business Services,"New York City, New York, United States",2014-08-07,Secondary Buyout,,,12,True,,0,2,https://mergr.com/company/2514,2026-09-03T23:54:45Z
4468,Broad Sky Partners,New York,335275,Commonwealth Electrical Technologies,Business Services,"Worcester, Massachusetts, United States",2025-03-19,"Buyout (LBO, MBO, MBI)",,,1.4,True,,1,0,https://mergr.com/company/335275,2026-09-03T23:54:45Z
4468,Broad Sky Partners,New York,215103,Frontline Managed Services,Business Services,"Atlanta, Georgia, United States",2024-12-11,Secondary Buyout,,,1.7,True,,0,0,https://mergr.com/company/215103,2026-09-03T23:54:45Z
4468,Broad Sky Partners,New York,323411,Punctual Pros,Business Services,"Lancaster, Pennsylvania, United States",2024-04-03,"Buyout (LBO, MBO, MBI)",,,2.4,True,,1,0,https://mergr.com/company/323411,2026-09-03T23:54:45Z
4468,Broad Sky Partners,New York,226821,Bully Pulpit International,Marketing,"Washington, District of Columbia, United States",2023-04-20,Recapitalization,,,3.3,True,,0,0,https://mergr.com/company/226821,2026-09-03T23:54:45Z
4468,Broad Sky Partners,New York,307128,Smith + Howard,Business Services,"Atlanta, Georgia, United States",2022-11-15,"Buyout (LBO, MBO, MBI)",2026-06-09,Trade Sale - Public Company,3.5,False,,5,0,https://mergr.com/company/307128,2026-09-03T23:54:45Z
4468,Broad Sky Partners,New York,297748,Fair Harbor,Apparel/Textiles,"Larchmont, New York, United States",2022-03-23,Growth Capital,,,4.4,True,,0,0,https://mergr.com/company/297748,2026-09-03T23:54:45Z
4468,Broad Sky Partners,New York,243058,Thomas Scientific,Distribution,"Swedesboro, New Jersey, United States",2022-01-27,Secondary Buyout,,,4.6,True,,2,0,https://mergr.com/company/243058,2026-09-03T23:54:45Z
4468,Broad Sky Partners,New York,30366,Manna Pro,Agriculture,"Chesterfield, Missouri, United States",2015-03-04,Secondary Buyout,2018-01-10,Trade Sale - Public Company,2.8,False,,4,0,https://mergr.com/company/30366,2026-09-03T23:54:45Z
4468,Broad Sky Partners,New York,176812,Boomers Parks,Leisure,"Boca Raton, Florida, United States",2014-09-18,Divestiture,2020-04-09,Bankruptcy,5.5,False,,1,0,https://mergr.com/company/176812,2026-09-03T23:54:45Z
4505,MTN Capital Partners,New York,301689,Global Power Products,Electrical Equipment,"Lawrenceville, Georgia, United States",2022-01-13,"Buyout (LBO, MBO, MBI)",,,4.6,True,,0,0,https://mergr.com/company/301689,2026-09-03T23:54:45Z
4505,MTN Capital Partners,New York,4070,Rita's,Franchising,"Trevose, Pennsylvania, United States",2017-01-03,Secondary Buyout,2025-01-09,Trade Sale - Public Company,8,False,,0,0,https://mergr.com/company/4070,2026-09-03T23:54:45Z
4505,MTN Capital Partners,New York,2383,JSI Store Fixtures,Manufacturing,"Milo, Maine, United States",2013-01-10,Secondary Buyout,2021-05-24,Divestiture,8.3,False,,0,0,https://mergr.com/company/2383,2026-09-03T23:54:45Z
4505,MTN Capital Partners,New York,252027,Revolution Dancewear,Apparel/Textiles,"Niles, Illinois, United States",2010-07-01,"Buyout (LBO, MBO, MBI)",2018-06-28,Trade Sale - Public Company,7.9,False,,1,0,https://mergr.com/company/252027,2026-09-03T23:54:45Z
4505,MTN Capital Partners,New York,11655,Orthotic Group,Medical Products,"Markham, Ontario, Canada",2008-10-24,"Buyout (LBO, MBO, MBI)",2013-04-09,Trade Sale - Public Company,4.4,False,,2,0,https://mergr.com/company/11655,2026-09-03T23:54:45Z
4505,MTN Capital Partners,New York,30395,Joliet Electric Motors,Electrical Equipment,"Joliet, Illinois, United States",2008-03-12,"Buyout (LBO, MBO, MBI)",,,18.4,True,,0,0,https://mergr.com/company/30395,2026-09-03T23:54:45Z
4505,MTN Capital Partners,New York,36865,Kings Food Markets,Retail,"Parsippany, New Jersey, United States",2006-04-03,Divestiture,2016-08-11,Trade Sale - Public Company,10.3,False,,1,1,https://mergr.com/company/36865,2026-09-03T23:54:45Z
4505,MTN Capital Partners,New York,24980,Sound Lounge,Media,"New York, New York, United States",2005-10-17,"Buyout (LBO, MBO, MBI)",,,20.8,True,,0,0,https://mergr.com/company/24980,2026-09-03T23:54:45Z
4621,GLC Investment Advisors,New York,176785,Video King,Technology Hardware,"Omaha, Nebraska, United States",2015-06-22,Secondary Buyout,2023-04-11,Divestiture,7.8,False,,0,0,https://mergr.com/company/176785,2026-09-03T23:54:45Z
4635,RVE Partners,New York,209663,Arlington Machine and Tool,Machinery,"Fairfield, New Jersey, United States",2015-11-06,"Buyout (LBO, MBO, MBI)",,,10.8,True,,0,0,https://mergr.com/company/209663,2026-09-03T23:54:45Z
4635,RVE Partners,New York,12578,M&M Manufacturing,Manufacturing,"Fort Worth, Texas, United States",2015-06-30,Divestiture,,,11.2,True,,1,0,https://mergr.com/company/12578,2026-09-03T23:54:45Z
4635,RVE Partners,New York,196011,Crow Precision Components,Manufacturing,"Fort Worth, Texas, United States",2014-09-30,"Buyout (LBO, MBO, MBI)",,,11.9,True,,0,0,https://mergr.com/company/196011,2026-09-03T23:54:45Z
4647,Vesey Street Capital Partners,New York,76053,ComplexCare Solutions,Healthcare Services,"Bowie, Maryland, United States",2025-01-13,Divestiture,,,1.6,True,,0,0,https://mergr.com/company/76053,2026-09-03T23:54:45Z
4647,Vesey Street Capital Partners,New York,320749,Inceptua,Life Science,"Luxembourg, Luxembourg",2024-01-16,Recapitalization,,,2.6,True,,1,0,https://mergr.com/company/320749,2026-09-03T23:54:45Z
4647,Vesey Street Capital Partners,New York,289761,Safecor Health,Packaging,"Columbus, Ohio, United States",2021-08-25,Recapitalization,,,5,True,,1,0,https://mergr.com/company/289761,2026-09-03T23:54:45Z
4647,Vesey Street Capital Partners,New York,123349,QualityMetric,Information Services,"Johnston, Rhode Island, United States",2020-11-12,Recapitalization,2023-08-18,Unknown,2.8,False,,1,0,https://mergr.com/company/123349,2026-09-03T23:54:45Z
4647,Vesey Street Capital Partners,New York,297391,AirSculpt,Consumer Services,"Miami, Florida, United States",2019-01-07,Recapitalization,2021-10-29,IPO,2.8,False,152,0,0,https://mergr.com/company/297391,2026-09-03T23:54:45Z
4647,Vesey Street Capital Partners,New York,297541,Expion Health,Healthcare Services,"Gaithersburg, Maryland, United States",2017-04-01,Growth Capital,,,9.4,True,,0,0,https://mergr.com/company/297541,2026-09-03T23:54:45Z
4647,Vesey Street Capital Partners,New York,234158,ScribeAmerica,Healthcare Services,"Fort Lauderdale, Florida, United States",2017-01-09,Recapitalization,,,9.6,True,,2,0,https://mergr.com/company/234158,2026-09-03T23:54:45Z
4647,Vesey Street Capital Partners,New York,24709,PathGroup,Life Science,"Brentwood, Tennessee, United States",2016-08-01,Recapitalization,2022-05-13,Trade Sale - Public Company,5.8,False,,4,0,https://mergr.com/company/24709,2026-09-03T23:54:45Z
4647,Vesey Street Capital Partners,New York,196242,Imedex LLC,Education,"Alpharetta, Georgia, United States",2015-07-13,Divestiture,2017-08-29,Divestiture,2.1,False,,0,0,https://mergr.com/company/196242,2026-09-03T23:54:45Z
4647,Vesey Street Capital Partners,New York,176577,ScribeAmerica LLC,Information Technology,"Aventura, Florida, United States",2014-10-24,Recapitalization,2017-01-09,IPO,2.2,False,,3,0,https://mergr.com/company/176577,2026-09-03T23:54:45Z
4672,Westaim,New York,273540,ManhattanLife,Insurance,"Houston, Texas, United States",2025-02-05,"Buyout (LBO, MBO, MBI)",,,1.5,True,,1,0,https://mergr.com/company/273540,2026-09-03T23:54:45Z
4672,Westaim,New York,29794,Skyward Specialty Insurance,Insurance,"Houston, Texas, United States",2014-03-11,Stake Purchase,2023-01-18,IPO,8.8,False,1419,3,3,https://mergr.com/company/29794,2026-09-03T23:54:45Z
4728,ORIX Private Equity Solutions,New York,271716,Accelalpha,Information Technology,"Bellevue, Washington, United States",2020-04-20,Recapitalization,2024-09-09,Divestiture,4.3,False,,3,0,https://mergr.com/company/271716,2026-09-03T23:54:45Z
4728,ORIX Private Equity Solutions,New York,243969,a360inc,Business Services,"San Antonio, Texas, United States",2019-09-18,Growth Capital,,,6.9,True,,3,0,https://mergr.com/company/243969,2026-09-03T23:54:45Z
4728,ORIX Private Equity Solutions,New York,213969,LCR Contractors,Construction,"Hutto, Texas, United States",2019-03-15,Recapitalization,2021-01-20,Divestiture,1.8,False,58,0,0,https://mergr.com/company/213969,2026-09-03T23:54:45Z
4728,ORIX Private Equity Solutions,New York,272175,Giftcraft,Consumer Products,"Brampton, Ontario, Canada",2019-01-22,Recapitalization,,,7.6,True,,0,0,https://mergr.com/company/272175,2026-09-03T23:54:45Z
4728,ORIX Private Equity Solutions,New York,254480,FSC Lighting,Electrical Equipment,"Rancho Cucamonga, California, United States",2018-09-10,"Buyout (LBO, MBO, MBI)",,,7.9,True,,0,0,https://mergr.com/company/254480,2026-09-03T23:54:45Z
4728,ORIX Private Equity Solutions,New York,247179,Voicebox Technologies,Software,"Bellevue, Washington, United States",2018-01-08,Growth Capital,2018-05-18,Divestiture,0.3,False,,0,0,https://mergr.com/company/247179,2026-09-03T23:54:45Z
4728,ORIX Private Equity Solutions,New York,244665,American Insulated Glass,Distribution,"Conley, Georgia, United States",2017-10-24,"Buyout (LBO, MBO, MBI)",2024-03-04,Divestiture,6.3,False,,4,0,https://mergr.com/company/244665,2026-09-03T23:54:45Z
4728,ORIX Private Equity Solutions,New York,191575,HaystackID,Software,"Chicago, Illinois, United States",2017-10-23,Recapitalization,2020-02-03,Merger,2.3,False,,3,0,https://mergr.com/company/191575,2026-09-03T23:54:45Z
4728,ORIX Private Equity Solutions,New York,186891,"Kony, Inc.",Internet Software and Services,"Orlando, Florida, United States",2017-09-28,Secondary Buyout,2019-08-28,Divestiture,1.9,False,,0,0,https://mergr.com/company/186891,2026-09-03T23:54:45Z
4728,ORIX Private Equity Solutions,New York,31855,Domaille Engineering,Manufacturing,"Rochester, Minnesota, United States",2016-11-30,Secondary Buyout,2021-12-03,Divestiture,5,False,,2,0,https://mergr.com/company/31855,2026-09-03T23:54:45Z
4728,ORIX Private Equity Solutions,New York,280820,Custom Ink,E-Commerce,"Fairfax, Virginia, United States",2016-11-15,Growth Capital,2019-04-04,Merger,2.3,False,,0,0,https://mergr.com/company/280820,2026-09-03T23:54:45Z
4728,ORIX Private Equity Solutions,New York,181168,Venafi,Software,"Salt Lake City, Utah, United States",2016-09-20,Growth Capital,2020-12-10,Trade Sale - Public Company,4.2,False,,1,0,https://mergr.com/company/181168,2026-09-03T23:54:45Z
4728,ORIX Private Equity Solutions,New York,220869,ACL AirShop,Aerospace,"Greenville, South Carolina, United States",2016-03-30,"Buyout (LBO, MBO, MBI)",2021-04-22,Trade Sale - Public Company,5,False,,0,0,https://mergr.com/company/220869,2026-09-03T23:54:45Z
4728,ORIX Private Equity Solutions,New York,228773,Perennials and Sutherland,Apparel/Textiles,"Dallas, Texas, United States",2016-01-19,Growth Capital,2019-02-05,Trade Sale - Public Company,3,False,,0,0,https://mergr.com/company/228773,2026-09-03T23:54:45Z
4728,ORIX Private Equity Solutions,New York,228777,Kovach Building Enclosures,Construction,"Chandler, Arizona, United States",2016-01-13,Growth Capital,2020-01-15,Divestiture,4,False,,0,0,https://mergr.com/company/228777,2026-09-03T23:54:45Z
4728,ORIX Private Equity Solutions,New York,228784,Thermo-Tech Windows and Doors LLC,Building Materials,"Sauk Rapids, Minnesota, United States",2015-11-09,"Buyout (LBO, MBO, MBI)",2018-03-19,Divestiture,2.3,False,,0,0,https://mergr.com/company/228784,2026-09-03T23:54:45Z
4728,ORIX Private Equity Solutions,New York,205896,"Flexo Transparent, Inc.",Packaging,"Buffalo, New York, United States",2015-10-05,Recapitalization,2019-03-14,Divestiture,3.4,False,,0,0,https://mergr.com/company/205896,2026-09-03T23:54:45Z
4728,ORIX Private Equity Solutions,New York,214756,Ram Windows,Building Materials,"Houston, Texas, United States",2015-09-16,"Buyout (LBO, MBO, MBI)",,,10.9,True,,0,0,https://mergr.com/company/214756,2026-09-03T23:54:45Z
4728,ORIX Private Equity Solutions,New York,228794,Midwest Medical Transport (MMT),Healthcare Services,"Omaha, Nebraska, United States",2015-02-24,"Buyout (LBO, MBO, MBI)",2022-01-26,Trade Sale - Public Company,6.9,False,,0,0,https://mergr.com/company/228794,2026-09-03T23:54:45Z
4728,ORIX Private Equity Solutions,New York,242930,Revolution Foods,Food,"Commerce, California, United States",2014-06-04,Growth Capital,,,12.3,True,,2,0,https://mergr.com/company/242930,2026-09-03T23:54:45Z
4728,ORIX Private Equity Solutions,New York,25059,Western Window Systems,Building Materials,"Phoenix, Arizona, United States",2014-02-01,Recapitalization,2018-07-24,Divestiture,4.4,False,,0,0,https://mergr.com/company/25059,2026-09-03T23:54:45Z
4728,ORIX Private Equity Solutions,New York,35113,L&S Mechanical,Construction,"Richardson, Texas, United States",2013-11-13,Growth Capital,2021-09-02,Trade Sale - Public Company,7.8,False,,0,0,https://mergr.com/company/35113,2026-09-03T23:54:45Z
4728,ORIX Private Equity Solutions,New York,30670,"NSC Minerals, Inc.",Chemicals,"Saskatoon, Saskatchewan, Canada",2013-10-21,Secondary Buyout,2019-01-17,Divestiture,5.2,False,,0,0,https://mergr.com/company/30670,2026-09-03T23:54:45Z
4728,ORIX Private Equity Solutions,New York,68142,"Practice Fusion, Inc.",Internet Software and Services,"San Francisco, California, United States",2013-09-24,Venture,2018-01-08,Divestiture,4.3,False,,0,0,https://mergr.com/company/68142,2026-09-03T23:54:45Z
4728,ORIX Private Equity Solutions,New York,211939,WhiteHat,Software,"San Jose, California, United States",2013-02-05,Growth Capital,2019-03-05,Divestiture,6.1,False,,0,0,https://mergr.com/company/211939,2026-09-03T23:54:45Z
4728,ORIX Private Equity Solutions,New York,238776,Cyclone Steel Services,Metals/Mining,"Houston, Texas, United States",2012-11-30,"Buyout (LBO, MBO, MBI)",,,13.8,True,,0,0,https://mergr.com/company/238776,2026-09-03T23:54:45Z
4728,ORIX Private Equity Solutions,New York,35265,Datavail,Information Technology,"Boulder, Colorado, United States",2012-09-06,Growth Capital,2024-01-16,Trade Sale - Public Company,11.3,False,,5,1,https://mergr.com/company/35265,2026-09-03T23:54:45Z
4791,Soundcore Capital Partners,New York,342828,Reliable Energy Partners,Oil/Gas Exploration,"Valrico, Florida, United States",2025-11-12,Consolidation,,,0.8,True,,5,0,https://mergr.com/company/342828,2026-09-03T23:54:45Z
4791,Soundcore Capital Partners,New York,339380,TrussPoint Roofing & Exterior Renovations,Construction,"Nashville, Tennessee, United States",2025-06-10,"Buyout (LBO, MBO, MBI)",,,1.2,True,,3,0,https://mergr.com/company/339380,2026-09-03T23:54:45Z
4791,Soundcore Capital Partners,New York,337278,Ridge Top Exteriors,Construction,"Madison, Wisconsin, United States",2025-06-10,"Buyout (LBO, MBO, MBI)",,,1.2,True,,0,0,https://mergr.com/company/337278,2026-09-03T23:54:45Z
4791,Soundcore Capital Partners,New York,340683,TreeServe,Environmental,"Ponte Vedra, Florida, United States",2025-04-03,Consolidation,,,1.4,True,,5,0,https://mergr.com/company/340683,2026-09-03T23:54:45Z
4791,Soundcore Capital Partners,New York,320494,Top Notch Garage Door,Business Services,"Oakwood, Georgia, United States",2024-01-03,"Buyout (LBO, MBO, MBI)",,,2.7,True,,0,0,https://mergr.com/company/320494,2026-09-03T23:54:45Z
4791,Soundcore Capital Partners,New York,320493,Top Notch Dock & Door,Business Services,"Oakwood, Georgia, United States",2024-01-03,"Buyout (LBO, MBO, MBI)",,,2.7,True,,0,0,https://mergr.com/company/320493,2026-09-03T23:54:45Z
4791,Soundcore Capital Partners,New York,320495,Premier,Business Services,"Oakwood, Georgia, United States",2024-01-03,"Buyout (LBO, MBO, MBI)",,,2.7,True,,0,0,https://mergr.com/company/320495,2026-09-03T23:54:45Z
4791,Soundcore Capital Partners,New York,338512,US Dock & Door,Building Materials,"Arlington, Virginia, United States",2023-08-01,Consolidation,,,3.1,True,,2,0,https://mergr.com/company/338512,2026-09-03T23:54:45Z
4791,Soundcore Capital Partners,New York,308919,ACS Asphalt Concrete Solutions,Construction,"Blaine, Minnesota, United States",2023-01-10,"Buyout (LBO, MBO, MBI)",,,3.6,True,,0,0,https://mergr.com/company/308919,2026-09-03T23:54:45Z
4791,Soundcore Capital Partners,New York,303201,ACI Asphalt & Concrete,Construction,"Maple Grove, Minnesota, United States",2022-08-02,"Buyout (LBO, MBO, MBI)",,,4.1,True,,1,0,https://mergr.com/company/303201,2026-09-03T23:54:45Z
4791,Soundcore Capital Partners,New York,323711,Heartland Paving Partners,Business Services,"Blaine, Minnesota, United States",2022-07-01,"Buyout (LBO, MBO, MBI)",,,4.2,True,,6,0,https://mergr.com/company/323711,2026-09-03T23:54:45Z
4791,Soundcore Capital Partners,New York,29957,Omega Morgan,Transportation,"Hillsboro, Oregon, United States",2021-11-17,"Buyout (LBO, MBO, MBI)",,,4.8,True,,0,0,https://mergr.com/company/29957,2026-09-03T23:54:45Z
4791,Soundcore Capital Partners,New York,319992,Roofing Corp of America,Construction,"Atlanta, Georgia, United States",2020-12-01,Consolidation,2023-12-18,Divestiture,3,False,,0,0,https://mergr.com/company/319992,2026-09-03T23:54:45Z
4791,Soundcore Capital Partners,New York,279171,Custom Goods,Transportation,"Carson, California, United States",2020-04-01,"Buyout (LBO, MBO, MBI)",2023-08-01,Trade Sale - Public Company,3.3,False,,0,0,https://mergr.com/company/279171,2026-09-03T23:54:45Z
4791,Soundcore Capital Partners,New York,279170,Winter Services,Business Services,"West Allis, Wisconsin, United States",2019-09-01,"Buyout (LBO, MBO, MBI)",2022-02-16,Divestiture,2.4,False,,0,0,https://mergr.com/company/279170,2026-09-03T23:54:45Z
4791,Soundcore Capital Partners,New York,279169,American Restoration Operations,Business Services,"Irving, Texas, United States",2019-05-01,"Buyout (LBO, MBO, MBI)",2024-07-25,Trade Sale - Public Company,5.2,False,,0,0,https://mergr.com/company/279169,2026-09-03T23:54:45Z
4791,Soundcore Capital Partners,New York,279172,InfraStripe,Safety/Security,"Charlotte, North Carolina, United States",2018-10-01,"Buyout (LBO, MBO, MBI)",2025-04-09,Divestiture,6.5,False,,1,0,https://mergr.com/company/279172,2026-09-03T23:54:45Z
4791,Soundcore Capital Partners,New York,236962,Sweeping Corporation of America,Environmental,"Cleveland, Ohio, United States",2017-03-03,"Buyout (LBO, MBO, MBI)",2020-11-03,Trade Sale - Public Company,3.7,False,,8,0,https://mergr.com/company/236962,2026-09-03T23:54:45Z
4791,Soundcore Capital Partners,New York,226987,PumpMan,Business Services,"Saddle Brook, New Jersey, United States",2016-09-19,"Buyout (LBO, MBO, MBI)",,,9.9,True,,10,2,https://mergr.com/company/226987,2026-09-03T23:54:45Z
4791,Soundcore Capital Partners,New York,210544,Alloy Wheel Repair Specialists,Automotive,"Norcross, Georgia, United States",2015-11-17,"Buyout (LBO, MBO, MBI)",,,10.8,True,,1,0,https://mergr.com/company/210544,2026-09-03T23:54:45Z
4799,Farol Asset Management,New York,325405,PAK Quality Foods,Distribution,"San Angelo, Texas, United States",2023-12-01,"Buyout (LBO, MBO, MBI)",,,2.8,True,,2,0,https://mergr.com/company/325405,2026-09-03T23:54:45Z
4799,Farol Asset Management,New York,212438,Ministry Brands,Internet Software and Services,"Lenoir City, Tennessee, United States",2021-11-05,Divestiture,,,4.8,True,,1,0,https://mergr.com/company/212438,2026-09-03T23:54:45Z
4799,Farol Asset Management,New York,121809,Lignetics,Forest Products,"Broomfield, Colorado, United States",2021-11-01,Secondary Buyout,,,4.8,True,,1,0,https://mergr.com/company/121809,2026-09-03T23:54:45Z
4799,Farol Asset Management,New York,284704,Pole Star Global,Internet Software and Services,"London, United Kingdom",2021-04-07,Growth Capital,,,5.3,True,,2,0,https://mergr.com/company/284704,2026-09-03T23:54:45Z
4799,Farol Asset Management,New York,281907,Total Access Urgent Care,Healthcare Services,"Ballwin, Missouri, United States",2021-02-17,"Buyout (LBO, MBO, MBI)",,,5.5,True,,1,0,https://mergr.com/company/281907,2026-09-03T23:54:45Z
4799,Farol Asset Management,New York,79553,Primo Brands,Beverages,"Stamford, Connecticut, United States",2021-02-16,Divestiture,,,5.5,True,4000,1,0,https://mergr.com/company/79553,2026-09-03T23:54:45Z
4799,Farol Asset Management,New York,325417,AVANTech,Machinery,"Columbia, South Carolina, United States",2020-10-01,"Buyout (LBO, MBO, MBI)",,,5.9,True,,0,0,https://mergr.com/company/325417,2026-09-03T23:54:45Z
4799,Farol Asset Management,New York,269762,Midwest Can,Plastics,"Franklin Park, Illinois, United States",2020-03-03,Secondary Buyout,,,6.5,True,,0,0,https://mergr.com/company/269762,2026-09-03T23:54:45Z
4799,Farol Asset Management,New York,94613,Innophos,Food,"Cranbury, New Jersey, United States",2019-10-21,Going Private,,,6.8,True,802,0,0,https://mergr.com/company/94613,2026-09-03T23:54:45Z
4799,Farol Asset Management,New York,253857,Ever.Ag,Internet Software and Services,"Lewisville, Texas, United States",2019-08-29,"Buyout (LBO, MBO, MBI)",,,7,True,,4,1,https://mergr.com/company/253857,2026-09-03T23:54:45Z
4799,Farol Asset Management,New York,263567,Ritter Communications,Communications,"Jonesboro, Arkansas, United States",2019-08-12,"Buyout (LBO, MBO, MBI)",,,7,True,,0,0,https://mergr.com/company/263567,2026-09-03T23:54:45Z
4799,Farol Asset Management,New York,258954,Transact,Information Technology,"Scottsdale, Arizona, United States",2019-03-07,Divestiture,2024-08-15,Divestiture,5.4,False,,2,0,https://mergr.com/company/258954,2026-09-03T23:54:45Z
4799,Farol Asset Management,New York,255048,gChem,Chemicals,"Covington, Louisiana, United States",2018-10-15,"Buyout (LBO, MBO, MBI)",2026-08-05,Divestiture,7.8,False,,0,0,https://mergr.com/company/255048,2026-09-03T23:54:45Z
4799,Farol Asset Management,New York,242637,SFE,Food,"Scottsdale, Arizona, United States",2017-07-31,Growth Capital,,,9.1,True,,0,0,https://mergr.com/company/242637,2026-09-03T23:54:45Z
4799,Farol Asset Management,New York,215033,"AIM Aerospace, Inc.",Aerospace,"Renton, Washington, United States",2016-02-03,"Buyout (LBO, MBO, MBI)",2019-06-17,Divestiture,3.3,False,,0,0,https://mergr.com/company/215033,2026-09-03T23:54:45Z
4799,Farol Asset Management,New York,211096,Cushnie et Ochs,Apparel/Textiles,"New York, New York, United States",2015-11-23,"Buyout (LBO, MBO, MBI)",,,10.8,True,,0,0,https://mergr.com/company/211096,2026-09-03T23:54:45Z
4799,Farol Asset Management,New York,479,Airxcel,Manufacturing,"Wichita, Kansas, United States",2014-11-21,Secondary Buyout,2018-03-14,Trade Sale - Public Company,3.3,False,184,1,0,https://mergr.com/company/479,2026-09-03T23:54:45Z
4799,Farol Asset Management,New York,51318,Digital River,Internet Software and Services,"Minnetonka, Minnesota, United States",2014-10-23,Going Private,2025-01-28,Shut Down,10.3,False,390,0,3,https://mergr.com/company/51318,2026-09-03T23:54:45Z
4799,Farol Asset Management,New York,130993,Pulse Secure LLC,Information Technology,"San Jose, California, United States",2014-10-01,Divestiture,2020-09-28,Divestiture,5.9,False,,2,0,https://mergr.com/company/130993,2026-09-03T23:54:45Z
4799,Farol Asset Management,New York,8422,24 Hour Fitness,Consumer Services,"San Ramon, California, United States",2014-03-30,Secondary Buyout,2020-06-15,Bankruptcy,6.2,False,,1,0,https://mergr.com/company/8422,2026-09-03T23:54:45Z
4799,Farol Asset Management,New York,4151,Delphon,Manufacturing,"Hayward, California, United States",2014-03-19,Recapitalization,2018-01-11,Trade Sale - Public Company,3.8,False,,0,0,https://mergr.com/company/4151,2026-09-03T23:54:45Z
4799,Farol Asset Management,New York,69854,"iBwave Solutions, Inc.",Software,"Montreal, Quebec, Canada",2013-10-21,"Buyout (LBO, MBO, MBI)",2015-04-02,Divestiture,1.4,False,,0,0,https://mergr.com/company/69854,2026-09-03T23:54:45Z
4799,Farol Asset Management,New York,12968,Ecore International,Environmental,"Lancaster, Pennsylvania, United States",2008-05-22,Growth Capital,,,18.3,True,,2,0,https://mergr.com/company/12968,2026-09-03T23:54:45Z
4809,Health Enterprise Partners,New York,349401,Alerion Advisors,Business Services,"Overland Park, Kansas, United States",2025-01-06,"Buyout (LBO, MBO, MBI)",,,1.6,True,,1,0,https://mergr.com/company/349401,2026-09-03T23:54:45Z
4809,Health Enterprise Partners,New York,323987,Family First Adolescent Services,Healthcare Services,"Palm Beach Gardens, Florida, United States",2023-06-01,"Buyout (LBO, MBO, MBI)",,,3.3,True,,0,0,https://mergr.com/company/323987,2026-09-03T23:54:45Z
4809,Health Enterprise Partners,New York,269442,InterMed,Distribution,"Alachua, Florida, United States",2023-01-05,Secondary Buyout,,,3.6,True,,0,0,https://mergr.com/company/269442,2026-09-03T23:54:45Z
4809,Health Enterprise Partners,New York,307519,Toney Healthcare Consulting,Business Services,"Tampa, Florida, United States",2022-11-14,Stake Purchase,2025-01-06,Divestiture,2.1,False,,0,0,https://mergr.com/company/307519,2026-09-03T23:54:45Z
4809,Health Enterprise Partners,New York,322246,Alivia,Internet Software and Services,"Woburn, Massachusetts, United States",2022-10-06,Growth Capital,,,3.8,True,,1,0,https://mergr.com/company/322246,2026-09-03T23:54:45Z
4809,Health Enterprise Partners,New York,298642,Proven Behavior Solutions,Consumer Services,"Norwell, Massachusetts, United States",2022-04-12,Growth Capital,,,4.3,True,,1,0,https://mergr.com/company/298642,2026-09-03T23:54:45Z
4809,Health Enterprise Partners,New York,281305,Aware Recovery Care,Healthcare Services,"Middletown, Connecticut, United States",2021-01-29,Growth Capital,,,5.6,True,,0,0,https://mergr.com/company/281305,2026-09-03T23:54:45Z
4809,Health Enterprise Partners,New York,272533,Access Physicians,Healthcare Services,"Dallas, Texas, United States",2019-11-07,Venture,2022-03-31,Trade Sale,2.3,False,,0,0,https://mergr.com/company/272533,2026-09-03T23:54:45Z
4809,Health Enterprise Partners,New York,272558,Twistle,Information Technology,"Albuquerque, New Mexico, United States",2019-10-29,Venture,2021-06-24,Divestiture,1.6,False,,0,0,https://mergr.com/company/272558,2026-09-03T23:54:45Z
4809,Health Enterprise Partners,New York,272545,Intraprise Health,Information Technology,"Reston, Virginia, United States",2019-05-07,Growth Capital,2024-11-06,Divestiture,5.4,False,,1,0,https://mergr.com/company/272545,2026-09-03T23:54:45Z
4809,Health Enterprise Partners,New York,272556,Payer Compass,Internet Software and Services,"Plano, Texas, United States",2019-01-04,Recapitalization,2022-08-01,Divestiture,3.5,False,,0,0,https://mergr.com/company/272556,2026-09-03T23:54:45Z
4809,Health Enterprise Partners,New York,257193,Jvion,Software,"Johns Creek, Georgia, United States",2019-01-03,Growth Capital,2022-05-31,Divestiture,3.3,False,,0,0,https://mergr.com/company/257193,2026-09-03T23:54:45Z
4809,Health Enterprise Partners,New York,251891,Wildflower Health,Internet Software and Services,"San Francisco, California, United States",2018-03-13,Venture,,,8.4,True,,2,0,https://mergr.com/company/251891,2026-09-03T23:54:45Z
4809,Health Enterprise Partners,New York,238094,Bardy Diagnostics,Medical Products,"Charlotte, North Carolina, United States",2017-01-05,Growth Capital,2021-01-19,Divestiture,4,False,,0,0,https://mergr.com/company/238094,2026-09-03T23:54:45Z
4809,Health Enterprise Partners,New York,234185,Jet Health,Healthcare Services,"Fort Worth, Texas, United States",2016-04-15,"Buyout (LBO, MBO, MBI)",,,10.3,True,,8,0,https://mergr.com/company/234185,2026-09-03T23:54:45Z
4809,Health Enterprise Partners,New York,272538,CenterPointe Hospital,Healthcare Services,"Brentwood, Tennessee, United States",2015-12-02,Growth Capital,2022-01-03,Divestiture,6.1,False,,0,0,https://mergr.com/company/272538,2026-09-03T23:54:45Z
4809,Health Enterprise Partners,New York,181034,HealthQx LLC,Healthcare Services,"King of Prussia, Pennsylvania, United States",2015-04-01,Growth Capital,2016-07-12,Divestiture,1.3,False,,0,0,https://mergr.com/company/181034,2026-09-03T23:54:45Z
4809,Health Enterprise Partners,New York,46101,Catapult Health,Healthcare Services,"Dallas, Texas, United States",2015-02-13,Growth Capital,2025-02-05,Divestiture,9.9,False,30,0,0,https://mergr.com/company/46101,2026-09-03T23:54:45Z
4809,Health Enterprise Partners,New York,211692,InDemand Interpreting,Internet Software and Services,"Seattle, Washington, United States",2014-06-02,Venture,2019-05-23,Divestiture,4.9,False,,0,0,https://mergr.com/company/211692,2026-09-03T23:54:45Z
4809,Health Enterprise Partners,New York,211691,Evariant,Software,"Farmington, Connecticut, United States",2014-05-27,Venture,2020-01-07,Divestiture,5.6,False,,0,0,https://mergr.com/company/211691,2026-09-03T23:54:45Z
4809,Health Enterprise Partners,New York,211690,AllyAlign Health,Healthcare Services,"Glen Allen, Virginia, United States",2014-01-07,Growth Capital,,,12.6,True,,0,0,https://mergr.com/company/211690,2026-09-03T23:54:45Z
4809,Health Enterprise Partners,New York,211696,Sapphire Digital,Internet Software and Services,"Lyndhurst, New Jersey, United States",2013-06-18,Venture,,,13.2,True,,0,0,https://mergr.com/company/211696,2026-09-03T23:54:45Z
4809,Health Enterprise Partners,New York,211693,Nordic Consulting,Business Services,"Madison, Wisconsin, United States",2012-10-08,Growth Capital,2022-06-11,Divestiture,9.7,False,,3,0,https://mergr.com/company/211693,2026-09-03T23:54:45Z
4809,Health Enterprise Partners,New York,197727,ContinuumRx Services,Healthcare Services,"Birmingham, Alabama, United States",2012-09-20,Growth Capital,2025-06-03,Divestiture,12.7,False,,0,0,https://mergr.com/company/197727,2026-09-03T23:54:45Z
4809,Health Enterprise Partners,New York,211698,Privia Health,Information Technology,"Arlington, Virginia, United States",2012-04-17,Venture,2014-09-16,Trade Sale - Public Company,2.3,False,2123,0,0,https://mergr.com/company/211698,2026-09-03T23:54:45Z
4809,Health Enterprise Partners,New York,26598,Eagle Hospital Physicians LLC,Healthcare Services,"Dallas, Texas, United States",2010-09-09,"Buyout (LBO, MBO, MBI)",2013-05-01,Unknown,2.6,False,,2,0,https://mergr.com/company/26598,2026-09-03T23:54:45Z
4809,Health Enterprise Partners,New York,211697,"MobileMD, Inc.",Information Technology,"Warminster, Pennsylvania, United States",2009-12-01,Growth Capital,2011-11-08,Divestiture,1.9,False,,0,0,https://mergr.com/company/211697,2026-09-03T23:54:45Z
4809,Health Enterprise Partners,New York,13034,"Passport Health Communications, Inc.",Healthcare Services,"Franklin, Tennessee, United States",2008-07-31,Secondary Buyout,2013-11-21,Divestiture,5.3,False,,2,0,https://mergr.com/company/13034,2026-09-03T23:54:45Z
4809,Health Enterprise Partners,New York,5626,Carefx Corp.,Information Technology,"Scottsdale, Arizona, United States",2007-08-01,Growth Capital,2011-04-04,Divestiture,3.7,False,,0,0,https://mergr.com/company/5626,2026-09-03T23:54:45Z
4809,Health Enterprise Partners,New York,7296,Behavioral Centers of America LLC,Healthcare Services,"Nashville, Tennessee, United States",2007-07-17,"Buyout (LBO, MBO, MBI)",2012-11-27,Divestiture,5.3,False,,0,0,https://mergr.com/company/7296,2026-09-03T23:54:45Z
4809,Health Enterprise Partners,New York,21530,ConnectiCare,Healthcare Services,"Farmington, Connecticut, United States",2001-06-01,"Buyout (LBO, MBO, MBI)",2004-06-24,Divestiture,3,False,,0,0,https://mergr.com/company/21530,2026-09-03T23:54:45Z
4809,Health Enterprise Partners,New York,121897,"Caremedic Systems, Inc.",Information Technology,"St. Petersburg, Florida, United States",2000-03-01,Growth Capital,2009-11-10,Divestiture,9.7,False,,1,0,https://mergr.com/company/121897,2026-09-03T23:54:45Z
4809,Health Enterprise Partners,New York,17978,"Sheridan Healthcare, Inc.",Healthcare Services,"Sunrise, Florida, United States",1999-05-01,Going Private,2004-11-01,Trade Sale - Public Company,5.5,False,,0,0,https://mergr.com/company/17978,2026-09-03T23:54:45Z
4843,Bravia Capital,New York,263840,Lightning Technologies,Manufacturing,"Oxford, Michigan, United States",2019-08-29,Growth Capital,2021-02-05,Bankruptcy,1.4,False,,0,0,https://mergr.com/company/263840,2026-09-03T23:54:45Z
4843,Bravia Capital,New York,214103,Mizuho RA Leasing,Business Services,"Mumbai, India",2016-01-07,"Buyout (LBO, MBO, MBI)",2023-02-03,Divestiture,7,False,,0,0,https://mergr.com/company/214103,2026-09-03T23:54:45Z
4843,Bravia Capital,New York,242045,Thotaka Tekhnologies,Semiconductors,"Hyderabad, India",2015-01-27,Stake Purchase,,,11.6,True,,0,0,https://mergr.com/company/242045,2026-09-03T23:54:45Z
4929,Turnspire Capital Partners,New York,352937,Hulcher,Business Services,"Denton, Texas, United States",2026-08-19,"Buyout (LBO, MBO, MBI)",,,0,True,,0,0,https://mergr.com/company/352937,2026-09-03T23:54:45Z
4929,Turnspire Capital Partners,New York,342820,The LifeLine Group,Manufacturing,"St. Joseph, Missouri, United States",2025-11-12,Consolidation,,,0.8,True,,2,0,https://mergr.com/company/342820,2026-09-03T23:54:45Z
4929,Turnspire Capital Partners,New York,310512,USG Water Solutions,Utilities,"Atlanta, Georgia, United States",2025-06-18,Recapitalization,2025-06-18,Merger,0,False,,0,0,https://mergr.com/company/310512,2026-09-03T23:54:45Z
4929,Turnspire Capital Partners,New York,65606,GHP Group,Manufacturing,"Elk Grove Village, Illinois, United States",2024-10-03,Secondary Buyout,,,1.9,True,,0,0,https://mergr.com/company/65606,2026-09-03T23:54:45Z
4929,Turnspire Capital Partners,New York,328535,Pharmachem Innovations,Life Science,"Kearny, New Jersey, United States",2024-09-05,Divestiture,,,1.9,True,,0,0,https://mergr.com/company/328535,2026-09-03T23:54:45Z
4929,Turnspire Capital Partners,New York,47177,Swanson Industries,Metals/Mining,"Morgantown, West Virginia, United States",2024-06-06,Secondary Buyout,,,2.2,True,,1,0,https://mergr.com/company/47177,2026-09-03T23:54:45Z
4929,Turnspire Capital Partners,New York,324751,Ashland Nutraceuticals,Food,"Wilmington, Delaware, United States",2024-05-07,Divestiture,,,2.3,True,,0,0,https://mergr.com/company/324751,2026-09-03T23:54:45Z
4929,Turnspire Capital Partners,New York,310512,USG Water Solutions,Utilities,"Atlanta, Georgia, United States",2023-02-27,Divestiture,2025-06-18,Merger,2.3,False,,0,0,https://mergr.com/company/310512,2026-09-03T23:54:45Z
4929,Turnspire Capital Partners,New York,290599,Spectra Premium,Manufacturing,"Boucherville, Quebec, Canada",2021-09-21,"Buyout (LBO, MBO, MBI)",,,4.9,True,,0,0,https://mergr.com/company/290599,2026-09-03T23:54:45Z
4929,Turnspire Capital Partners,New York,287688,Daniel Measurement & Control,Test/Measurement Equipment,"Tomball, Texas, United States",2021-07-12,Divestiture,,,5.1,True,,0,0,https://mergr.com/company/287688,2026-09-03T23:54:45Z
4929,Turnspire Capital Partners,New York,167121,Stemco,Automotive,"Longview, Texas, United States",2020-11-23,Divestiture,,,5.8,True,,0,0,https://mergr.com/company/167121,2026-09-03T23:54:45Z
4929,Turnspire Capital Partners,New York,274785,Infinity Engineered Products,Automotive,"Fairlawn, Ohio, United States",2020-08-04,Divestiture,,,6.1,True,,1,0,https://mergr.com/company/274785,2026-09-03T23:54:45Z
4929,Turnspire Capital Partners,New York,55390,MPI Products,Manufacturing,"Rochester Hills, Michigan, United States",2020-01-16,Secondary Buyout,,,6.6,True,,0,0,https://mergr.com/company/55390,2026-09-03T23:54:45Z
4929,Turnspire Capital Partners,New York,257062,Crane Carrier,Automotive,"New Philadelphia, Ohio, United States",2019-01-03,Divestiture,2021-03-24,Divestiture,2.2,False,,0,0,https://mergr.com/company/257062,2026-09-03T23:54:45Z
4929,Turnspire Capital Partners,New York,253668,LMI Solutions,Chemicals,"Phoenix, Arizona, United States",2018-08-22,Growth Capital,2019-10-17,Divestiture,1.1,False,,0,0,https://mergr.com/company/253668,2026-09-03T23:54:45Z
4929,Turnspire Capital Partners,New York,5200,UPG,Plastics,"Houston, Texas, United States",2016-06-09,Divestiture,2022-10-11,Divestiture,6.3,False,,0,0,https://mergr.com/company/5200,2026-09-03T23:54:45Z
4929,Turnspire Capital Partners,New York,218026,Banker Steel,Construction,"Lynchburg, Virginia, United States",2014-08-01,"Buyout (LBO, MBO, MBI)",2021-05-27,Bankruptcy,6.8,False,,1,0,https://mergr.com/company/218026,2026-09-03T23:54:45Z
4939,Staple Street Capital,New York,264717,Avante Health Solutions,Medical Products,"Concord, North Carolina, United States",2025-02-06,Special Situations/Distressed,,,1.5,True,,0,0,https://mergr.com/company/264717,2026-09-03T23:54:45Z
4939,Staple Street Capital,New York,317009,DVFlora,Distribution,"Sewell, New Jersey, United States",2023-09-06,"Buyout (LBO, MBO, MBI)",,,2.9,True,,0,0,https://mergr.com/company/317009,2026-09-03T23:54:45Z
4939,Staple Street Capital,New York,324190,Garden State Bulb,Distribution,"Vineland, New Jersey, United States",2022-03-15,"Buyout (LBO, MBO, MBI)",,,4.4,True,,0,0,https://mergr.com/company/324190,2026-09-03T23:54:45Z
4939,Staple Street Capital,New York,324192,InfoSync,Business Services,"Wichita, Kansas, United States",2021-01-22,"Buyout (LBO, MBO, MBI)",,,5.6,True,,0,0,https://mergr.com/company/324192,2026-09-03T23:54:45Z
4939,Staple Street Capital,New York,266047,CyberlinkASP,Information Technology,"Dallas, Texas, United States",2019-11-06,"Buyout (LBO, MBO, MBI)",2023-08-03,Trade Sale - Public Company,3.7,False,,0,0,https://mergr.com/company/266047,2026-09-03T23:54:45Z
4939,Staple Street Capital,New York,265066,Precise Metal Products,Metals/Mining,"Phoenix, Arizona, United States",2019-08-01,"Buyout (LBO, MBO, MBI)",,,7.1,True,,0,0,https://mergr.com/company/265066,2026-09-03T23:54:45Z
4939,Staple Street Capital,New York,261691,Ivy Technology,Technology Hardware,"Dublin, Ireland",2019-06-04,Divestiture,,,7.3,True,,3,0,https://mergr.com/company/261691,2026-09-03T23:54:45Z
4939,Staple Street Capital,New York,252588,Dominion Voting Systems,Technology Hardware,"Toronto, Ontario, Canada",2018-07-16,"Buyout (LBO, MBO, MBI)",,,8.1,True,,0,0,https://mergr.com/company/252588,2026-09-03T23:54:45Z
4939,Staple Street Capital,New York,231918,ABC Technologies,Automotive,"Toronto, Ontario, Canada",2016-07-01,"Buyout (LBO, MBO, MBI)",2021-02-22,IPO,4.6,False,972,0,2,https://mergr.com/company/231918,2026-09-03T23:54:45Z
4939,Staple Street Capital,New York,219015,Mid States Supply,Distribution,"Kansas City, Missouri, United States",2016-04-20,"Buyout (LBO, MBO, MBI)",2023-06-26,Trade Sale - Public Company,7.2,False,,0,0,https://mergr.com/company/219015,2026-09-03T23:54:45Z
4939,Staple Street Capital,New York,23820,Six Flags (old),Leisure,"Arlington, Texas, United States",2015-04-20,Stake Purchase,,,11.3,True,1426,0,0,https://mergr.com/company/23820,2026-09-03T23:54:45Z
4939,Staple Street Capital,New York,219028,Aaroma Holdings,Distribution,"Jersey City, New Jersey, United States",2014-06-30,Growth Capital,,,12.2,True,,0,0,https://mergr.com/company/219028,2026-09-03T23:54:45Z
4939,Staple Street Capital,New York,219027,Ironline Compression,Energy Services and Equipment,"Nisku, Alberta, Canada",2013-07-08,Divestiture,2021-11-23,Divestiture,8.3,False,,0,1,https://mergr.com/company/219027,2026-09-03T23:54:45Z
4945,Centana Growth Partners,New York,330500,First Connect Insurance Services,Insurance,"Austin, Texas, United States",2024-11-08,"Buyout (LBO, MBO, MBI)",,,1.8,True,,0,0,https://mergr.com/company/330500,2026-09-03T23:54:45Z
4945,Centana Growth Partners,New York,300788,Athennian,Internet Software and Services,"Calgary, Alberta, Canada",2022-03-30,Venture,,,4.4,True,,0,0,https://mergr.com/company/300788,2026-09-03T23:54:45Z
4945,Centana Growth Partners,New York,293115,Beacon,Internet Software and Services,"New York, New York, United States",2021-10-13,Venture,2025-03-12,Divestiture,3.3,False,,0,0,https://mergr.com/company/293115,2026-09-03T23:54:45Z
4945,Centana Growth Partners,New York,300792,Sayari,Software,"Washington, District of Columbia, United States",2021-09-14,Venture,2024-01-16,Trade Sale - Public Company,2.3,False,,0,0,https://mergr.com/company/300792,2026-09-03T23:54:45Z
4945,Centana Growth Partners,New York,300276,Eventus,Software,"Austin, Texas, United States",2021-09-08,Venture,2026-02-26,Sold to Management,4.4,False,,0,0,https://mergr.com/company/300276,2026-09-03T23:54:45Z
4945,Centana Growth Partners,New York,204503,Teikametrics,Software,"Boston, Massachusetts, United States",2021-07-05,Venture,,,5.1,True,,0,0,https://mergr.com/company/204503,2026-09-03T23:54:45Z
4945,Centana Growth Partners,New York,300793,SpyCloud,Internet Software and Services,"Austin, Texas, United States",2020-08-18,Venture,,,6,True,,0,0,https://mergr.com/company/300793,2026-09-03T23:54:45Z
4945,Centana Growth Partners,New York,300796,True Link,Financial Services,"San Francisco, California, United States",2020-07-08,Venture,,,6.1,True,,0,0,https://mergr.com/company/300796,2026-09-03T23:54:45Z
4945,Centana Growth Partners,New York,268294,Ease,Internet Software and Services,"San Francisco, California, United States",2019-03-19,Venture,2023-04-04,Divestiture,4,False,,0,0,https://mergr.com/company/268294,2026-09-03T23:54:45Z
4945,Centana Growth Partners,New York,268301,Sentieo,Information Services,"San Francisco, California, United States",2018-10-30,Venture,2022-05-11,Divestiture,3.5,False,,0,0,https://mergr.com/company/268301,2026-09-03T23:54:45Z
4945,Centana Growth Partners,New York,249075,SheerID,Information Technology,"Portland, Oregon, United States",2018-01-23,Venture,,,8.6,True,,0,0,https://mergr.com/company/249075,2026-09-03T23:54:45Z
4945,Centana Growth Partners,New York,249074,Quantitative Brokers LLC,Information Technology,"New York, New York, United States",2017-07-12,"Buyout (LBO, MBO, MBI)",2020-09-17,Divestiture,3.2,False,,0,0,https://mergr.com/company/249074,2026-09-03T23:54:45Z
4945,Centana Growth Partners,New York,230104,Vena,Internet Software and Services,"Toronto, Ontario, Canada",2016-07-26,Venture,,,10.1,True,,2,0,https://mergr.com/company/230104,2026-09-03T23:54:45Z
4945,Centana Growth Partners,New York,219862,Jumio,Internet Software and Services,"Sunnyvale, California, United States",2016-05-06,Special Situations/Distressed,2021-03-23,Trade Sale - Public Company,4.8,False,,0,0,https://mergr.com/company/219862,2026-09-03T23:54:45Z
4945,Centana Growth Partners,New York,178820,One,Information Technology,"Folsom, California, United States",2014-09-11,Growth Capital,2020-02-20,Merger,5.4,False,,0,0,https://mergr.com/company/178820,2026-09-03T23:54:45Z
4945,Centana Growth Partners,New York,37045,Blueprint,Software,"Toronto, Ontario, Canada",2012-05-02,Venture,,,14.3,True,,0,0,https://mergr.com/company/37045,2026-09-03T23:54:45Z
5051,Argand Partners,New York,335801,Capezio,Apparel/Textiles,"Totowa, New Jersey, United States",2025-04-21,"Buyout (LBO, MBO, MBI)",,,1.3,True,,0,0,https://mergr.com/company/335801,2026-09-03T23:54:45Z
5051,Argand Partners,New York,229121,Cherry,Technology Hardware,"Auerbach, Germany",2020-05-26,Secondary Buyout,,,6.3,True,90,2,1,https://mergr.com/company/229121,2026-09-03T23:54:45Z
5051,Argand Partners,New York,269762,Midwest Can,Plastics,"Franklin Park, Illinois, United States",2020-03-03,Secondary Buyout,,,6.5,True,,0,0,https://mergr.com/company/269762,2026-09-03T23:54:45Z
5051,Argand Partners,New York,254851,Concrete Pumping Holdings,Construction,"Thornton, Colorado, United States",2018-12-06,Stake Purchase,,,7.7,True,393,3,0,https://mergr.com/company/254851,2026-09-03T23:54:45Z
5051,Argand Partners,New York,9270,Oase,Business Services,"Horstel, Germany",2017-10-30,Secondary Buyout,,,8.8,True,114,1,0,https://mergr.com/company/9270,2026-09-03T23:54:45Z
5051,Argand Partners,New York,32736,Brintons Carpets,Apparel/Textiles,"Kidderminster, United Kingdom",2017-07-05,Secondary Buyout,,,9.1,True,,0,0,https://mergr.com/company/32736,2026-09-03T23:54:45Z
5051,Argand Partners,New York,228409,Sigma Engineered Solutions,Metals/Mining,"Garner, North Carolina, United States",2016-10-13,"Buyout (LBO, MBO, MBI)",,,9.8,True,,2,0,https://mergr.com/company/228409,2026-09-03T23:54:45Z
5052,Napier Park Financial Partners,New York,271657,Kasisto,Information Technology,"New York, New York, United States",2020-02-04,Venture,,,6.6,True,,0,0,https://mergr.com/company/271657,2026-09-03T23:54:45Z
5052,Napier Park Financial Partners,New York,271656,DadeSystems,Internet Software and Services,"Miami, Florida, United States",2019-11-14,Venture,2022-04-18,Divestiture,2.4,False,,0,0,https://mergr.com/company/271656,2026-09-03T23:54:45Z
5052,Napier Park Financial Partners,New York,271649,7shifts Employee Scheduling Software,Internet Software and Services,"Saskatoon, Saskatchewan, Canada",2019-01-24,Venture,,,7.6,True,,0,0,https://mergr.com/company/271649,2026-09-03T23:54:45Z
5052,Napier Park Financial Partners,New York,206651,Q4,Internet Software and Services,"Toronto, Ontario, Canada",2018-09-12,Venture,2021-10-25,IPO,3.1,False,,0,0,https://mergr.com/company/206651,2026-09-03T23:54:45Z
5052,Napier Park Financial Partners,New York,228693,"Nvoicepay, Inc.",Internet Software and Services,"Beaverton, Oregon, United States",2016-10-19,Growth Capital,2019-03-05,Divestiture,2.3,False,,0,0,https://mergr.com/company/228693,2026-09-03T23:54:45Z
5052,Napier Park Financial Partners,New York,182679,Lendio,Internet Software and Services,"Lehi, Utah, United States",2015-03-24,Venture,,,11.4,True,,1,0,https://mergr.com/company/182679,2026-09-03T23:54:45Z
5052,Napier Park Financial Partners,New York,203418,Touch Bistro,Internet Software and Services,"Toronto, Ontario, Canada",2014-03-24,Venture,,,12.4,True,,1,0,https://mergr.com/company/203418,2026-09-03T23:54:45Z
5064,ATL Partners,New York,344715,SkyMark Companies,Automotive,"Kansas City, Missouri, United States",2026-01-07,"Buyout (LBO, MBO, MBI)",,,0.6,True,,0,0,https://mergr.com/company/344715,2026-09-03T23:54:45Z
5064,ATL Partners,New York,344716,Rampmaster,Automotive,"Coatesville, Pennsylvania, United States",2026-01-07,"Buyout (LBO, MBO, MBI)",,,0.6,True,,0,0,https://mergr.com/company/344716,2026-09-03T23:54:45Z
5064,ATL Partners,New York,4028,Rock-It,Transportation,"New York, New York, United States",2025-05-21,Secondary Buyout,2025-05-21,Trade Sale - Public Company,0,False,,0,0,https://mergr.com/company/4028,2026-09-03T23:54:45Z
5064,ATL Partners,New York,315220,LightRidge Solutions,Technology Hardware,"Tucson, Arizona, United States",2023-10-05,Growth Capital,,,2.8,True,,0,0,https://mergr.com/company/315220,2026-09-03T23:54:45Z
5064,ATL Partners,New York,306750,Aero Accessories,Business Services,"Miramar, Florida, United States",2022-11-03,Growth Capital,,,3.8,True,,5,0,https://mergr.com/company/306750,2026-09-03T23:54:45Z
5064,ATL Partners,New York,289452,GEOST,Semiconductors,"Tucson, Arizona, United States",2021-08-19,Growth Capital,2025-05-27,Divestiture,3.8,False,,0,0,https://mergr.com/company/289452,2026-09-03T23:54:45Z
5064,ATL Partners,New York,122053,Valence Surface Technologies,Aerospace,"El Segundo, California, United States",2019-07-08,Secondary Buyout,,,7.1,True,,6,0,https://mergr.com/company/122053,2026-09-03T23:54:45Z
5064,ATL Partners,New York,4028,Rock-It,Transportation,"New York, New York, United States",2018-07-31,Secondary Buyout,2025-05-21,Trade Sale - Public Company,6.8,False,,4,0,https://mergr.com/company/4028,2026-09-03T23:54:45Z
5064,ATL Partners,New York,295707,Arrive Logistics,Transportation,"Austin, Texas, United States",2018-01-01,Venture,2026-08-27,Trade Sale - Public Company,8.6,False,,1,0,https://mergr.com/company/295707,2026-09-03T23:54:45Z
5064,ATL Partners,New York,229163,Pilot Freight Services,Transportation,"Glen Mills, Pennsylvania, United States",2016-10-26,Growth Capital,2022-02-09,Divestiture,5.3,False,,1,0,https://mergr.com/company/229163,2026-09-03T23:54:45Z
5081,SLR Investment,New York,253666,Kingsbridge Holdings,Financial Services,"Lake Forest, Illinois, United States",2020-11-05,Secondary Buyout,,,5.8,True,,0,0,https://mergr.com/company/253666,2026-09-03T23:54:45Z
5164,Merida Capital Holdings,New York,186849,KushCo,Consumer Products,"Tustin, California, United States",2018-02-13,Growth Capital,2021-03-31,Spin Off,3.1,False,,1,0,https://mergr.com/company/186849,2026-09-03T23:54:45Z
5164,Merida Capital Holdings,New York,237555,GrowGeneration,Retail,"Greenwood Village, Colorado, United States",2017-03-14,Stake Purchase,,,9.4,True,162,29,0,https://mergr.com/company/237555,2026-09-03T23:54:45Z
5164,Merida Capital Holdings,New York,237579,New Frontier Data,Information Services,"Washington, District of Columbia, United States",2017-01-18,Growth Capital,,,9.6,True,,3,0,https://mergr.com/company/237579,2026-09-03T23:54:45Z
5164,Merida Capital Holdings,New York,237580,Steep Hill Labs,Life Science,"Berkeley, California, United States",2015-11-11,Venture,2021-12-08,Spin Off,6,False,,0,0,https://mergr.com/company/237580,2026-09-03T23:54:45Z
5164,Merida Capital Holdings,New York,205899,BioTrackTHC,Software,"Fort Lauderdale, Florida, United States",2015-10-05,Growth Capital,2018-03-08,Spin Off,2.4,False,,0,0,https://mergr.com/company/205899,2026-09-03T23:54:45Z
5369,The Rohatyn Group,New York,302419,Leader 96,Consumer Products,"Plovdiv, Bulgaria",2022-07-13,Secondary Buyout,,,4.1,True,,0,0,https://mergr.com/company/302419,2026-09-03T23:54:45Z
5369,The Rohatyn Group,New York,272165,Optimapharm,Life Science,"Zagreb, Croatia",2020-05-12,Secondary Buyout,,,6.3,True,,0,0,https://mergr.com/company/272165,2026-09-03T23:54:45Z
5369,The Rohatyn Group,New York,254902,MIMAJA,Retail,"Ljubljana, Slovenia",2018-10-09,"Buyout (LBO, MBO, MBI)",,,7.8,True,,0,0,https://mergr.com/company/254902,2026-09-03T23:54:45Z
5369,The Rohatyn Group,New York,254901,Pet Network,Retail,"Zagreb, Croatia",2018-10-09,"Buyout (LBO, MBO, MBI)",2021-08-23,Trade Sale - Public Company,2.8,False,,0,0,https://mergr.com/company/254901,2026-09-03T23:54:45Z
5473,Atlas Merchant Capital,New York,317258,DPL Financial Partners,Insurance,"Louisville, Kentucky, United States",2021-01-13,Growth Capital,,,5.6,True,,1,0,https://mergr.com/company/317258,2026-09-03T23:54:45Z
5473,Atlas Merchant Capital,New York,271990,illimity Bank,Financial Services,"Milan, Italy",2019-01-01,Stake Purchase,2025-01-08,Divestiture,6,False,407,1,0,https://mergr.com/company/271990,2026-09-03T23:54:45Z
5473,Atlas Merchant Capital,New York,154477,Praxia Bank,Financial Services,"Athens, Greece",2018-10-05,Growth Capital,2020-01-28,Divestiture,1.3,False,,0,0,https://mergr.com/company/154477,2026-09-03T23:54:45Z
5473,Atlas Merchant Capital,New York,60042,Kepler Cheuvreux,Financial Services,"Paris, United Kingdom",2018-06-27,Stake Purchase,,,8.2,True,113,0,0,https://mergr.com/company/60042,2026-09-03T23:54:45Z
5473,Atlas Merchant Capital,New York,271986,Talcott Resolution,Insurance,"Windsor, Connecticut, United States",2018-05-31,Divestiture,2021-01-20,Trade Sale - Public Company,2.6,False,,0,0,https://mergr.com/company/271986,2026-09-03T23:54:45Z
5473,Atlas Merchant Capital,New York,272449,Panmure Gordon & Co.,Business Services,"London, United Kingdom",2017-03-17,"Buyout (LBO, MBO, MBI)",,,9.4,True,,0,0,https://mergr.com/company/272449,2026-09-03T23:54:45Z
5473,Atlas Merchant Capital,New York,272455,Somerset Reinsurance,Insurance,"Pembroke, Bermuda",2016-10-20,Growth Capital,2022-06-06,Divestiture,5.6,False,,0,0,https://mergr.com/company/272455,2026-09-03T23:54:45Z
5473,Atlas Merchant Capital,New York,73373,Ascensus,Business Services,"Dresher, Pennsylvania, United States",2015-09-28,Secondary Buyout,2021-04-26,Trade Sale - Public Company,5.5,False,,35,1,https://mergr.com/company/73373,2026-09-03T23:54:45Z
5473,Atlas Merchant Capital,New York,272459,South Street,Financial Services,"New York, New York, United States",2015-06-30,Growth Capital,,,11.2,True,,1,0,https://mergr.com/company/272459,2026-09-03T23:54:45Z
5580,SDC Capital Partners,New York,316480,Cityside Fiber,Communications,"Irvine, California, United States",2023-02-23,"Buyout (LBO, MBO, MBI)",,,3.5,True,,0,0,https://mergr.com/company/316480,2026-09-03T23:54:45Z
5580,SDC Capital Partners,New York,299393,Smartaira,Communications,"Providence, Utah, United States",2022-05-03,"Buyout (LBO, MBO, MBI)",,,4.3,True,,2,0,https://mergr.com/company/299393,2026-09-03T23:54:45Z
5580,SDC Capital Partners,New York,290409,IQ Fiber,Communications,"Jacksonville, Florida, United States",2021-09-15,"Buyout (LBO, MBO, MBI)",,,4.9,True,,1,0,https://mergr.com/company/290409,2026-09-03T23:54:45Z
5580,SDC Capital Partners,New York,268539,Fatbeam,Communications,"Coeur d’Alene, Idaho, United States",2020-01-28,"Buyout (LBO, MBO, MBI)",2023-05-31,Trade Sale - Public Company,3.3,False,,0,0,https://mergr.com/company/268539,2026-09-03T23:54:45Z
5580,SDC Capital Partners,New York,268066,Effectual,Information Technology,"Jersey City, New Jersey, United States",2020-01-01,Growth Capital,,,6.7,True,,2,0,https://mergr.com/company/268066,2026-09-03T23:54:45Z
5580,SDC Capital Partners,New York,274137,Tilson,Diversified,"Portland, Maine, United States",2019-04-09,Growth Capital,,,7.3,True,,0,0,https://mergr.com/company/274137,2026-09-03T23:54:45Z
5580,SDC Capital Partners,New York,257449,SummitIG,Communications,"Sterling, Virginia, United States",2019-01-11,Recapitalization,,,7.6,True,,1,0,https://mergr.com/company/257449,2026-09-03T23:54:45Z
5580,SDC Capital Partners,New York,283390,BIG Fiber,Communications,"Sunnyvale, California, United States",2019-01-01,Growth Capital,,,7.7,True,,0,0,https://mergr.com/company/283390,2026-09-03T23:54:45Z
5580,SDC Capital Partners,New York,32192,Ascenty Ltda.,Communications,"Campinas, Brazil",2011-01-11,Growth Capital,2018-09-24,Divestiture,7.7,False,,0,0,https://mergr.com/company/32192,2026-09-03T23:54:45Z
5613,Upper Bay Infrastructure Partners,New York,317261,Infiniti Energy,Renewable Energy,"Howell, New Jersey, United States",2021-04-07,"Buyout (LBO, MBO, MBI)",2024-07-08,Divestiture,3.3,False,,0,0,https://mergr.com/company/317261,2026-09-03T23:54:45Z
5613,Upper Bay Infrastructure Partners,New York,1337,Tidewater,Infrastructure,"Vancouver, Washington, United States",2019-02-20,Secondary Buyout,,,7.5,True,,0,0,https://mergr.com/company/1337,2026-09-03T23:54:45Z
5613,Upper Bay Infrastructure Partners,New York,254489,Avantus,Renewable Energy,"San Diego, California, United States",2018-12-11,Joint Venture,2024-03-20,Trade Sale - Public Company,5.3,False,,0,0,https://mergr.com/company/254489,2026-09-03T23:54:45Z
5618,TriArtisan Capital Advisors,New York,81197,Denny's,Restaurants,"Spartanburg, South Carolina, United States",2025-11-03,Going Private,,,0.8,True,452,0,0,https://mergr.com/company/81197,2026-09-03T23:54:45Z
5618,TriArtisan Capital Advisors,New York,23828,Dover Saddlery,Retail,"Littleton, Massachusetts, United States",2022-04-22,Secondary Buyout,,,4.3,True,,0,0,https://mergr.com/company/23828,2026-09-03T23:54:45Z
5618,TriArtisan Capital Advisors,New York,186948,HOA,Restaurants,"Atlanta, Georgia, United States",2019-07-01,Secondary Buyout,2025-03-31,Bankruptcy,5.7,False,,0,0,https://mergr.com/company/186948,2026-09-03T23:54:45Z
5618,TriArtisan Capital Advisors,New York,14887,P.F. Chang’s,Restaurants,"Scottsdale, Arizona, United States",2019-03-01,Secondary Buyout,,,7.5,True,,0,0,https://mergr.com/company/14887,2026-09-03T23:54:45Z
5618,TriArtisan Capital Advisors,New York,249906,Mears,Transportation,"Orlando, Florida, United States",2018-04-04,Growth Capital,,,8.4,True,,0,0,https://mergr.com/company/249906,2026-09-03T23:54:45Z
5618,TriArtisan Capital Advisors,New York,281757,Form Technologies,Manufacturing,"Charlotte, North Carolina, United States",2015-01-01,"Buyout (LBO, MBO, MBI)",2025-01-21,Trade Sale - Public Company,10,False,980,1,0,https://mergr.com/company/281757,2026-09-03T23:54:45Z
5618,TriArtisan Capital Advisors,New York,170769,TGI Friday’s,Restaurants,"Dallas, Texas, United States",2014-07-15,"Buyout (LBO, MBO, MBI)",,,12.1,True,,0,1,https://mergr.com/company/170769,2026-09-03T23:54:45Z
5618,TriArtisan Capital Advisors,New York,2859,EnergySolutions,Environmental,"Salt Lake City, Utah, United States",2013-01-07,Going Private,2026-04-06,Trade Sale - Public Company,13.2,False,,4,1,https://mergr.com/company/2859,2026-09-03T23:54:45Z
5652,RF Investment Partners,New York,352022,RJ Underground,Business Services,"Kenosha, Wisconsin, United States",2026-07-27,"Buyout (LBO, MBO, MBI)",,,0.1,True,,0,0,https://mergr.com/company/352022,2026-09-03T23:54:45Z
5652,RF Investment Partners,New York,347005,Precision Garage Door Service,Building Materials,"Atlanta, Georgia, United States",2026-03-12,Stake Purchase,,,0.4,True,,0,0,https://mergr.com/company/347005,2026-09-03T23:54:45Z
5652,RF Investment Partners,New York,346223,Norel,Safety/Security,"Littleton, Massachusetts, United States",2026-02-18,Recapitalization,,,0.5,True,,0,0,https://mergr.com/company/346223,2026-09-03T23:54:45Z
5652,RF Investment Partners,New York,346222,NSG Life Safety,Safety/Security,"West Bridgewater, Massachusetts, United States",2026-02-18,Recapitalization,,,0.5,True,,0,0,https://mergr.com/company/346222,2026-09-03T23:54:45Z
5652,RF Investment Partners,New York,332536,S&K Building Services,Business Services,"Indianapolis, Indiana, United States",2025-02-13,Secondary Buyout,,,1.5,True,,0,0,https://mergr.com/company/332536,2026-09-03T23:54:45Z
5652,RF Investment Partners,New York,333826,US VisionMed Partners,Healthcare Services,"Dallas, Texas, United States",2024-11-13,Consolidation,,,1.8,True,,0,0,https://mergr.com/company/333826,2026-09-03T23:54:45Z
5652,RF Investment Partners,New York,328352,Rent-A-John,Business Services,"Wilmington, North Carolina, United States",2024-08-28,"Buyout (LBO, MBO, MBI)",,,2,True,,0,0,https://mergr.com/company/328352,2026-09-03T23:54:45Z
5652,RF Investment Partners,New York,328941,Covr,Internet Software and Services,"Springville, Utah, United States",2024-08-06,Acquisition Financing,,,2,True,,1,0,https://mergr.com/company/328941,2026-09-03T23:54:45Z
5652,RF Investment Partners,New York,341443,ProSite Services,Business Services,"Charlotte, North Carolina, United States",2024-07-01,Growth Capital,,,2.2,True,,4,0,https://mergr.com/company/341443,2026-09-03T23:54:45Z
5652,RF Investment Partners,New York,291857,Nextpoint,Software,"Chicago, United States",2023-07-25,Growth Capital,,,3.1,True,,0,0,https://mergr.com/company/291857,2026-09-03T23:54:45Z
5652,RF Investment Partners,New York,317582,High-End Home Services,Business Services,United States,2023-07-01,"Buyout (LBO, MBO, MBI)",,,3.2,True,,0,0,https://mergr.com/company/317582,2026-09-03T23:54:45Z
5652,RF Investment Partners,New York,316727,Ally Waste,Environmental,"Gilbert, Arizona, United States",2023-02-09,Growth Capital,2026-07-07,Unknown,3.3,False,,4,0,https://mergr.com/company/316727,2026-09-03T23:54:45Z
5652,RF Investment Partners,New York,286636,Riverside Oral Surgery,Healthcare Services,"River Edge, New Jersey, United States",2022-12-19,Stake Purchase,,,3.7,True,,0,0,https://mergr.com/company/286636,2026-09-03T23:54:45Z
5652,RF Investment Partners,New York,290045,Blackthorn.io,Software,"New York City, New York, United States",2022-11-17,Growth Capital,,,3.8,True,,0,0,https://mergr.com/company/290045,2026-09-03T23:54:45Z
5652,RF Investment Partners,New York,317585,MAX Surgical Specialty,Healthcare Services,"Hackensack, New Jersey, United States",2022-09-01,"Buyout (LBO, MBO, MBI)",,,4,True,,0,0,https://mergr.com/company/317585,2026-09-03T23:54:45Z
5652,RF Investment Partners,New York,316725,Allied Payment Network,Internet Software and Services,"Fort Wayne, Indiana, United States",2022-06-15,Growth Capital,2025-05-06,Divestiture,2.8,False,,0,0,https://mergr.com/company/316725,2026-09-03T23:54:45Z
5652,RF Investment Partners,New York,317660,OffenderWatch,Software,"Covington, Louisiana, United States",2022-06-01,"Buyout (LBO, MBO, MBI)",,,4.3,True,,0,0,https://mergr.com/company/317660,2026-09-03T23:54:45Z
5652,RF Investment Partners,New York,317667,Specialty Dental Brands,Healthcare Services,"Nashville, Tennessee, United States",2022-03-01,"Buyout (LBO, MBO, MBI)",,,4.5,True,,0,0,https://mergr.com/company/317667,2026-09-03T23:54:45Z
5652,RF Investment Partners,New York,317584,Leadership Circle,Business Services,"Draper, Utah, United States",2022-02-02,Growth Capital,,,4.6,True,,0,0,https://mergr.com/company/317584,2026-09-03T23:54:45Z
5652,RF Investment Partners,New York,317699,The Skin Center,Consumer Services,"Pittsburg, Pennsylvania, United States",2021-12-01,"Buyout (LBO, MBO, MBI)",,,4.8,True,,0,0,https://mergr.com/company/317699,2026-09-03T23:54:45Z
5652,RF Investment Partners,New York,289138,GreenTech Environmental,Consumer Products,"Johnson City, Tennessee, United States",2021-08-11,"Buyout (LBO, MBO, MBI)",,,5,True,,0,0,https://mergr.com/company/289138,2026-09-03T23:54:45Z
5652,RF Investment Partners,New York,287431,RamSoft,Software,"Toronto, Ontario, Canada",2021-07-01,Growth Capital,,,5.2,True,,1,0,https://mergr.com/company/287431,2026-09-03T23:54:45Z
5652,RF Investment Partners,New York,317586,NetVendor,Internet Software and Services,"Tualatin, Oregon, United States",2021-05-01,"Buyout (LBO, MBO, MBI)",,,5.3,True,,0,0,https://mergr.com/company/317586,2026-09-03T23:54:45Z
5652,RF Investment Partners,New York,317587,NexGenCAM,Business Services,"Port Washington, Wisconsin, United States",2021-04-01,"Buyout (LBO, MBO, MBI)",,,5.4,True,,0,0,https://mergr.com/company/317587,2026-09-03T23:54:45Z
5652,RF Investment Partners,New York,317662,Select Dental,Healthcare Services,"Florham Park, New Jersey, United States",2021-03-01,"Buyout (LBO, MBO, MBI)",2026-07-15,Divestiture,5.3,False,,0,0,https://mergr.com/company/317662,2026-09-03T23:54:45Z
5652,RF Investment Partners,New York,302927,RelayHub,Software,"Bristol, Rhode Island, United States",2021-03-01,Growth Capital,,,5.5,True,,0,0,https://mergr.com/company/302927,2026-09-03T23:54:45Z
5652,RF Investment Partners,New York,241325,Comply365,Software,"Beloit, Wisconsin, United States",2020-12-14,Secondary Buyout,,,5.7,True,,6,0,https://mergr.com/company/241325,2026-09-03T23:54:45Z
5652,RF Investment Partners,New York,272884,Dealer,Internet Software and Services,"Tampa, Florida, United States",2020-06-03,Consolidation,,,6.3,True,,2,0,https://mergr.com/company/272884,2026-09-03T23:54:45Z
5652,RF Investment Partners,New York,214841,SPATCO,Distribution,"Charlotte, North Carolina, United States",2019-11-26,Secondary Buyout,2021-08-17,Merger,1.7,False,,2,0,https://mergr.com/company/214841,2026-09-03T23:54:45Z
5652,RF Investment Partners,New York,244951,GrowthZone,Software,"Nisswa, Minnesota, United States",2019-11-07,"Buyout (LBO, MBO, MBI)",2023-05-16,Trade Sale - Public Company,3.5,False,,0,0,https://mergr.com/company/244951,2026-09-03T23:54:45Z
5652,RF Investment Partners,New York,262180,InterCool,Engineering,"Carrollton, Texas, United States",2019-06-01,"Buyout (LBO, MBO, MBI)",,,7.3,True,,1,0,https://mergr.com/company/262180,2026-09-03T23:54:45Z
5652,RF Investment Partners,New York,274633,Statewide Restoration,Construction,"Sacramento, California, United States",2019-05-16,Growth Capital,,,7.3,True,,0,0,https://mergr.com/company/274633,2026-09-03T23:54:45Z
5652,RF Investment Partners,New York,274628,True,Business Services,"Philadelphia, Pennsylvania, United States",2019-05-08,Growth Capital,,,7.3,True,,4,0,https://mergr.com/company/274628,2026-09-03T23:54:45Z
5652,RF Investment Partners,New York,271544,Charles Products,Consumer Products,"Rockville, Maryland, United States",2019-01-10,Recapitalization,,,7.6,True,,1,0,https://mergr.com/company/271544,2026-09-03T23:54:45Z
5652,RF Investment Partners,New York,193414,Health Media Network,Marketing,"Norwalk, Connecticut, United States",2018-12-01,Recapitalization,2022-10-21,Divestiture,3.8,False,,1,0,https://mergr.com/company/193414,2026-09-03T23:54:45Z
5652,RF Investment Partners,New York,271581,Specialized Dental Partners,Business Services,"Franklin, Tennessee, United States",2018-12-01,Stake Purchase,2021-11-09,Sold to Management,2.9,False,,0,0,https://mergr.com/company/271581,2026-09-03T23:54:45Z
5652,RF Investment Partners,New York,248913,PEC Safety Operations LLC,Safety/Security,"Mandeville, Louisiana, United States",2018-11-30,Secondary Buyout,2019-05-15,Spin Off,0.4,False,,0,0,https://mergr.com/company/248913,2026-09-03T23:54:45Z
5652,RF Investment Partners,New York,273089,MHW,Distribution,"Manhasset, New York, United States",2017-07-01,"Buyout (LBO, MBO, MBI)",,,9.2,True,,3,0,https://mergr.com/company/273089,2026-09-03T23:54:45Z
5652,RF Investment Partners,New York,272320,Lugano Diamonds & Jewelry,Consumer Products,"Newport Beach, California, United States",2016-11-03,Growth Capital,2021-09-07,Trade Sale - Public Company,4.8,False,,0,0,https://mergr.com/company/272320,2026-09-03T23:54:45Z
5652,RF Investment Partners,New York,271579,Sdii Global,Engineering,"Tampa, Florida, United States",2016-04-22,"Buyout (LBO, MBO, MBI)",,,10.3,True,,1,0,https://mergr.com/company/271579,2026-09-03T23:54:45Z
5743,CleanCapital,New York,302871,GlidePath Power Solutions - 36.6 megawatt (MW) solar facility,Energy Services and Equipment,"Inalåhan, Guam",2022-07-25,Divestiture,,,4.1,True,,0,0,https://mergr.com/company/302871,2026-09-03T23:54:45Z
5743,CleanCapital,New York,301848,BQ Energy,Renewable Energy,"Wappinger Falls, New York, United States",2022-06-29,"Buyout (LBO, MBO, MBI)",,,4.2,True,,0,0,https://mergr.com/company/301848,2026-09-03T23:54:45Z
5743,CleanCapital,New York,292797,EDF Renewable - Massachusetts Solar Assets,Renewable Energy,"Massachusetts, United States",2021-11-18,Divestiture,,,4.8,True,,0,0,https://mergr.com/company/292797,2026-09-03T23:54:45Z
5743,CleanCapital,New York,266128,Borrego Solar,Renewable Energy,"San Diego, California, United States",2021-07-15,Growth Capital,,,5.1,True,,0,1,https://mergr.com/company/266128,2026-09-03T23:54:45Z
5743,CleanCapital,New York,262907,KDC Solar - 75.2 Megawatt Solar Portfolio,Renewable Energy,"Bedminster, New Jersey, United States",2019-07-18,Divestiture,,,7.1,True,,0,0,https://mergr.com/company/262907,2026-09-03T23:54:45Z
5743,CleanCapital,New York,272380,Soltage - 7 Operating Solar Assets,Renewable Energy,"Jersey City, New Jersey, United States",2019-01-22,Divestiture,,,7.6,True,,0,0,https://mergr.com/company/272380,2026-09-03T23:54:45Z
5743,CleanCapital,New York,272389,Ahana Renewables - The Tahoe Solar Portfolio,Renewable Energy,"San Francisco, California, United States",2018-11-08,Divestiture,,,7.8,True,,0,0,https://mergr.com/company/272389,2026-09-03T23:54:45Z
5743,CleanCapital,New York,272388,G&S Solar - The Mammoth Solar Portfolio,Renewable Energy,"Massachusetts, United States",2018-05-31,Divestiture,,,8.3,True,,0,0,https://mergr.com/company/272388,2026-09-03T23:54:45Z
5743,CleanCapital,New York,272384,X-Elio - 14.23 MW Operating Solar Assets,Renewable Energy,"Madrid, Spain",2018-05-03,Divestiture,,,8.3,True,,0,0,https://mergr.com/company/272384,2026-09-03T23:54:45Z
5743,CleanCapital,New York,272381,Cascade Solar Portfolio,Renewable Energy,United States,2016-08-02,"Buyout (LBO, MBO, MBI)",,,10.1,True,,0,0,https://mergr.com/company/272381,2026-09-03T23:54:45Z
5806,Full In Partners,New York,282038,Canva,Software,"Surry Hills, Australia",2024-05-02,Stake Purchase,,,2.3,True,,3,0,https://mergr.com/company/282038,2026-09-03T23:54:45Z
5806,Full In Partners,New York,310522,Preply,Education,"Brookline, Massachusetts, United States",2021-03-09,Venture,,,5.4,True,,0,0,https://mergr.com/company/310522,2026-09-03T23:54:45Z
5806,Full In Partners,New York,302236,Snaptravel,Internet Software and Services,"Toronto, Ontario, Canada",2021-03-04,Growth Capital,,,5.5,True,,0,0,https://mergr.com/company/302236,2026-09-03T23:54:45Z
5806,Full In Partners,New York,280558,Cybot,Information Technology,"Copenhagen, Denmark",2021-01-18,"Buyout (LBO, MBO, MBI)",,,5.6,True,,0,0,https://mergr.com/company/280558,2026-09-03T23:54:45Z
5806,Full In Partners,New York,310535,Usercentrics,Internet Software and Services,"Munich, Germany",2020-12-17,Venture,,,5.7,True,,0,0,https://mergr.com/company/310535,2026-09-03T23:54:45Z
5806,Full In Partners,New York,283234,AutoRABIT,Software,"San Francisco, California, United States",2020-03-05,Venture,,,6.4,True,,2,0,https://mergr.com/company/283234,2026-09-03T23:54:45Z
5806,Full In Partners,New York,310498,Vinted,Internet Software and Services,"Vilnius, Lithuania",2020-02-24,Venture,,,6.5,True,,0,0,https://mergr.com/company/310498,2026-09-03T23:54:45Z
5806,Full In Partners,New York,265530,ServiceCore,Software,"Denver, Colorado, United States",2019-09-10,Growth Capital,2022-02-15,Merger,2.4,False,,0,0,https://mergr.com/company/265530,2026-09-03T23:54:45Z
5874,ORIX Capital Partners,New York,293864,Odin,Construction,"Rocklin, California, United States",2021-12-15,"Buyout (LBO, MBO, MBI)",,,4.7,True,,0,0,https://mergr.com/company/293864,2026-09-03T23:54:45Z
5874,ORIX Capital Partners,New York,284869,Optimal,Marketing,"Irvine, California, United States",2021-05-04,Growth Capital,,,5.3,True,,3,1,https://mergr.com/company/284869,2026-09-03T23:54:45Z
5874,ORIX Capital Partners,New York,238879,SWAT,Engineering,"Gonzales, Louisiana, United States",2020-01-31,Secondary Buyout,2025-11-03,Divestiture,5.8,False,,3,0,https://mergr.com/company/238879,2026-09-03T23:54:45Z
5874,ORIX Capital Partners,New York,256416,Network Connex,Information Technology,"Downers Grove, Illinois, United States",2018-12-03,Secondary Buyout,2026-04-14,Trade Sale - Public Company,7.3,False,,3,0,https://mergr.com/company/256416,2026-09-03T23:54:45Z
5874,ORIX Capital Partners,New York,252066,Peak Utility Services Group,Energy Services and Equipment,"Broomfield, Colorado, United States",2018-06-29,"Buyout (LBO, MBO, MBI)",2026-03-11,Trade Sale - Public Company,7.7,False,,6,0,https://mergr.com/company/252066,2026-09-03T23:54:45Z
5874,ORIX Capital Partners,New York,196983,National Underground Group,Business Services,"Irvine, California, United States",2017-02-06,Secondary Buyout,,,9.5,True,,2,3,https://mergr.com/company/196983,2026-09-03T23:54:45Z
5874,ORIX Capital Partners,New York,12480,RoadSafe Traffic Systems,Safety/Security,"Chicago, Illinois, United States",2016-02-01,Secondary Buyout,2021-04-12,Trade Sale - Public Company,5.2,False,,5,0,https://mergr.com/company/12480,2026-09-03T23:54:45Z
5883,Grant Avenue Capital,New York,345183,21st Century,Consumer Products,"Tempe, Arizona, United States",2026-01-21,"Buyout (LBO, MBO, MBI)",,,0.6,True,,0,0,https://mergr.com/company/345183,2026-09-03T23:54:45Z
5883,Grant Avenue Capital,New York,251005,PatientCare EMS Solutions,Transportation,"Tyler, Texas, United States",2026-01-07,Secondary Buyout,,,0.6,True,,1,0,https://mergr.com/company/251005,2026-09-03T23:54:45Z
5883,Grant Avenue Capital,New York,316006,Helios Clinical Research,Life Science,"New York, New York, United States",2022-11-17,Consolidation,,,3.8,True,,0,0,https://mergr.com/company/316006,2026-09-03T23:54:45Z
5883,Grant Avenue Capital,New York,31833,Ovation Healthcare,Healthcare Services,"Brentwood, Tennessee, United States",2021-06-01,Divestiture,,,5.3,True,,0,0,https://mergr.com/company/31833,2026-09-03T23:54:45Z
5883,Grant Avenue Capital,New York,280921,Fortis Health,Healthcare Services,"Alabama, United States",2021-01-25,Divestiture,,,5.6,True,,2,0,https://mergr.com/company/280921,2026-09-03T23:54:45Z
5883,Grant Avenue Capital,New York,268996,H2 Health,Healthcare Services,"Jacksonville, Florida, United States",2020-02-04,Divestiture,,,6.6,True,,1,0,https://mergr.com/company/268996,2026-09-03T23:54:45Z
5908,Indigo Capital,New York,180510,MCI Group,Business Services,"Geneva, Switzerland",2017-11-09,Recapitalization,,,8.8,True,350,2,1,https://mergr.com/company/180510,2026-09-03T23:54:45Z
5908,Indigo Capital,New York,215674,Wedderspoon,Food,"Malvern, Pennsylvania, United States",2014-01-01,"Buyout (LBO, MBO, MBI)",,,12.7,True,,0,0,https://mergr.com/company/215674,2026-09-03T23:54:45Z
6038,Gardner Standard,New York,352941,Otter Lake Technologies,Manufacturing,"White Bear Township, Minnesota, United States",2024-01-01,"Buyout (LBO, MBO, MBI)",,,2.7,True,,0,0,https://mergr.com/company/352941,2026-09-03T23:54:45Z
6038,Gardner Standard,New York,324798,Fox Valley Elevator,Machinery,"Appleton, Wisconsin, United States",2022-01-01,"Buyout (LBO, MBO, MBI)",,,4.7,True,,0,0,https://mergr.com/company/324798,2026-09-03T23:54:45Z
6038,Gardner Standard,New York,352947,Wisconsin Elevator Sales & Service,Business Services,"Appleton, Wisconsin, United States",2022-01-01,"Buyout (LBO, MBO, MBI)",,,4.7,True,,0,0,https://mergr.com/company/352947,2026-09-03T23:54:45Z
6038,Gardner Standard,New York,312371,ECE,Technology Hardware,"Holland, Ohio, United States",2021-01-01,"Buyout (LBO, MBO, MBI)",,,5.7,True,,0,0,https://mergr.com/company/312371,2026-09-03T23:54:45Z
6038,Gardner Standard,New York,59798,Pharmacal Health & Wellness Solutions,Consumer Products,"Jackson, Wisconsin, United States",2020-09-08,Growth Capital,,,5.9,True,,0,1,https://mergr.com/company/59798,2026-09-03T23:54:45Z
6038,Gardner Standard,New York,275020,Shadin Avionics,Aerospace,"Eden Prairie, Minnesota, United States",2020-06-23,Divestiture,,,6.2,True,,0,0,https://mergr.com/company/275020,2026-09-03T23:54:45Z
6038,Gardner Standard,New York,639,McNally Industries,Aerospace,"Grantsburg, Wisconsin, United States",2016-01-01,"Buyout (LBO, MBO, MBI)",2019-09-09,Trade Sale - Public Company,3.7,False,,0,1,https://mergr.com/company/639,2026-09-03T23:54:45Z
6038,Gardner Standard,New York,206872,Pacific Aero Tech,Aerospace,"Kent, Washington, United States",2016-01-01,"Buyout (LBO, MBO, MBI)",,,10.7,True,,0,0,https://mergr.com/company/206872,2026-09-03T23:54:45Z
6038,Gardner Standard,New York,15689,Mid Valley Industries (MVI),Manufacturing,"Kaukauna, Wisconsin, United States",2015-03-23,Secondary Buyout,2024-02-08,Divestiture,8.8,False,20,0,0,https://mergr.com/company/15689,2026-09-03T23:54:45Z
6038,Gardner Standard,New York,275031,Line Finders,Utilities,"Gillette, Wyoming, United States",2014-01-01,"Buyout (LBO, MBO, MBI)",,,12.7,True,,0,0,https://mergr.com/company/275031,2026-09-03T23:54:45Z
6038,Gardner Standard,New York,275050,Williston Fire & Safety,Safety/Security,"Williston, North Dakota, United States",2012-01-01,"Buyout (LBO, MBO, MBI)",2024-01-01,Divestiture,12,False,,0,0,https://mergr.com/company/275050,2026-09-03T23:54:45Z
6042,Infinedi Partners,New York,310545,LaSalle Network,Staffing,"Chicago, Illinois, United States",2022-02-28,Growth Capital,,,4.5,True,,0,0,https://mergr.com/company/310545,2026-09-03T23:54:45Z
6042,Infinedi Partners,New York,279947,BWG Global,Information Services,"Cranford, New Jersey, United States",2021-01-04,Growth Capital,,,5.7,True,,0,0,https://mergr.com/company/279947,2026-09-03T23:54:45Z
6042,Infinedi Partners,New York,275039,CEA CAPA,Education,"Phoenix, Arizona, United States",2020-08-10,Growth Capital,,,6,True,,1,0,https://mergr.com/company/275039,2026-09-03T23:54:45Z
6188,Rock Mountain Capital,New York,284891,VCM Products,Consumer Products,"Freehold, New Jersey, United States",2021-05-04,"Buyout (LBO, MBO, MBI)",,,5.3,True,,1,0,https://mergr.com/company/284891,2026-09-03T23:54:45Z
6188,Rock Mountain Capital,New York,284362,Chord Specialty Dental Partners,Healthcare Services,"Nashville, Tennessee, United States",2021-04-21,Growth Capital,,,5.3,True,,2,0,https://mergr.com/company/284362,2026-09-03T23:54:45Z
6188,Rock Mountain Capital,New York,242203,GeoLinks,Communications,"Camarillo, California, United States",2020-12-02,Growth Capital,,,5.8,True,,0,0,https://mergr.com/company/242203,2026-09-03T23:54:45Z
6188,Rock Mountain Capital,New York,77441,PurposeBuilt Brands,Consumer Products,"Gurnee, Illinois, United States",2019-03-27,Secondary Buyout,2022-02-02,IPO,2.8,False,,0,0,https://mergr.com/company/77441,2026-09-03T23:54:45Z
6215,Ronin Equity Partners,New York,312850,Lotus Beverage Alliance,Beverages,"Lincoln, Nebraska, United States",2023-04-20,Consolidation,,,3.3,True,60,0,0,https://mergr.com/company/312850,2026-09-03T23:54:45Z
6215,Ronin Equity Partners,New York,305785,DK2,Automotive,"Burlington, Ontario, Canada",2022-10-07,"Buyout (LBO, MBO, MBI)",,,3.8,True,,2,0,https://mergr.com/company/305785,2026-09-03T23:54:45Z
6215,Ronin Equity Partners,New York,312851,Due North,Manufacturing,"Georgetown, Ontario, Canada",2021-09-07,Consolidation,2025-09-02,Divestiture,3.9,False,150,3,0,https://mergr.com/company/312851,2026-09-03T23:54:45Z
6215,Ronin Equity Partners,New York,286207,Heartisan Foods,Food,"Barron, Wisconsin, United States",2021-06-07,Consolidation,2025-04-14,Divestiture,3.8,False,,3,0,https://mergr.com/company/286207,2026-09-03T23:54:45Z
6215,Ronin Equity Partners,New York,283179,Komline-Sanderson,Machinery,"Peapack, New Jersey, United States",2021-04-01,Growth Capital,,,5.4,True,,5,0,https://mergr.com/company/283179,2026-09-03T23:54:45Z
6320,Cohesive Capital Partners,New York,336648,Reed Minerals,Building Materials,United States,2024-09-04,Divestiture,,,2,True,,1,0,https://mergr.com/company/336648,2026-09-03T23:54:45Z
6320,Cohesive Capital Partners,New York,315668,AmeriPro Health,Business Services,"Atlanta, Georgia, United States",2024-02-08,Growth Capital,,,2.5,True,,1,0,https://mergr.com/company/315668,2026-09-03T23:54:45Z
6320,Cohesive Capital Partners,New York,244769,Curated Events,Business Services,"Raleigh, North Carolina, United States",2023-07-17,Secondary Buyout,,,3.1,True,,3,0,https://mergr.com/company/244769,2026-09-03T23:54:45Z
6320,Cohesive Capital Partners,New York,346710,New Age Industrial,Business Services,"Oakbrook, Illinois, United States",2023-04-01,Consolidation,,,3.4,True,,0,0,https://mergr.com/company/346710,2026-09-03T23:54:45Z
6320,Cohesive Capital Partners,New York,326826,Dolly Parton’s Stampede,Leisure,"Pigeon Forge, Tennessee, United States",2023-02-01,"Buyout (LBO, MBO, MBI)",,,3.6,True,,1,0,https://mergr.com/company/326826,2026-09-03T23:54:45Z
6320,Cohesive Capital Partners,New York,308167,Bulk,Transportation,"Miami, Florida, United States",2022-12-14,"Buyout (LBO, MBO, MBI)",,,3.7,True,,1,0,https://mergr.com/company/308167,2026-09-03T23:54:45Z
6320,Cohesive Capital Partners,New York,312701,Gulf Pacific,Food,"Houston, Texas, United States",2022-12-06,Recapitalization,,,3.7,True,,0,0,https://mergr.com/company/312701,2026-09-03T23:54:45Z
6320,Cohesive Capital Partners,New York,20462,siffron,Manufacturing,"Twinsburg, Ohio, United States",2022-09-13,Secondary Buyout,,,3.9,True,,0,0,https://mergr.com/company/20462,2026-09-03T23:54:45Z
6320,Cohesive Capital Partners,New York,310269,Wonders Technologies,Software,"New York, New York, United States",2022-01-01,Growth Capital,,,4.7,True,,0,0,https://mergr.com/company/310269,2026-09-03T23:54:45Z
6320,Cohesive Capital Partners,New York,293528,UrgentMED,Healthcare Services,"Los Angeles, California, United States",2021-12-08,"Buyout (LBO, MBO, MBI)",2023-11-01,Spin Off,1.8,False,,1,0,https://mergr.com/company/293528,2026-09-03T23:54:45Z
6320,Cohesive Capital Partners,New York,293762,Beekman 1802,Consumer Products,"Schenectady, New York, United States",2021-12-03,"Buyout (LBO, MBO, MBI)",,,4.8,True,,0,0,https://mergr.com/company/293762,2026-09-03T23:54:45Z
6320,Cohesive Capital Partners,New York,288246,ScalePad,Internet Software and Services,"Vancouver, British Columbia, Canada",2021-07-20,Growth Capital,,,5.1,True,,1,0,https://mergr.com/company/288246,2026-09-03T23:54:45Z
6320,Cohesive Capital Partners,New York,276010,Innovations in Nutrition + Wellness,Life Science,"Ogden, Utah, United States",2021-03-29,Secondary Buyout,,,5.4,True,,2,0,https://mergr.com/company/276010,2026-09-03T23:54:45Z
6320,Cohesive Capital Partners,New York,299387,MissionWired,Marketing,"Washington, District of Columbia, United States",2021-03-10,Growth Capital,,,5.4,True,,2,0,https://mergr.com/company/299387,2026-09-03T23:54:45Z
6320,Cohesive Capital Partners,New York,4197,Cotality,Information Services,"Irvine, California, United States",2021-02-04,Going Private,,,5.6,True,1762,5,2,https://mergr.com/company/4197,2026-09-03T23:54:45Z
6320,Cohesive Capital Partners,New York,72557,Ingram Micro,Distribution,"Irvine, California, United States",2020-12-09,Divestiture,2024-10-24,IPO,3.8,False,47984,2,2,https://mergr.com/company/72557,2026-09-03T23:54:45Z
6320,Cohesive Capital Partners,New York,306951,MBS Highway,Internet Software and Services,"Holmdel, New Jersey, United States",2020-10-05,Growth Capital,,,5.8,True,,1,0,https://mergr.com/company/306951,2026-09-03T23:54:45Z
6320,Cohesive Capital Partners,New York,271708,Estis Compression,Energy Services and Equipment,"Kilgore, Texas, United States",2019-07-16,"Buyout (LBO, MBO, MBI)",2024-06-20,Spin Off,4.9,False,,0,0,https://mergr.com/company/271708,2026-09-03T23:54:45Z
6320,Cohesive Capital Partners,New York,188924,Foursquare,Internet Software and Services,"New York City, New York, United States",2019-05-30,Growth Capital,,,7.3,True,,3,0,https://mergr.com/company/188924,2026-09-03T23:54:45Z
6320,Cohesive Capital Partners,New York,48113,Thermal Solutions Manufacturing,Automotive,"Nashville, Tennessee, United States",2019-03-04,Secondary Buyout,,,7.5,True,,1,0,https://mergr.com/company/48113,2026-09-03T23:54:45Z
6320,Cohesive Capital Partners,New York,312718,MyEyeDr.,Healthcare Services,"Vienna, Virginia, United States",2019-01-01,"Buyout (LBO, MBO, MBI)",,,7.7,True,,1,0,https://mergr.com/company/312718,2026-09-03T23:54:45Z
6320,Cohesive Capital Partners,New York,225606,VideoAmp,Information Technology,"Los Angeles, California, United States",2018-01-01,Growth Capital,,,8.7,True,,3,0,https://mergr.com/company/225606,2026-09-03T23:54:45Z
6320,Cohesive Capital Partners,New York,53690,FXI,Consumer Products,"Radnor, Pennsylvania, United States",2017-09-08,Secondary Buyout,,,8.9,True,,1,0,https://mergr.com/company/53690,2026-09-03T23:54:45Z
6320,Cohesive Capital Partners,New York,257032,DJR Energy,Oil/Gas Exploration,"Denver, Colorado, United States",2017-04-01,"Buyout (LBO, MBO, MBI)",,,9.4,True,,1,0,https://mergr.com/company/257032,2026-09-03T23:54:45Z
6320,Cohesive Capital Partners,New York,285670,Mavenir,Internet Software and Services,"Richardson, Texas, United States",2017-02-08,Consolidation,,,9.5,True,,7,0,https://mergr.com/company/285670,2026-09-03T23:54:45Z
6320,Cohesive Capital Partners,New York,270197,Outworx Group,Business Services,"Westbury, New York, United States",2017-01-01,"Buyout (LBO, MBO, MBI)",,,9.7,True,,6,0,https://mergr.com/company/270197,2026-09-03T23:54:45Z
6320,Cohesive Capital Partners,New York,230883,Lasko Products,Consumer Products,"West Chester, Pennsylvania, United States",2016-11-21,"Buyout (LBO, MBO, MBI)",,,9.8,True,,2,0,https://mergr.com/company/230883,2026-09-03T23:54:45Z
6320,Cohesive Capital Partners,New York,228725,Forman Mills,Retail,"Pennsauken, New Jersey, United States",2016-10-05,Growth Capital,2023-06-22,Divestiture,6.7,False,,0,0,https://mergr.com/company/228725,2026-09-03T23:54:45Z
6320,Cohesive Capital Partners,New York,3974,GLG,Information Services,"New York, New York, United States",2015-12-21,Secondary Buyout,,,10.7,True,,0,0,https://mergr.com/company/3974,2026-09-03T23:54:45Z
6320,Cohesive Capital Partners,New York,218420,Black Tux,Apparel/Textiles,"Gardena, California, United States",2015-09-09,Growth Capital,,,10.9,True,,0,0,https://mergr.com/company/218420,2026-09-03T23:54:45Z
6320,Cohesive Capital Partners,New York,187142,TRP Energy,Oil/Gas Exploration,"Houston, Texas, United States",2015-05-12,Stake Purchase,,,11.3,True,,0,0,https://mergr.com/company/187142,2026-09-03T23:54:45Z
6320,Cohesive Capital Partners,New York,312712,GAC,Renewable Energy,"New York City, New York, United States",2015-01-01,"Buyout (LBO, MBO, MBI)",,,11.7,True,,0,0,https://mergr.com/company/312712,2026-09-03T23:54:45Z
6320,Cohesive Capital Partners,New York,111381,Mednet,Internet Software and Services,"Minnetonka, Minnesota, United States",2014-07-14,Growth Capital,2025-11-18,Divestiture,11.3,False,,0,0,https://mergr.com/company/111381,2026-09-03T23:54:45Z
6320,Cohesive Capital Partners,New York,28768,Enduring Resources,Oil/Gas Exploration,"Centennial, Colorado, United States",2014-05-01,Add-on Acquisition,,,12.3,True,,0,1,https://mergr.com/company/28768,2026-09-03T23:54:45Z
6320,Cohesive Capital Partners,New York,312668,Interlink,Transportation,"Hamilton, Bermuda",2013-01-01,"Buyout (LBO, MBO, MBI)",,,13.7,True,,0,0,https://mergr.com/company/312668,2026-09-03T23:54:45Z
6320,Cohesive Capital Partners,New York,32501,SSB,Consumer Products,"Doraville, Georgia, United States",2012-10-01,Recapitalization,2023-01-23,Bankruptcy,10.3,False,,1,0,https://mergr.com/company/32501,2026-09-03T23:54:45Z
6320,Cohesive Capital Partners,New York,184973,Circana,Information Services,"Chicago, Illinois, United States",2011-06-01,Secondary Buyout,,,15.3,True,,3,0,https://mergr.com/company/184973,2026-09-03T23:54:45Z
6436,BlackRock LTPC,New York,324525,Willow,Business Services,"Boston, Massachusetts, United States",2024-05-02,Growth Capital,,,2.3,True,,0,0,https://mergr.com/company/324525,2026-09-03T23:54:45Z
6436,BlackRock LTPC,New York,264296,Lone Peak Dental Group,Healthcare Services,"Englewood, Colorado, United States",2024-01-31,Secondary Buyout,,,2.6,True,,0,0,https://mergr.com/company/264296,2026-09-03T23:54:45Z
6436,BlackRock LTPC,New York,273163,E360S,Environmental,"Aurora, Ontario, Canada",2023-02-16,Secondary Buyout,,,3.5,True,,1,0,https://mergr.com/company/273163,2026-09-03T23:54:45Z
6436,BlackRock LTPC,New York,133309,Alacrity Solutions,Business Services,"Fishers, Indiana, United States",2023-02-02,Secondary Buyout,,,3.6,True,,1,1,https://mergr.com/company/133309,2026-09-03T23:54:45Z
6436,BlackRock LTPC,New York,307101,Jupiter Power,Electrical Equipment,"Austin, Texas, United States",2022-11-15,Secondary Buyout,,,3.8,True,,0,0,https://mergr.com/company/307101,2026-09-03T23:54:45Z
6436,BlackRock LTPC,New York,305015,Paradigm Oral Health,Healthcare Services,"Lincoln, Nebraska, United States",2022-09-22,Secondary Buyout,,,3.9,True,,0,0,https://mergr.com/company/305015,2026-09-03T23:54:45Z
6436,BlackRock LTPC,New York,318962,Tata Power Renewable,Renewable Energy,"Mumbai, India",2022-07-26,Stake Purchase,,,4.1,True,,0,0,https://mergr.com/company/318962,2026-09-03T23:54:45Z
6436,BlackRock LTPC,New York,243142,Summit Companies,Safety/Security,"Mendota Heights, Minnesota, United States",2021-09-20,Secondary Buyout,2025-08-04,Trade Sale - Public Company,3.8,False,,5,0,https://mergr.com/company/243142,2026-09-03T23:54:45Z
6436,BlackRock LTPC,New York,191953,Outcomes,Software,"Orlando, Florida, United States",2021-05-17,Secondary Buyout,2026-09-02,Trade Sale - Public Company,5.3,False,,2,0,https://mergr.com/company/191953,2026-09-03T23:54:45Z
6436,BlackRock LTPC,New York,314469,Heywood Pension Technologies,Software,"Altrincham , United Kingdom",2021-02-12,"Buyout (LBO, MBO, MBI)",,,5.5,True,,1,0,https://mergr.com/company/314469,2026-09-03T23:54:45Z
6436,BlackRock LTPC,New York,314472,Creed,Consumer Products,"New York, New York, United States",2020-02-26,"Buyout (LBO, MBO, MBI)",2023-06-26,Divestiture,3.3,False,,0,0,https://mergr.com/company/314472,2026-09-03T23:54:45Z
6436,BlackRock LTPC,New York,26972,Authentic Brands Group,Consumer Products,"New York, New York, United States",2010-06-02,Growth Capital,,,16.3,True,,33,0,https://mergr.com/company/26972,2026-09-03T23:54:45Z
6486,BPGC Management,New York,252642,SteriCare Solutions,Medical Products,"Haltom City, Texas, United States",2023-01-05,Secondary Buyout,,,3.6,True,,0,0,https://mergr.com/company/252642,2026-09-03T23:54:45Z
6486,BPGC Management,New York,313345,Elessent Clean Technologies,Environmental,"St. Louis, Missouri, United States",2021-01-31,"Buyout (LBO, MBO, MBI)",,,5.6,True,,1,0,https://mergr.com/company/313345,2026-09-03T23:54:45Z
6543,Irenic Capital Management,New York,237753,Arconic,Manufacturing,"Pittsburgh, Pennsylvania, United States",2023-05-04,Going Private,,,3.3,True,8961,0,1,https://mergr.com/company/237753,2026-09-03T23:54:45Z
6562,Ilion Capital Partners,New York,219015,Mid States Supply,Distribution,"Kansas City, Missouri, United States",2023-06-26,Secondary Buyout,,,3.2,True,,0,0,https://mergr.com/company/219015,2026-09-03T23:54:45Z
6605,Kalbot Holding Company,New York,318981,Holocene Drilling,Energy Services and Equipment,"Puyallup, Washington, United States",2022-04-30,"Buyout (LBO, MBO, MBI)",,,4.3,True,,0,0,https://mergr.com/company/318981,2026-09-03T23:54:45Z
6605,Kalbot Holding Company,New York,318969,Specialty Drilling,Business Services,United States,2022-01-01,Consolidation,,,4.7,True,,1,0,https://mergr.com/company/318969,2026-09-03T23:54:45Z
6891,Corvex Private Equity,New York,123361,Heidrick & Struggles International,Staffing,"Chicago, Illinois, United States",2025-10-06,Going Private,,,0.8,True,1116,0,0,https://mergr.com/company/123361,2026-09-03T23:54:45Z
7061,Two Roads Partners,New York,349735,Wausau Tile,Building Materials,"Rothschild, Wisconsin, United States",2026-01-30,"Buyout (LBO, MBO, MBI)",,,0.6,True,,0,0,https://mergr.com/company/349735,2026-09-03T23:54:45Z
7061,Two Roads Partners,New York,349734,Uniserve Facilities Services,Business Services,"Commerce, California, United States",2025-12-01,"Buyout (LBO, MBO, MBI)",,,0.8,True,,0,0,https://mergr.com/company/349734,2026-09-03T23:54:45Z
7061,Two Roads Partners,New York,349736,Texas TransEastern,Transportation,"Pasadena, Texas, United States",2025-06-01,"Buyout (LBO, MBO, MBI)",,,1.3,True,,0,0,https://mergr.com/company/349736,2026-09-03T23:54:45Z
7061,Two Roads Partners,New York,349737,One Team Electrical Group,Business Services,"Jerome, Idaho, United States",2024-04-01,Consolidation,,,2.4,True,,0,0,https://mergr.com/company/349737,2026-09-03T23:54:45Z
7061,Two Roads Partners,New York,346710,New Age Industrial,Business Services,"Oakbrook, Illinois, United States",2023-04-01,Consolidation,,,3.4,True,,0,0,https://mergr.com/company/346710,2026-09-03T23:54:45Z
7061,Two Roads Partners,New York,349738,GroundMasters,Business Services,"Milwaukee, Wisconsin, United States",2019-09-01,Consolidation,,,7,True,,0,0,https://mergr.com/company/349738,2026-09-03T23:54:45Z
354,Long Point Capital,New York,328770,BKF Engineers,Engineering,"Walnut Creek, California, United States",2024-09-10,Growth Capital,,,1.9,True,,1,0,https://mergr.com/company/328770,2026-09-07T00:00:00Z
354,Long Point Capital,New York,307493,Allnorth,Engineering,"Vancouver, British Columbia, Canada",2022-11-08,Growth Capital,,,3.8,True,,1,0,https://mergr.com/company/307493,2026-09-07T00:00:00Z
354,Long Point Capital,New York,326496,MNS Engineers,Business Services,"Santa Barbara, California, United States",2021-09-29,Stake Purchase,,,4.9,True,,0,0,https://mergr.com/company/326496,2026-09-07T00:00:00Z
354,Long Point Capital,New York,174969,CentriLogic,Information Technology,"Mississauga, Ontario, Canada",2018-06-13,Growth Capital,,,8.2,True,,4,0,https://mergr.com/company/174969,2026-09-07T00:00:00Z
354,Long Point Capital,New York,246133,Woolpert,Engineering,"Dayton, Ohio, United States",2017-12-06,Recapitalization,2021-04-09,Trade Sale - Public Company,3.3,False,,5,0,https://mergr.com/company/246133,2026-09-07T00:00:00Z
354,Long Point Capital,New York,229090,Corsicana Bedding,Consumer Products,"Corsicana, Texas, United States",2016-01-13,Recapitalization,2022-06-26,Bankruptcy,6.4,False,,0,0,https://mergr.com/company/229090,2026-09-07T00:00:00Z
354,Long Point Capital,New York,12083,UMA Enterprises,Distribution,"Compton, California, United States",2014-06-06,Recapitalization,2014-06-06,Merger,0,False,,0,0,https://mergr.com/company/12083,2026-09-07T00:00:00Z
354,Long Point Capital,New York,22136,Precision Products Group,Manufacturing,"Indianapolis, Indiana, United States",2013-08-01,Secondary Buyout,2020-10-07,Trade Sale - Public Company,7.2,False,,0,1,https://mergr.com/company/22136,2026-09-07T00:00:00Z
354,Long Point Capital,New York,81073,The Saxton Group,Franchising,"Dallas, Texas, United States",2013-01-21,"Buyout (LBO, MBO, MBI)",2015-01-14,Sold to Management,1.9,False,,0,0,https://mergr.com/company/81073,2026-09-07T00:00:00Z
354,Long Point Capital,New York,224482,STG Logistics,Transportation,"Dublin, Ohio, United States",2012-01-01,"Buyout (LBO, MBO, MBI)",2016-08-31,Trade Sale - Public Company,4.6,False,,0,0,https://mergr.com/company/224482,2026-09-07T00:00:00Z
354,Long Point Capital,New York,32101,Mestel,Staffing,"Boston, Massachusetts, United States",2011-09-26,"Buyout (LBO, MBO, MBI)",,,14.9,True,,0,0,https://mergr.com/company/32101,2026-09-07T00:00:00Z
354,Long Point Capital,New York,344897,Hire Counsel,Business Services,"Chicago, Illinois, United States",2011-09-26,Growth Capital,2026-01-15,Divestiture,14.3,False,,0,0,https://mergr.com/company/344897,2026-09-07T00:00:00Z
354,Long Point Capital,New York,32100,EYP Architecture & Engineering P.C.,Engineering,"Albany, New York, United States",2011-08-10,Growth Capital,2016-01-01,Sold to Management,4.3,False,,1,0,https://mergr.com/company/32100,2026-09-07T00:00:00Z
354,Long Point Capital,New York,12083,UMA Enterprises,Distribution,"Compton, California, United States",2011-07-01,"Buyout (LBO, MBO, MBI)",2014-06-06,Merger,2.9,False,,0,0,https://mergr.com/company/12083,2026-09-07T00:00:00Z
354,Long Point Capital,New York,2915,"Torrent Resources, Inc.",Business Services,"Phoenix, Arizona, United States",2007-11-26,Recapitalization,,,18.8,True,,0,0,https://mergr.com/company/2915,2026-09-07T00:00:00Z
354,Long Point Capital,New York,2918,Cumming Group,Construction,"Westport, Connecticut, United States",2006-12-11,Recapitalization,2016-10-25,Trade Sale - Public Company,9.8,False,,1,0,https://mergr.com/company/2918,2026-09-07T00:00:00Z
354,Long Point Capital,New York,2916,Arrow Tru-Line,Building Materials,"Archbold, Ohio, United States",2005-06-06,Recapitalization,2017-01-26,Trade Sale - Public Company,11.6,False,,0,0,https://mergr.com/company/2916,2026-09-07T00:00:00Z
354,Long Point Capital,New York,3825,Artistic Stairs & Railings,Building Materials,"Calgary, Alberta, Canada",2004-12-01,Recapitalization,2016-11-15,Sold to Management,11.9,False,,0,0,https://mergr.com/company/3825,2026-09-07T00:00:00Z
354,Long Point Capital,New York,2920,Savage Arms,Defense,"Westfield, Massachusetts, United States",2004-09-01,"Buyout (LBO, MBO, MBI)",2012-01-26,Trade Sale - Public Company,7.3,False,,0,0,https://mergr.com/company/2920,2026-09-07T00:00:00Z
354,Long Point Capital,New York,16111,"Sunbury Textile Mills, Inc.",Apparel/Textiles,"New York, New York, United States",2004-03-01,"Buyout (LBO, MBO, MBI)",,,22.5,True,,0,0,https://mergr.com/company/16111,2026-09-07T00:00:00Z
354,Long Point Capital,New York,16107,C.H.I. Overhead Doors,Building Materials,"Arthur, Illinois, United States",2002-08-01,"Buyout (LBO, MBO, MBI)",2004-10-25,Trade Sale - Public Company,2.2,False,,0,0,https://mergr.com/company/16107,2026-09-07T00:00:00Z
354,Long Point Capital,New York,16109,"National Print Group, Inc.",Marketing,"Chattanooga, Tennessee, United States",2001-11-01,"Buyout (LBO, MBO, MBI)",2006-05-02,Trade Sale - Public Company,4.5,False,,0,0,https://mergr.com/company/16109,2026-09-07T00:00:00Z
354,Long Point Capital,New York,16108,"Eurodesign Cabinets, Inc.",Furniture,"Pomona, California, United States",1999-12-01,"Buyout (LBO, MBO, MBI)",2008-07-15,Trade Sale - Public Company,8.6,False,,0,0,https://mergr.com/company/16108,2026-09-07T00:00:00Z
354,Long Point Capital,New York,16105,Trulite Glass & Aluminum Solutions,Building Materials,"Peachtree City, Georgia, United States",1999-09-01,"Buyout (LBO, MBO, MBI)",2004-09-01,Trade Sale,5,False,,0,0,https://mergr.com/company/16105,2026-09-07T00:00:00Z
354,Long Point Capital,New York,16113,Broadcasting Partners Holdings LP,Media,"New York, New York, United States",1993-05-01,"Buyout (LBO, MBO, MBI)",1999-10-26,Divestiture,6.4,False,,0,0,https://mergr.com/company/16113,2026-09-07T00:00:00Z
435,Pine Street Capital Partners,New York,7140,FlexiInternational Software,Software,"Shelton, Connecticut, United States",2025-04-01,Growth Capital,,,1.4,True,,0,0,https://mergr.com/company/7140,2026-09-07T00:00:00Z
435,Pine Street Capital Partners,New York,329632,Burnyzz,Automotive,"Ocala, Florida, United States",2024-10-10,"Buyout (LBO, MBO, MBI)",,,1.8,True,,0,0,https://mergr.com/company/329632,2026-09-07T00:00:00Z
435,Pine Street Capital Partners,New York,329563,Monument Advocacy,Business Services,"Washington, District of Columbia, United States",2024-10-09,Growth Capital,,,1.8,True,,0,0,https://mergr.com/company/329563,2026-09-07T00:00:00Z
435,Pine Street Capital Partners,New York,320005,ChemArt,Consumer Products,"Lincoln, Rhode Island, United States",2023-12-18,"Buyout (LBO, MBO, MBI)",,,2.7,True,,0,0,https://mergr.com/company/320005,2026-09-07T00:00:00Z
435,Pine Street Capital Partners,New York,318910,MarketBridge,Business Services,"Bethesda, Maryland, United States",2023-11-13,Growth Capital,,,2.8,True,,2,0,https://mergr.com/company/318910,2026-09-07T00:00:00Z
435,Pine Street Capital Partners,New York,305863,TPC,Manufacturing,"Chicago, Illinois, United States",2023-08-01,Growth Capital,,,3.1,True,,1,0,https://mergr.com/company/305863,2026-09-07T00:00:00Z
435,Pine Street Capital Partners,New York,336551,demandDrive,Marketing,"Waltham, Massachusetts, United States",2022-02-18,Growth Capital,,,4.5,True,,0,0,https://mergr.com/company/336551,2026-09-07T00:00:00Z
435,Pine Street Capital Partners,New York,294108,Pacific West,Construction,"Salt Lake City, Utah, United States",2021-12-22,"Buyout (LBO, MBO, MBI)",,,4.7,True,,2,0,https://mergr.com/company/294108,2026-09-07T00:00:00Z
435,Pine Street Capital Partners,New York,301744,Lumina,Healthcare Services,"Phoenix, Arizona, United States",2021-10-01,Growth Capital,2026-04-22,Divestiture,4.5,False,,0,0,https://mergr.com/company/301744,2026-09-07T00:00:00Z
435,Pine Street Capital Partners,New York,292082,Dealer Solutions & Design,Automotive,"Duluth, Georgia, United States",2021-09-30,Growth Capital,2023-07-06,Divestiture,1.8,False,,0,0,https://mergr.com/company/292082,2026-09-07T00:00:00Z
435,Pine Street Capital Partners,New York,243309,First Impression Ironworks,Manufacturing,"Gilbert, Arizona, United States",2021-04-26,Secondary Buyout,,,5.3,True,,0,0,https://mergr.com/company/243309,2026-09-07T00:00:00Z
435,Pine Street Capital Partners,New York,296337,Taylor Stitch,Apparel/Textiles,"San Francisco, California, United States",2021-04-01,Growth Capital,,,5.4,True,,0,0,https://mergr.com/company/296337,2026-09-07T00:00:00Z
435,Pine Street Capital Partners,New York,282619,Full Spectrum,Software,"Westborough, Massachusetts, United States",2020-12-31,"Buyout (LBO, MBO, MBI)",,,5.7,True,,0,0,https://mergr.com/company/282619,2026-09-07T00:00:00Z
435,Pine Street Capital Partners,New York,296338,Alexis Russell,Consumer Products,"Buffalo, New York, United States",2020-11-11,Recapitalization,,,5.8,True,,0,0,https://mergr.com/company/296338,2026-09-07T00:00:00Z
435,Pine Street Capital Partners,New York,276597,Seattle Coffee Gear,Retail,"Lynnwood, Washington, United States",2020-09-18,"Buyout (LBO, MBO, MBI)",2025-03-03,Divestiture,4.4,False,,0,0,https://mergr.com/company/276597,2026-09-07T00:00:00Z
435,Pine Street Capital Partners,New York,26986,DeIorio Foods,Food,"Utica, New York, United States",2019-07-24,Secondary Buyout,2024-11-08,Trade Sale - Public Company,5.3,False,,0,0,https://mergr.com/company/26986,2026-09-07T00:00:00Z
435,Pine Street Capital Partners,New York,272910,CinchSeal,Manufacturing,"Cherry Hill, New Jersey, United States",2019-01-01,"Buyout (LBO, MBO, MBI)",,,7.7,True,,0,0,https://mergr.com/company/272910,2026-09-07T00:00:00Z
435,Pine Street Capital Partners,New York,301746,NPL,Medical Products,"Strongsville, Ohio, United States",2019-01-01,Growth Capital,,,7.7,True,,0,0,https://mergr.com/company/301746,2026-09-07T00:00:00Z
435,Pine Street Capital Partners,New York,292085,FilterWorks USA,Automotive,"Deerfield Beach, Florida, United States",2018-12-05,"Buyout (LBO, MBO, MBI)",,,7.8,True,,0,0,https://mergr.com/company/292085,2026-09-07T00:00:00Z
435,Pine Street Capital Partners,New York,272506,Boutique Brands,E-Commerce,"Huntsville, Alabama, United States",2018-07-02,"Buyout (LBO, MBO, MBI)",,,8.2,True,,0,0,https://mergr.com/company/272506,2026-09-07T00:00:00Z
435,Pine Street Capital Partners,New York,267016,Atlas Devices,Manufacturing,"Chelmsford, Massachusetts, United States",2017-09-14,Recapitalization,,,8.9,True,,0,0,https://mergr.com/company/267016,2026-09-07T00:00:00Z
435,Pine Street Capital Partners,New York,245325,Artifact Uprising,Consumer Products,"Denver, Colorado, United States",2017-08-01,"Buyout (LBO, MBO, MBI)",2022-07-07,Merger,4.9,False,,0,0,https://mergr.com/company/245325,2026-09-07T00:00:00Z
435,Pine Street Capital Partners,New York,265185,Adaptec Solutions,Machinery,"Rochester, New York, United States",2016-04-22,Recapitalization,,,10.3,True,,3,0,https://mergr.com/company/265185,2026-09-07T00:00:00Z
435,Pine Street Capital Partners,New York,229252,PowerTech Generators,Electrical Equipment,"Leesburg, Florida, United States",2016-03-16,"Buyout (LBO, MBO, MBI)",,,10.4,True,,0,0,https://mergr.com/company/229252,2026-09-07T00:00:00Z
435,Pine Street Capital Partners,New York,1220,Artful Home,E-Commerce,"Madison, Wisconsin, United States",2015-09-01,Secondary Buyout,,,11,True,,0,0,https://mergr.com/company/1220,2026-09-07T00:00:00Z
435,Pine Street Capital Partners,New York,191052,"Summit Sports, Inc.",Retail,"Bloomfield Hills, Michigan, United States",2015-06-10,"Buyout (LBO, MBO, MBI)",,,11.2,True,,1,0,https://mergr.com/company/191052,2026-09-07T00:00:00Z
435,Pine Street Capital Partners,New York,229258,SST Conveyor Components,Manufacturing,"Loveland, Ohio, United States",2014-12-22,Growth Capital,2022-01-20,Trade Sale - Public Company,7,False,,0,0,https://mergr.com/company/229258,2026-09-07T00:00:00Z
435,Pine Street Capital Partners,New York,14189,"Thermacore, Inc.",Manufacturing,"Lancaster, Pennsylvania, United States",2014-12-16,Secondary Buyout,2016-10-18,Divestiture,1.8,False,,0,0,https://mergr.com/company/14189,2026-09-07T00:00:00Z
435,Pine Street Capital Partners,New York,215170,Rite-Air,Business Services,"Bellmawr, New Jersey, United States",2014-12-09,"Buyout (LBO, MBO, MBI)",,,11.7,True,,0,0,https://mergr.com/company/215170,2026-09-07T00:00:00Z
435,Pine Street Capital Partners,New York,111957,EMT,Healthcare Services,"St. Louis, Missouri, United States",2014-08-05,Growth Capital,,,12.1,True,,0,0,https://mergr.com/company/111957,2026-09-07T00:00:00Z
435,Pine Street Capital Partners,New York,215169,"Carthage Specialty Paperboard, Inc.",Manufacturing,"Carthage, New York, United States",2014-07-01,Recapitalization,2018-10-25,Divestiture,4.3,False,,0,0,https://mergr.com/company/215169,2026-09-07T00:00:00Z
435,Pine Street Capital Partners,New York,134313,Tristan Medical Care,Healthcare Services,"Raynham, Massachusetts, United States",2014-07-01,Recapitalization,,,12.2,True,,0,0,https://mergr.com/company/134313,2026-09-07T00:00:00Z
435,Pine Street Capital Partners,New York,82533,Copeland Supply,Metals/Mining,"Fruita, Colorado, United States",2013-12-10,Growth Capital,,,12.7,True,,0,0,https://mergr.com/company/82533,2026-09-07T00:00:00Z
435,Pine Street Capital Partners,New York,80321,Mercantile,Business Services,"Williamsville, New York, United States",2012-11-07,Growth Capital,,,13.8,True,,0,0,https://mergr.com/company/80321,2026-09-07T00:00:00Z
435,Pine Street Capital Partners,New York,38865,CognitiveTPG,Technology Hardware,"Chicago, Illinois, United States",2012-09-25,"Buyout (LBO, MBO, MBI)",2020-10-01,Divestiture,8,False,,0,0,https://mergr.com/company/38865,2026-09-07T00:00:00Z
435,Pine Street Capital Partners,New York,30840,Renovation Brands,Distribution,"Florence, Alabama, United States",2012-06-19,"Buyout (LBO, MBO, MBI)",2021-11-22,Trade Sale - Public Company,9.4,False,,3,0,https://mergr.com/company/30840,2026-09-07T00:00:00Z
435,Pine Street Capital Partners,New York,30643,Claris Vision,Healthcare Services,"Warwick, Rhode Island, United States",2012-01-30,Secondary Buyout,2017-12-01,Divestiture,5.8,False,,3,0,https://mergr.com/company/30643,2026-09-07T00:00:00Z
435,Pine Street Capital Partners,New York,80329,Merrill Industries,Packaging,"Ellington, Connecticut, United States",2012-01-01,Recapitalization,2017-01-20,Merger,5,False,,0,0,https://mergr.com/company/80329,2026-09-07T00:00:00Z
435,Pine Street Capital Partners,New York,27336,TreadWright Tires,Automotive,"Houston, Texas, United States",2011-09-07,Growth Capital,,,15,True,,0,0,https://mergr.com/company/27336,2026-09-07T00:00:00Z
435,Pine Street Capital Partners,New York,32626,Jersey Precast,Building Materials,"Hamilton Township, New Jersey, United States",2011-07-26,Growth Capital,,,15.1,True,,0,0,https://mergr.com/company/32626,2026-09-07T00:00:00Z
435,Pine Street Capital Partners,New York,13268,Vision Government Solutions,Software,"Hudson, Massachusetts, United States",2008-11-01,"Buyout (LBO, MBO, MBI)",2025-05-05,Merger,16.5,False,,0,0,https://mergr.com/company/13268,2026-09-07T00:00:00Z
435,Pine Street Capital Partners,New York,24501,Fischbein,Machinery,"Statesville, North Carolina, United States",2007-05-02,Secondary Buyout,2011-05-01,Secondary Sale,3.9,False,,0,0,https://mergr.com/company/24501,2026-09-07T00:00:00Z
435,Pine Street Capital Partners,New York,22787,"NCT, Inc.",Communications,"Charlotte, North Carolina, United States",2006-12-01,Growth Capital,,,19.8,True,,0,0,https://mergr.com/company/22787,2026-09-07T00:00:00Z
435,Pine Street Capital Partners,New York,3426,Double E,Machinery,"West Bridgewater, Massachusetts, United States",2006-09-01,"Buyout (LBO, MBO, MBI)",2012-04-05,Trade Sale - Public Company,5.6,False,35,0,0,https://mergr.com/company/3426,2026-09-07T00:00:00Z
435,Pine Street Capital Partners,New York,22786,"Alfred Angelo, Inc.",Apparel/Textiles,"Delray Beach, Florida, United States",2006-08-01,Growth Capital,2008-02-01,Sold to Management,1.5,False,,0,0,https://mergr.com/company/22786,2026-09-07T00:00:00Z
435,Pine Street Capital Partners,New York,3427,AccuMED,Medical Products,"Mocksville, North Carolina, United States",2006-07-01,"Buyout (LBO, MBO, MBI)",,,20.2,True,,0,0,https://mergr.com/company/3427,2026-09-07T00:00:00Z
435,Pine Street Capital Partners,New York,17938,"Dynabil Industries, Inc.",Aerospace,"Coxsackie, New York, United States",2006-03-01,"Buyout (LBO, MBO, MBI)",2009-01-05,Divestiture,2.8,False,,0,0,https://mergr.com/company/17938,2026-09-07T00:00:00Z
435,Pine Street Capital Partners,New York,22785,"Velocity Technology Solutions, Inc.",Internet Software and Services,"Charlotte, North Carolina, United States",2005-11-01,Growth Capital,2007-03-01,Unknown,1.3,False,,0,0,https://mergr.com/company/22785,2026-09-07T00:00:00Z
435,Pine Street Capital Partners,New York,3428,Healthtrax,Consumer Services,"Glastonbury, Connecticut, United States",2005-04-01,Recapitalization,,,21.4,True,,0,1,https://mergr.com/company/3428,2026-09-07T00:00:00Z
453,Prospect Capital Management,New York,337971,QC Holdings,Financial Services,"Lenexa, Kansas, United States",2025-07-01,Going Private,,,1.2,True,,0,0,https://mergr.com/company/337971,2026-09-07T00:00:00Z
453,Prospect Capital Management,New York,169017,Imperative Logistics Group,Transportation,"Portland, Oregon, United States",2022-01-03,Secondary Buyout,,,4.7,True,,7,1,https://mergr.com/company/169017,2026-09-07T00:00:00Z
453,Prospect Capital Management,New York,254569,Kept Companies,Consumer Services,"Fairfield, New Jersey, United States",2014-06-02,Growth Capital,2018-10-02,Trade Sale - Public Company,4.3,False,,0,0,https://mergr.com/company/254569,2026-09-07T00:00:00Z
453,Prospect Capital Management,New York,206726,ARKLATEX Energy Services LLC,Energy Services and Equipment,"Shreveport, Louisiana, United States",2014-04-08,Growth Capital,,,12.3,True,,0,0,https://mergr.com/company/206726,2026-09-07T00:00:00Z
453,Prospect Capital Management,New York,75901,"PrimeSport, Inc.",Media,"Atlanta, Georgia, United States",2014-01-07,"Buyout (LBO, MBO, MBI)",2015-02-17,Trade Sale - Public Company,1.1,False,,0,0,https://mergr.com/company/75901,2026-09-07T00:00:00Z
453,Prospect Capital Management,New York,217809,CP Energy Services,Energy Services and Equipment,"Weatherford, Oklahoma, United States",2013-08-05,Secondary Buyout,,,13.1,True,,1,0,https://mergr.com/company/217809,2026-09-07T00:00:00Z
453,Prospect Capital Management,New York,219347,CP Well Testing,Energy Services and Equipment,"Elk City, Oklahoma, United States",2013-08-05,Secondary Buyout,,,13.1,True,,0,0,https://mergr.com/company/219347,2026-09-07T00:00:00Z
453,Prospect Capital Management,New York,40941,Atlantis Healthcare,Healthcare Services,"Trujillo Alto, Puerto Rico",2013-03-19,"Buyout (LBO, MBO, MBI)",,,13.4,True,,0,0,https://mergr.com/company/40941,2026-09-07T00:00:00Z
453,Prospect Capital Management,New York,35385,Credit Central,Financial Services,"Greenville, South Carolina, United States",2013-01-07,"Buyout (LBO, MBO, MBI)",,,13.7,True,,0,0,https://mergr.com/company/35385,2026-09-07T00:00:00Z
453,Prospect Capital Management,New York,35309,Valley Electric,Construction,"Everett, Washington, United States",2013-01-04,"Buyout (LBO, MBO, MBI)",2026-05-27,Divestiture,13.3,False,,0,0,https://mergr.com/company/35309,2026-09-07T00:00:00Z
453,Prospect Capital Management,New York,212938,Spartan Energy Services,Energy Services and Equipment,"Lafayette, Louisiana, United States",2012-12-28,Recapitalization,,,13.7,True,,2,0,https://mergr.com/company/212938,2026-09-07T00:00:00Z
453,Prospect Capital Management,New York,33929,CCPI,Manufacturing,"Blanchester, Ohio, United States",2012-12-17,Recapitalization,2018-02-28,Trade Sale - Public Company,5.2,False,,0,0,https://mergr.com/company/33929,2026-09-07T00:00:00Z
453,Prospect Capital Management,New York,10445,Shearer's Foods,Food,"Massillon, Ohio, United States",2012-11-02,Secondary Buyout,2023-12-13,Trade Sale - Public Company,11.1,False,,2,0,https://mergr.com/company/10445,2026-09-07T00:00:00Z
453,Prospect Capital Management,New York,35209,Evanta Inc.,Business Services,"Portland, Oregon, United States",2012-09-18,Divestiture,2016-04-04,Divestiture,3.5,False,,0,0,https://mergr.com/company/35209,2026-09-07T00:00:00Z
453,Prospect Capital Management,New York,60262,"New Star Metals, Inc.",Metals/Mining,"Burr Ridge, Illinois, United States",2012-08-09,Secondary Buyout,,,14,True,,3,0,https://mergr.com/company/60262,2026-09-07T00:00:00Z
453,Prospect Capital Management,New York,32631,Arctic Glacier,Beverages,"Winnipeg, Manitoba, Canada",2012-07-27,Special Situations/Distressed,2017-03-20,Trade Sale - Public Company,4.6,False,,0,0,https://mergr.com/company/32631,2026-09-07T00:00:00Z
453,Prospect Capital Management,New York,3567,IEC Systems,Electrical Equipment,"Houston, Texas, United States",2011-11-01,"Buyout (LBO, MBO, MBI)",,,14.8,True,,0,0,https://mergr.com/company/3567,2026-09-07T00:00:00Z
453,Prospect Capital Management,New York,3563,Advanced Rig Services,Energy Services and Equipment,"Humble, Texas, United States",2011-11-01,"Buyout (LBO, MBO, MBI)",,,14.8,True,,0,0,https://mergr.com/company/3563,2026-09-07T00:00:00Z
453,Prospect Capital Management,New York,35205,Empire Today,Consumer Services,"Northlake, Illinois, United States",2011-10-28,"Buyout (LBO, MBO, MBI)",2016-11-17,Trade Sale - Public Company,5,False,,0,0,https://mergr.com/company/35205,2026-09-07T00:00:00Z
453,Prospect Capital Management,New York,8748,Anchor Hocking,Consumer Products,"Lancaster, Ohio, United States",2011-09-30,Recapitalization,,,14.9,True,,0,0,https://mergr.com/company/8748,2026-09-07T00:00:00Z
453,Prospect Capital Management,New York,32637,Capstone Logistics,Transportation,"Peachtree Corners, Georgia, United States",2011-09-16,Consolidation,2014-09-04,Trade Sale - Public Company,2.9,False,,1,0,https://mergr.com/company/32637,2026-09-07T00:00:00Z
453,Prospect Capital Management,New York,614,Nobel Learning Communities,Education,"West Chester, Pennsylvania, United States",2011-08-10,Going Private,2015-03-30,Trade Sale - Public Company,3.6,False,,0,0,https://mergr.com/company/614,2026-09-07T00:00:00Z
453,Prospect Capital Management,New York,35213,Manx Energy,Oil/Gas Exploration,"Overland Park, Kansas, United States",2011-06-24,"Buyout (LBO, MBO, MBI)",,,15.2,True,,0,0,https://mergr.com/company/35213,2026-09-07T00:00:00Z
453,Prospect Capital Management,New York,35277,Small Tube Products,Manufacturing,"Duncansville, Pennsylvania, United States",2011-06-17,Secondary Buyout,2018-11-16,Divestiture,7.3,False,,0,0,https://mergr.com/company/35277,2026-09-07T00:00:00Z
453,Prospect Capital Management,New York,35269,Springs Window Fashions,Consumer Products,"Middleton, Wisconsin, United States",2011-05-31,"Buyout (LBO, MBO, MBI)",2013-04-22,Trade Sale - Public Company,1.8,False,,0,0,https://mergr.com/company/35269,2026-09-07T00:00:00Z
453,Prospect Capital Management,New York,30805,Byrider,Franchising,"Carmel, Indiana, United States",2011-05-03,"Buyout (LBO, MBO, MBI)",,,15.3,True,,0,0,https://mergr.com/company/30805,2026-09-07T00:00:00Z
453,Prospect Capital Management,New York,24501,Fischbein,Machinery,"Statesville, North Carolina, United States",2011-05-02,Secondary Buyout,2013-05-13,Trade Sale - Public Company,2,False,,0,0,https://mergr.com/company/24501,2026-09-07T00:00:00Z
453,Prospect Capital Management,New York,11524,Consolidated Aviation Services,Transportation,"Jamaica, New York, United States",2011-03-31,Secondary Buyout,2016-01-11,Divestiture,4.8,False,,1,0,https://mergr.com/company/11524,2026-09-07T00:00:00Z
453,Prospect Capital Management,New York,20358,Safe-Guard,Automotive,"Atlanta, Georgia, United States",2011-03-21,Recapitalization,2012-12-21,Trade Sale - Public Company,1.8,False,,0,0,https://mergr.com/company/20358,2026-09-07T00:00:00Z
453,Prospect Capital Management,New York,28970,ScriptSave,Healthcare Services,"Tucson, Arizona, United States",2011-02-10,"Buyout (LBO, MBO, MBI)",2013-09-01,Divestiture,2.5,False,,0,0,https://mergr.com/company/28970,2026-09-07T00:00:00Z
453,Prospect Capital Management,New York,30055,Stauber Performance Ingredients,Distribution,"Fullerton, California, United States",2011-01-25,Secondary Buyout,2016-01-04,Divestiture,4.9,False,,1,0,https://mergr.com/company/30055,2026-09-07T00:00:00Z
453,Prospect Capital Management,New York,4545,Jordan Health Services,Healthcare Services,"Addison, Texas, United States",2010-12-27,Secondary Buyout,2018-04-10,Spin Off,7.3,False,,15,0,https://mergr.com/company/4545,2026-09-07T00:00:00Z
453,Prospect Capital Management,New York,13820,Royal Adhesives & Sealants LLC,Chemicals,"South Bend, Indiana, United States",2010-11-30,Secondary Buyout,2015-06-19,Trade Sale - Public Company,4.5,False,,6,0,https://mergr.com/company/13820,2026-09-07T00:00:00Z
453,Prospect Capital Management,New York,32006,Flagstone Foods,Food,"Minneapolis, Minnesota, United States",2010-11-15,Consolidation,2014-06-30,Divestiture,3.6,False,,2,0,https://mergr.com/company/32006,2026-09-07T00:00:00Z
453,Prospect Capital Management,New York,24512,Sage Dental Management,Healthcare Services,"Boca Raton, Florida, United States",2010-08-03,"Buyout (LBO, MBO, MBI)",2012-10-08,Trade Sale - Public Company,2.2,False,,0,0,https://mergr.com/company/24512,2026-09-07T00:00:00Z
453,Prospect Capital Management,New York,24488,Airmall,Business Services,"Boston, Massachusetts, United States",2010-08-02,"Buyout (LBO, MBO, MBI)",2014-08-04,Divestiture,4,False,,0,0,https://mergr.com/company/24488,2026-09-07T00:00:00Z
453,Prospect Capital Management,New York,24521,SonicWALL,Information Technology,"Milpitas, California, United States",2010-07-23,Going Private,2012-03-13,Divestiture,1.6,False,,0,0,https://mergr.com/company/24521,2026-09-07T00:00:00Z
453,Prospect Capital Management,New York,24500,EXL Acquisition,Test/Measurement Equipment,"North Grafton, Massachusetts, United States",2010-06-25,"Buyout (LBO, MBO, MBI)",,,16.2,True,,0,0,https://mergr.com/company/24500,2026-09-07T00:00:00Z
453,Prospect Capital Management,New York,25351,Skillsoft,Internet Software and Services,"Nashua, New Hampshire, United States",2010-05-26,Going Private,2014-04-28,Trade Sale - Public Company,3.9,False,531,1,0,https://mergr.com/company/25351,2026-09-07T00:00:00Z
453,Prospect Capital Management,New York,24517,"Staff Management Solutions, LLC",Staffing,"Chicago, Illinois, United States",2010-04-12,"Buyout (LBO, MBO, MBI)",2014-06-02,Divestiture,4.1,False,,0,0,https://mergr.com/company/24517,2026-09-07T00:00:00Z
453,Prospect Capital Management,New York,24524,UniTek Global Services,Construction,"Jackson, Mississippi, United States",2010-01-27,"Buyout (LBO, MBO, MBI)",2013-11-26,Trade Sale - Public Company,3.8,False,,0,0,https://mergr.com/company/24524,2026-09-07T00:00:00Z
453,Prospect Capital Management,New York,26822,Progrexion,Information Services,"Salt Lake City, Utah, United States",2010-01-01,"Buyout (LBO, MBO, MBI)",2023-06-04,Bankruptcy,13.4,False,,0,0,https://mergr.com/company/26822,2026-09-07T00:00:00Z
453,Prospect Capital Management,New York,26457,Cineverse,Media,"New York, New York, United States",2009-08-11,Stake Purchase,,,17,True,78,7,0,https://mergr.com/company/26457,2026-09-07T00:00:00Z
453,Prospect Capital Management,New York,12596,Biotronic NeuroNetwork LLC,Healthcare Services,"Ann Arbor, Michigan, United States",2008-08-21,"Buyout (LBO, MBO, MBI)",2016-06-06,Divestiture,7.8,False,,5,0,https://mergr.com/company/12596,2026-09-07T00:00:00Z
453,Prospect Capital Management,New York,3236,"Castro Cheese Co, Inc.",Food,"Houston, Texas, United States",2008-08-04,Stake Purchase,2010-11-05,Divestiture,2.3,False,,0,0,https://mergr.com/company/3236,2026-09-07T00:00:00Z
453,Prospect Capital Management,New York,4905,Hudson Products Corp.,Machinery,"Beasley, Texas, United States",2008-07-24,Secondary Buyout,2017-09-21,Divestiture,9.1,False,,0,0,https://mergr.com/company/4905,2026-09-07T00:00:00Z
453,Prospect Capital Management,New York,11651,"The TriZetto Group, Inc.",Software,"Denver, Colorado, United States",2008-04-11,Going Private,2014-09-15,Divestiture,6.4,False,,1,0,https://mergr.com/company/11651,2026-09-07T00:00:00Z
453,Prospect Capital Management,New York,177797,"PMFG, Inc.",Machinery,"Dallas, Texas, United States",2008-04-07,Stake Purchase,,,18.4,True,,2,1,https://mergr.com/company/177797,2026-09-07T00:00:00Z
453,Prospect Capital Management,New York,24489,Ajax Rolled Ring & Machine,Machinery,"York, South Carolina, United States",2008-04-03,Secondary Buyout,2014-10-14,Divestiture,6.5,False,,0,0,https://mergr.com/company/24489,2026-09-07T00:00:00Z
453,Prospect Capital Management,New York,24490,American Gilsonite Co.,Chemicals,"Bonanza, Utah, United States",2008-03-17,"Buyout (LBO, MBO, MBI)",,,18.4,True,,0,0,https://mergr.com/company/24490,2026-09-07T00:00:00Z
453,Prospect Capital Management,New York,14914,Preferred Homecare,Healthcare Services,"Phoenix, Arizona, United States",2007-11-01,Secondary Buyout,,,18.8,True,,1,0,https://mergr.com/company/14914,2026-09-07T00:00:00Z
453,Prospect Capital Management,New York,3573,Resco Products,Manufacturing,"Pittsburgh, Pennsylvania, United States",2007-10-10,"Buyout (LBO, MBO, MBI)",2011-09-07,Trade Sale - Public Company,3.8,False,,0,0,https://mergr.com/company/3573,2026-09-07T00:00:00Z
453,Prospect Capital Management,New York,13413,Hoffmaster Group,Consumer Products,"Oshkosh, Wisconsin, United States",2007-10-01,"Buyout (LBO, MBO, MBI)",2011-12-01,Trade Sale - Public Company,4.2,False,,2,0,https://mergr.com/company/13413,2026-09-07T00:00:00Z
453,Prospect Capital Management,New York,12770,"Deb Shops, Inc.",Retail,"Philadelphia, Pennsylvania, United States",2007-10-01,Going Private,2011-06-27,Bankruptcy,3.7,False,,0,0,https://mergr.com/company/12770,2026-09-07T00:00:00Z
453,Prospect Capital Management,New York,23840,Qualitest Pharmaceuticals Co.,Life Science,"Huntsville, Alabama, United States",2007-09-17,"Buyout (LBO, MBO, MBI)",2010-12-01,Divestiture,3.2,False,,0,0,https://mergr.com/company/23840,2026-09-07T00:00:00Z
453,Prospect Capital Management,New York,3565,Diamondback Operating LP,Oil/Gas Exploration,"Tulsa, Oklahoma, United States",2007-08-29,Recapitalization,,,19,True,,0,0,https://mergr.com/company/3565,2026-09-07T00:00:00Z
453,Prospect Capital Management,New York,3581,Cougar Pressure Control,Energy Services and Equipment,"Tyler, Texas, United States",2007-08-17,"Buyout (LBO, MBO, MBI)",,,19,True,,0,0,https://mergr.com/company/3581,2026-09-07T00:00:00Z
453,Prospect Capital Management,New York,3564,Koil Energy,Energy Services and Equipment,"Houston, Texas, United States",2007-08-09,Stake Purchase,,,19,True,24,2,0,https://mergr.com/company/3564,2026-09-07T00:00:00Z
453,Prospect Capital Management,New York,3575,Wind River,Oil/Gas Exploration,"Salt Lake City, Utah, United States",2007-08-01,"Buyout (LBO, MBO, MBI)",,,19.1,True,,0,0,https://mergr.com/company/3575,2026-09-07T00:00:00Z
453,Prospect Capital Management,New York,3566,H&M Oil & Gas LLC,Oil/Gas Exploration,"Longview, Texas, United States",2007-07-29,"Buyout (LBO, MBO, MBI)",2012-04-30,Bankruptcy,4.8,False,,0,0,https://mergr.com/company/3566,2026-09-07T00:00:00Z
453,Prospect Capital Management,New York,3571,R-V Industries,Metals/Mining,"Honey Brook, Pennsylvania, United States",2007-06-29,"Buyout (LBO, MBO, MBI)",,,19.2,True,,1,0,https://mergr.com/company/3571,2026-09-07T00:00:00Z
453,Prospect Capital Management,New York,500,VanDeMark,Chemicals,"Lockport, New York, United States",2007-06-17,Divestiture,2012-12-11,Trade Sale - Public Company,5.4,False,,0,0,https://mergr.com/company/500,2026-09-07T00:00:00Z
453,Prospect Capital Management,New York,16076,"The Healing Staff, Inc.",Staffing,"San Antonio, Texas, United States",2007-04-12,Acquisition Financing,2009-01-01,Trade Sale,1.7,False,,0,0,https://mergr.com/company/16076,2026-09-07T00:00:00Z
453,Prospect Capital Management,New York,3242,Regional Management,Financial Services,"Greer, South Carolina, United States",2007-03-01,Recapitalization,2012-03-28,IPO,5,False,561,0,0,https://mergr.com/company/3242,2026-09-07T00:00:00Z
453,Prospect Capital Management,New York,15714,ROM,Manufacturing,"Belton, Missouri, United States",2007-02-23,Secondary Buyout,2013-10-01,Divestiture,6.6,False,,2,0,https://mergr.com/company/15714,2026-09-07T00:00:00Z
453,Prospect Capital Management,New York,3591,Cypress,Energy Services and Equipment,"Seattle, Massachusetts, United States",2007-02-12,"Buyout (LBO, MBO, MBI)",,,19.5,True,,0,0,https://mergr.com/company/3591,2026-09-07T00:00:00Z
453,Prospect Capital Management,New York,16646,Totes Isotoner Corp.,Apparel/Textiles,"Cincinnati, Ohio, United States",2007-01-31,Recapitalization,2014-04-02,Trade Sale - Public Company,7.2,False,,5,0,https://mergr.com/company/16646,2026-09-07T00:00:00Z
453,Prospect Capital Management,New York,24514,Vibrantz,Chemicals,"Houston, Texas, United States",2007-01-09,Recapitalization,2018-03-29,Trade Sale - Public Company,11.2,False,,6,0,https://mergr.com/company/24514,2026-09-07T00:00:00Z
453,Prospect Capital Management,New York,3592,TLOGH LP,Metals/Mining,"Dallas, Texas, United States",2006-11-01,"Buyout (LBO, MBO, MBI)",,,19.8,True,,0,0,https://mergr.com/company/3592,2026-09-07T00:00:00Z
453,Prospect Capital Management,New York,3590,"NRG Manufacturing, Inc.",Metals/Mining,"Tomball, Texas, United States",2006-09-05,"Buyout (LBO, MBO, MBI)",,,20,True,,0,0,https://mergr.com/company/3590,2026-09-07T00:00:00Z
453,Prospect Capital Management,New York,13471,Smart LLC (dba Smart Tuition),Software,"New York, New York, United States",2006-09-01,"Buyout (LBO, MBO, MBI)",,,20,True,,0,0,https://mergr.com/company/13471,2026-09-07T00:00:00Z
453,Prospect Capital Management,New York,24486,"Adapco, Inc.",Consumer Products,"Sanford, Florida, United States",2006-07-26,Secondary Buyout,,,20.1,True,,0,0,https://mergr.com/company/24486,2026-09-07T00:00:00Z
453,Prospect Capital Management,New York,3584,Appalachian Energy,Energy Services and Equipment,"Charleston, West Virginia, United States",2006-06-30,"Buyout (LBO, MBO, MBI)",,,20.2,True,,0,0,https://mergr.com/company/3584,2026-09-07T00:00:00Z
453,Prospect Capital Management,New York,15978,Targus,Consumer Products,"Anaheim, California, United States",2006-05-16,Secondary Buyout,2022-10-19,Divestiture,16.4,False,,1,0,https://mergr.com/company/15978,2026-09-07T00:00:00Z
453,Prospect Capital Management,New York,3588,Conquest Cherokee,Oil/Gas Exploration,"Nashville, Tennessee, United States",2006-05-09,"Buyout (LBO, MBO, MBI)",,,20.3,True,,0,0,https://mergr.com/company/3588,2026-09-07T00:00:00Z
453,Prospect Capital Management,New York,3586,Iron Horse,Energy Services and Equipment,"Redcliff, Alberta, Canada",2006-04-24,"Buyout (LBO, MBO, MBI)",,,20.3,True,,0,0,https://mergr.com/company/3586,2026-09-07T00:00:00Z
453,Prospect Capital Management,New York,3585,CET,Energy Services and Equipment,"Charlevoix, Michigan, United States",2006-04-20,"Buyout (LBO, MBO, MBI)",,,20.3,True,,0,0,https://mergr.com/company/3585,2026-09-07T00:00:00Z
453,Prospect Capital Management,New York,14666,Impact Products,Consumer Products,"Toledo, Ohio, United States",2006-03-21,Secondary Buyout,2010-09-15,Trade Sale - Public Company,4.4,False,,0,0,https://mergr.com/company/14666,2026-09-07T00:00:00Z
453,Prospect Capital Management,New York,24495,Glo Skin Beauty,Consumer Products,"Denver, Colorado, United States",2006-01-01,"Buyout (LBO, MBO, MBI)",2013-04-02,Trade Sale - Public Company,7.3,False,,0,0,https://mergr.com/company/24495,2026-09-07T00:00:00Z
453,Prospect Capital Management,New York,9124,"Arrowhead General Insurance Agency, Inc.",Insurance,"San Diego, California, United States",2006-01-01,"Buyout (LBO, MBO, MBI)",2012-01-09,Divestiture,6,False,,2,1,https://mergr.com/company/9124,2026-09-07T00:00:00Z
453,Prospect Capital Management,New York,3245,Taco Bueno,Restaurants,"Farmers Branch, Texas, United States",2005-06-27,Secondary Buyout,2015-12-04,Trade Sale - Public Company,10.4,False,,0,0,https://mergr.com/company/3245,2026-09-07T00:00:00Z
453,Prospect Capital Management,New York,24493,"Borga, Inc.",Building Materials,"Fowler, California, United States",2005-06-01,"Buyout (LBO, MBO, MBI)",,,21.3,True,,0,0,https://mergr.com/company/24493,2026-09-07T00:00:00Z
453,Prospect Capital Management,New York,3579,Stryker Energy,Oil/Gas Exploration,"Cleveland, Ohio, United States",2005-04-11,"Buyout (LBO, MBO, MBI)",,,21.3,True,,0,0,https://mergr.com/company/3579,2026-09-07T00:00:00Z
453,Prospect Capital Management,New York,3576,"Energy Solutions Holdings, Inc.",Energy Services and Equipment,"Longview, Texas, United States",2004-09-01,"Buyout (LBO, MBO, MBI)",,,22,True,,0,0,https://mergr.com/company/3576,2026-09-07T00:00:00Z
453,Prospect Capital Management,New York,22763,Nupla Corp.,Manufacturing,"Sun Valley, California, United States",2002-12-01,"Buyout (LBO, MBO, MBI)",2007-09-14,Secondary Sale,4.8,False,,0,0,https://mergr.com/company/22763,2026-09-07T00:00:00Z
453,Prospect Capital Management,New York,4753,Focus Products Group,Consumer Products,"Vernon Hills, Illinois, United States",2001-08-01,"Buyout (LBO, MBO, MBI)",,,25.1,True,,5,4,https://mergr.com/company/4753,2026-09-07T00:00:00Z
573,Argentum Capital Partners,New York,344945,Overwatch,Information Technology,"Austin, Texas, United States",2025-11-18,Growth Capital,,,0.8,True,,0,0,https://mergr.com/company/344945,2026-09-07T00:00:00Z
573,Argentum Capital Partners,New York,302385,CloudCover,Internet Software and Services,"Irvine, California, United States",2025-07-15,Growth Capital,,,1.1,True,,0,0,https://mergr.com/company/302385,2026-09-07T00:00:00Z
573,Argentum Capital Partners,New York,334261,JessCo,Energy Services and Equipment,"Midland, Texas, United States",2025-02-25,Growth Capital,,,1.5,True,,0,0,https://mergr.com/company/334261,2026-09-07T00:00:00Z
573,Argentum Capital Partners,New York,330712,Alarm Masters,Safety/Security,"Spring, Texas, United States",2024-11-12,Growth Capital,,,1.8,True,,2,0,https://mergr.com/company/330712,2026-09-07T00:00:00Z
573,Argentum Capital Partners,New York,328689,L2 Aviation,Aerospace,"Dripping Springs, Texas, United States",2024-09-10,Growth Capital,,,1.9,True,,1,0,https://mergr.com/company/328689,2026-09-07T00:00:00Z
573,Argentum Capital Partners,New York,318230,WarrCloud,Business Services,"St. Louis, Missouri, United States",2023-03-21,Growth Capital,,,3.4,True,,0,0,https://mergr.com/company/318230,2026-09-07T00:00:00Z
573,Argentum Capital Partners,New York,296359,Insellerate,Internet Software and Services,"Newport Beach, California, United States",2022-02-15,Growth Capital,,,4.5,True,,0,0,https://mergr.com/company/296359,2026-09-07T00:00:00Z
573,Argentum Capital Partners,New York,291309,Lender Price,Software,"Pasadena, California, United States",2021-10-12,Growth Capital,,,4.8,True,,0,0,https://mergr.com/company/291309,2026-09-07T00:00:00Z
573,Argentum Capital Partners,New York,284664,UFA,Software,"Burlington, Massachusetts, United States",2021-04-29,Growth Capital,,,5.3,True,,0,0,https://mergr.com/company/284664,2026-09-07T00:00:00Z
573,Argentum Capital Partners,New York,284304,SmartCommerce,Software,"Atlanta, Georgia, United States",2021-04-20,Growth Capital,,,5.3,True,,2,0,https://mergr.com/company/284304,2026-09-07T00:00:00Z
573,Argentum Capital Partners,New York,282069,Impact Analytics,Information Technology,"Linthicum, Maryland, United States",2021-02-23,Growth Capital,,,5.5,True,,0,0,https://mergr.com/company/282069,2026-09-07T00:00:00Z
573,Argentum Capital Partners,New York,309047,MessageGears,Internet Software and Services,"Atlanta, Georgia, United States",2020-06-09,Growth Capital,,,6.2,True,,1,0,https://mergr.com/company/309047,2026-09-07T00:00:00Z
573,Argentum Capital Partners,New York,26910,Cegal,Internet Software and Services,"Sandnes, Norway",2019-11-27,Secondary Buyout,,,6.8,True,66,1,0,https://mergr.com/company/26910,2026-09-07T00:00:00Z
573,Argentum Capital Partners,New York,272069,EmpowerMX,Internet Software and Services,"Frisco, Texas, United States",2018-11-30,Growth Capital,2024-07-10,Divestiture,5.6,False,,0,0,https://mergr.com/company/272069,2026-09-07T00:00:00Z
573,Argentum Capital Partners,New York,272048,AdhereTech,Information Technology,"Summit, New Jersey, United States",2018-11-08,Growth Capital,,,7.8,True,,0,0,https://mergr.com/company/272048,2026-09-07T00:00:00Z
573,Argentum Capital Partners,New York,89761,Launch,Staffing,"Oak Brook, Illinois, United States",2018-03-12,Growth Capital,2025-02-11,Trade Sale - Public Company,6.8,False,,1,0,https://mergr.com/company/89761,2026-09-07T00:00:00Z
573,Argentum Capital Partners,New York,22588,Resonate,Internet Software and Services,"Reston, Virginia, United States",2017-11-14,Growth Capital,2022-07-27,Trade Sale - Public Company,4.7,False,,0,0,https://mergr.com/company/22588,2026-09-07T00:00:00Z
573,Argentum Capital Partners,New York,250660,Flightdocs,Internet Software and Services,"Bonita Springs, Florida, United States",2017-11-07,Growth Capital,2020-06-18,Divestiture,2.6,False,,0,0,https://mergr.com/company/250660,2026-09-07T00:00:00Z
573,Argentum Capital Partners,New York,250662,Orion Labs,Information Technology,"San Francisco, California, United States",2017-09-06,Growth Capital,2023-12-11,Divestiture,6.3,False,,0,0,https://mergr.com/company/250662,2026-09-07T00:00:00Z
573,Argentum Capital Partners,New York,272070,NuORDER,Internet Software and Services,"Los Angeles, California, United States",2017-08-15,Venture,2021-06-07,Divestiture,3.8,False,,0,0,https://mergr.com/company/272070,2026-09-07T00:00:00Z
573,Argentum Capital Partners,New York,208868,Aventri,Internet Software and Services,"Norwalk, Connecticut, United States",2017-05-09,Secondary Buyout,2017-05-09,Trade Sale - Public Company,0,False,,0,0,https://mergr.com/company/208868,2026-09-07T00:00:00Z
573,Argentum Capital Partners,New York,231448,Ytel,Software,"Lake Forest, California, United States",2016-11-29,Growth Capital,2025-12-04,Divestiture,9,False,,0,0,https://mergr.com/company/231448,2026-09-07T00:00:00Z
573,Argentum Capital Partners,New York,4292,StructuredWeb,Internet Software and Services,"New York, New York, United States",2016-03-15,Venture,2025-01-22,Trade Sale - Public Company,8.8,False,,0,0,https://mergr.com/company/4292,2026-09-07T00:00:00Z
573,Argentum Capital Partners,New York,211887,Hanweck Associates LLC,Information Technology,"New York, New York, United States",2015-11-17,Growth Capital,2020-02-04,Divestiture,4.2,False,,0,0,https://mergr.com/company/211887,2026-09-07T00:00:00Z
573,Argentum Capital Partners,New York,212785,Centercode,Software,"Laguna Hills, California, United States",2015-11-04,Growth Capital,,,10.8,True,,0,0,https://mergr.com/company/212785,2026-09-07T00:00:00Z
573,Argentum Capital Partners,New York,211889,Yello,Internet Software and Services,"Chicago, Illinois, United States",2015-11-04,Venture,,,10.8,True,,1,0,https://mergr.com/company/211889,2026-09-07T00:00:00Z
573,Argentum Capital Partners,New York,205906,"BuyerQuest, Inc.",Software,"Cleveland, Ohio, United States",2015-10-05,Venture,2021-02-18,Divestiture,5.3,False,,0,0,https://mergr.com/company/205906,2026-09-07T00:00:00Z
573,Argentum Capital Partners,New York,4283,Conner Industries,Forest Products,"Fort Worth, Texas, United States",2014-12-02,Recapitalization,,,11.8,True,,6,0,https://mergr.com/company/4283,2026-09-07T00:00:00Z
573,Argentum Capital Partners,New York,268609,Fleetworthy Solutions,Business Services,"Madison, Wisconsin, United States",2014-03-17,Growth Capital,2023-11-28,Divestiture,9.7,False,,3,0,https://mergr.com/company/268609,2026-09-07T00:00:00Z
573,Argentum Capital Partners,New York,75877,Mediant,Financial Services,"New York, New York, United States",2014-01-06,Growth Capital,2023-03-01,Divestiture,9.1,False,,0,0,https://mergr.com/company/75877,2026-09-07T00:00:00Z
573,Argentum Capital Partners,New York,33345,"Chrome River Technologies, Inc.",Internet Software and Services,"Los Angeles, California, United States",2012-05-11,Growth Capital,2019-03-05,Spin Off,6.8,False,,0,0,https://mergr.com/company/33345,2026-09-07T00:00:00Z
573,Argentum Capital Partners,New York,208868,Aventri,Internet Software and Services,"Norwalk, Connecticut, United States",2010-06-03,Venture,2017-05-09,Trade Sale - Public Company,6.9,False,,3,0,https://mergr.com/company/208868,2026-09-07T00:00:00Z
573,Argentum Capital Partners,New York,25150,"Beacon Energy Holdings, Inc.",Renewable Energy,"Cranford, New Jersey, United States",2009-04-16,"Buyout (LBO, MBO, MBI)",2011-02-07,Divestiture,1.8,False,,0,0,https://mergr.com/company/25150,2026-09-07T00:00:00Z
573,Argentum Capital Partners,New York,12442,QPS,Life Science,"Newark, Delaware, United States",2008-03-03,"Buyout (LBO, MBO, MBI)",,,18.5,True,,6,2,https://mergr.com/company/12442,2026-09-07T00:00:00Z
573,Argentum Capital Partners,New York,16136,"ReSearch Pharmaceutical Services, Inc.",Life Science,"Fort Washington, Pennsylvania, United States",2008-02-12,"Buyout (LBO, MBO, MBI)",2010-12-28,Trade Sale - Public Company,2.8,False,,0,0,https://mergr.com/company/16136,2026-09-07T00:00:00Z
573,Argentum Capital Partners,New York,1525,Community Education Centers,Healthcare Services,"West Caldwell, New Jersey, United States",2007-06-13,Growth Capital,2017-02-22,Divestiture,9.7,False,,0,0,https://mergr.com/company/1525,2026-09-07T00:00:00Z
573,Argentum Capital Partners,New York,1538,Wimba,Software,"New York City, New York, United States",2006-11-30,Venture,2010-07-07,Divestiture,3.6,False,,0,0,https://mergr.com/company/1538,2026-09-07T00:00:00Z
573,Argentum Capital Partners,New York,24899,Reson A/S,Electronics,"Slangerup, Denmark",2006-06-01,"Buyout (LBO, MBO, MBI)",2013-01-29,Divestiture,6.6,False,37,0,0,https://mergr.com/company/24899,2026-09-07T00:00:00Z
573,Argentum Capital Partners,New York,4281,AFS Technologies,Software,"Phoenix, Arizona, United States",2006-04-03,Consolidation,2011-09-01,Trade Sale - Public Company,5.3,False,,6,0,https://mergr.com/company/4281,2026-09-07T00:00:00Z
573,Argentum Capital Partners,New York,84873,MarginPoint,Software,"Laguna Hills, California, United States",2006-01-31,Venture,,,20.6,True,,0,0,https://mergr.com/company/84873,2026-09-07T00:00:00Z
573,Argentum Capital Partners,New York,12441,"Nexiant, Inc.",Business Services,"Irvine, California, United States",2006-01-31,Venture,,,20.6,True,,0,0,https://mergr.com/company/12441,2026-09-07T00:00:00Z
573,Argentum Capital Partners,New York,17221,"Applied Data Systems, Inc.",Information Technology,"Columbia, Maryland, United States",2005-06-30,"Buyout (LBO, MBO, MBI)",2007-01-09,Divestiture,1.5,False,,0,0,https://mergr.com/company/17221,2026-09-07T00:00:00Z
573,Argentum Capital Partners,New York,1495,Trustwave,Software,"Chicago, Illinois, United States",2004-05-19,"Buyout (LBO, MBO, MBI)",2011-04-21,IPO,6.9,False,,5,0,https://mergr.com/company/1495,2026-09-07T00:00:00Z
573,Argentum Capital Partners,New York,1532,ExpertPlan,Financial Services,"East Windsor, New Jersey, United States",2001-09-01,Venture,2013-01-16,Divestiture,11.3,False,,1,0,https://mergr.com/company/1532,2026-09-07T00:00:00Z
573,Argentum Capital Partners,New York,7572,Micro Focus,Software,"Newbury, United Kingdom",2001-08-14,"Buyout (LBO, MBO, MBI)",2005-05-01,IPO,3.7,False,2900,0,0,https://mergr.com/company/7572,2026-09-07T00:00:00Z
573,Argentum Capital Partners,New York,17234,"Paciolan, Inc.",Software,"Irvine, California, United States",2000-08-01,Growth Capital,2008-01-10,Divestiture,7.4,False,,0,0,https://mergr.com/company/17234,2026-09-07T00:00:00Z
573,Argentum Capital Partners,New York,1548,NuCO2,Chemicals,"Stuart, Florida, United States",2000-01-01,"Buyout (LBO, MBO, MBI)",2008-05-29,Trade Sale - Public Company,8.3,False,250,0,0,https://mergr.com/company/1548,2026-09-07T00:00:00Z
573,Argentum Capital Partners,New York,17241,White Cap,Distribution,"Doraville, Georgia, United States",1999-07-24,"Buyout (LBO, MBO, MBI)",2004-05-01,Divestiture,4.8,False,,0,0,https://mergr.com/company/17241,2026-09-07T00:00:00Z
573,Argentum Capital Partners,New York,16152,"Global Employment Solutions, Inc.",Staffing,"Littleton, Colorado, United States",1998-03-13,"Buyout (LBO, MBO, MBI)",2006-03-31,IPO,8,False,,0,0,https://mergr.com/company/16152,2026-09-07T00:00:00Z
1183,Catalyst Investors,New York,310109,CoachCare,Internet Software and Services,"New York City, New York, United States",2024-12-11,Growth Capital,,,1.7,True,,2,0,https://mergr.com/company/310109,2026-09-07T00:00:00Z
1183,Catalyst Investors,New York,280221,Pax8,Internet Software and Services,"Greenwood Village, Colorado, United States",2021-01-06,Venture,,,5.7,True,,5,0,https://mergr.com/company/280221,2026-09-07T00:00:00Z
1183,Catalyst Investors,New York,257700,ChowNow,Internet Software and Services,"Culver City, California, United States",2017-10-24,Venture,,,8.8,True,,1,0,https://mergr.com/company/257700,2026-09-07T00:00:00Z
1183,Catalyst Investors,New York,290591,Envoy Global,Software,"Chicago, Illinois, United States",2017-10-03,Venture,,,8.9,True,,2,0,https://mergr.com/company/290591,2026-09-07T00:00:00Z
1183,Catalyst Investors,New York,220999,Fusion Risk Management,Internet Software and Services,"Chicago, Illinois, United States",2017-06-13,Venture,,,9.2,True,,0,0,https://mergr.com/company/220999,2026-09-07T00:00:00Z
1183,Catalyst Investors,New York,227061,BrightFarms,Food,"Irvington, New York, United States",2016-09-21,Venture,2021-08-17,Divestiture,4.8,False,,0,0,https://mergr.com/company/227061,2026-09-07T00:00:00Z
1183,Catalyst Investors,New York,213827,Decisyon,Software,"San Francisco, California, United States",2014-04-10,Venture,,,12.3,True,,0,0,https://mergr.com/company/213827,2026-09-07T00:00:00Z
1183,Catalyst Investors,New York,119977,Clinicient,Internet Software and Services,"Portland, Oregon, United States",2014-03-04,Venture,2022-01-18,Divestiture,7.8,False,,2,0,https://mergr.com/company/119977,2026-09-07T00:00:00Z
1183,Catalyst Investors,New York,12821,"Videology, Inc.",Internet Software and Services,"Baltimore, Maryland, United States",2013-05-28,Venture,2018-05-10,Bankruptcy,4.9,False,,0,0,https://mergr.com/company/12821,2026-09-07T00:00:00Z
1183,Catalyst Investors,New York,53470,Reptrak,Information Services,"Boston, Massachusetts, United States",2013-05-23,Growth Capital,2024-11-19,Trade Sale - Public Company,11.4,False,,2,0,https://mergr.com/company/53470,2026-09-07T00:00:00Z
1183,Catalyst Investors,New York,59266,Presence,Internet Software and Services,"New York, New York, United States",2013-04-25,Venture,,,13.3,True,,3,0,https://mergr.com/company/59266,2026-09-07T00:00:00Z
1183,Catalyst Investors,New York,59094,Ascentis,Internet Software and Services,"Eden Prairie, Minnesota, United States",2012-12-01,Venture,2017-03-21,Trade Sale - Public Company,4.3,False,,1,0,https://mergr.com/company/59094,2026-09-07T00:00:00Z
1183,Catalyst Investors,New York,30813,WeddingWire,Internet Software and Services,"Bethesda, Maryland, United States",2012-09-25,Growth Capital,2018-09-25,Spin Off,6,False,,3,0,https://mergr.com/company/30813,2026-09-07T00:00:00Z
1183,Catalyst Investors,New York,35265,Datavail,Information Technology,"Boulder, Colorado, United States",2012-09-06,Growth Capital,2024-01-16,Trade Sale - Public Company,11.3,False,,5,1,https://mergr.com/company/35265,2026-09-07T00:00:00Z
1183,Catalyst Investors,New York,178327,Conductor,Internet Software and Services,"New York City, New York, United States",2012-02-12,Venture,2018-03-06,Divestiture,6,False,,0,0,https://mergr.com/company/178327,2026-09-07T00:00:00Z
1183,Catalyst Investors,New York,30812,MediaMath,Digital Media,"New York, New York, United States",2011-07-22,"Buyout (LBO, MBO, MBI)",2023-06-30,Bankruptcy,11.9,False,,6,0,https://mergr.com/company/30812,2026-09-07T00:00:00Z
1183,Catalyst Investors,New York,27693,Jobvite,Software,"Indianapolis, Indiana, United States",2011-05-17,Venture,2019-02-11,Divestiture,7.7,False,,3,0,https://mergr.com/company/27693,2026-09-07T00:00:00Z
1183,Catalyst Investors,New York,32729,Xplornet,Communications,"Woodstock, New Brunswick, Canada",2010-12-22,"Buyout (LBO, MBO, MBI)",2020-02-27,Trade Sale - Public Company,9.2,False,,1,0,https://mergr.com/company/32729,2026-09-07T00:00:00Z
1183,Catalyst Investors,New York,17033,BLI Messaging,Business Services,"Cranston, Rhode Island, United States",2009-10-07,Growth Capital,,,16.9,True,,0,0,https://mergr.com/company/17033,2026-09-07T00:00:00Z
1183,Catalyst Investors,New York,17034,Chancellor University,Education,"Clevland, Ohio, United States",2009-04-28,"Buyout (LBO, MBO, MBI)",,,17.3,True,,0,0,https://mergr.com/company/17034,2026-09-07T00:00:00Z
1183,Catalyst Investors,New York,17038,MindBody,Software,"San Luis Obispo, California, United States",2009-04-09,Growth Capital,2015-06-18,IPO,6.2,False,101,3,0,https://mergr.com/company/17038,2026-09-07T00:00:00Z
1183,Catalyst Investors,New York,32727,"Alert Solutions, Inc.",Internet Software and Services,"Cranston, Rhode Island, United States",2009-01-01,"Buyout (LBO, MBO, MBI)",,,17.7,True,,0,0,https://mergr.com/company/32727,2026-09-07T00:00:00Z
1183,Catalyst Investors,New York,25075,InSite Wireless Group LLC,Communications,"Alexandria, Virginia, United States",2008-05-14,Growth Capital,2020-11-05,Divestiture,12.4,False,,3,0,https://mergr.com/company/25075,2026-09-07T00:00:00Z
1183,Catalyst Investors,New York,13037,Latisys Corp.,Information Technology,"Englewood, Colorado, United States",2007-10-19,"Buyout (LBO, MBO, MBI)",2015-01-14,Divestiture,7.2,False,,1,0,https://mergr.com/company/13037,2026-09-07T00:00:00Z
1183,Catalyst Investors,New York,9523,Aplus.net,Internet Software and Services,"Overland Park, Kansas, United States",2006-12-05,Growth Capital,2009-07-09,Divestiture,2.6,False,,0,0,https://mergr.com/company/9523,2026-09-07T00:00:00Z
1183,Catalyst Investors,New York,9525,Advantage Business Marketing,Digital Media,"Rockaway, New Jersey, United States",2006-07-05,Divestiture,2014-02-13,Trade Sale - Public Company,7.6,False,,0,0,https://mergr.com/company/9525,2026-09-07T00:00:00Z
1183,Catalyst Investors,New York,17036,Denali Spectrum Manager LLC,Communications,"Delaware, United States",2006-01-01,"Buyout (LBO, MBO, MBI)",,,20.7,True,,0,0,https://mergr.com/company/17036,2026-09-07T00:00:00Z
1183,Catalyst Investors,New York,17035,Codero.com,Internet Software and Services,"Overland Park, Kansas, United States",2006-01-01,Stake Purchase,,,20.7,True,,0,0,https://mergr.com/company/17035,2026-09-07T00:00:00Z
1183,Catalyst Investors,New York,9526,Aspire Media LLC,Media,"Loveland, Colorado, United States",2005-06-09,"Buyout (LBO, MBO, MBI)",2012-07-31,Divestiture,7.1,False,,0,0,https://mergr.com/company/9526,2026-09-07T00:00:00Z
1183,Catalyst Investors,New York,17052,Oneida Broadband LLC,Communications,"New York, New York, United States",2005-01-01,Venture,2009-06-23,Divestiture,4.4,False,,0,0,https://mergr.com/company/17052,2026-09-07T00:00:00Z
1183,Catalyst Investors,New York,4933,"F+W Media, Inc.",Publishing,"Blue Ash, Ohio, United States",2005-01-01,"Buyout (LBO, MBO, MBI)",2014-05-05,Merger,9.3,False,,2,0,https://mergr.com/company/4933,2026-09-07T00:00:00Z
1183,Catalyst Investors,New York,9524,"Catalyst Repository Systems, Inc.",Software,"Denver, Colorado, United States",2005-01-01,"Buyout (LBO, MBO, MBI)",2008-04-01,Trade Sale - Public Company,3.3,False,,0,0,https://mergr.com/company/9524,2026-09-07T00:00:00Z
1183,Catalyst Investors,New York,3411,"Clearwire, Inc.",Communications,"Bellevue, Washington, United States",2004-01-01,"Buyout (LBO, MBO, MBI)",,,22.7,True,,1,0,https://mergr.com/company/3411,2026-09-07T00:00:00Z
1183,Catalyst Investors,New York,17065,Web.com,Internet Software and Services,"Jacksonville, Florida, United States",2003-12-15,Venture,2005-11-02,IPO,1.8,False,749,0,0,https://mergr.com/company/17065,2026-09-07T00:00:00Z
1183,Catalyst Investors,New York,9521,"Aloha Partners, L.P.",Communications,"Providence, Rhode Island, United States",2003-01-01,"Buyout (LBO, MBO, MBI)",2008-02-13,Divestiture,5.1,False,,1,0,https://mergr.com/company/9521,2026-09-07T00:00:00Z
1183,Catalyst Investors,New York,17059,TCP Communications LLC,Communications,"Beverly, Massachusetts, United States",2002-01-01,"Buyout (LBO, MBO, MBI)",2006-03-03,Divestiture,4.2,False,,0,0,https://mergr.com/company/17059,2026-09-07T00:00:00Z
1183,Catalyst Investors,New York,17039,Alaska Native Wireless LLC,Business Services,"Anchorage, Arkansas, United States",2001-01-01,"Buyout (LBO, MBO, MBI)",2002-01-01,Unknown,1,False,,0,0,https://mergr.com/company/17039,2026-09-07T00:00:00Z
1183,Catalyst Investors,New York,17051,Nine Systems Corp.,Internet Software and Services,"San Diego, California, United States",2000-01-01,"Buyout (LBO, MBO, MBI)",2006-11-20,Divestiture,6.8,False,,0,0,https://mergr.com/company/17051,2026-09-07T00:00:00Z
1183,Catalyst Investors,New York,17049,MessageLabs Group Ltd.,Internet Software and Services,"Gloucester, United Kingdom",2000-01-01,Venture,2008-11-17,Divestiture,8.8,False,,0,0,https://mergr.com/company/17049,2026-09-07T00:00:00Z
1183,Catalyst Investors,New York,17045,"General Communication, Inc.",Communications,"Anchorage, Alaska, United States",1999-01-01,Stake Purchase,,,27.7,True,933,3,0,https://mergr.com/company/17045,2026-09-07T00:00:00Z
1183,Catalyst Investors,New York,17054,Prime Communications LLC,Communications,"Washington, District of Columbia, United States",1998-07-01,"Buyout (LBO, MBO, MBI)",,,28.2,True,,0,0,https://mergr.com/company/17054,2026-09-07T00:00:00Z
1183,Catalyst Investors,New York,17047,Intermedia Partners Of Tennessee Lp,Media,"Knoxville, Tennessee, United States",1998-04-01,Stake Purchase,1999-01-01,Unknown,0.8,False,,0,0,https://mergr.com/company/17047,2026-09-07T00:00:00Z
1183,Catalyst Investors,New York,17040,American Cellular corp.,Communications,"Franklin, Tennessee, United States",1998-03-09,"Buyout (LBO, MBO, MBI)",2000-02-26,Divestiture,1.9,False,,0,0,https://mergr.com/company/17040,2026-09-07T00:00:00Z
1183,Catalyst Investors,New York,17044,Falcon Cable Systems Co.,Media,"Los Angeles, California, United States",1998-01-01,"Buyout (LBO, MBO, MBI)",1999-11-01,Unknown,1.8,False,,0,0,https://mergr.com/company/17044,2026-09-07T00:00:00Z
1183,Catalyst Investors,New York,7355,Reiman Holding Company LLC,Publishing,"Greendale, Wisconsin, United States",1998-01-01,Recapitalization,2002-05-22,Divestiture,4.3,False,,0,0,https://mergr.com/company/7355,2026-09-07T00:00:00Z
1183,Catalyst Investors,New York,17063,Triton Cellular Partners LP,Business Services,"Albany, Oregon, United States",1997-01-01,"Buyout (LBO, MBO, MBI)",1999-11-09,Divestiture,2.8,False,,0,0,https://mergr.com/company/17063,2026-09-07T00:00:00Z
1183,Catalyst Investors,New York,17046,"Global TeleSystems, Inc.",Internet Software and Services,"Arlington, Virginia, United States",1996-01-01,"Buyout (LBO, MBO, MBI)",1998-01-01,IPO,2,False,,0,0,https://mergr.com/company/17046,2026-09-07T00:00:00Z
1183,Catalyst Investors,New York,17058,"Sygnet Wireless, Inc.",Communications,"Canfield, Ohio, United States",1996-01-01,"Buyout (LBO, MBO, MBI)",1998-12-30,Divestiture,2.9,False,,0,0,https://mergr.com/company/17058,2026-09-07T00:00:00Z
1183,Catalyst Investors,New York,14511,"TeleCorp Wireless, Inc.",Communications,"Arlington, Virginia, United States",1996-01-01,Venture,1999-01-01,IPO,3,False,,0,0,https://mergr.com/company/14511,2026-09-07T00:00:00Z
1183,Catalyst Investors,New York,17061,"Telemundo Communications Group, Inc.",Media,"Hialeah, Florida, United States",1995-01-01,Growth Capital,2002-04-12,Divestiture,7.3,False,,0,0,https://mergr.com/company/17061,2026-09-07T00:00:00Z
1183,Catalyst Investors,New York,9527,Charter Communications,Communications,"Stamford, Connecticut, United States",1994-01-01,"Buyout (LBO, MBO, MBI)",1998-01-10,Secondary Sale,4,False,54774,0,0,https://mergr.com/company/9527,2026-09-07T00:00:00Z
1183,Catalyst Investors,New York,17041,"CellNet Data Systems, Inc.",Technology Hardware,"San Carlos, California, United States",1994-01-01,"Buyout (LBO, MBO, MBI)",1997-01-01,IPO,3,False,,0,0,https://mergr.com/company/17041,2026-09-07T00:00:00Z
1183,Catalyst Investors,New York,17322,Wireless One Network LP,Communications,"Ft. Myers, Florida, United States",1993-01-01,"Buyout (LBO, MBO, MBI)",2000-02-14,Divestiture,7.1,False,,0,0,https://mergr.com/company/17322,2026-09-07T00:00:00Z
1183,Catalyst Investors,New York,16691,Western Wireless Corp.,Communications,"Issaquah, Washington, United States",1993-01-01,Stake Purchase,2005-01-11,Trade Sale,12,False,,1,0,https://mergr.com/company/16691,2026-09-07T00:00:00Z
1475,OpenGate Capital,New York,352656,Maersk Training,Education,"Svendborg, Denmark",2026-08-10,"Buyout (LBO, MBO, MBI)",,,0,True,,0,0,https://mergr.com/company/352656,2026-09-07T00:00:00Z
1475,OpenGate Capital,New York,352167,Merak,Business Services,"Madrid, Spain",2026-07-29,Divestiture,,,0.1,True,,0,0,https://mergr.com/company/352167,2026-09-07T00:00:00Z
1475,OpenGate Capital,New York,350268,Total Safety - Europe and Middle East Division,Safety/Security,"Diepenbeek, Belgium",2026-04-29,Divestiture,,,0.3,True,,0,0,https://mergr.com/company/350268,2026-09-07T00:00:00Z
1475,OpenGate Capital,New York,319211,Player One Amusement Group,Gaming,"Mississauga, Ontario, Canada",2023-11-22,Divestiture,2025-04-09,Divestiture,1.3,False,,0,0,https://mergr.com/company/319211,2026-09-07T00:00:00Z
1475,OpenGate Capital,New York,328573,IPG,Distribution,"Roanoke, Virginia, United States",2023-06-13,"Buyout (LBO, MBO, MBI)",,,3.2,True,,2,0,https://mergr.com/company/328573,2026-09-07T00:00:00Z
1475,OpenGate Capital,New York,296924,Annex Cloud,Software,"McLean, Virginia, United States",2022-03-01,Growth Capital,,,4.5,True,,0,0,https://mergr.com/company/296924,2026-09-07T00:00:00Z
1475,OpenGate Capital,New York,295121,Chemisphere,Chemicals,"Saint Louis, Missouri, United States",2022-01-18,"Buyout (LBO, MBO, MBI)",2023-06-13,Divestiture,1.3,False,,0,0,https://mergr.com/company/295121,2026-09-07T00:00:00Z
1475,OpenGate Capital,New York,294833,Chemsolv,Chemicals,"Roanoke, Virginia, United States",2022-01-11,"Buyout (LBO, MBO, MBI)",2023-06-13,Divestiture,1.4,False,,0,0,https://mergr.com/company/294833,2026-09-07T00:00:00Z
1475,OpenGate Capital,New York,282349,Treality,Electrical Equipment,"Xenia, Ohio, United States",2021-03-02,Divestiture,,,5.5,True,,0,0,https://mergr.com/company/282349,2026-09-07T00:00:00Z
1475,OpenGate Capital,New York,282348,ScioTeq,Electrical Equipment,"Kortrijk, Belgium",2021-03-02,Divestiture,2025-06-16,Trade Sale - Public Company,4.3,False,,0,0,https://mergr.com/company/282348,2026-09-07T00:00:00Z
1475,OpenGate Capital,New York,280007,Verdant,Chemicals,"Houston, Texas, United States",2021-01-05,Divestiture,2023-12-18,Divestiture,2.9,False,,3,0,https://mergr.com/company/280007,2026-09-07T00:00:00Z
1475,OpenGate Capital,New York,279370,Kongsberg,Machinery,"Ghent, Belgium",2020-12-16,Divestiture,,,5.7,True,,1,0,https://mergr.com/company/279370,2026-09-07T00:00:00Z
1475,OpenGate Capital,New York,277824,Aurotech,Information Technology,"Silver Spring, Maryland, United States",2020-11-02,"Buyout (LBO, MBO, MBI)",2022-04-05,Divestiture,1.4,False,,0,0,https://mergr.com/company/277824,2026-09-07T00:00:00Z
1475,OpenGate Capital,New York,265947,CoreMedia,Software,"Hamburg, Germany",2019-11-05,"Buyout (LBO, MBO, MBI)",,,6.8,True,,0,0,https://mergr.com/company/265947,2026-09-07T00:00:00Z
1475,OpenGate Capital,New York,263577,InRule,Software,"Chicago, Illinois, United States",2019-08-19,"Buyout (LBO, MBO, MBI)",2022-10-13,Trade Sale - Public Company,3.1,False,,2,0,https://mergr.com/company/263577,2026-09-07T00:00:00Z
1475,OpenGate Capital,New York,261917,Duraco,Manufacturing,"Forest Park, Illinois, United States",2019-06-20,Divestiture,,,7.2,True,,5,0,https://mergr.com/company/261917,2026-09-07T00:00:00Z
1475,OpenGate Capital,New York,258411,SMAC,Building Materials,"Issy-les-Moulineaux, France",2019-02-14,Divestiture,2024-04-25,Divestiture,5.2,False,,0,3,https://mergr.com/company/258411,2026-09-07T00:00:00Z
1475,OpenGate Capital,New York,257948,Sargent and Greenleaf,Safety/Security,"Nicholasville, Kentucky, United States",2019-01-30,Divestiture,2025-12-05,Divestiture,6.8,False,,2,1,https://mergr.com/company/257948,2026-09-07T00:00:00Z
1475,OpenGate Capital,New York,257548,Fiven,Building Materials,"Courbevoie, France",2019-01-15,Divestiture,2024-06-04,Divestiture,5.3,False,,0,0,https://mergr.com/company/257548,2026-09-07T00:00:00Z
1475,OpenGate Capital,New York,252589,Fichet Security Solutions,Safety/Security,"Velizy-Villacoublay, France",2018-07-17,Divestiture,,,8.1,True,,0,0,https://mergr.com/company/252589,2026-09-07T00:00:00Z
1475,OpenGate Capital,New York,9691,Jotul,Consumer Products,"Krakeroy, Norway",2018-02-12,Secondary Buyout,,,8.5,True,109,1,0,https://mergr.com/company/9691,2026-09-07T00:00:00Z
1475,OpenGate Capital,New York,247617,Mersive,Information Technology,"Lakewood, Colorado, United States",2018-01-16,"Buyout (LBO, MBO, MBI)",2025-12-16,Sold to Management,7.9,False,,0,0,https://mergr.com/company/247617,2026-09-07T00:00:00Z
1475,OpenGate Capital,New York,243122,Hufcor,Building Materials,"Janesville, Wisconsin, United States",2017-09-05,"Buyout (LBO, MBO, MBI)",,,9,True,,0,0,https://mergr.com/company/243122,2026-09-07T00:00:00Z
1475,OpenGate Capital,New York,29355,Alfatherm,Manufacturing,"Gorla Minore, Italy",2016-06-20,"Buyout (LBO, MBO, MBI)",2023-12-25,Trade Sale - Public Company,7.5,False,113,0,1,https://mergr.com/company/29355,2026-09-07T00:00:00Z
1475,OpenGate Capital,New York,221201,EverZinc,Chemicals,"Loncin, Belgium",2016-06-01,Divestiture,2022-06-01,Divestiture,6,False,451,1,0,https://mergr.com/company/221201,2026-09-07T00:00:00Z
1475,OpenGate Capital,New York,212466,Bois & Materiaux,Distribution,"Pace, France",2016-03-08,Divestiture,2021-01-19,Divestiture,4.8,False,676,0,0,https://mergr.com/company/212466,2026-09-07T00:00:00Z
1475,OpenGate Capital,New York,127353,ENERGI Fenestration Solutions,Building Materials,"Woodbridge, Ontario, Canada",2016-02-25,Divestiture,2021-05-18,Divestiture,5.2,False,,0,1,https://mergr.com/company/127353,2026-09-07T00:00:00Z
1475,OpenGate Capital,New York,214184,"Power Partners, Inc.",Electrical Equipment,"Athens, Georgia, United States",2016-01-19,"Buyout (LBO, MBO, MBI)",2019-11-22,Divestiture,3.8,False,140,0,0,https://mergr.com/company/214184,2026-09-07T00:00:00Z
1475,OpenGate Capital,New York,254409,NAKAN,Plastics,"Reims, France",2015-06-05,Divestiture,2018-09-25,Divestiture,3.3,False,,0,0,https://mergr.com/company/254409,2026-09-07T00:00:00Z
1475,OpenGate Capital,New York,130569,Benvic,Plastics,"Chevigny Saint Sauveur, France",2014-04-10,Divestiture,2018-01-17,Trade Sale - Public Company,3.8,False,220,0,0,https://mergr.com/company/130569,2026-09-07T00:00:00Z
1475,OpenGate Capital,New York,102245,AGIS Fire & Security,Safety/Security,"Warsaw, Poland",2014-01-28,Divestiture,2016-09-01,Divestiture,2.6,False,,0,0,https://mergr.com/company/102245,2026-09-07T00:00:00Z
1475,OpenGate Capital,New York,102249,Kem One SAS,Chemicals,"Lyon, France",2013-12-20,Divestiture,,,12.7,True,,0,0,https://mergr.com/company/102249,2026-09-07T00:00:00Z
1475,OpenGate Capital,New York,67674,PennySaver USA Publishing LLC,Marketing,"Brea, California, United States",2013-09-19,Divestiture,2015-06-25,Shut Down,1.8,False,200,0,0,https://mergr.com/company/67674,2026-09-07T00:00:00Z
1475,OpenGate Capital,New York,102229,Aluminium Solutions Group,Metals/Mining,"Paris, France",2013-06-03,Divestiture,,,13.3,True,,1,0,https://mergr.com/company/102229,2026-09-07T00:00:00Z
1475,OpenGate Capital,New York,45741,Profialis,Construction,"Oeselgem, Belgium",2013-01-31,Divestiture,2020-11-17,Trade Sale,7.8,False,,0,0,https://mergr.com/company/45741,2026-09-07T00:00:00Z
1475,OpenGate Capital,New York,45753,Hamilton Scientific LLC,Manufacturing,"De Pere, United States",2012-10-24,Divestiture,2015-04-02,Shut Down,2.4,False,175,0,0,https://mergr.com/company/45753,2026-09-07T00:00:00Z
1475,OpenGate Capital,New York,45745,"Z Marine North America, LLC",Marine,"Summerville, South Carolina, United States",2012-07-31,Divestiture,,,14.1,True,,0,0,https://mergr.com/company/45745,2026-09-07T00:00:00Z
1475,OpenGate Capital,New York,30230,Axity,Information Technology,"Mexico, Mexico",2012-05-02,Divestiture,2017-01-03,Trade Sale - Public Company,4.7,False,150,0,0,https://mergr.com/company/30230,2026-09-07T00:00:00Z
1475,OpenGate Capital,New York,30231,Golden Guernsey Dairy LLC,Agriculture,"Waukesha, Wisconsin, United States",2011-09-12,Divestiture,2013-01-08,Shut Down,1.3,False,,0,0,https://mergr.com/company/30231,2026-09-07T00:00:00Z
1475,OpenGate Capital,New York,30233,"Fusion Paperboard US, Inc.",Forest Products,"Hebron, Kentucky, United States",2011-06-23,"Buyout (LBO, MBO, MBI)",2014-12-30,Shut Down,3.5,False,,0,0,https://mergr.com/company/30233,2026-09-07T00:00:00Z
1475,OpenGate Capital,New York,30234,NorPaper Group,Forest Products,"Blendecques, France",2011-02-21,Divestiture,2018-06-21,Divestiture,7.3,False,,0,0,https://mergr.com/company/30234,2026-09-07T00:00:00Z
1475,OpenGate Capital,New York,24373,Nicole Farhi,Apparel/Textiles,"Cheadle, United Kingdom",2010-07-01,"Buyout (LBO, MBO, MBI)",2012-01-12,Trade Sale - Public Company,1.5,False,,0,0,https://mergr.com/company/24373,2026-09-07T00:00:00Z
1475,OpenGate Capital,New York,24372,Kotkamills Oy,Forest Products,"Kotka, Finland",2010-07-01,Divestiture,2015-03-05,Trade Sale - Public Company,4.7,False,428,0,0,https://mergr.com/company/24372,2026-09-07T00:00:00Z
1475,OpenGate Capital,New York,15894,Ride Control LLC,Automotive,"Troy, Michigan, United States",2009-06-29,Divestiture,2012-10-29,Divestiture,3.3,False,,0,0,https://mergr.com/company/15894,2026-09-07T00:00:00Z
1475,OpenGate Capital,New York,15895,Fleurus Presse SA,Media,"Cedex 13, France",2009-06-05,Divestiture,,,17.3,True,,1,0,https://mergr.com/company/15895,2026-09-07T00:00:00Z
1475,OpenGate Capital,New York,31095,Models1 Ltd.,Media,"London, United Kingdom",2009-01-05,Secondary Buyout,2013-06-01,Sold to Management,4.3,False,,0,0,https://mergr.com/company/31095,2026-09-07T00:00:00Z
1475,OpenGate Capital,New York,11747,"Star Solutions International, Inc.",Technology Hardware,"Richmond, British Columbia, Canada",2008-06-16,"Buyout (LBO, MBO, MBI)",2009-06-30,Sold to Management,1,False,,0,0,https://mergr.com/company/11747,2026-09-07T00:00:00Z
1475,OpenGate Capital,New York,15898,Ommic,Semiconductors,"Limeil-Brevannes, France",2007-06-22,"Buyout (LBO, MBO, MBI)",2008-07-29,Trade Sale,1.1,False,,0,0,https://mergr.com/company/15898,2026-09-07T00:00:00Z
1475,OpenGate Capital,New York,11762,"Pacific Crest Transformers, Inc.",Electrical Equipment,"Medford, Oregon, United States",2006-12-20,Divestiture,2008-07-12,Trade Sale - Public Company,1.5,False,,0,0,https://mergr.com/company/11762,2026-09-07T00:00:00Z
1475,OpenGate Capital,New York,15897,Essentis Ltd.,Software,"Watford, United Kingdom",2005-02-09,"Buyout (LBO, MBO, MBI)",2006-01-01,Divestiture,0.8,False,,0,0,https://mergr.com/company/15897,2026-09-07T00:00:00Z
2654,Alcentra Capital Corporation,New York,121097,Entoria,Insurance,"Levallois-Perret, France",2024-12-09,Secondary Buyout,2026-01-22,Trade Sale - Public Company,1.1,False,119,0,0,https://mergr.com/company/121097,2026-09-07T00:00:00Z
2654,Alcentra Capital Corporation,New York,31611,Equiom,Financial Services,"Douglas, United Kingdom",2022-01-19,Secondary Buyout,,,4.6,True,,0,0,https://mergr.com/company/31611,2026-09-07T00:00:00Z
2654,Alcentra Capital Corporation,New York,6523,Fat Face,Retail,"Havant, United Kingdom",2020-06-10,Secondary Buyout,2023-10-11,Divestiture,3.3,False,171,0,0,https://mergr.com/company/6523,2026-09-07T00:00:00Z
2654,Alcentra Capital Corporation,New York,59434,My Alarm Center,Safety/Security,"Newtown Square, Pennsylvania, United States",2017-07-19,Secondary Buyout,,,9.1,True,,0,0,https://mergr.com/company/59434,2026-09-07T00:00:00Z
2654,Alcentra Capital Corporation,New York,272320,Lugano Diamonds & Jewelry,Consumer Products,"Newport Beach, California, United States",2016-11-03,Growth Capital,2021-09-07,Trade Sale - Public Company,4.8,False,,0,0,https://mergr.com/company/272320,2026-09-07T00:00:00Z
2654,Alcentra Capital Corporation,New York,69318,GracoRoberts,Distribution,"Arlington, Texas, United States",2015-09-24,Secondary Buyout,2026-07-23,Trade Sale - Public Company,10.8,False,,6,1,https://mergr.com/company/69318,2026-09-07T00:00:00Z
2654,Alcentra Capital Corporation,New York,203443,Alpine Waste & Recycling,Environmental,"Commerce City, Colorado, United States",2015-01-05,Growth Capital,,,11.7,True,,0,0,https://mergr.com/company/203443,2026-09-07T00:00:00Z
2654,Alcentra Capital Corporation,New York,178855,DBi Services,Business Services,"Hazleton, Pennsylvania, United States",2014-03-13,Growth Capital,2016-08-05,Trade Sale - Public Company,2.3,False,,2,0,https://mergr.com/company/178855,2026-09-07T00:00:00Z
2654,Alcentra Capital Corporation,New York,208906,"HealthFusion, Inc.",Internet Software and Services,"Solana Beach, California, United States",2013-12-12,Growth Capital,2015-11-02,Divestiture,1.8,False,,0,0,https://mergr.com/company/208906,2026-09-07T00:00:00Z
2654,Alcentra Capital Corporation,New York,177111,"FST Technical Services, Inc.",Business Services,"Gilbert, Arizona, United States",2013-11-18,Recapitalization,,,12.8,True,,3,0,https://mergr.com/company/177111,2026-09-07T00:00:00Z
2654,Alcentra Capital Corporation,New York,30636,GTT,Communications,"McLean, Virginia, United States",2013-04-01,PIPE,2023-01-05,Shut Down,9.8,False,1728,14,1,https://mergr.com/company/30636,2026-09-07T00:00:00Z
2654,Alcentra Capital Corporation,New York,55850,Battery Solutions,Environmental,"Howell, Michigan, United States",2013-01-11,Recapitalization,2022-03-09,Divestiture,9.1,False,,0,0,https://mergr.com/company/55850,2026-09-07T00:00:00Z
2654,Alcentra Capital Corporation,New York,60394,Southern Technical College,Education,"Orlando, Florida, United States",2012-11-09,"Buyout (LBO, MBO, MBI)",,,13.8,True,,1,0,https://mergr.com/company/60394,2026-09-07T00:00:00Z
2654,Alcentra Capital Corporation,New York,35753,Net Access LLC,Information Technology,"Cedar Knolls, New Jersey, United States",2012-09-18,"Buyout (LBO, MBO, MBI)",2015-11-19,Divestiture,3.2,False,,0,0,https://mergr.com/company/35753,2026-09-07T00:00:00Z
2654,Alcentra Capital Corporation,New York,60410,Show Media,Media,"Los Angeles, California, United States",2012-08-23,Growth Capital,,,14,True,,0,0,https://mergr.com/company/60410,2026-09-07T00:00:00Z
2654,Alcentra Capital Corporation,New York,60430,Wholesome Sweeteners,Food,"Sugar Land, Texas, United States",2012-04-19,"Buyout (LBO, MBO, MBI)",2020-12-17,Divestiture,8.6,False,,1,0,https://mergr.com/company/60430,2026-09-07T00:00:00Z
2654,Alcentra Capital Corporation,New York,17926,"City Carting Holding Co., Inc.",Environmental,"Stamford, Connecticut, United States",2012-04-01,Secondary Buyout,2016-06-03,Divestiture,4.2,False,,0,0,https://mergr.com/company/17926,2026-09-07T00:00:00Z
2654,Alcentra Capital Corporation,New York,202816,Media Storm,Marketing,"New York, New York, United States",2011-10-24,Secondary Buyout,2020-02-13,Divestiture,8.3,False,,0,0,https://mergr.com/company/202816,2026-09-07T00:00:00Z
2654,Alcentra Capital Corporation,New York,30509,Dentistry for Children P.C.,Healthcare Services,"South Weymouth, Massachusetts, United States",2011-09-01,"Buyout (LBO, MBO, MBI)",2016-01-01,Unknown,4.3,False,,0,0,https://mergr.com/company/30509,2026-09-07T00:00:00Z
2654,Alcentra Capital Corporation,New York,60458,Acis Offshore,Energy Services and Equipment,"Houston, Texas, United States",2011-08-11,Growth Capital,,,15,True,,0,0,https://mergr.com/company/60458,2026-09-07T00:00:00Z
2654,Alcentra Capital Corporation,New York,60402,KS International LLC,Engineering,"McLean, Virginia, United States",2011-08-05,Consolidation,,,15.1,True,,1,0,https://mergr.com/company/60402,2026-09-07T00:00:00Z
2654,Alcentra Capital Corporation,New York,25365,Security Networks LLC,Safety/Security,"West Palm Beach, Florida, United States",2010-11-08,"Buyout (LBO, MBO, MBI)",2013-08-16,Divestiture,2.8,False,,0,0,https://mergr.com/company/25365,2026-09-07T00:00:00Z
2654,Alcentra Capital Corporation,New York,58630,RestorixHealth,Healthcare Services,"Metairie, Louisiana, United States",2010-06-24,Secondary Buyout,2015-09-02,Trade Sale - Public Company,5.2,False,,2,0,https://mergr.com/company/58630,2026-09-07T00:00:00Z
2654,Alcentra Capital Corporation,New York,24341,Grindmaster-Cecilware Corp.,Machinery,"Louisville, Kentucky, United States",2009-09-17,Consolidation,2017-03-02,Divestiture,7.4,False,65,1,0,https://mergr.com/company/24341,2026-09-07T00:00:00Z
2654,Alcentra Capital Corporation,New York,4818,Emerald Waste Services LLC,Environmental,"Freeport, Florida, United States",2008-08-01,Secondary Buyout,,,18.1,True,,0,0,https://mergr.com/company/4818,2026-09-07T00:00:00Z
2654,Alcentra Capital Corporation,New York,19589,"Casedhole Solutions, Inc.",Energy Services and Equipment,"Houston, Texas, United States",2008-06-25,"Buyout (LBO, MBO, MBI)",2012-06-07,Divestiture,3.9,False,,0,0,https://mergr.com/company/19589,2026-09-07T00:00:00Z
2654,Alcentra Capital Corporation,New York,1659,"Chamberlin, Edmonds & Associates, Inc.",Business Services,"Atlanta, Georgia, United States",2008-06-04,Secondary Buyout,2010-09-08,Divestiture,2.3,False,,0,0,https://mergr.com/company/1659,2026-09-07T00:00:00Z
2654,Alcentra Capital Corporation,New York,23423,EB Brands,Consumer Products,"Yonkers, New York, United States",2008-05-16,Secondary Buyout,,,18.3,True,,0,0,https://mergr.com/company/23423,2026-09-07T00:00:00Z
2654,Alcentra Capital Corporation,New York,12757,Nudo Products,Building Materials,"Springfield, Illinois, United States",2008-04-23,"Buyout (LBO, MBO, MBI)",,,18.3,True,,1,0,https://mergr.com/company/12757,2026-09-07T00:00:00Z
2654,Alcentra Capital Corporation,New York,2480,Atwood Mobile Products LLC,Manufacturing,"Elkhart, Indiana, United States",2007-09-04,Divestiture,2014-09-09,Divestiture,7,False,,2,0,https://mergr.com/company/2480,2026-09-07T00:00:00Z
2654,Alcentra Capital Corporation,New York,3776,Lectrus Corp.,Manufacturing,"Chattanooga, Tennessee, United States",2007-08-01,"Buyout (LBO, MBO, MBI)",2017-12-13,Bankruptcy,10.3,False,,0,0,https://mergr.com/company/3776,2026-09-07T00:00:00Z
2654,Alcentra Capital Corporation,New York,28093,National Interest Security Company LLC,Information Technology,"Fairfax, Virginia, United States",2007-07-23,Consolidation,2010-01-20,Divestiture,2.4,False,,2,0,https://mergr.com/company/28093,2026-09-07T00:00:00Z
2654,Alcentra Capital Corporation,New York,14452,"Convergent Resources, Inc.",Business Services,"Alpharetta, Georgia, United States",2007-06-01,Secondary Buyout,2014-05-20,Divestiture,6.9,False,,0,0,https://mergr.com/company/14452,2026-09-07T00:00:00Z
2654,Alcentra Capital Corporation,New York,114,Advanced Health Media,Information Technology,"Bridgewater, New Jersey, United States",2007-02-06,Growth Capital,2018-05-31,Divestiture,11.3,False,,5,0,https://mergr.com/company/114,2026-09-07T00:00:00Z
2654,Alcentra Capital Corporation,New York,12244,Healogics,Healthcare Services,"Jacksonville, Florida, United States",2007-02-01,Growth Capital,2008-11-03,Trade Sale - Public Company,1.8,False,,0,0,https://mergr.com/company/12244,2026-09-07T00:00:00Z
2654,Alcentra Capital Corporation,New York,9279,OYSTAR Holding GmbH,Packaging,"Stutensee, Germany",2007-01-01,Divestiture,2014-12-22,Divestiture,7.9,False,,1,0,https://mergr.com/company/9279,2026-09-07T00:00:00Z
2654,Alcentra Capital Corporation,New York,15985,The Walker Group,Manufacturing,"New Lisbon, Wisconsin, United States",2006-10-10,"Buyout (LBO, MBO, MBI)",2012-05-08,Divestiture,5.5,False,,1,0,https://mergr.com/company/15985,2026-09-07T00:00:00Z
2654,Alcentra Capital Corporation,New York,60450,"Northern Safety Co., Inc.",Distribution,"Frankfort, New York, United States",2006-04-01,Growth Capital,2007-01-01,Unknown,0.8,False,,0,0,https://mergr.com/company/60450,2026-09-07T00:00:00Z
2654,Alcentra Capital Corporation,New York,10097,Transamerican Auto Parts,Automotive,"Compton, California, United States",2006-04-01,Growth Capital,2010-01-01,Unknown,3.8,False,740,0,0,https://mergr.com/company/10097,2026-09-07T00:00:00Z
2654,Alcentra Capital Corporation,New York,1853,Lexicon Marketing LLC,Education,"Los Angeles, California, United States",2004-11-01,Growth Capital,2006-01-01,Unknown,1.2,False,,0,0,https://mergr.com/company/1853,2026-09-07T00:00:00Z
2654,Alcentra Capital Corporation,New York,9148,Solvaira Specialty LP,Food,"North Tonawanda, New York, United States",2004-06-30,"Buyout (LBO, MBO, MBI)",2013-08-28,Trade Sale - Public Company,9.1,False,,0,0,https://mergr.com/company/9148,2026-09-07T00:00:00Z
2654,Alcentra Capital Corporation,New York,200311,Cecilware Corp.,Consumer Products,"Long Island City, New York, United States",2004-06-01,Growth Capital,2005-01-01,Unknown,0.6,False,,0,0,https://mergr.com/company/200311,2026-09-07T00:00:00Z
2654,Alcentra Capital Corporation,New York,60438,Access.1 Communications Corp.,Media,"New York, New York, United States",2004-03-01,Growth Capital,2005-01-01,Unknown,0.8,False,,0,0,https://mergr.com/company/60438,2026-09-07T00:00:00Z
2654,Alcentra Capital Corporation,New York,60446,Lattice Communications LLC,Communications,"Cincinnati, Ohio, United States",2003-12-01,Growth Capital,2004-01-01,Unknown,0.1,False,,0,0,https://mergr.com/company/60446,2026-09-07T00:00:00Z
2654,Alcentra Capital Corporation,New York,20972,CamelBak Products LLC,Consumer Products,"Petaluma, California, United States",2003-11-25,"Buyout (LBO, MBO, MBI)",2011-08-24,Trade Sale - Public Company,7.7,False,122,1,0,https://mergr.com/company/20972,2026-09-07T00:00:00Z
2654,Alcentra Capital Corporation,New York,16556,Wicks Television LLC,Media,"Fargo, North Dakota, United States",2002-11-01,Stake Purchase,2004-01-01,Unknown,1.2,False,,0,0,https://mergr.com/company/16556,2026-09-07T00:00:00Z
2654,Alcentra Capital Corporation,New York,60454,Raytheon Aerospace,Aerospace,"Madison, Mississippi, United States",2001-06-01,Growth Capital,2003-01-01,Unknown,1.6,False,,0,0,https://mergr.com/company/60454,2026-09-07T00:00:00Z
2654,Alcentra Capital Corporation,New York,60466,"TRAK Communications, Inc.",Communications,"Tampa, Florida, United States",2000-09-01,"Buyout (LBO, MBO, MBI)",2004-04-04,Divestiture,3.6,False,,0,0,https://mergr.com/company/60466,2026-09-07T00:00:00Z
2654,Alcentra Capital Corporation,New York,60462,"Integrated Defense Technology, Inc.",Defense,"Huntsville, Alabama, United States",2000-09-01,Stake Purchase,2002-11-01,Unknown,2.2,False,,0,0,https://mergr.com/company/60462,2026-09-07T00:00:00Z
2654,Alcentra Capital Corporation,New York,214217,Printing Arts America LLC,Business Services,"Darien, Connecticut, United States",1999-11-01,Stake Purchase,2000-01-01,Unknown,0.2,False,,0,0,https://mergr.com/company/214217,2026-09-07T00:00:00Z
2654,Alcentra Capital Corporation,New York,21546,"Entertainment Publications, Inc.",Publishing,"Troy, Michigan, United States",1999-09-14,Divestiture,2003-03-25,Divestiture,3.5,False,,0,0,https://mergr.com/company/21546,2026-09-07T00:00:00Z
2654,Alcentra Capital Corporation,New York,8104,Datasite,Software,"Minneapolis, Minnesota, United States",1999-08-02,Going Private,2006-01-01,Unknown,6.3,False,,4,0,https://mergr.com/company/8104,2026-09-07T00:00:00Z
2654,Alcentra Capital Corporation,New York,12233,Caliber,Automotive,"Lewisville, Texas, United States",1999-06-01,Growth Capital,2008-11-10,Trade Sale - Public Company,9.4,False,,0,0,https://mergr.com/company/12233,2026-09-07T00:00:00Z
2654,Alcentra Capital Corporation,New York,16290,Capitol Vial,Packaging,"Auburn, Alabama, United States",1998-12-01,Stake Purchase,,,27.8,True,,0,0,https://mergr.com/company/16290,2026-09-07T00:00:00Z
