owner_firm_id,owner_firm_name,owner_firm_state,company_id,company_name,sector,location,acquired_date,acquisition_type,exit_date,exit_type,hold_years,is_current,revenue_millions_usd,acquisitions_during_hold,divestitures_during_hold,mergr_url,_fetched_at
387,Merit Energy,Texas,28832,Plantation Petroleum Holdings IV,Oil/Gas Exploration,"Houston, Texas, United States",2011-11-01,Secondary Buyout,,,14.8,True,,0,0,https://mergr.com/company/28832,2026-09-03T23:53:59Z
963,Lone Star Funds,Texas,114913,ContiTech,Manufacturing,"Hanover, Germany",2026-07-06,Divestiture,,,0.1,True,,0,0,https://mergr.com/company/114913,2026-09-03T23:53:59Z
963,Lone Star Funds,Texas,349070,DOMO Engineered Materials,Chemicals,"Leuna, Germany",2026-05-12,Divestiture,,,0.3,True,,0,0,https://mergr.com/company/349070,2026-09-03T23:53:59Z
963,Lone Star Funds,Texas,31984,Capsugel,Life Science,"Colmar, France",2026-03-06,Divestiture,,,0.4,True,750,0,0,https://mergr.com/company/31984,2026-09-03T23:53:59Z
963,Lone Star Funds,Texas,272061,Alliance Ground International,Transportation,"Miami, Florida, United States",2026-01-22,Secondary Buyout,,,0.6,True,,0,0,https://mergr.com/company/272061,2026-09-03T23:53:59Z
963,Lone Star Funds,Texas,136121,Hillenbrand,Machinery,"Batesville, Indiana, United States",2025-10-15,Going Private,,,0.8,True,3183,0,0,https://mergr.com/company/136121,2026-09-03T23:53:59Z
963,Lone Star Funds,Texas,334218,RadiciGroup - Specialty Chemicals and High Performance Polymers Business,Chemicals,"Gandino, Italy",2025-02-24,Divestiture,,,1.5,True,,0,0,https://mergr.com/company/334218,2026-09-03T23:53:59Z
963,Lone Star Funds,Texas,331241,Kidde Global Solutions,Safety/Security,"Mebane, North Carolina, United States",2024-12-02,Divestiture,,,1.8,True,,0,0,https://mergr.com/company/331241,2026-09-03T23:53:59Z
963,Lone Star Funds,Texas,99829,Eriks,Engineering,"Alkmaar, Netherlands",2024-05-03,Divestiture,,,2.3,True,,0,0,https://mergr.com/company/99829,2026-09-03T23:53:59Z
963,Lone Star Funds,Texas,262384,CentroMotion,Machinery,"Waukesha, Wisconsin, United States",2023-06-20,Secondary Buyout,,,3.2,True,,0,0,https://mergr.com/company/262384,2026-09-03T23:53:59Z
963,Lone Star Funds,Texas,316137,Binks,Manufacturing,"Shoreview, Minnesota, United States",2023-06-15,Divestiture,,,3.2,True,297,1,0,https://mergr.com/company/316137,2026-09-03T23:53:59Z
963,Lone Star Funds,Texas,32169,Vigor Industrial,Marine,"Portland, Oregon, United States",2023-02-03,Secondary Buyout,2026-02-04,Trade Sale - Public Company,3,False,,0,1,https://mergr.com/company/32169,2026-09-03T23:53:59Z
963,Lone Star Funds,Texas,30636,GTT,Communications,"McLean, Virginia, United States",2023-01-05,Special Situations/Distressed,,,3.6,True,1728,0,0,https://mergr.com/company/30636,2026-09-03T23:53:59Z
963,Lone Star Funds,Texas,298237,Senqcia,Building Materials,"Tokyo, Japan",2022-03-31,Secondary Buyout,2026-01-15,Divestiture,3.8,False,,0,0,https://mergr.com/company/298237,2026-09-03T23:53:59Z
963,Lone Star Funds,Texas,328490,XSYS,Business Services,"Willstätt, Germany",2022-02-28,Divestiture,,,4.5,True,,1,0,https://mergr.com/company/328490,2026-09-03T23:53:59Z
963,Lone Star Funds,Texas,295034,Manuchar,Distribution,"Antwerp, Belgium",2022-01-14,Divestiture,,,4.6,True,,0,0,https://mergr.com/company/295034,2026-09-03T23:53:59Z
963,Lone Star Funds,Texas,279011,SPX Flow,Manufacturing,"Charlotte, North Carolina, United States",2021-12-13,Going Private,2025-12-05,Divestiture,3.9,False,1300,0,2,https://mergr.com/company/279011,2026-09-03T23:53:59Z
963,Lone Star Funds,Texas,250588,AOC Trusted Solutions,Chemicals,"Collierville, Tennessee, United States",2021-07-13,Secondary Buyout,2024-10-28,Divestiture,3.3,False,,0,0,https://mergr.com/company/250588,2026-09-03T23:53:59Z
963,Lone Star Funds,Texas,267758,MBCC Group,Chemicals,"Mannheim, Germany",2019-12-21,Divestiture,2021-11-11,Divestiture,1.8,False,3013,0,0,https://mergr.com/company/267758,2026-09-03T23:53:59Z
963,Lone Star Funds,Texas,230730,Edilians,Building Materials,"Dardilly, France",2018-10-11,Divestiture,,,7.8,True,,0,0,https://mergr.com/company/230730,2026-09-03T23:53:59Z
963,Lone Star Funds,Texas,350556,Sino Gas & Energy,Oil/Gas Exploration,"Beijing, China",2018-05-31,Going Private,,,8.3,True,,0,0,https://mergr.com/company/350556,2026-09-03T23:53:59Z
963,Lone Star Funds,Texas,286403,Novo Banco,Financial Services,"Porto Salvo, Portugal",2017-10-18,"Buyout (LBO, MBO, MBI)",2026-04-30,Divestiture,8.5,False,,0,1,https://mergr.com/company/286403,2026-09-03T23:53:59Z
963,Lone Star Funds,Texas,8194,Altadia Group,Chemicals,"Castellón, Spain",2017-07-13,Secondary Buyout,2021-12-17,Trade Sale - Public Company,4.4,False,451,0,0,https://mergr.com/company/8194,2026-09-03T23:53:59Z
963,Lone Star Funds,Texas,18512,Xella,Building Materials,"Duisburg, Germany",2016-12-01,Secondary Buyout,2025-10-20,Divestiture,8.8,False,1240,2,2,https://mergr.com/company/18512,2026-09-03T23:53:59Z
963,Lone Star Funds,Texas,210655,American Bath Group,Building Materials,"Irving, Texas, United States",2016-09-30,Secondary Buyout,2020-10-08,Trade Sale - Public Company,4,False,,0,0,https://mergr.com/company/210655,2026-09-03T23:53:59Z
963,Lone Star Funds,Texas,81437,Venturi Restoration,Construction,"Schaumburg, Illinois, United States",2016-03-22,Secondary Buyout,2023-03-28,Divestiture,7,False,,0,0,https://mergr.com/company/81437,2026-09-03T23:53:59Z
963,Lone Star Funds,Texas,28601,Evoca Group,Electronics,"Milan, Italy",2016-03-22,Secondary Buyout,,,10.4,True,,0,0,https://mergr.com/company/28601,2026-09-03T23:53:59Z
963,Lone Star Funds,Texas,249014,MRH,Retail,"Epping, United Kingdom",2016-01-28,Secondary Buyout,2018-02-27,Trade Sale - Public Company,2,False,,0,0,https://mergr.com/company/249014,2026-09-03T23:53:59Z
963,Lone Star Funds,Texas,32266,Victra,Retail,"Durham, North Carolina, United States",2016-01-19,Secondary Buyout,,,10.6,True,,1,0,https://mergr.com/company/32266,2026-09-03T23:53:59Z
963,Lone Star Funds,Texas,135829,Home Properties,Real Estate,"Rochester, New York, United States",2015-06-22,Going Private,,,11.2,True,671,0,0,https://mergr.com/company/135829,2026-09-03T23:53:59Z
963,Lone Star Funds,Texas,1232,Balta Group,Apparel/Textiles,"Sint-Baafs-Vijve, Belgium",2015-06-15,Secondary Buyout,,,11.2,True,,1,0,https://mergr.com/company/1232,2026-09-03T23:53:59Z
963,Lone Star Funds,Texas,175344,Jurys Inn Group,Leisure,"Dublin, Ireland",2015-01-26,"Buyout (LBO, MBO, MBI)",2017-12-14,Divestiture,2.8,False,,0,0,https://mergr.com/company/175344,2026-09-03T23:53:59Z
963,Lone Star Funds,Texas,166297,Forterra,Building Materials,"Irving, Texas, United States",2014-12-25,Divestiture,2016-04-25,IPO,1.3,False,1590,3,0,https://mergr.com/company/166297,2026-09-03T23:53:59Z
963,Lone Star Funds,Texas,29421,Invoice,Business Services,"Tokyo, Japan",2013-12-01,Secondary Buyout,2018-09-14,Divestiture,4.8,False,,0,0,https://mergr.com/company/29421,2026-09-03T23:53:59Z
963,Lone Star Funds,Texas,337605,Wereldhave - U.S. assets,Real Estate,United States,2013-01-07,Divestiture,,,13.6,True,,0,0,https://mergr.com/company/337605,2026-09-03T23:53:59Z
963,Lone Star Funds,Texas,123261,Lodgian,Leisure,"Atlanta, Georgia, United States",2010-01-22,Going Private,,,16.6,True,,0,0,https://mergr.com/company/123261,2026-09-03T23:53:59Z
963,Lone Star Funds,Texas,28313,Club Company,Leisure,"Reading, United Kingdom",2006-05-31,Secondary Buyout,2018-05-18,Trade Sale - Public Company,11.9,False,,0,0,https://mergr.com/company/28313,2026-09-03T23:53:59Z
963,Lone Star Funds,Texas,197988,"Bruno's Supermarkets, Inc.",Retail,"Brimingham, Alabama, United States",2005-01-01,Divestiture,2007-03-20,Spin Off,2.2,False,,0,0,https://mergr.com/company/197988,2026-09-03T23:53:59Z
963,Lone Star Funds,Texas,38409,Korea Exchange Bank Credit Services Co. Ltd.,Financial Services,"Seoul, South Korea",2003-10-01,"Buyout (LBO, MBO, MBI)",2004-02-01,Trade Sale - Public Company,0.3,False,,0,0,https://mergr.com/company/38409,2026-09-03T23:53:59Z
963,Lone Star Funds,Texas,37885,Tokyo Star Bank,Financial Services,"Tokyo, Japan",2001-01-01,"Buyout (LBO, MBO, MBI)",2008-03-01,Trade Sale - Public Company,7.2,False,,0,0,https://mergr.com/company/37885,2026-09-03T23:53:59Z
2566,Peak Rock Capital,Texas,351091,Asembia,Life Science,"Florham Park, New Jersey, United States",2026-07-02,"Buyout (LBO, MBO, MBI)",,,0.2,True,,0,0,https://mergr.com/company/351091,2026-09-03T23:53:59Z
2566,Peak Rock Capital,Texas,349906,Dalziel,Food,"Felling, United Kingdom",2026-06-03,"Buyout (LBO, MBO, MBI)",,,0.3,True,,0,0,https://mergr.com/company/349906,2026-09-03T23:53:59Z
2566,Peak Rock Capital,Texas,346361,PureEHS,Software,"Northbrook, Illinois, United States",2026-02-20,Divestiture,,,0.5,True,,0,0,https://mergr.com/company/346361,2026-09-03T23:53:59Z
2566,Peak Rock Capital,Texas,345360,Aegis Software,Software,"Horsham, Pennsylvania, United States",2025-08-21,"Buyout (LBO, MBO, MBI)",,,1,True,,1,0,https://mergr.com/company/345360,2026-09-03T23:53:59Z
2566,Peak Rock Capital,Texas,335828,MCG Energy Solutions,Software,"Minneapolis, Minnesota, United States",2025-04-22,Growth Capital,,,1.3,True,,0,0,https://mergr.com/company/335828,2026-09-03T23:53:59Z
2566,Peak Rock Capital,Texas,259635,BrightStar Care,Consumer Services,"Gurnee, Illinois, United States",2025-03-03,"Buyout (LBO, MBO, MBI)",,,1.5,True,,0,0,https://mergr.com/company/259635,2026-09-03T23:53:59Z
2566,Peak Rock Capital,Texas,264800,Tapco,Safety/Security,"Milwaukee, Wisconsin, United States",2024-12-19,"Buyout (LBO, MBO, MBI)",,,1.7,True,,2,0,https://mergr.com/company/264800,2026-09-03T23:53:59Z
2566,Peak Rock Capital,Texas,335812,CodeRoad,Software,"Boca, Raton, Florida, United States",2024-10-01,"Buyout (LBO, MBO, MBI)",2026-03-26,Trade Sale - Public Company,1.4,False,,0,0,https://mergr.com/company/335812,2026-09-03T23:53:59Z
2566,Peak Rock Capital,Texas,323782,HuFriedyGroup,Medical Products,"Chicago, Illinois, United States",2024-04-11,Divestiture,,,2.3,True,,1,0,https://mergr.com/company/323782,2026-09-03T23:53:59Z
2566,Peak Rock Capital,Texas,322766,California Custom Fruits & Flavors,Food,"Irwindale, California, United States",2024-03-13,"Buyout (LBO, MBO, MBI)",,,2.4,True,,0,0,https://mergr.com/company/322766,2026-09-03T23:53:59Z
2566,Peak Rock Capital,Texas,180835,CollegeNET,Internet Software and Services,"Portland, Oregon, United States",2023-08-01,Growth Capital,2025-03-04,Trade Sale - Public Company,1.6,False,,0,0,https://mergr.com/company/180835,2026-09-03T23:53:59Z
2566,Peak Rock Capital,Texas,222412,Rochester Midland,Chemicals,"Rochester, New York, United States",2023-07-27,"Buyout (LBO, MBO, MBI)",,,3.1,True,,7,0,https://mergr.com/company/222412,2026-09-03T23:53:59Z
2566,Peak Rock Capital,Texas,308404,Seagull Software,Software,"Redmond, Washington, United States",2022-12-21,"Buyout (LBO, MBO, MBI)",,,3.7,True,,1,0,https://mergr.com/company/308404,2026-09-03T23:53:59Z
2566,Peak Rock Capital,Texas,305457,SBS,Information Technology,"Littleton, Colorado, United States",2022-10-03,"Buyout (LBO, MBO, MBI)",2026-03-04,Divestiture,3.4,False,,1,0,https://mergr.com/company/305457,2026-09-03T23:53:59Z
2566,Peak Rock Capital,Texas,2885,Tranzonic Companies,Consumer Products,"Knoxville, Tennessee, United States",2022-08-16,Secondary Buyout,,,4,True,,0,0,https://mergr.com/company/2885,2026-09-03T23:53:59Z
2566,Peak Rock Capital,Texas,303249,Passport Technology,Information Technology,"Glendale, California, United States",2022-06-23,Growth Capital,,,4.2,True,,0,0,https://mergr.com/company/303249,2026-09-03T23:53:59Z
2566,Peak Rock Capital,Texas,300640,626 Imaging Services,Medical Products,"Boca Raton, Florida, United States",2022-06-02,"Buyout (LBO, MBO, MBI)",,,4.3,True,,2,0,https://mergr.com/company/300640,2026-09-03T23:53:59Z
2566,Peak Rock Capital,Texas,190115,Mojix,Software,"Los Angeles, California, United States",2022-05-10,"Buyout (LBO, MBO, MBI)",2024-10-09,Spin Off,2.3,False,,0,0,https://mergr.com/company/190115,2026-09-03T23:53:59Z
2566,Peak Rock Capital,Texas,296254,Ziyad,Distribution,"Chicago, Illinois, United States",2022-02-11,"Buyout (LBO, MBO, MBI)",,,4.5,True,,3,0,https://mergr.com/company/296254,2026-09-03T23:53:59Z
2566,Peak Rock Capital,Texas,35429,Xenon Arc,Information Technology,"Bellevue, Washington, United States",2021-12-21,Secondary Buyout,,,4.7,True,,0,0,https://mergr.com/company/35429,2026-09-03T23:53:59Z
2566,Peak Rock Capital,Texas,290863,SAM Companies,Information Services,"Austin, Texas, United States",2021-09-29,"Buyout (LBO, MBO, MBI)",2026-07-01,Trade Sale - Public Company,4.8,False,,15,0,https://mergr.com/company/290863,2026-09-03T23:53:59Z
2566,Peak Rock Capital,Texas,290613,Delta Financial Group,Financial Services,"Clearwater, Florida, United States",2021-09-21,Growth Capital,2025-03-25,Divestiture,3.5,False,,0,0,https://mergr.com/company/290613,2026-09-03T23:53:59Z
2566,Peak Rock Capital,Texas,250463,Amtech,Software,"Fort Washington, Pennsylvania, United States",2021-08-06,"Buyout (LBO, MBO, MBI)",2025-06-16,Trade Sale - Public Company,3.8,False,,1,0,https://mergr.com/company/250463,2026-09-03T23:53:59Z
2566,Peak Rock Capital,Texas,281415,AMB,Packaging,"Udine, Italy",2021-02-05,"Buyout (LBO, MBO, MBI)",,,5.5,True,,0,0,https://mergr.com/company/281415,2026-09-03T23:53:59Z
2566,Peak Rock Capital,Texas,280107,Shipley Do-Nuts,Franchising,"Houston, Texas, United States",2021-01-06,"Buyout (LBO, MBO, MBI)",2025-07-28,Trade Sale - Public Company,4.5,False,,0,0,https://mergr.com/company/280107,2026-09-03T23:53:59Z
2566,Peak Rock Capital,Texas,276413,Halo Foods,Food,"Newport, United Kingdom",2020-09-17,"Buyout (LBO, MBO, MBI)",,,5.9,True,,0,0,https://mergr.com/company/276413,2026-09-03T23:53:59Z
2566,Peak Rock Capital,Texas,276285,Paragon Healthcare,Healthcare Services,"Dallas, Texas, United States",2020-09-15,"Buyout (LBO, MBO, MBI)",2024-01-04,Divestiture,3.3,False,,0,0,https://mergr.com/company/276285,2026-09-03T23:53:59Z
2566,Peak Rock Capital,Texas,259321,Turkey Hill,Food,"Conestoga, Pennsylvania, United States",2019-03-19,Divestiture,,,7.4,True,,1,0,https://mergr.com/company/259321,2026-09-03T23:53:59Z
2566,Peak Rock Capital,Texas,255340,Pretzels,Food,"Bluffton, Indiana, United States",2018-10-24,"Buyout (LBO, MBO, MBI)",2021-11-10,Divestiture,3,False,,0,0,https://mergr.com/company/255340,2026-09-03T23:53:59Z
2566,Peak Rock Capital,Texas,254882,Louisiana Fish Fry Products,Consumer Products,"Baton Rouge, Louisiana, United States",2018-10-09,"Buyout (LBO, MBO, MBI)",2021-08-02,Trade Sale - Public Company,2.8,False,,0,0,https://mergr.com/company/254882,2026-09-03T23:53:59Z
2566,Peak Rock Capital,Texas,253917,TNT Crust,Food,"St. Charles, Missouri, United States",2018-08-10,Divestiture,2022-05-11,Divestiture,3.8,False,,0,0,https://mergr.com/company/253917,2026-09-03T23:53:59Z
2566,Peak Rock Capital,Texas,249667,CloudNine,Software,"Houston, Texas, United States",2018-03-26,Growth Capital,2021-06-01,Trade Sale - Public Company,3.2,False,,1,0,https://mergr.com/company/249667,2026-09-03T23:53:59Z
2566,Peak Rock Capital,Texas,243345,Hasa,Chemicals,"Valencia, California, United States",2017-09-12,"Buyout (LBO, MBO, MBI)",2020-07-17,Trade Sale - Public Company,2.8,False,,1,0,https://mergr.com/company/243345,2026-09-03T23:53:59Z
2566,Peak Rock Capital,Texas,27423,Gold Coast Baking,Food,"Woodland Hills, California, United States",2017-07-17,Secondary Buyout,2020-06-24,Secondary Sale,2.9,False,,0,0,https://mergr.com/company/27423,2026-09-03T23:53:59Z
2566,Peak Rock Capital,Texas,229496,Rather Outdoors,Consumer Products,"Springfield, Missouri, United States",2016-11-01,"Buyout (LBO, MBO, MBI)",2019-06-05,Trade Sale - Public Company,2.6,False,,2,0,https://mergr.com/company/229496,2026-09-03T23:53:59Z
2566,Peak Rock Capital,Texas,125605,DYMA Brands,Food,"Atlanta, Georgia, United States",2016-04-26,Divestiture,2024-04-06,Divestiture,7.9,False,63,0,0,https://mergr.com/company/125605,2026-09-03T23:53:59Z
2566,Peak Rock Capital,Texas,211186,Berner Food & Beverage,Food,"Dakota, Illinois, United States",2015-11-25,"Buyout (LBO, MBO, MBI)",,,10.8,True,,0,0,https://mergr.com/company/211186,2026-09-03T23:53:59Z
2566,Peak Rock Capital,Texas,27908,Precision Global,Packaging,"Greenville, South Carolina, United States",2015-05-04,Secondary Buyout,2018-08-07,Trade Sale - Public Company,3.3,False,,1,0,https://mergr.com/company/27908,2026-09-03T23:53:59Z
2566,Peak Rock Capital,Texas,152717,Main Steel Polishing Co. Inc.,Metals/Mining,"Elk Grove Village, Illinois, United States",2014-11-19,Divestiture,2017-11-16,Divestiture,2.9,False,,0,0,https://mergr.com/company/152717,2026-09-03T23:53:59Z
2566,Peak Rock Capital,Texas,150569,Highline Produce Ltd.,Distribution,"Leamington, Ontario, Canada",2014-11-12,Growth Capital,2016-04-01,Divestiture,1.3,False,,0,0,https://mergr.com/company/150569,2026-09-03T23:53:59Z
2566,Peak Rock Capital,Texas,11603,RCR International,Building Materials,"Boucherville, Quebec, Canada",2014-06-17,Secondary Buyout,2018-01-19,Bankruptcy,3.6,False,,0,0,https://mergr.com/company/11603,2026-09-03T23:53:59Z
2566,Peak Rock Capital,Texas,15514,Hunter's Specialities,Consumer Products,"Cedar Rapids, Iowa, United States",2014-04-04,Secondary Buyout,2020-01-28,Divestiture,5.8,False,,1,0,https://mergr.com/company/15514,2026-09-03T23:53:59Z
2566,Peak Rock Capital,Texas,194045,Profusion Industries,Manufacturing,"Fairlawn, Ohio, United States",2014-03-19,"Buyout (LBO, MBO, MBI)",2020-07-15,Sold to Management,6.3,False,,0,0,https://mergr.com/company/194045,2026-09-03T23:53:59Z
2566,Peak Rock Capital,Texas,81701,Koroseal Interior Products LLC,Building Materials,"Fairlawn, Ohio, United States",2014-03-17,Divestiture,2016-11-15,Divestiture,2.6,False,,0,0,https://mergr.com/company/81701,2026-09-03T23:53:59Z
2566,Peak Rock Capital,Texas,75437,Sweet Harvest Foods,Food,"Cannon Falls, Minnesota, United States",2014-01-02,"Buyout (LBO, MBO, MBI)",2021-04-09,Trade Sale - Public Company,7.3,False,,2,0,https://mergr.com/company/75437,2026-09-03T23:53:59Z
2566,Peak Rock Capital,Texas,3261,Atlas Paper Mills LLC,Forest Products,"Miami, Florida, United States",2013-05-21,Secondary Buyout,2015-11-16,Divestiture,2.4,False,,2,0,https://mergr.com/company/3261,2026-09-03T23:53:59Z
2730,EnCap Flatrock Midstream,Texas,352589,Moda Midstream II,Energy Services and Equipment,"Kingwood, Texas, United States",2024-03-20,Growth Capital,,,2.4,True,,0,0,https://mergr.com/company/352589,2026-09-03T23:53:59Z
2730,EnCap Flatrock Midstream,Texas,326096,Frontier Energy Services,Oil/Gas Exploration,"Tulsa, Oklahoma, United States",2023-09-01,"Buyout (LBO, MBO, MBI)",,,3,True,,0,0,https://mergr.com/company/326096,2026-09-03T23:53:59Z
2730,EnCap Flatrock Midstream,Texas,352516,Rangeland Energy IV,Oil/Gas Exploration,"Calgary, Alberta, Canada",2022-05-03,Growth Capital,,,4.3,True,,0,0,https://mergr.com/company/352516,2026-09-03T23:53:59Z
2730,EnCap Flatrock Midstream,Texas,298969,Cardinal Midstream,Oil/Gas Exploration,"Dallas, Texas, United States",2022-04-21,Growth Capital,2026-08-03,Divestiture,4.3,False,,1,0,https://mergr.com/company/298969,2026-09-03T23:53:59Z
2730,EnCap Flatrock Midstream,Texas,326082,Clearfork Midstream,Oil/Gas Exploration,"Fort Worth, Texas, United States",2022-01-18,Acquisition Financing,,,4.6,True,,1,0,https://mergr.com/company/326082,2026-09-03T23:53:59Z
2730,EnCap Flatrock Midstream,Texas,182354,Brazos Midstream,Oil/Gas Exploration,"Fort Worth, Texas, United States",2022-01-01,"Buyout (LBO, MBO, MBI)",,,4.7,True,,0,0,https://mergr.com/company/182354,2026-09-03T23:53:59Z
2730,EnCap Flatrock Midstream,Texas,331599,Edgewater Midstream,Energy Services and Equipment,"Houston, Texas, United States",2020-01-07,Growth Capital,,,6.6,True,,1,0,https://mergr.com/company/331599,2026-09-03T23:53:59Z
2730,EnCap Flatrock Midstream,Texas,267181,Ironwood Midstream Energy Partners II,Energy Services and Equipment,"San Antonio, Texas, United States",2019-11-12,"Buyout (LBO, MBO, MBI)",2025-01-07,Divestiture,5.1,False,,1,0,https://mergr.com/company/267181,2026-09-03T23:53:59Z
2730,EnCap Flatrock Midstream,Texas,253640,Candor Midstream Solutions,Energy Services and Equipment,"Houston, Texas, United States",2018-08-21,Growth Capital,2025-09-01,Divestiture,7,False,,0,0,https://mergr.com/company/253640,2026-09-03T23:53:59Z
2730,EnCap Flatrock Midstream,Texas,249733,Getka Energy,Energy Services and Equipment,"Tulsa, Oklahoma, United States",2018-03-27,Growth Capital,2019-06-17,Trade Sale - Public Company,1.2,False,,0,0,https://mergr.com/company/249733,2026-09-03T23:53:59Z
2730,EnCap Flatrock Midstream,Texas,248505,Lotus Midstream,Energy Services and Equipment,"Sugar Land, Texas, United States",2018-02-13,Growth Capital,2023-03-27,Divestiture,5.1,False,,1,0,https://mergr.com/company/248505,2026-09-03T23:53:59Z
2730,EnCap Flatrock Midstream,Texas,352510,Greenfield Midstream,Oil/Gas Exploration,"The Woodlands, Texas, United States",2017-07-11,Growth Capital,,,9.1,True,,0,0,https://mergr.com/company/352510,2026-09-03T23:53:59Z
2730,EnCap Flatrock Midstream,Texas,240183,Cardinal Midstream III,Oil/Gas Exploration,"Dallas, Texas, United States",2017-05-31,Growth Capital,,,9.3,True,,0,0,https://mergr.com/company/240183,2026-09-03T23:53:59Z
2730,EnCap Flatrock Midstream,Texas,239584,Aspen Midstream,Energy Services and Equipment,"Dallas, Texas, United States",2017-05-17,Growth Capital,,,9.3,True,,0,0,https://mergr.com/company/239584,2026-09-03T23:53:59Z
2730,EnCap Flatrock Midstream,Texas,216010,Lucid Energy Group,Oil/Gas Exploration,"Dallas, Texas, United States",2016-02-23,Growth Capital,2018-01-08,Trade Sale - Public Company,1.8,False,,0,0,https://mergr.com/company/216010,2026-09-03T23:53:59Z
2730,EnCap Flatrock Midstream,Texas,17213,Plains All American,Energy Services and Equipment,"Houston, Texas, United States",2016-01-12,Stake Purchase,,,10.6,True,44262,4,2,https://mergr.com/company/17213,2026-09-03T23:53:59Z
2730,EnCap Flatrock Midstream,Texas,201948,Evolution Midstream,Oil/Gas Exploration,"San Antonio, Colorado, United States",2015-08-24,Growth Capital,2023-01-01,Unknown,7.3,False,,1,1,https://mergr.com/company/201948,2026-09-03T23:53:59Z
2730,EnCap Flatrock Midstream,Texas,199481,Rangeland Energy III,Energy Services and Equipment,"Sugar Land, Alberta, Canada",2015-08-04,"Buyout (LBO, MBO, MBI)",2023-01-01,Unknown,7.3,False,,0,0,https://mergr.com/company/199481,2026-09-03T23:53:59Z
2730,EnCap Flatrock Midstream,Texas,195311,Stakeholder Midstream,Energy Services and Equipment,"San Antonio, Texas, United States",2015-07-07,"Buyout (LBO, MBO, MBI)",2025-12-01,Divestiture,10.3,False,,1,0,https://mergr.com/company/195311,2026-09-03T23:53:59Z
2730,EnCap Flatrock Midstream,Texas,184132,Tall Oak Midstream II,Oil/Gas Exploration,"Edmond, Oklahoma, United States",2015-04-23,Growth Capital,2021-01-27,Trade Sale - Public Company,5.8,False,,0,0,https://mergr.com/company/184132,2026-09-03T23:53:59Z
2730,EnCap Flatrock Midstream,Texas,182030,Nuevo Midstream Dos,Oil/Gas Exploration,"Houston, Texas, United States",2015-04-09,Growth Capital,2021-11-16,Divestiture,6.6,False,,1,0,https://mergr.com/company/182030,2026-09-03T23:53:59Z
2730,EnCap Flatrock Midstream,Texas,179895,Moda Midstream,Energy Services and Equipment,"Houston, Texas, United States",2015-03-17,Growth Capital,2024-01-16,Divestiture,8.8,False,,1,1,https://mergr.com/company/179895,2026-09-03T23:53:59Z
2730,EnCap Flatrock Midstream,Texas,87265,RiverRock Energy,Oil/Gas Exploration,"Shavano Park, Texas, United States",2014-04-21,Growth Capital,,,12.3,True,,0,0,https://mergr.com/company/87265,2026-09-03T23:53:59Z
2730,EnCap Flatrock Midstream,Texas,78709,Tall Oak Midstream LLC,Oil/Gas Exploration,"Edmond, Oklahoma, United States",2014-02-11,Growth Capital,2016-01-07,Divestiture,1.8,False,,0,0,https://mergr.com/company/78709,2026-09-03T23:53:59Z
2730,EnCap Flatrock Midstream,Texas,61750,Gravity Midstream,Oil/Gas Exploration,"Houston, Texas, United States",2013-07-16,"Buyout (LBO, MBO, MBI)",2017-10-17,Divestiture,4.3,False,,0,0,https://mergr.com/company/61750,2026-09-03T23:53:59Z
2730,EnCap Flatrock Midstream,Texas,61722,Cardinal Midstream II,Oil/Gas Exploration,"Dallas, Texas, United States",2013-05-14,"Buyout (LBO, MBO, MBI)",,,13.3,True,,0,0,https://mergr.com/company/61722,2026-09-03T23:53:59Z
2730,EnCap Flatrock Midstream,Texas,61770,Rangeland Energy II,Oil/Gas Exploration,"Sugar Land, Texas, United States",2013-01-10,"Buyout (LBO, MBO, MBI)",2018-01-03,Divestiture,4.9,False,,0,0,https://mergr.com/company/61770,2026-09-03T23:53:59Z
2730,EnCap Flatrock Midstream,Texas,61734,EagleClaw Midstream,Energy Services and Equipment,"Midland, Texas, United States",2012-08-07,"Buyout (LBO, MBO, MBI)",2017-04-17,Trade Sale - Public Company,4.7,False,,0,0,https://mergr.com/company/61734,2026-09-03T23:53:59Z
2730,EnCap Flatrock Midstream,Texas,61714,Caiman Energy II LLC,Oil/Gas Exploration,"Dallas, Texas, United States",2012-07-10,"Buyout (LBO, MBO, MBI)",,,14.1,True,,0,0,https://mergr.com/company/61714,2026-09-03T23:53:59Z
2730,EnCap Flatrock Midstream,Texas,30322,Tradition Midstream LLC,Oil/Gas Exploration,"The Woodlands, Texas, United States",2011-07-27,Growth Capital,,,15.1,True,,0,0,https://mergr.com/company/30322,2026-09-03T23:53:59Z
2730,EnCap Flatrock Midstream,Texas,61782,US Infrastructure Holdings LLC,Oil/Gas Exploration,"Houston, Texas, United States",2011-06-20,"Buyout (LBO, MBO, MBI)",,,15.2,True,,0,0,https://mergr.com/company/61782,2026-09-03T23:53:59Z
2730,EnCap Flatrock Midstream,Texas,61762,Nuevo Midstream LLC,Oil/Gas Exploration,"Houston, Texas, United States",2011-04-13,"Buyout (LBO, MBO, MBI)",2014-10-28,Divestiture,3.5,False,,0,0,https://mergr.com/company/61762,2026-09-03T23:53:59Z
2730,EnCap Flatrock Midstream,Texas,61706,Caballo Energy,Oil/Gas Exploration,"Tulsa, Oklahoma, United States",2010-06-08,Growth Capital,,,16.2,True,,1,0,https://mergr.com/company/61706,2026-09-03T23:53:59Z
2730,EnCap Flatrock Midstream,Texas,26233,Meritage Midstream Services LLC,Oil/Gas Exploration,"Golden, Colorado, United States",2009-11-02,"Buyout (LBO, MBO, MBI)",2012-03-15,Divestiture,2.3,False,,0,0,https://mergr.com/company/26233,2026-09-03T23:53:59Z
2730,EnCap Flatrock Midstream,Texas,30110,Caiman Energy LLC,Oil/Gas Exploration,"Dallas, Texas, United States",2009-01-01,"Buyout (LBO, MBO, MBI)",2012-04-27,Trade Sale - Public Company,3.3,False,,0,0,https://mergr.com/company/30110,2026-09-03T23:53:59Z
2730,EnCap Flatrock Midstream,Texas,61790,Cardinal Midstream,Oil/Gas Exploration,"Dallas, Texas, United States",2008-01-01,"Buyout (LBO, MBO, MBI)",2012-12-12,Divestiture,4.9,False,,0,0,https://mergr.com/company/61790,2026-09-03T23:53:59Z
4652,Five Point Infrastructure,Texas,346526,PowerBridge,Information Technology,"The Woodlands, Texas, United States",2025-05-15,"Buyout (LBO, MBO, MBI)",,,1.3,True,,0,0,https://mergr.com/company/346526,2026-09-03T23:53:59Z
4652,Five Point Infrastructure,Texas,320615,Deep Blue,Oil/Gas Exploration,"The Woodlands, Texas, United States",2023-09-11,Joint Venture,,,2.9,True,,1,0,https://mergr.com/company/320615,2026-09-03T23:53:59Z
4652,Five Point Infrastructure,Texas,270903,San Mateo Midstream II,Energy Services and Equipment,"Dallas, Texas, United States",2019-02-25,Joint Venture,,,7.5,True,,1,0,https://mergr.com/company/270903,2026-09-03T23:53:59Z
4652,Five Point Infrastructure,Texas,270905,EVX Midstream Partners II,Energy Services and Equipment,"Houston, Texas, United States",2018-09-17,Growth Capital,,,7.9,True,,0,0,https://mergr.com/company/270905,2026-09-03T23:53:59Z
4652,Five Point Infrastructure,Texas,249468,San Mateo Midstream I,Energy Services and Equipment,"Dallas, Texas, United States",2017-02-17,Joint Venture,,,9.5,True,,0,0,https://mergr.com/company/249468,2026-09-03T23:53:59Z
4652,Five Point Infrastructure,Texas,213584,WaterBridge,Infrastructure,"Houston, Texas, United States",2016-01-06,"Buyout (LBO, MBO, MBI)",2019-05-17,Trade Sale - Public Company,3.3,False,525,4,0,https://mergr.com/company/213584,2026-09-03T23:53:59Z
4652,Five Point Infrastructure,Texas,197454,EVX Midstream I,Energy Services and Equipment,"Houston, Texas, United States",2015-07-20,Growth Capital,,,11.1,True,,0,0,https://mergr.com/company/197454,2026-09-03T23:53:59Z
4652,Five Point Infrastructure,Texas,67342,Twin Eagle,Energy Services and Equipment,"Spring, Texas, United States",2014-03-19,Stake Purchase,2026-07-27,Spin Off,12.3,False,,0,0,https://mergr.com/company/67342,2026-09-03T23:53:59Z
4652,Five Point Infrastructure,Texas,197457,Redwood Midstream Partners LLC,Oil/Gas Exploration,"Houston, Texas, United States",2014-02-18,Growth Capital,,,12.5,True,,0,0,https://mergr.com/company/197457,2026-09-03T23:53:59Z
4886,Tailwater Capital,Texas,351767,Pickton Gas Storage,Oil/Gas Exploration,"Dallas, Texas, United States",2026-07-16,Growth Capital,,,0.1,True,,0,0,https://mergr.com/company/351767,2026-09-03T23:53:59Z
4886,Tailwater Capital,Texas,343861,Central Midstream Partners,Oil/Gas Exploration,"Dallas, Texas, United States",2025-12-11,Growth Capital,,,0.7,True,,0,0,https://mergr.com/company/343861,2026-09-03T23:53:59Z
4886,Tailwater Capital,Texas,344844,WTG Energy,Energy Services and Equipment,"Midland, Texas, United States",2024-10-05,"Buyout (LBO, MBO, MBI)",,,1.8,True,,0,0,https://mergr.com/company/344844,2026-09-03T23:53:59Z
4886,Tailwater Capital,Texas,319360,Ash Creek Renewables,Renewable Energy,"Southport, Connecticut, United States",2023-07-25,"Buyout (LBO, MBO, MBI)",,,3.1,True,,0,0,https://mergr.com/company/319360,2026-09-03T23:53:59Z
4886,Tailwater Capital,Texas,345527,Verdad Resources,Oil/Gas Exploration,"Dallas, Texas, United States",2022-09-01,"Buyout (LBO, MBO, MBI)",,,4,True,,0,0,https://mergr.com/company/345527,2026-09-03T23:53:59Z
4886,Tailwater Capital,Texas,298813,Renovo Resources,Utilities,"Irvine, California, United States",2022-04-04,"Buyout (LBO, MBO, MBI)",,,4.4,True,,0,0,https://mergr.com/company/298813,2026-09-03T23:53:59Z
4886,Tailwater Capital,Texas,319384,Continuus Materials,Environmental,"The Woodlands, Texas, United States",2022-01-13,Joint Venture,,,4.6,True,,0,0,https://mergr.com/company/319384,2026-09-03T23:53:59Z
4886,Tailwater Capital,Texas,319369,Frontier Carbon Solutions,Environmental,"Dallas, Texas, United States",2021-10-01,"Buyout (LBO, MBO, MBI)",,,4.9,True,,0,0,https://mergr.com/company/319369,2026-09-03T23:53:59Z
4886,Tailwater Capital,Texas,289785,Freestone,Business Services,"Dallas, Texas, United States",2021-03-01,"Buyout (LBO, MBO, MBI)",,,5.5,True,,3,0,https://mergr.com/company/289785,2026-09-03T23:53:59Z
4886,Tailwater Capital,Texas,80289,NorTex Midstream Partners,Oil/Gas Exploration,"Houston, Texas, United States",2021-02-17,Divestiture,2022-09-08,Bankruptcy,1.5,False,,0,0,https://mergr.com/company/80289,2026-09-03T23:53:59Z
4886,Tailwater Capital,Texas,184132,Tall Oak Midstream II,Oil/Gas Exploration,"Edmond, Oklahoma, United States",2021-01-27,Secondary Buyout,,,5.6,True,,1,0,https://mergr.com/company/184132,2026-09-03T23:53:59Z
4886,Tailwater Capital,Texas,280977,Tall Oak Midstream III,Oil/Gas Exploration,"Edmond, Oklahoma, United States",2021-01-27,Secondary Buyout,2024-10-01,Divestiture,3.7,False,,0,0,https://mergr.com/company/280977,2026-09-03T23:53:59Z
4886,Tailwater Capital,Texas,319381,Triten Energy Partners,Energy Services and Equipment,"Houston, Texas, United States",2019-09-19,Growth Capital,2024-05-01,Divestiture,4.6,False,,0,0,https://mergr.com/company/319381,2026-09-03T23:53:59Z
4886,Tailwater Capital,Texas,289788,Nueces Midstream,Oil/Gas Exploration,"San Antonio, Texas, United States",2019-01-01,"Buyout (LBO, MBO, MBI)",,,7.7,True,,0,0,https://mergr.com/company/289788,2026-09-03T23:53:59Z
4886,Tailwater Capital,Texas,15639,Southcross Energy,Energy Services and Equipment,"Dallas, Texas, United States",2018-01-01,Stake Purchase,,,8.7,True,,0,0,https://mergr.com/company/15639,2026-09-03T23:53:59Z
4886,Tailwater Capital,Texas,245506,Silver Creek Midstream,Energy Services and Equipment,"Irving, Texas, United States",2017-11-15,Growth Capital,,,8.8,True,,2,0,https://mergr.com/company/245506,2026-09-03T23:53:59Z
4886,Tailwater Capital,Texas,244865,Elevate Midstream Partners,Energy Services and Equipment,"Houston, Texas, United States",2017-10-31,Growth Capital,,,8.8,True,,2,0,https://mergr.com/company/244865,2026-09-03T23:53:59Z
4886,Tailwater Capital,Texas,259184,Copperbeck,Energy Services and Equipment,"Dallas, Texas, United States",2017-10-17,Growth Capital,2023-06-01,Unknown,5.6,False,,0,0,https://mergr.com/company/259184,2026-09-03T23:53:59Z
4886,Tailwater Capital,Texas,289741,Align Midstream Partners II,Oil/Gas Exploration,"Dallas, Texas, United States",2017-09-01,"Buyout (LBO, MBO, MBI)",2022-09-22,Divestiture,5,False,,0,0,https://mergr.com/company/289741,2026-09-03T23:53:59Z
4886,Tailwater Capital,Texas,244889,E2 Energy Services,Energy Services and Equipment,"Dallas, Texas, United States",2017-08-28,Recapitalization,2024-06-01,Unknown,6.8,False,,0,0,https://mergr.com/company/244889,2026-09-03T23:53:59Z
4886,Tailwater Capital,Texas,242480,Valiant Midstream,Energy Services and Equipment,"Oklahoma City, Oklahoma, United States",2017-07-27,Growth Capital,,,9.1,True,,0,0,https://mergr.com/company/242480,2026-09-03T23:53:59Z
4886,Tailwater Capital,Texas,259181,Connect Midstream,Energy Services and Equipment,"Edmond, Oklahoma, United States",2017-07-25,Growth Capital,,,9.1,True,,0,0,https://mergr.com/company/259181,2026-09-03T23:53:59Z
4886,Tailwater Capital,Texas,259195,Cureton Midstream,Energy Services and Equipment,"Denver, California, United States",2017-07-01,"Buyout (LBO, MBO, MBI)",2023-11-02,Divestiture,6.3,False,,1,0,https://mergr.com/company/259195,2026-09-03T23:53:59Z
4886,Tailwater Capital,Texas,242491,Producers Midstream,Energy Services and Equipment,"Dallas, Texas, United States",2016-10-04,"Buyout (LBO, MBO, MBI)",,,9.9,True,,0,0,https://mergr.com/company/242491,2026-09-03T23:53:59Z
4886,Tailwater Capital,Texas,225256,Goodnight Midstream,Energy Services and Equipment,"Dallas, Texas, United States",2016-08-09,Growth Capital,,,10,True,,1,0,https://mergr.com/company/225256,2026-09-03T23:53:59Z
4886,Tailwater Capital,Texas,289742,Blue Tide Environmental,Environmental,"Plano, Texas, United States",2016-03-01,"Buyout (LBO, MBO, MBI)",,,10.5,True,,0,0,https://mergr.com/company/289742,2026-09-03T23:53:59Z
4886,Tailwater Capital,Texas,259180,TexStar Midstream Logistics,Oil/Gas Exploration,"San Antonio, Texas, United States",2014-12-01,"Buyout (LBO, MBO, MBI)",2024-02-01,Unknown,9.2,False,,0,0,https://mergr.com/company/259180,2026-09-03T23:53:59Z
4886,Tailwater Capital,Texas,243331,Align Midstream,Oil/Gas Exploration,"Dallas, Texas, United States",2014-03-01,"Buyout (LBO, MBO, MBI)",2017-09-12,Divestiture,3.5,False,,0,0,https://mergr.com/company/243331,2026-09-03T23:53:59Z
4886,Tailwater Capital,Texas,259070,PetroWaste Environmental LP,Environmental,"San Antonio, Texas, United States",2014-01-01,"Buyout (LBO, MBO, MBI)",2019-03-11,Divestiture,5.2,False,,0,0,https://mergr.com/company/259070,2026-09-03T23:53:59Z
4886,Tailwater Capital,Texas,254259,Pivotal Petroleum,Oil/Gas Exploration,"Dallas, Texas, United States",2013-11-01,"Buyout (LBO, MBO, MBI)",,,12.8,True,,0,1,https://mergr.com/company/254259,2026-09-03T23:53:59Z
4886,Tailwater Capital,Texas,27664,Regency Energy Partners LP,Energy Services and Equipment,"Dallas, Texas, United States",2006-02-01,Stake Purchase,2015-01-26,Spin Off,8.9,False,1490,5,0,https://mergr.com/company/27664,2026-09-03T23:53:59Z
4886,Tailwater Capital,Texas,2397,BlackBrush,Oil/Gas Exploration,"San Antonio, Texas, United States",2004-01-01,"Buyout (LBO, MBO, MBI)",2014-06-17,Trade Sale - Public Company,10.4,False,,0,0,https://mergr.com/company/2397,2026-09-03T23:53:59Z
6444,Greenbelt Capital Partners,Texas,351753,Bowe & Gant Electrical Services,Electrical Equipment,"Sewell, New Jersey, United States",2026-07-20,"Buyout (LBO, MBO, MBI)",,,0.1,True,,0,0,https://mergr.com/company/351753,2026-09-03T23:53:59Z
6444,Greenbelt Capital Partners,Texas,347539,AWG,Electrical Equipment,"Miami, Florida, United States",2026-03-31,Growth Capital,,,0.4,True,,0,0,https://mergr.com/company/347539,2026-09-03T23:53:59Z
6444,Greenbelt Capital Partners,Texas,252066,Peak Utility Services Group,Energy Services and Equipment,"Broomfield, Colorado, United States",2026-03-11,Secondary Buyout,,,0.4,True,,0,0,https://mergr.com/company/252066,2026-09-03T23:53:59Z
6444,Greenbelt Capital Partners,Texas,286819,Brush,Electrical Equipment,"Leicestershire, United Kingdom",2025-06-24,Secondary Buyout,,,1.2,True,,0,0,https://mergr.com/company/286819,2026-09-03T23:53:59Z
6444,Greenbelt Capital Partners,Texas,321739,CTC Global,Manufacturing,"Irvine, Georgia, United States",2024-02-12,Growth Capital,,,2.5,True,,0,0,https://mergr.com/company/321739,2026-09-03T23:53:59Z
6444,Greenbelt Capital Partners,Texas,315139,Saber Power,Utilities,"Houston, Texas, United States",2023-11-01,Secondary Buyout,2026-08-06,Trade Sale - Public Company,2.8,False,,1,0,https://mergr.com/company/315139,2026-09-03T23:53:59Z
6444,Greenbelt Capital Partners,Texas,200888,Unirac,Manufacturing,"Albuquerque, New Mexico, United States",2022-10-06,Recapitalization,,,3.8,True,,0,0,https://mergr.com/company/200888,2026-09-03T23:53:59Z
6444,Greenbelt Capital Partners,Texas,304900,Powin,Energy Services and Equipment,"Tualatin, Oregon, United States",2022-07-14,Growth Capital,2025-06-11,Bankruptcy,2.8,False,,1,1,https://mergr.com/company/304900,2026-09-03T23:53:59Z
6444,Greenbelt Capital Partners,Texas,313222,ION Solar,Renewable Energy,"Provo, Utah, United States",2022-03-08,Growth Capital,,,4.4,True,,0,0,https://mergr.com/company/313222,2026-09-03T23:53:59Z
6444,Greenbelt Capital Partners,Texas,313513,SemaConnect,Electrical Equipment,"Bowie, Maryland, United States",2020-10-20,Growth Capital,2022-06-14,Divestiture,1.6,False,,0,0,https://mergr.com/company/313513,2026-09-03T23:53:59Z
6444,Greenbelt Capital Partners,Texas,301819,Intersect Power,Information Technology,"Beaverton, Oregon, United States",2020-01-01,Growth Capital,2025-12-22,Divestiture,5.9,False,,0,0,https://mergr.com/company/301819,2026-09-03T23:53:59Z
6444,Greenbelt Capital Partners,Texas,261586,AEGIS Hedging,Internet Software and Services,"The Woodlands, Texas, United States",2019-06-10,Growth Capital,2026-07-22,Trade Sale - Public Company,7.1,False,,4,0,https://mergr.com/company/261586,2026-09-03T23:53:59Z
6444,Greenbelt Capital Partners,Texas,257032,DJR Energy,Oil/Gas Exploration,"Denver, Colorado, United States",2017-04-01,"Buyout (LBO, MBO, MBI)",,,9.4,True,,1,0,https://mergr.com/company/257032,2026-09-03T23:53:59Z
6444,Greenbelt Capital Partners,Texas,187142,TRP Energy,Oil/Gas Exploration,"Houston, Texas, United States",2015-05-12,Stake Purchase,,,11.3,True,,0,0,https://mergr.com/company/187142,2026-09-03T23:53:59Z
6444,Greenbelt Capital Partners,Texas,313529,Ward Energy Partners,Oil/Gas Exploration,"Oklahoma City, Oklahoma, United States",2014-07-24,"Buyout (LBO, MBO, MBI)",,,12.1,True,,0,0,https://mergr.com/company/313529,2026-09-03T23:53:59Z
362,Main Street Capital,Texas,343593,Nearshore Company,Manufacturing,"Brownsville, Texas, United States",2025-11-19,Growth Capital,,,0.8,True,,0,0,https://mergr.com/company/343593,2026-09-04T00:38:05Z
362,Main Street Capital,Texas,343548,Financial Risk group,Financial Services,"Cary, North Carolina, United States",2025-09-23,Recapitalization,,,0.9,True,,0,0,https://mergr.com/company/343548,2026-09-04T00:38:05Z
362,Main Street Capital,Texas,343527,Doral,Business Services,"Milwaukee, Wisconsin, United States",2025-05-22,Recapitalization,,,1.3,True,,0,0,https://mergr.com/company/343527,2026-09-04T00:38:05Z
362,Main Street Capital,Texas,343609,Milford Vascular Institute,Healthcare Services,"Milford, Connecticut, United States",2025-04-01,Recapitalization,,,1.4,True,,0,0,https://mergr.com/company/343609,2026-09-04T00:38:05Z
362,Main Street Capital,Texas,50254,Victory Energy,Machinery,"Collinsville, Oklahoma, United States",2024-10-08,Recapitalization,,,1.8,True,,0,0,https://mergr.com/company/50254,2026-09-04T00:38:05Z
362,Main Street Capital,Texas,328306,MoneyThumb,Internet Software and Services,"Encinitas, California, United States",2024-08-29,"Buyout (LBO, MBO, MBI)",,,2,True,,0,0,https://mergr.com/company/328306,2026-09-04T00:38:05Z
362,Main Street Capital,Texas,306768,Nello,Manufacturing,"South Bend, Indiana, United States",2024-06-11,Secondary Buyout,,,2.2,True,,0,0,https://mergr.com/company/306768,2026-09-04T00:38:05Z
362,Main Street Capital,Texas,343556,Urgent Dental Center & Family Dentistry,Healthcare Services,"Indianapolis, Indiana, United States",2024-02-20,Recapitalization,,,2.5,True,,0,0,https://mergr.com/company/343556,2026-09-04T00:38:05Z
362,Main Street Capital,Texas,343594,Pinnacle Plastics,Plastics,"Houston, Texas, United States",2023-12-27,Recapitalization,,,2.7,True,,0,0,https://mergr.com/company/343594,2026-09-04T00:38:05Z
362,Main Street Capital,Texas,115865,Compass Systems and Sales,Machinery,"Barberton, Ohio, United States",2023-12-13,Recapitalization,,,2.7,True,,0,0,https://mergr.com/company/115865,2026-09-04T00:38:05Z
362,Main Street Capital,Texas,273895,Ira Green,Consumer Products,"Providence, Rhode Island, United States",2023-06-28,Secondary Buyout,,,3.2,True,,0,0,https://mergr.com/company/273895,2026-09-04T00:38:05Z
362,Main Street Capital,Texas,21502,CTEC,Information Technology,"McLean, Virginia, United States",2023-05-18,Growth Capital,,,3.3,True,,0,0,https://mergr.com/company/21502,2026-09-04T00:38:05Z
362,Main Street Capital,Texas,319270,Infinity X1,Electrical Equipment,"San Diego, California, United States",2023-04-28,Recapitalization,,,3.3,True,,0,0,https://mergr.com/company/319270,2026-09-04T00:38:05Z
362,Main Street Capital,Texas,308353,World Micro,Distribution,"Roswell, Georgia, United States",2022-12-20,Recapitalization,,,3.7,True,,0,0,https://mergr.com/company/308353,2026-09-04T00:38:05Z
362,Main Street Capital,Texas,306416,MetalForming,Distribution,"Peachtree City, Georgia, United States",2022-10-27,Recapitalization,,,3.8,True,,0,0,https://mergr.com/company/306416,2026-09-04T00:38:05Z
362,Main Street Capital,Texas,320258,Elgin Industries,Automotive,"Elgin, Illinois, United States",2022-10-26,Growth Capital,,,3.8,True,,0,0,https://mergr.com/company/320258,2026-09-04T00:38:05Z
362,Main Street Capital,Texas,245325,Artifact Uprising,Consumer Products,"Denver, Colorado, United States",2022-07-07,Recapitalization,,,4.1,True,,0,0,https://mergr.com/company/245325,2026-09-04T00:38:05Z
362,Main Street Capital,Texas,298049,JorVet,Medical Products,"Loveland, Colorado, United States",2022-03-31,Recapitalization,,,4.4,True,,0,0,https://mergr.com/company/298049,2026-09-04T00:38:05Z
362,Main Street Capital,Texas,319325,Batjer & Associates,Business Services,"Abilene, Texas, United States",2022-03-15,Recapitalization,,,4.4,True,,0,0,https://mergr.com/company/319325,2026-09-04T00:38:05Z
362,Main Street Capital,Texas,77069,Robbins Brothers,Retail,"Azusa, California, United States",2022-01-13,Secondary Buyout,,,4.6,True,,0,0,https://mergr.com/company/77069,2026-09-04T00:38:05Z
362,Main Street Capital,Texas,319328,Career Team,Business Services,"Shelton, Connecticut, United States",2022-01-05,Recapitalization,,,4.6,True,,0,0,https://mergr.com/company/319328,2026-09-04T00:38:05Z
362,Main Street Capital,Texas,319271,CenterPeak,Staffing,"New York, New York, United States",2021-12-16,Growth Capital,,,4.7,True,,1,0,https://mergr.com/company/319271,2026-09-04T00:38:05Z
362,Main Street Capital,Texas,319281,Valley Vet Supply,Retail,"Marysville, Kansas, United States",2021-12-07,Recapitalization,,,4.7,True,,0,0,https://mergr.com/company/319281,2026-09-04T00:38:05Z
362,Main Street Capital,Texas,293319,Verified Credentials,Staffing,"Lakeville, Minnesota, United States",2021-12-03,Recapitalization,,,4.8,True,,0,0,https://mergr.com/company/293319,2026-09-04T00:38:05Z
362,Main Street Capital,Texas,343534,DMA Industries,Distribution,"Tabor City, North Carolina, United States",2021-11-30,Recapitalization,,,4.8,True,,0,0,https://mergr.com/company/343534,2026-09-04T00:38:05Z
362,Main Street Capital,Texas,319331,Flame King,Utilities,"Pico Rivera, California, United States",2021-11-04,Recapitalization,,,4.8,True,,0,0,https://mergr.com/company/319331,2026-09-04T00:38:05Z
362,Main Street Capital,Texas,290404,Sonic Systems,Energy Services and Equipment,"Houston, Texas, United States",2021-09-15,"Buyout (LBO, MBO, MBI)",,,4.9,True,,0,0,https://mergr.com/company/290404,2026-09-04T00:38:05Z
362,Main Street Capital,Texas,319274,Oneliance,Business Services,"Huntersville, North Carolina, United States",2021-08-17,Recapitalization,,,5,True,,0,0,https://mergr.com/company/319274,2026-09-04T00:38:05Z
362,Main Street Capital,Texas,319324,Affiliati,Marketing,"Santa Barbara, California, United States",2021-08-17,Recapitalization,,,5,True,,0,0,https://mergr.com/company/319324,2026-09-04T00:38:05Z
362,Main Street Capital,Texas,319275,Orttech,Distribution,"Solon, Ohio, United States",2021-08-04,Recapitalization,,,5.1,True,,0,0,https://mergr.com/company/319275,2026-09-04T00:38:05Z
362,Main Street Capital,Texas,283773,Grand Flower Growers,Consumer Products,"Wayland, Michigan, United States",2021-04-07,Recapitalization,,,5.3,True,,0,0,https://mergr.com/company/283773,2026-09-04T00:38:05Z
362,Main Street Capital,Texas,283717,Colonial Electric,Business Services,"Harwood, Maryland, United States",2021-04-06,Recapitalization,,,5.3,True,,0,0,https://mergr.com/company/283717,2026-09-04T00:38:05Z
362,Main Street Capital,Texas,200370,Smoker Friendly,Retail,"Boulder, Colorado, United States",2021-01-07,Recapitalization,,,5.6,True,,0,0,https://mergr.com/company/200370,2026-09-04T00:38:05Z
362,Main Street Capital,Texas,319332,Heritage Vet Partners,Consumer Services,"West Point, Nebraska, United States",2021-01-06,Recapitalization,,,5.6,True,,0,0,https://mergr.com/company/319332,2026-09-04T00:38:05Z
362,Main Street Capital,Texas,319276,Superior,Business Services,"Atlanta, Georgia, United States",2020-09-02,Recapitalization,,,6,True,,0,0,https://mergr.com/company/319276,2026-09-04T00:38:05Z
362,Main Street Capital,Texas,274032,Coastal Television Broadcasting Co.,Media,"Anchorage, Alaska, United States",2020-06-11,Acquisition Financing,,,6.2,True,,1,0,https://mergr.com/company/274032,2026-09-04T00:38:05Z
362,Main Street Capital,Texas,69294,Pearl Meyer,Business Services,"Wellesley, Massachusetts, United States",2020-04-28,Recapitalization,2025-01-06,Merger,4.7,False,,3,0,https://mergr.com/company/69294,2026-09-04T00:38:05Z
362,Main Street Capital,Texas,319330,CHG,Consumer Products,"Shelton, Connecticut, United States",2020-03-19,Recapitalization,2024-05-28,Spin Off,4.2,False,,0,0,https://mergr.com/company/319330,2026-09-04T00:38:05Z
362,Main Street Capital,Texas,176501,Cody Pools,Construction,"Georgetown, Texas, United States",2020-03-11,Secondary Buyout,,,6.4,True,,0,0,https://mergr.com/company/176501,2026-09-04T00:38:05Z
362,Main Street Capital,Texas,272256,NinjaTrader Group,Software,"Chicago, Illinois, United States",2020-01-06,Growth Capital,2025-03-20,Divestiture,5.2,False,,2,0,https://mergr.com/company/272256,2026-09-04T00:38:05Z
362,Main Street Capital,Texas,266817,J & J Services,Environmental,"Nashville, Tennessee, United States",2019-11-06,Recapitalization,2021-11-03,Unknown,1.9,False,,0,0,https://mergr.com/company/266817,2026-09-04T00:38:05Z
362,Main Street Capital,Texas,266773,Keco,Manufacturing,"Houston, Texas, United States",2019-08-27,Recapitalization,,,7,True,,0,0,https://mergr.com/company/266773,2026-09-04T00:38:05Z
362,Main Street Capital,Texas,501,Trantech,Electrical Equipment,"Edgefield, South Carolina, United States",2019-06-05,Secondary Buyout,,,7.2,True,,0,0,https://mergr.com/company/501,2026-09-04T00:38:05Z
362,Main Street Capital,Texas,4991,CompareNetworks,Information Technology,"San Francisco, California, United States",2019-02-06,"Buyout (LBO, MBO, MBI)",,,7.5,True,,0,0,https://mergr.com/company/4991,2026-09-04T00:38:05Z
362,Main Street Capital,Texas,222156,Centre Technologies,Information Technology,"Houston, Texas, United States",2019-01-08,Recapitalization,2026-06-24,Trade Sale - Public Company,7.4,False,,0,0,https://mergr.com/company/222156,2026-09-04T00:38:05Z
362,Main Street Capital,Texas,69042,KMC,Manufacturing,"Port Washington, Wisconsin, United States",2018-11-13,Secondary Buyout,,,7.8,True,,0,0,https://mergr.com/company/69042,2026-09-04T00:38:05Z
362,Main Street Capital,Texas,254204,SlickText,Internet Software and Services,"Jamestown, New York, United States",2018-09-17,Recapitalization,,,7.9,True,,0,0,https://mergr.com/company/254204,2026-09-04T00:38:05Z
362,Main Street Capital,Texas,266911,SI East,Manufacturing,"Wilmington, Delaware, United States",2018-09-06,"Buyout (LBO, MBO, MBI)",,,7.9,True,,1,0,https://mergr.com/company/266911,2026-09-04T00:38:05Z
362,Main Street Capital,Texas,254342,Tedder Industries,Consumer Products,"Post Falls, Idaho, United States",2018-09-05,Recapitalization,,,7.9,True,,0,1,https://mergr.com/company/254342,2026-09-04T00:38:05Z
362,Main Street Capital,Texas,249950,DPI,Electronics,"St. Louis, Missouri, United States",2018-04-05,Recapitalization,,,8.3,True,,0,0,https://mergr.com/company/249950,2026-09-04T00:38:05Z
362,Main Street Capital,Texas,35389,California Splendor,Food,"San Diego, California, United States",2018-04-03,"Buyout (LBO, MBO, MBI)",,,8.4,True,,0,0,https://mergr.com/company/35389,2026-09-04T00:38:05Z
362,Main Street Capital,Texas,249951,NexRev,Business Services,"Plano, Texas, United States",2018-03-06,Recapitalization,,,8.4,True,,0,0,https://mergr.com/company/249951,2026-09-04T00:38:05Z
362,Main Street Capital,Texas,6659,DMS,Marketing,"Portland, Oregon, United States",2018-02-28,Secondary Buyout,,,8.5,True,,1,0,https://mergr.com/company/6659,2026-09-04T00:38:05Z
362,Main Street Capital,Texas,249050,Chamberlin Roofing & Waterproofing,Business Services,"Houston, Texas, United States",2018-02-28,Recapitalization,,,8.5,True,,0,0,https://mergr.com/company/249050,2026-09-04T00:38:05Z
362,Main Street Capital,Texas,248598,Brewer Crane,Business Services,"Lakeside, California, United States",2018-01-11,Recapitalization,,,8.6,True,,0,0,https://mergr.com/company/248598,2026-09-04T00:38:05Z
362,Main Street Capital,Texas,10688,Market Force,Internet Software and Services,"Peachtree Corners, Georgia, United States",2017-08-01,Secondary Buyout,,,9.1,True,,0,0,https://mergr.com/company/10688,2026-09-04T00:38:05Z
362,Main Street Capital,Texas,241396,Boccella Precast,Building Materials,"Berlin, New Jersey, United States",2017-07-06,Growth Capital,,,9.1,True,,0,0,https://mergr.com/company/241396,2026-09-04T00:38:05Z
362,Main Street Capital,Texas,34225,Binswanger Glass,Construction,"Memphis, Tennessee, United States",2017-03-13,Secondary Buyout,2025-11-12,Trade Sale - Public Company,8.6,False,,0,0,https://mergr.com/company/34225,2026-09-04T00:38:05Z
362,Main Street Capital,Texas,266785,Charps,Energy Services and Equipment,"Clearbrook, Minnesota, United States",2017-02-09,"Buyout (LBO, MBO, MBI)",,,9.5,True,,0,0,https://mergr.com/company/266785,2026-09-04T00:38:05Z
362,Main Street Capital,Texas,235820,NuStep,Consumer Products,"Plymouth, Michigan, United States",2017-02-07,Recapitalization,,,9.5,True,,0,0,https://mergr.com/company/235820,2026-09-04T00:38:05Z
362,Main Street Capital,Texas,49409,Clad Rex,Manufacturing,"Franklin Park, Illinois, United States",2016-12-22,Secondary Buyout,,,9.7,True,,0,0,https://mergr.com/company/49409,2026-09-04T00:38:05Z
362,Main Street Capital,Texas,232121,Hawk Ridge Systems,Software,"Mountain View, California, United States",2016-12-07,Recapitalization,,,9.7,True,,8,0,https://mergr.com/company/232121,2026-09-04T00:38:05Z
362,Main Street Capital,Texas,116953,Gamber-Johnson,Manufacturing,"Stevens Point, Wisconsin, United States",2016-06-29,Divestiture,,,10.2,True,,3,0,https://mergr.com/company/116953,2026-09-04T00:38:05Z
362,Main Street Capital,Texas,197884,Gulf Energy,Publishing,"Houston, Texas, United States",2016-05-03,"Buyout (LBO, MBO, MBI)",,,10.3,True,,1,0,https://mergr.com/company/197884,2026-09-04T00:38:05Z
362,Main Street Capital,Texas,221903,BBB Tank Services,Business Services,"Baytown, Texas, United States",2016-04-19,Recapitalization,,,10.3,True,,0,0,https://mergr.com/company/221903,2026-09-04T00:38:05Z
362,Main Street Capital,Texas,221905,CapFusion LLC,Financial Services,"Prairie Village, Kansas, United States",2016-04-15,Growth Capital,,,10.3,True,,0,0,https://mergr.com/company/221905,2026-09-04T00:38:05Z
362,Main Street Capital,Texas,221909,Valley Healthcare Group LLC,Medical Products,"Mesa, Arizona, United States",2016-01-05,Growth Capital,,,10.6,True,,0,0,https://mergr.com/company/221909,2026-09-04T00:38:05Z
362,Main Street Capital,Texas,215827,Apex Linen,Business Services,"Las Vegas, Nevada, United States",2015-11-03,Growth Capital,,,10.8,True,,0,0,https://mergr.com/company/215827,2026-09-04T00:38:05Z
362,Main Street Capital,Texas,266824,MH Corbin,Transportation,"Dublin, Ohio, United States",2015-09-09,Recapitalization,,,10.9,True,,0,0,https://mergr.com/company/266824,2026-09-04T00:38:05Z
362,Main Street Capital,Texas,201697,HW Staffing Solutions,Staffing,"South Easton, Massachusetts, United States",2015-07-09,Recapitalization,,,11.1,True,,3,0,https://mergr.com/company/201697,2026-09-04T00:38:05Z
362,Main Street Capital,Texas,228702,Volusion,Internet Software and Services,"Austin, Texas, United States",2015-01-29,Growth Capital,,,11.6,True,,0,1,https://mergr.com/company/228702,2026-09-04T00:38:05Z
362,Main Street Capital,Texas,202292,GRT Rubber Technologies,Machinery,"Paragould, Arizona, United States",2014-12-30,Growth Capital,,,11.7,True,,1,0,https://mergr.com/company/202292,2026-09-04T00:38:05Z
362,Main Street Capital,Texas,202283,AFG Rentals,Financial Services,"Grandview, Texas, United States",2014-11-13,Recapitalization,,,11.8,True,,0,0,https://mergr.com/company/202283,2026-09-04T00:38:05Z
362,Main Street Capital,Texas,248583,Soft Touch Medical LLC,Medical Products,"Marietta, Georgia, United States",2014-11-11,Recapitalization,2018-02-14,Unknown,3.3,False,,0,0,https://mergr.com/company/248583,2026-09-04T00:38:05Z
362,Main Street Capital,Texas,202291,East West Copolymer LLC,Chemicals,"Baton Rouge, Louisiana, United States",2014-10-21,Growth Capital,2016-02-17,Trade Sale - Public Company,1.3,False,,0,0,https://mergr.com/company/202291,2026-09-04T00:38:05Z
362,Main Street Capital,Texas,176811,CAI,Software,"Lincoln, Rhode Island, United States",2014-10-15,Recapitalization,2021-12-13,Trade Sale - Public Company,7.1,False,,5,0,https://mergr.com/company/176811,2026-09-04T00:38:05Z
362,Main Street Capital,Texas,266836,Mystic Logistics,Transportation,"South Glastonbury, Connecticut, United States",2014-08-21,Recapitalization,,,12,True,,0,0,https://mergr.com/company/266836,2026-09-04T00:38:05Z
362,Main Street Capital,Texas,186163,Boss Industries,Machinery,"LaPorte, Indiana, United States",2014-07-08,"Buyout (LBO, MBO, MBI)",2019-02-05,Trade Sale - Public Company,4.5,False,,0,0,https://mergr.com/company/186163,2026-09-04T00:38:05Z
362,Main Street Capital,Texas,202287,BlackHawk Technology Group,Information Technology,"Lafayette, Louisiana, United States",2014-06-03,Recapitalization,,,12.3,True,,0,0,https://mergr.com/company/202287,2026-09-04T00:38:05Z
362,Main Street Capital,Texas,202300,IDX LLC,Internet Software and Services,"Eugene, Oregon, United States",2013-11-20,Recapitalization,2020-06-24,Divestiture,6.6,False,,2,0,https://mergr.com/company/202300,2026-09-04T00:38:05Z
362,Main Street Capital,Texas,22431,"Travis Body & Trailer, Inc. ",Manufacturing,"Houston, Texas, United States",2013-09-06,Secondary Buyout,2016-09-30,Divestiture,3,False,,0,0,https://mergr.com/company/22431,2026-09-04T00:38:05Z
362,Main Street Capital,Texas,84109,Southern RV LLC,Retail,"Bossier City, Louisiana, United States",2013-08-09,Growth Capital,2016-01-20,Sold to Management,2.4,False,,0,0,https://mergr.com/company/84109,2026-09-04T00:38:05Z
362,Main Street Capital,Texas,202285,American Shooting Centers,Real Estate,"Houston, Texas, United States",2013-08-06,Growth Capital,,,13,True,,0,0,https://mergr.com/company/202285,2026-09-04T00:38:05Z
362,Main Street Capital,Texas,61694,Garreco,Medical Products,"Heber Springs, Arkansas, United States",2013-07-17,Recapitalization,,,13.1,True,,0,0,https://mergr.com/company/61694,2026-09-04T00:38:05Z
362,Main Street Capital,Texas,84001,"Impact Telecom, Inc.",Communications,"Greenwood Village, Colorado, United States",2013-06-03,Acquisition Financing,2018-07-12,Divestiture,5.1,False,,2,0,https://mergr.com/company/84001,2026-09-04T00:38:05Z
362,Main Street Capital,Texas,35373,Rocaceia Energy Services,Oil/Gas Exploration,"Moore, Texas, United States",2013-01-10,"Buyout (LBO, MBO, MBI)",,,13.6,True,,0,0,https://mergr.com/company/35373,2026-09-04T00:38:05Z
362,Main Street Capital,Texas,84149,Texas ReExcavation LC,Business Services,"Houston, Texas, United States",2013-01-03,Growth Capital,2014-10-09,Divestiture,1.8,False,,0,0,https://mergr.com/company/84149,2026-09-04T00:38:05Z
362,Main Street Capital,Texas,34573,Bond-Coat,Manufacturing,"Odessa, Texas, United States",2012-12-31,Growth Capital,,,13.7,True,,0,0,https://mergr.com/company/34573,2026-09-04T00:38:05Z
362,Main Street Capital,Texas,34581,LoneStar Marine Shelters,Marine,"Galveston, Texas, United States",2012-12-31,Growth Capital,,,13.7,True,,0,0,https://mergr.com/company/34581,2026-09-04T00:38:05Z
362,Main Street Capital,Texas,23861,PCI,Machinery,"Riverside, California, United States",2012-12-20,"Buyout (LBO, MBO, MBI)",2021-04-16,Merger,8.3,False,,0,0,https://mergr.com/company/23861,2026-09-04T00:38:05Z
362,Main Street Capital,Texas,27839,IRTH Solutions,Software,"Columbus, Ohio, United States",2012-12-01,Secondary Buyout,2015-07-21,Trade Sale - Public Company,2.6,False,,0,0,https://mergr.com/company/27839,2026-09-04T00:38:05Z
362,Main Street Capital,Texas,36585,TaoWeave,Information Technology,"Denver, Colorado, United States",2012-11-07,PIPE,2017-06-30,Unknown,4.6,False,2,0,0,https://mergr.com/company/36585,2026-09-04T00:38:05Z
362,Main Street Capital,Texas,32774,Indianhead Pipeline Services LLC,Construction,"Chippewa Falls, Wisconsin, United States",2012-08-09,Growth Capital,,,14,True,,0,0,https://mergr.com/company/32774,2026-09-04T00:38:05Z
362,Main Street Capital,Texas,32794,Zilliant,Software,"Austin, Texas, United States",2012-06-28,Growth Capital,,,14.2,True,,1,0,https://mergr.com/company/32794,2026-09-04T00:38:05Z
362,Main Street Capital,Texas,32763,Phantom Fireworks,Retail,"Youngstown, Ohio, United States",2012-06-26,Recapitalization,,,14.2,True,,0,0,https://mergr.com/company/32763,2026-09-04T00:38:05Z
362,Main Street Capital,Texas,24459,Bridge Capital,Financial Services,"Hauppauge, New York, United States",2012-05-08,Secondary Buyout,,,14.3,True,,0,0,https://mergr.com/company/24459,2026-09-04T00:38:05Z
362,Main Street Capital,Texas,32762,Ameritech College of Healthcare,Education,"Draper, Utah, United States",2012-03-14,Growth Capital,,,14.4,True,,0,0,https://mergr.com/company/32762,2026-09-04T00:38:05Z
362,Main Street Capital,Texas,32789,NRP Jones,Manufacturing,"LaPorte, Indiana, United States",2012-01-04,"Buyout (LBO, MBO, MBI)",,,14.7,True,,0,0,https://mergr.com/company/32789,2026-09-04T00:38:05Z
362,Main Street Capital,Texas,32793,Willis Group LLC,Staffing,"Houston, Texas, United States",2011-12-22,Growth Capital,,,14.7,True,,0,0,https://mergr.com/company/32793,2026-09-04T00:38:05Z
362,Main Street Capital,Texas,32791,"RMB, Inc.",Healthcare Services,"Knoxville, Tennessee, United States",2011-12-06,Recapitalization,,,14.7,True,,0,0,https://mergr.com/company/32791,2026-09-04T00:38:05Z
590,The Sterling Group,Texas,339687,Scruggs,Distribution,"Houston, Texas, United States",2026-04-24,Secondary Buyout,,,0.3,True,,0,0,https://mergr.com/company/339687,2026-09-04T00:38:05Z
590,The Sterling Group,Texas,20827,Healthcare Linen Services Group,Business Services,"St. Charles, Illinois, United States",2026-04-10,Secondary Buyout,,,0.3,True,,1,0,https://mergr.com/company/20827,2026-09-04T00:38:05Z
590,The Sterling Group,Texas,351066,AGS,Building Materials,"Houston, Texas, United States",2025-07-24,Consolidation,,,1.1,True,,1,0,https://mergr.com/company/351066,2026-09-04T00:38:05Z
590,The Sterling Group,Texas,216592,Precision Concepts International,Packaging,"Huntersville, North Carolina, United States",2025-07-15,Secondary Buyout,,,1.1,True,,1,0,https://mergr.com/company/216592,2026-09-04T00:38:05Z
590,The Sterling Group,Texas,345394,Pavement Preservation Group,Construction,"Nashville, Tennessee, United States",2025-05-15,"Buyout (LBO, MBO, MBI)",,,1.3,True,,3,0,https://mergr.com/company/345394,2026-09-04T00:38:05Z
590,The Sterling Group,Texas,326843,Overhead Garage Door,Business Services,"Fort Worth, Texas, United States",2024-07-08,"Buyout (LBO, MBO, MBI)",,,2.1,True,,0,0,https://mergr.com/company/326843,2026-09-04T00:38:05Z
590,The Sterling Group,Texas,332136,Russell Landscape Group,Business Services,"Sugar Hill, Georgia, United States",2024-07-02,Recapitalization,,,2.2,True,,1,0,https://mergr.com/company/332136,2026-09-04T00:38:05Z
590,The Sterling Group,Texas,277274,B'laster Products,Chemicals,"Valley View, Ohio, United States",2023-10-27,"Buyout (LBO, MBO, MBI)",,,2.8,True,,0,0,https://mergr.com/company/277274,2026-09-04T00:38:05Z
590,The Sterling Group,Texas,332133,Compost360,Environmental,"Houston, Texas, United States",2023-08-02,Consolidation,,,3.1,True,,1,0,https://mergr.com/company/332133,2026-09-04T00:38:05Z
590,The Sterling Group,Texas,332130,Premier Tire & Service,Automotive,United States,2023-05-18,Consolidation,,,3.3,True,,0,0,https://mergr.com/company/332130,2026-09-04T00:38:05Z
590,The Sterling Group,Texas,257164,PrimeFlight Aviation Services,Airlines,"Sugar Land, Texas, United States",2023-03-06,Secondary Buyout,,,3.4,True,,1,0,https://mergr.com/company/257164,2026-09-04T00:38:05Z
590,The Sterling Group,Texas,332122,Gulf Winds,Transportation,"Seabrook, Texas, United States",2022-12-19,"Buyout (LBO, MBO, MBI)",,,3.7,True,,0,0,https://mergr.com/company/332122,2026-09-04T00:38:05Z
590,The Sterling Group,Texas,187493,Ergotron,Furniture,"St. Paul, Minnesota, United States",2022-07-07,Divestiture,,,4.1,True,,1,0,https://mergr.com/company/187493,2026-09-04T00:38:05Z
590,The Sterling Group,Texas,219607,West Star Aviation,Aerospace,"East Alton, Illinois, United States",2022-03-02,Secondary Buyout,2025-05-21,Trade Sale - Public Company,3.2,False,,1,0,https://mergr.com/company/219607,2026-09-04T00:38:05Z
590,The Sterling Group,Texas,332119,PowerGrid Services,Business Services,"Hartselle, Alabama, United States",2021-10-08,Secondary Buyout,2025-05-13,Trade Sale - Public Company,3.6,False,,0,0,https://mergr.com/company/332119,2026-09-04T00:38:05Z
590,The Sterling Group,Texas,35113,L&S Mechanical,Construction,"Richardson, Texas, United States",2021-09-02,Secondary Buyout,,,5,True,,0,0,https://mergr.com/company/35113,2026-09-04T00:38:05Z
590,The Sterling Group,Texas,286807,Evergreen Together,Environmental,"Clyde, Ohio, United States",2021-06-01,Divestiture,,,5.3,True,,1,0,https://mergr.com/company/286807,2026-09-04T00:38:05Z
590,The Sterling Group,Texas,282448,Fencing Supply Group,Building Materials,"Houston, Texas, United States",2021-03-01,Consolidation,,,5.5,True,,11,0,https://mergr.com/company/282448,2026-09-04T00:38:05Z
590,The Sterling Group,Texas,28120,American Pavement Preservation,Construction,"Las Vegas, Nevada, United States",2020-12-15,Secondary Buyout,,,5.7,True,,1,0,https://mergr.com/company/28120,2026-09-04T00:38:05Z
590,The Sterling Group,Texas,17241,White Cap,Distribution,"Doraville, Georgia, United States",2020-08-11,Divestiture,,,6,True,,37,0,https://mergr.com/company/17241,2026-09-04T00:38:05Z
590,The Sterling Group,Texas,275745,Frontline Road Safety Group,Construction,"Denver, Colorado, United States",2020-08-03,Consolidation,2025-01-30,Trade Sale - Public Company,4.4,False,,7,1,https://mergr.com/company/275745,2026-09-04T00:38:05Z
590,The Sterling Group,Texas,267197,Bad Boy Mowers,Machinery,"Batesville, Arkansas, United States",2019-12-11,Growth Capital,,,6.7,True,,0,0,https://mergr.com/company/267197,2026-09-04T00:38:05Z
590,The Sterling Group,Texas,259242,Greenbridge,Packaging,"Mentor, Ohio, United States",2019-03-15,"Buyout (LBO, MBO, MBI)",,,7.4,True,,1,1,https://mergr.com/company/259242,2026-09-04T00:38:05Z
590,The Sterling Group,Texas,256761,Artisan Design Group,Building Materials,"Dallas, Texas, United States",2018-12-17,Secondary Buyout,2025-04-14,Divestiture,6.3,False,,16,0,https://mergr.com/company/256761,2026-09-04T00:38:05Z
590,The Sterling Group,Texas,264427,Tangent Technologies,Plastics,"Aurora, Illinois, United States",2018-01-01,"Buyout (LBO, MBO, MBI)",2026-06-23,Trade Sale - Public Company,8.4,False,,3,0,https://mergr.com/company/264427,2026-09-04T00:38:05Z
590,The Sterling Group,Texas,251257,Construction Supply Group,Distribution,"Denver, Colorado, United States",2017-05-03,Consolidation,2020-08-11,Spin Off,3.3,False,,21,0,https://mergr.com/company/251257,2026-09-04T00:38:05Z
590,The Sterling Group,Texas,235580,Time Manufacturing,Machinery,"Waco, Texas, United States",2017-02-06,Divestiture,2021-12-03,Trade Sale - Public Company,4.8,False,,4,0,https://mergr.com/company/235580,2026-09-04T00:38:05Z
590,The Sterling Group,Texas,246969,Brock White Co. LLC,Distribution,"New Berlin, Wisconsin, United States",2016-11-01,"Buyout (LBO, MBO, MBI)",2017-05-03,Spin Off,0.5,False,,0,0,https://mergr.com/company/246969,2026-09-04T00:38:05Z
590,The Sterling Group,Texas,233543,"Stetson Building Products, Inc.",Distribution,"Des Moines, Iowa, United States",2016-11-01,"Buyout (LBO, MBO, MBI)",2017-05-03,Spin Off,0.5,False,,0,0,https://mergr.com/company/233543,2026-09-04T00:38:05Z
590,The Sterling Group,Texas,4157,Border Construction Specialties LLC,Distribution,"Phoenix, Arizona, United States",2016-11-01,Secondary Buyout,2017-05-03,Spin Off,0.5,False,,0,0,https://mergr.com/company/4157,2026-09-04T00:38:05Z
590,The Sterling Group,Texas,229409,Lynx FBO Network,Aerospace,United States,2016-09-30,Consolidation,2021-12-01,Divestiture,5.2,False,,5,0,https://mergr.com/company/229409,2026-09-04T00:38:05Z
590,The Sterling Group,Texas,27833,Evergreen North America Industrial Services,Business Services,"La Porte, Texas, United States",2016-06-20,Secondary Buyout,2024-02-23,Divestiture,7.7,False,,1,1,https://mergr.com/company/27833,2026-09-04T00:38:05Z
590,The Sterling Group,Texas,266334,Highline Warren,Distribution,"Memphis, Tennessee, United States",2016-04-01,Consolidation,2020-10-08,Trade Sale - Public Company,4.5,False,,3,0,https://mergr.com/company/266334,2026-09-04T00:38:05Z
590,The Sterling Group,Texas,208446,DexKo Global,Manufacturing,"Novi, Michigan, United States",2016-01-04,Consolidation,2017-05-30,Trade Sale - Public Company,1.3,False,,6,0,https://mergr.com/company/208446,2026-09-04T00:38:05Z
590,The Sterling Group,Texas,210655,American Bath Group,Building Materials,"Irving, Texas, United States",2015-07-14,Venture,2016-09-30,Trade Sale - Public Company,1.2,False,,0,0,https://mergr.com/company/210655,2026-09-04T00:38:05Z
590,The Sterling Group,Texas,185696,Process Barron,Machinery,"Pelham, Alabama, United States",2015-05-01,"Buyout (LBO, MBO, MBI)",2019-03-06,Trade Sale - Public Company,3.8,False,,0,0,https://mergr.com/company/185696,2026-09-04T00:38:05Z
590,The Sterling Group,Texas,1306,Specified Air Solutions,Manufacturing,"Buffalo, New York, United States",2014-07-01,Secondary Buyout,2018-10-02,Trade Sale - Public Company,4.3,False,,2,0,https://mergr.com/company/1306,2026-09-04T00:38:05Z
590,The Sterling Group,Texas,172669,Safe Fleet,Safety/Security,"Belton, Missouri, United States",2013-10-01,Consolidation,2018-01-09,Trade Sale - Public Company,4.3,False,,11,0,https://mergr.com/company/172669,2026-09-04T00:38:05Z
590,The Sterling Group,Texas,36929,"Dexter Axle Co., Inc.",Automotive,"Elkhart, Indiana, United States",2012-11-01,Divestiture,2016-01-04,Spin Off,3.2,False,,1,0,https://mergr.com/company/36929,2026-09-04T00:38:05Z
590,The Sterling Group,Texas,31087,Liquibox,Packaging,"Richmond, Virginia, United States",2011-12-30,Divestiture,2015-10-01,Trade Sale - Public Company,3.8,False,,0,0,https://mergr.com/company/31087,2026-09-04T00:38:05Z
590,The Sterling Group,Texas,31090,"Stackpole International, Inc.",Machinery,"Ancaster, Ontario, Canada",2011-08-02,Divestiture,2013-10-11,Trade Sale - Public Company,2.2,False,,0,0,https://mergr.com/company/31090,2026-09-04T00:38:05Z
590,The Sterling Group,Texas,26188,Saxco,Packaging,"Concord, California, United States",2010-12-22,"Buyout (LBO, MBO, MBI)",2019-01-04,Trade Sale - Public Company,8,False,,2,0,https://mergr.com/company/26188,2026-09-04T00:38:05Z
590,The Sterling Group,Texas,26187,Express Integrated Technologies,Manufacturing,"Tulsa, Oklahoma, United States",2010-07-30,Divestiture,2016-11-09,Bankruptcy,6.3,False,,0,0,https://mergr.com/company/26187,2026-09-04T00:38:05Z
590,The Sterling Group,Texas,26186,B&G Crane Service LLC,Business Services,"Jefferson, Louisiana, United States",2010-07-29,"Buyout (LBO, MBO, MBI)",2015-05-27,Divestiture,4.8,False,,0,0,https://mergr.com/company/26186,2026-09-04T00:38:05Z
590,The Sterling Group,Texas,20029,Velcon Filters LLC,Manufacturing,"Colorado Springs, Virginia, United States",2009-04-30,"Buyout (LBO, MBO, MBI)",2012-11-01,Divestiture,3.5,False,,1,0,https://mergr.com/company/20029,2026-09-04T00:38:05Z
590,The Sterling Group,Texas,178437,DYK Automotive LLC,Distribution,"Medina, Minnesota, United States",2008-01-01,"Buyout (LBO, MBO, MBI)",2016-04-01,Spin Off,8.3,False,,1,0,https://mergr.com/company/178437,2026-09-04T00:38:05Z
590,The Sterling Group,Texas,4400,Universal Fiber Systems,Apparel/Textiles,"Bristol, Tennessee, United States",2007-10-26,Secondary Buyout,2015-10-05,Trade Sale - Public Company,7.9,False,,0,0,https://mergr.com/company/4400,2026-09-04T00:38:05Z
590,The Sterling Group,Texas,4905,Hudson Products Corp.,Machinery,"Beasley, Texas, United States",2006-12-08,Secondary Buyout,2008-07-24,Trade Sale - Public Company,1.6,False,,1,0,https://mergr.com/company/4905,2026-09-04T00:38:05Z
590,The Sterling Group,Texas,4401,BTEC Turbines LP,Machinery,"Houston, Texas, United States",2006-09-29,"Buyout (LBO, MBO, MBI)",,,19.9,True,,0,0,https://mergr.com/company/4401,2026-09-04T00:38:05Z
590,The Sterling Group,Texas,4402,CST Industries,Manufacturing,"Kansas City, Kansas, United States",2006-08-11,"Buyout (LBO, MBO, MBI)",2017-06-12,Bankruptcy,10.8,False,,3,0,https://mergr.com/company/4402,2026-09-04T00:38:05Z
590,The Sterling Group,Texas,4405,Roofing Supply Group LLC,Distribution,"Dallas, Texas, United States",2006-08-07,"Buyout (LBO, MBO, MBI)",2012-05-31,Trade Sale - Public Company,5.8,False,,2,0,https://mergr.com/company/4405,2026-09-04T00:38:05Z
590,The Sterling Group,Texas,1792,Panolam Surface Systems,Building Materials,"Shelton, Connecticut, United States",2005-08-25,Secondary Buyout,2009-10-02,Bankruptcy,4.1,False,,1,0,https://mergr.com/company/1792,2026-09-04T00:38:05Z
590,The Sterling Group,Texas,31096,Propex Operating,Furniture,"Chattanooga, Tennessee, United States",2004-12-02,"Buyout (LBO, MBO, MBI)",2008-01-21,Bankruptcy,3.1,False,,0,0,https://mergr.com/company/31096,2026-09-04T00:38:05Z
590,The Sterling Group,Texas,4403,North American Construction,Construction,"Acheson, Alberta, Canada",2003-10-17,"Buyout (LBO, MBO, MBI)",2006-11-22,IPO,3.1,False,976,0,0,https://mergr.com/company/4403,2026-09-04T00:38:05Z
590,The Sterling Group,Texas,31098,HydroChem LLC,Business Services,"Deer Park, Texas, United States",2003-05-08,"Buyout (LBO, MBO, MBI)",2005-01-03,Trade Sale - Public Company,1.6,False,,0,0,https://mergr.com/company/31098,2026-09-04T00:38:05Z
590,The Sterling Group,Texas,2761,Coveris,Packaging,"Vienna, Austria",2001-08-08,Divestiture,2005-07-01,Merger,3.8,False,,1,0,https://mergr.com/company/2761,2026-09-04T00:38:05Z
590,The Sterling Group,Texas,2742,Ames Taping Tools,Building Materials,"Duluth, Georgia, United States",1998-07-22,Secondary Buyout,2000-08-01,Trade Sale - Public Company,2,False,,0,0,https://mergr.com/company/2742,2026-09-04T00:38:05Z
590,The Sterling Group,Texas,71073,"Cenveo, Inc.",Business Services,"Stamford, Connecticut, United States",1994-01-01,"Buyout (LBO, MBO, MBI)",1995-09-29,IPO,1.7,False,1741,0,0,https://mergr.com/company/71073,2026-09-04T00:38:05Z
1021,Quantum Energy Partners,Texas,330794,Ovintiv - Uinta Basin assets,Oil/Gas Exploration,United States,2024-11-14,Divestiture,,,1.8,True,,0,0,https://mergr.com/company/330794,2026-09-04T00:38:05Z
1021,Quantum Energy Partners,Texas,344785,Vickery Energy,Oil/Gas Exploration,"Fort Worth, Texas, United States",2024-09-24,"Buyout (LBO, MBO, MBI)",,,1.9,True,,1,0,https://mergr.com/company/344785,2026-09-04T00:38:05Z
1021,Quantum Energy Partners,Texas,347338,QB Energy,Oil/Gas Exploration,"Denver, Colorado, United States",2024-08-19,"Buyout (LBO, MBO, MBI)",,,2,True,,0,0,https://mergr.com/company/347338,2026-09-04T00:38:05Z
1021,Quantum Energy Partners,Texas,347330,Western Basin Energy,Oil/Gas Exploration,"Calgary, Alberta, Canada",2024-01-01,"Buyout (LBO, MBO, MBI)",,,2.7,True,,0,0,https://mergr.com/company/347330,2026-09-04T00:38:05Z
1021,Quantum Energy Partners,Texas,137469,Comstock Resources,Oil/Gas Exploration,"Frisco, Texas, United States",2023-10-30,Stake Purchase,,,2.8,True,1928,0,0,https://mergr.com/company/137469,2026-09-04T00:38:05Z
1021,Quantum Energy Partners,Texas,326345,Ardersier Port,Renewable Energy,"Inverness, United Kingdom",2023-04-24,Growth Capital,,,3.3,True,,0,0,https://mergr.com/company/326345,2026-09-04T00:38:05Z
1021,Quantum Energy Partners,Texas,326348,FireBird Energy II,Oil/Gas Exploration,"Fort Worth, Texas, United States",2023-04-21,Growth Capital,2026-08-20,Divestiture,3.3,False,,0,0,https://mergr.com/company/326348,2026-09-04T00:38:05Z
1021,Quantum Energy Partners,Texas,326429,Bison Oil & Gas Partners IV,Oil/Gas Exploration,"Denver, Colorado, United States",2023-02-22,"Buyout (LBO, MBO, MBI)",,,3.5,True,,0,0,https://mergr.com/company/326429,2026-09-04T00:38:05Z
1021,Quantum Energy Partners,Texas,326399,Triple Crown Resources,Energy Services and Equipment,"Dallas, Texas, United States",2021-12-01,"Buyout (LBO, MBO, MBI)",,,4.8,True,,0,0,https://mergr.com/company/326399,2026-09-04T00:38:05Z
1021,Quantum Energy Partners,Texas,347358,HEQ Deepwater,Oil/Gas Exploration,"Houston, Texas, United States",2021-08-30,"Buyout (LBO, MBO, MBI)",,,5,True,,0,0,https://mergr.com/company/347358,2026-09-04T00:38:05Z
1021,Quantum Energy Partners,Texas,230699,Power Factors,Internet Software and Services,"San Francisco, California, United States",2021-07-27,"Buyout (LBO, MBO, MBI)",,,5.1,True,,0,0,https://mergr.com/company/230699,2026-09-04T00:38:05Z
1021,Quantum Energy Partners,Texas,295773,Orennia,Information Technology,"Calgary, Alberta, Canada",2021-05-18,Venture,,,5.3,True,,0,0,https://mergr.com/company/295773,2026-09-04T00:38:05Z
1021,Quantum Energy Partners,Texas,7884,Antero Resources,Oil/Gas Exploration,"Denver, Colorado, United States",2021-01-01,Stake Purchase,,,5.7,True,5014,1,0,https://mergr.com/company/7884,2026-09-04T00:38:05Z
1021,Quantum Energy Partners,Texas,99409,Whitecap Resources,Oil/Gas Exploration,"Calgary, Alberta, Canada",2021-01-01,Stake Purchase,,,5.7,True,4491,1,0,https://mergr.com/company/99409,2026-09-04T00:38:05Z
1021,Quantum Energy Partners,Texas,326386,Mexico Pacific,Oil/Gas Exploration,"Houston, Texas, United States",2021-01-01,"Buyout (LBO, MBO, MBI)",,,5.7,True,,0,0,https://mergr.com/company/326386,2026-09-04T00:38:05Z
1021,Quantum Energy Partners,Texas,326405,White Rock Resources,Oil/Gas Exploration,"Plano, Texas, United States",2021-01-01,"Buyout (LBO, MBO, MBI)",,,5.7,True,,0,0,https://mergr.com/company/326405,2026-09-04T00:38:05Z
1021,Quantum Energy Partners,Texas,280684,Datagration,Information Technology,"Houston, Texas, United States",2020-09-16,Growth Capital,2024-09-03,Divestiture,3.9,False,,1,0,https://mergr.com/company/280684,2026-09-04T00:38:05Z
1021,Quantum Energy Partners,Texas,259272,Dragos,Information Technology,"Hanover, Maryland, United States",2020-01-01,Growth Capital,2026-06-18,Sold to Management,6.4,False,,1,0,https://mergr.com/company/259272,2026-09-04T00:38:05Z
1021,Quantum Energy Partners,Texas,271706,547 Energy,Renewable Energy,"Houston, Texas, United States",2019-10-01,Stake Purchase,,,6.9,True,,0,0,https://mergr.com/company/271706,2026-09-04T00:38:05Z
1021,Quantum Energy Partners,Texas,326396,Seismos,Energy Services and Equipment,"Austin, Texas, United States",2019-01-24,Growth Capital,,,7.6,True,,0,0,https://mergr.com/company/326396,2026-09-04T00:38:05Z
1021,Quantum Energy Partners,Texas,71877,Devon Energy,Oil/Gas Exploration,"Oklahoma City, Oklahoma, United States",2019-01-01,Stake Purchase,,,7.7,True,17188,5,0,https://mergr.com/company/71877,2026-09-04T00:38:05Z
1021,Quantum Energy Partners,Texas,252069,ChargePoint,Energy Services and Equipment,"Campbell, California, United States",2018-11-28,Growth Capital,2021-02-26,Sold to Existing Investors,2.2,False,417,0,0,https://mergr.com/company/252069,2026-09-04T00:38:05Z
1021,Quantum Energy Partners,Texas,271690,Trace Midstream,Oil/Gas Exploration,"Houston, Texas, United States",2018-10-03,Stake Purchase,,,7.9,True,,1,0,https://mergr.com/company/271690,2026-09-04T00:38:05Z
1021,Quantum Energy Partners,Texas,271699,Mesa Minerals Partners,Metals/Mining,"Houston, Texas, United States",2018-10-01,Stake Purchase,2020-12-01,Divestiture,2.2,False,,0,0,https://mergr.com/company/271699,2026-09-04T00:38:05Z
1021,Quantum Energy Partners,Texas,271704,ConnectGen,Renewable Energy,"Houston, Texas, United States",2018-07-26,"Buyout (LBO, MBO, MBI)",2023-09-09,Divestiture,5.1,False,,0,0,https://mergr.com/company/271704,2026-09-04T00:38:05Z
1021,Quantum Energy Partners,Texas,271696,Premium Oilfield Technologies,Energy Services and Equipment,"Houston, Texas, United States",2018-01-30,Secondary Buyout,,,8.6,True,,1,0,https://mergr.com/company/271696,2026-09-04T00:38:05Z
1021,Quantum Energy Partners,Texas,271698,PetroLogistics II,Energy Services and Equipment,"Houston, Texas, United States",2018-01-16,"Buyout (LBO, MBO, MBI)",,,8.6,True,,0,0,https://mergr.com/company/271698,2026-09-04T00:38:05Z
1021,Quantum Energy Partners,Texas,271700,Koda Resources,Oil/Gas Exploration,"Denver, Colorado, United States",2018-01-01,"Buyout (LBO, MBO, MBI)",,,8.7,True,,1,0,https://mergr.com/company/271700,2026-09-04T00:38:05Z
1021,Quantum Energy Partners,Texas,271693,Stone Hill Minerals,Metals/Mining,"Fort Worth, Texas, United States",2018-01-01,"Buyout (LBO, MBO, MBI)",,,8.7,True,,0,0,https://mergr.com/company/271693,2026-09-04T00:38:05Z
1021,Quantum Energy Partners,Texas,326401,Welligence Energy Analytics,Information Services,"Houston, Texas, United States",2018-01-01,Growth Capital,2023-12-01,Stake Sale,5.9,False,,0,0,https://mergr.com/company/326401,2026-09-04T00:38:05Z
1021,Quantum Energy Partners,Texas,326346,Caliber Resource Partners,Energy Services and Equipment,"Oklahoma City, Oklahoma, United States",2018-01-01,"Buyout (LBO, MBO, MBI)",,,8.7,True,,0,0,https://mergr.com/company/326346,2026-09-04T00:38:05Z
1021,Quantum Energy Partners,Texas,242891,Vitruvian Exploration IV,Oil/Gas Exploration,"The Woodlands, Texas, United States",2017-08-24,Acquisition Financing,,,9,True,,0,0,https://mergr.com/company/242891,2026-09-04T00:38:05Z
1021,Quantum Energy Partners,Texas,271701,Impact Exploration and Production Partners,Oil/Gas Exploration,"Greenwood Village, Colorado, United States",2017-07-25,"Buyout (LBO, MBO, MBI)",,,9.1,True,,0,0,https://mergr.com/company/271701,2026-09-04T00:38:05Z
1021,Quantum Energy Partners,Texas,271691,XcL Mistream,Oil/Gas Exploration,"Canonsburg, Pennsylvania, United States",2017-06-13,Stake Purchase,2023-08-16,Divestiture,6.2,False,,0,0,https://mergr.com/company/271691,2026-09-04T00:38:05Z
1021,Quantum Energy Partners,Texas,239829,Middle Fork Energy Partners,Oil/Gas Exploration,"Denver, Colorado, United States",2017-05-24,"Buyout (LBO, MBO, MBI)",2020-06-01,Divestiture,3,False,,0,0,https://mergr.com/company/239829,2026-09-04T00:38:05Z
1021,Quantum Energy Partners,Texas,239682,Cone Gathering LLC,Oil/Gas Exploration,"Canonsburg, Pennsylvania, United States",2017-05-18,Stake Purchase,,,9.3,True,,0,0,https://mergr.com/company/239682,2026-09-04T00:38:05Z
1021,Quantum Energy Partners,Texas,271702,HG Energy,Oil/Gas Exploration,"Parkersburg, West Virginia, United States",2017-01-01,"Buyout (LBO, MBO, MBI)",2025-12-08,Divestiture,8.9,False,,0,0,https://mergr.com/company/271702,2026-09-04T00:38:05Z
1021,Quantum Energy Partners,Texas,271694,Sentinel Peak Resources,Oil/Gas Exploration,"Englewood, Colorado, United States",2016-04-27,"Buyout (LBO, MBO, MBI)",,,10.3,True,,0,0,https://mergr.com/company/271694,2026-09-04T00:38:05Z
1021,Quantum Energy Partners,Texas,260571,Trident Energy,Oil/Gas Exploration,"London, United Kingdom",2016-01-01,Growth Capital,,,10.7,True,,0,0,https://mergr.com/company/260571,2026-09-04T00:38:05Z
1021,Quantum Energy Partners,Texas,190737,Intensity Midstream,Energy Services and Equipment,"Tulsa, Oklahoma, United States",2015-06-08,"Buyout (LBO, MBO, MBI)",,,11.2,True,,0,0,https://mergr.com/company/190737,2026-09-04T00:38:05Z
1021,Quantum Energy Partners,Texas,201546,Rio Oil and Gas II,Oil/Gas Exploration,"The Woodlands, Texas, United States",2015-02-03,"Buyout (LBO, MBO, MBI)",,,11.6,True,,0,0,https://mergr.com/company/201546,2026-09-04T00:38:05Z
1021,Quantum Energy Partners,Texas,271695,Rockcliff Energy,Oil/Gas Exploration,"Houston, Texas, United States",2015-01-01,"Buyout (LBO, MBO, MBI)",2023-12-15,Bankruptcy,8.9,False,,0,0,https://mergr.com/company/271695,2026-09-04T00:38:05Z
1021,Quantum Energy Partners,Texas,174925,ExL Petroleum,Oil/Gas Exploration,"Midland, Texas, United States",2014-11-03,"Buyout (LBO, MBO, MBI)",,,11.8,True,,0,0,https://mergr.com/company/174925,2026-09-04T00:38:05Z
1021,Quantum Energy Partners,Texas,174937,Tug Hill,Oil/Gas Exploration,"Fort Worth, Texas, United States",2014-08-21,"Buyout (LBO, MBO, MBI)",2023-08-16,Divestiture,8.9,False,,0,0,https://mergr.com/company/174937,2026-09-04T00:38:05Z
1021,Quantum Energy Partners,Texas,172841,Oryx Midstream Services,Oil/Gas Exploration,"Midland, Texas, United States",2014-04-09,Growth Capital,2019-04-02,Trade Sale - Public Company,4.9,False,,0,0,https://mergr.com/company/172841,2026-09-04T00:38:05Z
1021,Quantum Energy Partners,Texas,245577,FourPoint Energy,Oil/Gas Exploration,"Denver, Colorado, United States",2014-01-30,"Buyout (LBO, MBO, MBI)",2020-12-02,Spin Off,6.8,False,,0,0,https://mergr.com/company/245577,2026-09-04T00:38:05Z
1021,Quantum Energy Partners,Texas,69462,Tanos Exploration II LLC,Oil/Gas Exploration,"Tyler, Texas, United States",2013-10-01,"Buyout (LBO, MBO, MBI)",,,12.9,True,,0,0,https://mergr.com/company/69462,2026-09-04T00:38:05Z
1021,Quantum Energy Partners,Texas,69434,Elk River Resources LLC,Oil/Gas Exploration,"Midland, Texas, United States",2013-10-01,"Buyout (LBO, MBO, MBI)",,,12.9,True,,0,0,https://mergr.com/company/69434,2026-09-04T00:38:05Z
1021,Quantum Energy Partners,Texas,69450,Midstream Energy Holdings,Energy Services and Equipment,"Houston, Texas, United States",2013-08-21,"Buyout (LBO, MBO, MBI)",,,13,True,,0,0,https://mergr.com/company/69450,2026-09-04T00:38:05Z
1021,Quantum Energy Partners,Texas,60242,Rio Oil and Gas LLC,Oil/Gas Exploration,"Woodlands, Texas, United States",2013-07-09,"Buyout (LBO, MBO, MBI)",,,13.1,True,,0,0,https://mergr.com/company/60242,2026-09-04T00:38:05Z
1021,Quantum Energy Partners,Texas,31500,Global Tubing,Manufacturing,"Dayton, Texas, United States",2013-06-05,Secondary Buyout,,,13.2,True,,0,0,https://mergr.com/company/31500,2026-09-04T00:38:05Z
1021,Quantum Energy Partners,Texas,49674,Carmel Bay Exploration Ltd.,Oil/Gas Exploration,"Calgary, Alberta, Canada",2013-04-30,"Buyout (LBO, MBO, MBI)",,,13.3,True,,0,0,https://mergr.com/company/49674,2026-09-04T00:38:05Z
1021,Quantum Energy Partners,Texas,69442,"Jagged Peak Energy, Inc.",Energy Services and Equipment,"Denver, Colorado, United States",2013-04-16,"Buyout (LBO, MBO, MBI)",2016-12-19,IPO,3.7,False,582,0,0,https://mergr.com/company/69442,2026-09-04T00:38:05Z
1021,Quantum Energy Partners,Texas,69446,Legion Energy Services II LLC,Energy Services and Equipment,"Tulsa, Oklahoma, United States",2013-04-03,"Buyout (LBO, MBO, MBI)",,,13.4,True,,0,0,https://mergr.com/company/69446,2026-09-04T00:38:05Z
1021,Quantum Energy Partners,Texas,69478,Wishbone Energy Partners LLC,Energy Services and Equipment,"Houston, Texas, United States",2013-01-01,"Buyout (LBO, MBO, MBI)",,,13.7,True,,0,1,https://mergr.com/company/69478,2026-09-04T00:38:05Z
1021,Quantum Energy Partners,Texas,69466,Vitruvian Exploration II LLC,Oil/Gas Exploration,"Woodlands, Texas, United States",2012-09-18,Acquisition Financing,2016-12-14,Divestiture,4.2,False,,0,0,https://mergr.com/company/69466,2026-09-04T00:38:05Z
1021,Quantum Energy Partners,Texas,17749,Phoenix Services,Business Services,"Radnor, Pennsylvania, United States",2012-07-09,Recapitalization,2017-12-15,Trade Sale - Public Company,5.4,False,,2,0,https://mergr.com/company/17749,2026-09-04T00:38:05Z
1021,Quantum Energy Partners,Texas,69454,Renaissance Offshore LLC,Energy Services and Equipment,"Houston, Texas, United States",2012-02-07,"Buyout (LBO, MBO, MBI)",,,14.5,True,,0,0,https://mergr.com/company/69454,2026-09-04T00:38:05Z
1021,Quantum Energy Partners,Texas,69430,Bluestem Energy Partners LP,Energy Services and Equipment,"Fort Worth, Texas, United States",2011-08-18,"Buyout (LBO, MBO, MBI)",,,15,True,,0,0,https://mergr.com/company/69430,2026-09-04T00:38:05Z
1021,Quantum Energy Partners,Texas,31567,Newark E&P LLC,Energy Services and Equipment,"Fort Worth, Texas, United States",2011-01-01,"Buyout (LBO, MBO, MBI)",,,15.7,True,,0,0,https://mergr.com/company/31567,2026-09-04T00:38:05Z
1021,Quantum Energy Partners,Texas,26418,Gulf Coast Energy Resources LLC,Oil/Gas Exploration,"Houston, Texas, United States",2010-11-03,Growth Capital,,,15.8,True,,0,0,https://mergr.com/company/26418,2026-09-04T00:38:05Z
1021,Quantum Energy Partners,Texas,25231,Quantum Utility,Renewable Energy,"Houston, Texas, United States",2010-08-01,"Buyout (LBO, MBO, MBI)",,,16.1,True,,4,0,https://mergr.com/company/25231,2026-09-04T00:38:05Z
1021,Quantum Energy Partners,Texas,17616,Crump Energy Partners,Oil/Gas Exploration,"Midland, Texas, United States",2009-07-20,"Buyout (LBO, MBO, MBI)",,,17.1,True,,0,0,https://mergr.com/company/17616,2026-09-04T00:38:05Z
1021,Quantum Energy Partners,Texas,17618,Primary Natural Resources III LLC,Oil/Gas Exploration,"Tulsa, Oklahoma, United States",2009-01-08,"Buyout (LBO, MBO, MBI)",,,17.6,True,,0,0,https://mergr.com/company/17618,2026-09-04T00:38:05Z
1021,Quantum Energy Partners,Texas,25230,Denali Oil & Gas Partners III LP,Oil/Gas Exploration,"Houston, Texas, United States",2008-11-14,"Buyout (LBO, MBO, MBI)",,,17.8,True,,0,0,https://mergr.com/company/25230,2026-09-04T00:38:05Z
1021,Quantum Energy Partners,Texas,17619,"Iron Bridge Resources, Inc.",Oil/Gas Exploration,"Calgary, Alberta, Canada",2008-10-22,"Buyout (LBO, MBO, MBI)",,,17.8,True,32,0,0,https://mergr.com/company/17619,2026-09-04T00:38:05Z
1021,Quantum Energy Partners,Texas,7655,Chalker Energy Partners III LP,Oil/Gas Exploration,"Houston, Texas, United States",2008-06-01,"Buyout (LBO, MBO, MBI)",,,18.3,True,,0,0,https://mergr.com/company/7655,2026-09-04T00:38:05Z
1021,Quantum Energy Partners,Texas,11843,Ceritas Energy II LLC,Energy Services and Equipment,"Houston, Texas, United States",2008-02-01,"Buyout (LBO, MBO, MBI)",,,18.6,True,,0,0,https://mergr.com/company/11843,2026-09-04T00:38:05Z
1021,Quantum Energy Partners,Texas,11845,Native American Resource Partners LLC,Oil/Gas Exploration,"Calgary, Alberta, Canada",2008-01-01,"Buyout (LBO, MBO, MBI)",,,18.7,True,,0,0,https://mergr.com/company/11845,2026-09-04T00:38:05Z
1021,Quantum Energy Partners,Texas,7651,EnergyQuest II LLC,Oil/Gas Exploration,"Houston, Texas, United States",2007-07-31,"Buyout (LBO, MBO, MBI)",,,19.1,True,,0,1,https://mergr.com/company/7651,2026-09-04T00:38:05Z
1021,Quantum Energy Partners,Texas,7652,Ute Enery LLC,Oil/Gas Exploration,"Uinta basin, Utah, United States",2007-07-01,"Buyout (LBO, MBO, MBI)",2012-11-02,Divestiture,5.3,False,,0,0,https://mergr.com/company/7652,2026-09-04T00:38:05Z
1021,Quantum Energy Partners,Texas,7662,Tecton Energy LLC,Oil/Gas Exploration,"Houston, Texas, United States",2007-06-18,Consolidation,,,19.2,True,,0,0,https://mergr.com/company/7662,2026-09-04T00:38:05Z
1021,Quantum Energy Partners,Texas,5828,Vantage Energy LLC,Oil/Gas Exploration,"Englewood, Colorado, United States",2006-12-19,Stake Purchase,2016-09-26,Divestiture,9.8,False,,0,0,https://mergr.com/company/5828,2026-09-04T00:38:05Z
1021,Quantum Energy Partners,Texas,7661,Sequoia Resources LP,Oil/Gas Exploration,"Houston, Texas, United States",2006-03-13,"Buyout (LBO, MBO, MBI)",,,20.4,True,,0,0,https://mergr.com/company/7661,2026-09-04T00:38:05Z
1021,Quantum Energy Partners,Texas,17623,Chalker Energy Partners II LP,Energy Services and Equipment,"Houston, Texas, United States",2006-01-01,"Buyout (LBO, MBO, MBI)",2007-12-31,Divestiture,1.9,False,,0,0,https://mergr.com/company/17623,2026-09-04T00:38:05Z
1021,Quantum Energy Partners,Texas,7656,Denali Oil & Gas Partners II LP,Oil/Gas Exploration,"Houston, Texas, United States",2005-12-01,"Buyout (LBO, MBO, MBI)",,,20.8,True,,0,0,https://mergr.com/company/7656,2026-09-04T00:38:05Z
1021,Quantum Energy Partners,Texas,17630,Ensight III Energy Partners LP,Oil/Gas Exploration,"Shreveport, Louisiana, United States",2005-07-01,"Buyout (LBO, MBO, MBI)",,,21.2,True,,0,0,https://mergr.com/company/17630,2026-09-04T00:38:05Z
1021,Quantum Energy Partners,Texas,122665,"F.T. Silfies, Inc.",Transportation,"Allentown, Pennsylvania, United States",2005-06-01,"Buyout (LBO, MBO, MBI)",2009-12-04,Bankruptcy,4.5,False,,0,0,https://mergr.com/company/122665,2026-09-04T00:38:05Z
1021,Quantum Energy Partners,Texas,7659,Rockford Energy Partners II LLC,Oil/Gas Exploration,"Tulsa, Oklahoma, United States",2005-03-24,"Buyout (LBO, MBO, MBI)",,,21.4,True,,0,0,https://mergr.com/company/7659,2026-09-04T00:38:05Z
1021,Quantum Energy Partners,Texas,17628,EnergyQuest Resources LP,Oil/Gas Exploration,"Houston, Texas, United States",2004-07-01,"Buyout (LBO, MBO, MBI)",,,22.2,True,,0,0,https://mergr.com/company/17628,2026-09-04T00:38:05Z
1021,Quantum Energy Partners,Texas,5440,Celero Energy LP,Oil/Gas Exploration,"Fort Worth, Texas, United States",2004-01-01,Stake Purchase,2005-10-01,Divestiture,1.8,False,,0,0,https://mergr.com/company/5440,2026-09-04T00:38:05Z
1021,Quantum Energy Partners,Texas,17622,Chalker Energy Partners LP,Energy Services and Equipment,"Houston, Texas, United States",2003-12-01,"Buyout (LBO, MBO, MBI)",,,22.8,True,,0,0,https://mergr.com/company/17622,2026-09-04T00:38:05Z
1021,Quantum Energy Partners,Texas,17627,Denali Oil & Gas Partners LP,Oil/Gas Exploration,"Houston, Texas, United States",2003-06-01,"Buyout (LBO, MBO, MBI)",,,23.3,True,,0,0,https://mergr.com/company/17627,2026-09-04T00:38:05Z
1021,Quantum Energy Partners,Texas,17632,LINN Energy LLC,Oil/Gas Exploration,"Houston, Texas, United States",2003-03-01,"Buyout (LBO, MBO, MBI)",2006-01-13,IPO,2.8,False,1827,0,0,https://mergr.com/company/17632,2026-09-04T00:38:05Z
1021,Quantum Energy Partners,Texas,17635,Rockford Energy Partners LLC,Oil/Gas Exploration,"Tulsa, Oklahoma, United States",2002-04-01,"Buyout (LBO, MBO, MBI)",,,24.4,True,,0,0,https://mergr.com/company/17635,2026-09-04T00:38:05Z
1021,Quantum Energy Partners,Texas,17624,"Cougar Hydrocarbons, Inc.",Oil/Gas Exploration,"Calgary, Alberta, Canada",2001-12-01,"Buyout (LBO, MBO, MBI)",2003-11-01,Merger,1.9,False,,0,0,https://mergr.com/company/17624,2026-09-04T00:38:05Z
1021,Quantum Energy Partners,Texas,17631,Highpine Oil & Gas Ltd.,Oil/Gas Exploration,"Calgary, Alberta, Canada",2001-12-01,"Buyout (LBO, MBO, MBI)",,,24.8,True,,0,0,https://mergr.com/company/17631,2026-09-04T00:38:05Z
1021,Quantum Energy Partners,Texas,17629,Ensight Energy Partners LP,Oil/Gas Exploration,"Shreveport, Louisiana, United States",2001-10-01,"Buyout (LBO, MBO, MBI)",,,24.9,True,,0,0,https://mergr.com/company/17629,2026-09-04T00:38:05Z
1021,Quantum Energy Partners,Texas,17633,Meritage Energy Partners LLC,Oil/Gas Exploration,"Denver, Colorado, United States",2001-07-01,"Buyout (LBO, MBO, MBI)",,,25.2,True,,0,0,https://mergr.com/company/17633,2026-09-04T00:38:05Z
1021,Quantum Energy Partners,Texas,17634,"Pointwest Energy, Inc.",Oil/Gas Exploration,"Calgary, Alberta, Canada",2001-01-01,"Buyout (LBO, MBO, MBI)",2003-12-01,Divestiture,2.9,False,,0,0,https://mergr.com/company/17634,2026-09-04T00:38:05Z
1021,Quantum Energy Partners,Texas,17636,Sago Energy LLC,Energy Services and Equipment,"Sugarland, Texas, United States",2000-03-01,"Buyout (LBO, MBO, MBI)",2004-03-01,Divestiture,4,False,,0,0,https://mergr.com/company/17636,2026-09-04T00:38:05Z
1021,Quantum Energy Partners,Texas,17638,"Texoil, Inc.",Oil/Gas Exploration,"Houston, Texas, United States",1999-11-01,"Buyout (LBO, MBO, MBI)",2001-03-21,Trade Sale - Public Company,1.3,False,,0,0,https://mergr.com/company/17638,2026-09-04T00:38:05Z
1021,Quantum Energy Partners,Texas,17639,TriQuest Energy Corp.,Oil/Gas Exploration,"Calgary, Alberta, Canada",1999-09-01,"Buyout (LBO, MBO, MBI)",2003-12-16,Divestiture,4.3,False,,0,0,https://mergr.com/company/17639,2026-09-04T00:38:05Z
1021,Quantum Energy Partners,Texas,7658,Parks & Luttrell Interests LLC,Oil/Gas Exploration,"Houston, Texas, United States",1999-07-01,"Buyout (LBO, MBO, MBI)",,,27.2,True,,0,0,https://mergr.com/company/7658,2026-09-04T00:38:05Z
1021,Quantum Energy Partners,Texas,17620,Aspect Resources LLC,Oil/Gas Exploration,"Denver, Colorado, United States",1999-01-01,"Buyout (LBO, MBO, MBI)",2002-07-23,Divestiture,3.5,False,,0,0,https://mergr.com/company/17620,2026-09-04T00:38:05Z
1021,Quantum Energy Partners,Texas,17637,Saxet Energy Ltd.,Oil/Gas Exploration,"Houston, Texas, United States",1998-11-01,"Buyout (LBO, MBO, MBI)",,,27.8,True,,0,0,https://mergr.com/company/17637,2026-09-04T00:38:05Z
1050,Vista Equity Partners,Texas,262161,Quantios,Information Technology,"Fleet, United Kingdom",2026-07-29,Secondary Buyout,,,0.1,True,,0,0,https://mergr.com/company/262161,2026-09-04T00:38:05Z
1050,Vista Equity Partners,Texas,344243,Dentira,Software,"San Francisco, California, United States",2025-12-22,Growth Capital,,,0.7,True,,0,0,https://mergr.com/company/344243,2026-09-04T00:38:05Z
1050,Vista Equity Partners,Texas,310626,Nexthink,Internet Software and Services,"Lausanne, Switzerland",2025-10-27,Secondary Buyout,,,0.8,True,,0,0,https://mergr.com/company/310626,2026-09-04T00:38:05Z
1050,Vista Equity Partners,Texas,340562,Akuvo,Software,"Malvern, Pennsylvania, United States",2025-09-18,Growth Capital,,,0.9,True,,0,0,https://mergr.com/company/340562,2026-09-04T00:38:05Z
1050,Vista Equity Partners,Texas,336721,Joblogic,Internet Software and Services,"Birmingham, United Kingdom",2025-09-11,Growth Capital,,,0.9,True,,0,0,https://mergr.com/company/336721,2026-09-04T00:38:05Z
1050,Vista Equity Partners,Texas,250463,Amtech,Software,"Fort Washington, Pennsylvania, United States",2025-06-16,Secondary Buyout,,,1.2,True,,1,0,https://mergr.com/company/250463,2026-09-04T00:38:05Z
1050,Vista Equity Partners,Texas,252848,Acumatica,Internet Software and Services,"Bellevue, Washington, United States",2025-05-29,Secondary Buyout,,,1.3,True,,1,0,https://mergr.com/company/252848,2026-09-04T00:38:05Z
1050,Vista Equity Partners,Texas,278313,RollKall,Business Services,"Irving, Texas, United States",2025-05-21,Growth Capital,,,1.3,True,,0,0,https://mergr.com/company/278313,2026-09-04T00:38:05Z
1050,Vista Equity Partners,Texas,212962,RiskExec,Internet Software and Services,"Knoxville, Tennessee, United States",2025-01-30,Growth Capital,,,1.6,True,,0,0,https://mergr.com/company/212962,2026-09-04T00:38:05Z
1050,Vista Equity Partners,Texas,240178,Smartsheet,Internet Software and Services,"Bellevue, Washington, United States",2024-09-24,Going Private,,,1.9,True,958,0,0,https://mergr.com/company/240178,2026-09-04T00:38:05Z
1050,Vista Equity Partners,Texas,329008,Gnosis Freight,Information Technology,"Charleston, South Carolina, United States",2024-09-23,Growth Capital,,,1.9,True,,0,0,https://mergr.com/company/329008,2026-09-04T00:38:05Z
1050,Vista Equity Partners,Texas,285378,Redwood,Software,"Frisco, Texas, United States",2024-09-10,Secondary Buyout,,,1.9,True,,0,0,https://mergr.com/company/285378,2026-09-04T00:38:05Z
1050,Vista Equity Partners,Texas,14328,Jaggaer,Software,"Durham, North Carolina, United States",2024-08-13,Secondary Buyout,,,2,True,106,0,0,https://mergr.com/company/14328,2026-09-04T00:38:05Z
1050,Vista Equity Partners,Texas,301748,Nasuni,Information Technology,"Boston, Massachusetts, United States",2024-07-09,Secondary Buyout,,,2.1,True,,2,0,https://mergr.com/company/301748,2026-09-04T00:38:05Z
1050,Vista Equity Partners,Texas,325540,Portside,Internet Software and Services,"Cary, North Carolina, United States",2024-05-30,Growth Capital,,,2.3,True,,0,0,https://mergr.com/company/325540,2026-09-04T00:38:05Z
1050,Vista Equity Partners,Texas,4952,Model N,Internet Software and Services,"San Mateo, California, United States",2024-04-08,Going Private,,,2.3,True,249,0,1,https://mergr.com/company/4952,2026-09-04T00:38:05Z
1050,Vista Equity Partners,Texas,223551,SimplePractice,Software,"Santa Monica, California, United States",2024-01-26,"Buyout (LBO, MBO, MBI)",,,2.6,True,,0,0,https://mergr.com/company/223551,2026-09-04T00:38:05Z
1050,Vista Equity Partners,Texas,244173,Energy Exemplar,Software,"North Adelaide, Australia",2023-10-31,Secondary Buyout,,,2.8,True,,0,0,https://mergr.com/company/244173,2026-09-04T00:38:05Z
1050,Vista Equity Partners,Texas,306595,InvoiceCloud,Internet Software and Services,"Boston, Massachusetts, United States",2023-10-23,Going Private,,,2.8,True,304,0,1,https://mergr.com/company/306595,2026-09-04T00:38:05Z
1050,Vista Equity Partners,Texas,344433,Gatekeeper,Software,"Jersey, United Kingdom",2023-10-17,Growth Capital,,,2.8,True,,0,0,https://mergr.com/company/344433,2026-09-04T00:38:05Z
1050,Vista Equity Partners,Texas,255758,TRG Screen,Software,"New York, New York, United States",2023-10-03,Secondary Buyout,,,2.9,True,,1,0,https://mergr.com/company/255758,2026-09-04T00:38:05Z
1050,Vista Equity Partners,Texas,313169,Resilinc,Software,"Milpitas, California, United States",2023-05-08,Growth Capital,,,3.3,True,,0,0,https://mergr.com/company/313169,2026-09-04T00:38:05Z
1050,Vista Equity Partners,Texas,240787,Tripleseat,Internet Software and Services,"Concord, Massachusetts, United States",2023-04-27,Secondary Buyout,2023-04-27,Trade Sale - Public Company,0,False,,0,0,https://mergr.com/company/240787,2026-09-04T00:38:05Z
1050,Vista Equity Partners,Texas,318475,Benchmark Gensuite,Software,"Mason, Ohio, United States",2023-04-25,Growth Capital,,,3.3,True,,1,0,https://mergr.com/company/318475,2026-09-04T00:38:05Z
1050,Vista Equity Partners,Texas,149077,Cvent,Internet Software and Services,"Tysons, Virginia, United States",2023-03-14,Going Private,,,3.4,True,519,8,0,https://mergr.com/company/149077,2026-09-04T00:38:05Z
1050,Vista Equity Partners,Texas,224850,Duck Creek,Software,"Boston, Massachusetts, United States",2023-01-09,Going Private,,,3.6,True,303,2,0,https://mergr.com/company/224850,2026-09-04T00:38:05Z
1050,Vista Equity Partners,Texas,249189,KnowBe4,Information Technology,"Clearwater, Florida, United States",2022-10-12,Going Private,,,3.8,True,246,1,0,https://mergr.com/company/249189,2026-09-04T00:38:05Z
1050,Vista Equity Partners,Texas,318519,Cloud Software Group,Internet Software and Services,"Fort Lauderdale, Florida, United States",2022-09-01,Consolidation,,,4,True,,3,1,https://mergr.com/company/318519,2026-09-04T00:38:05Z
1050,Vista Equity Partners,Texas,15754,Avalara,Internet Software and Services,"Durham, North Carolina, United States",2022-08-08,Going Private,,,4,True,699,1,2,https://mergr.com/company/15754,2026-09-04T00:38:05Z
1050,Vista Equity Partners,Texas,301086,BetterCloud,Information Technology,"New York, New York, United States",2022-06-09,Growth Capital,2026-03-31,Divestiture,3.8,False,,1,0,https://mergr.com/company/301086,2026-09-04T00:38:05Z
1050,Vista Equity Partners,Texas,297954,Securonix,Software,"Plano, Texas, United States",2022-02-15,Growth Capital,,,4.5,True,,1,0,https://mergr.com/company/297954,2026-09-04T00:38:05Z
1050,Vista Equity Partners,Texas,80641,Citrix,Software,"Fort Lauderdale, Florida, United States",2022-01-31,Going Private,2022-09-01,Divestiture,0.6,False,3237,0,0,https://mergr.com/company/80641,2026-09-04T00:38:05Z
1050,Vista Equity Partners,Texas,294934,StarRez,Software,"Greenwood Village, Colorado, United States",2022-01-12,Growth Capital,,,4.6,True,,3,0,https://mergr.com/company/294934,2026-09-04T00:38:05Z
1050,Vista Equity Partners,Texas,265951,SalesLoft,Software,"Atlanta, Georgia, United States",2021-12-23,Growth Capital,2025-08-07,Spin Off,3.6,False,,1,0,https://mergr.com/company/265951,2026-09-04T00:38:05Z
1050,Vista Equity Partners,Texas,182349,Drift,Internet Software and Services,"Cambridge, Massachusetts, United States",2021-09-01,"Buyout (LBO, MBO, MBI)",2024-02-13,Divestiture,2.4,False,,0,0,https://mergr.com/company/182349,2026-09-04T00:38:05Z
1050,Vista Equity Partners,Texas,230699,Power Factors,Internet Software and Services,"San Francisco, California, United States",2021-07-27,"Buyout (LBO, MBO, MBI)",,,5.1,True,,0,0,https://mergr.com/company/230699,2026-09-04T00:38:05Z
1050,Vista Equity Partners,Texas,30634,Ellucian,Education,"Reston, Virginia, United States",2021-06-14,Secondary Buyout,,,5.2,True,,4,0,https://mergr.com/company/30634,2026-09-04T00:38:05Z
1050,Vista Equity Partners,Texas,70825,ARCOS,Software,"Columbus, Ohio, United States",2021-03-17,Secondary Buyout,,,5.4,True,,2,0,https://mergr.com/company/70825,2026-09-04T00:38:05Z
1050,Vista Equity Partners,Texas,294249,FlashParking,Internet Software and Services,"Austin, Texas, United States",2021-01-05,Growth Capital,,,5.6,True,,2,0,https://mergr.com/company/294249,2026-09-04T00:38:05Z
1050,Vista Equity Partners,Texas,152625,Pluralsight,Internet Software and Services,"Westlake, Texas, United States",2020-12-13,Going Private,2024-08-30,Merger,3.7,False,317,2,0,https://mergr.com/company/152625,2026-09-04T00:38:05Z
1050,Vista Equity Partners,Texas,96009,Gainsight,Software,"San Francisco, California, United States",2020-11-30,Secondary Buyout,,,5.8,True,,4,0,https://mergr.com/company/96009,2026-09-04T00:38:05Z
1050,Vista Equity Partners,Texas,269934,Pipedrive,Internet Software and Services,"New York, New York, United States",2020-11-12,"Buyout (LBO, MBO, MBI)",,,5.8,True,,1,0,https://mergr.com/company/269934,2026-09-04T00:38:05Z
1050,Vista Equity Partners,Texas,318518,Menlo Security,Internet Software and Services,"Mountain View, California, United States",2020-11-12,Growth Capital,,,5.8,True,,1,0,https://mergr.com/company/318518,2026-09-04T00:38:05Z
1050,Vista Equity Partners,Texas,272589,Jio,Communications,"Navi Mumbai, India",2020-04-21,Stake Purchase,,,6.3,True,,0,0,https://mergr.com/company/272589,2026-09-04T00:38:05Z
1050,Vista Equity Partners,Texas,240787,Tripleseat,Internet Software and Services,"Concord, Massachusetts, United States",2020-03-04,Secondary Buyout,2023-04-27,Trade Sale - Public Company,3.1,False,,1,0,https://mergr.com/company/240787,2026-09-04T00:38:05Z
1050,Vista Equity Partners,Texas,276235,Globalization Partners,Internet Software and Services,"Boston, Massachusetts, United States",2020-02-04,Growth Capital,,,6.6,True,,0,0,https://mergr.com/company/276235,2026-09-04T00:38:05Z
1050,Vista Equity Partners,Texas,295546,BlueConic,Information Technology,"Boston, Massachusetts, United States",2020-01-06,Venture,,,6.6,True,,2,0,https://mergr.com/company/295546,2026-09-04T00:38:05Z
1050,Vista Equity Partners,Texas,295441,OfficeSpace,Internet Software and Services,"Wilmington, Delaware, United States",2019-12-17,Growth Capital,,,6.7,True,,1,0,https://mergr.com/company/295441,2026-09-04T00:38:05Z
1050,Vista Equity Partners,Texas,29361,Accelya,Information Technology,"Barcelona, Spain",2019-11-18,Secondary Buyout,,,6.8,True,,1,0,https://mergr.com/company/29361,2026-09-04T00:38:05Z
1050,Vista Equity Partners,Texas,263971,Acquia,Software,"Boston, Massachusetts, United States",2019-09-24,"Buyout (LBO, MBO, MBI)",,,6.9,True,,3,0,https://mergr.com/company/263971,2026-09-04T00:38:05Z
1050,Vista Equity Partners,Texas,264462,Allvue,Software,"Coral Gables, Florida, United States",2019-09-23,Consolidation,,,6.9,True,,2,0,https://mergr.com/company/264462,2026-09-04T00:38:05Z
1050,Vista Equity Partners,Texas,249393,Critical Start,Information Technology,"Plano, Texas, United States",2019-06-12,Growth Capital,,,7.2,True,,0,0,https://mergr.com/company/249393,2026-09-04T00:38:05Z
1050,Vista Equity Partners,Texas,274183,BigTime Software,Software,"Chicago, Illinois, United States",2019-05-30,Growth Capital,,,7.3,True,,4,0,https://mergr.com/company/274183,2026-09-04T00:38:05Z
1050,Vista Equity Partners,Texas,276349,Jebbit,Software,"Boston, Massachusetts, United States",2019-04-08,Venture,2024-07-10,Divestiture,5.3,False,,0,0,https://mergr.com/company/276349,2026-09-04T00:38:05Z
1050,Vista Equity Partners,Texas,179269,PlanSource,Internet Software and Services,"Orlando, Florida, United States",2019-03-25,Secondary Buyout,,,7.4,True,,0,0,https://mergr.com/company/179269,2026-09-04T00:38:05Z
1050,Vista Equity Partners,Texas,273860,Poppulo,Software,"Denver, Colorado, United States",2019-02-05,Stake Purchase,,,7.5,True,,4,0,https://mergr.com/company/273860,2026-09-04T00:38:05Z
1050,Vista Equity Partners,Texas,269304,Alert Media,Internet Software and Services,"Austin, Texas, United States",2019-01-03,Growth Capital,,,7.7,True,,1,0,https://mergr.com/company/269304,2026-09-04T00:38:05Z
1050,Vista Equity Partners,Texas,17038,MindBody,Software,"San Luis Obispo, California, United States",2018-12-24,Going Private,,,7.7,True,101,3,0,https://mergr.com/company/17038,2026-09-04T00:38:05Z
1050,Vista Equity Partners,Texas,256608,7Park Data,Software,"New York, New York, United States",2018-12-11,"Buyout (LBO, MBO, MBI)",2021-01-25,Divestiture,2.1,False,,1,0,https://mergr.com/company/256608,2026-09-04T00:38:05Z
1050,Vista Equity Partners,Texas,273856,Wrike,Internet Software and Services,"San Diego, California, United States",2018-11-29,"Buyout (LBO, MBO, MBI)",2021-01-19,Divestiture,2.1,False,140,0,0,https://mergr.com/company/273856,2026-09-04T00:38:05Z
1050,Vista Equity Partners,Texas,248216,Apptio,Software,"Bellevue, Washington, United States",2018-11-11,Going Private,2023-06-26,Divestiture,4.6,False,189,5,0,https://mergr.com/company/248216,2026-09-04T00:38:05Z
1050,Vista Equity Partners,Texas,273859,RadarFirst,Software,"Portland, Oregon, United States",2018-11-08,Growth Capital,,,7.8,True,,0,0,https://mergr.com/company/273859,2026-09-04T00:38:05Z
1050,Vista Equity Partners,Texas,260880,Assent,Software,"Ottawa, Ontario, Canada",2018-10-23,Growth Capital,,,7.8,True,,1,0,https://mergr.com/company/260880,2026-09-04T00:38:05Z
1050,Vista Equity Partners,Texas,254185,Dispatch,Internet Software and Services,"Boston, Massachusetts, United States",2018-09-17,Growth Capital,2026-07-10,Divestiture,7.8,False,,1,0,https://mergr.com/company/254185,2026-09-04T00:38:05Z
1050,Vista Equity Partners,Texas,241156,Sonatype,Software,"Fulton, Maryland, United States",2018-09-07,Growth Capital,,,7.9,True,,0,0,https://mergr.com/company/241156,2026-09-04T00:38:05Z
1050,Vista Equity Partners,Texas,253703,Comply,Software,"New York, New York, United States",2018-08-23,Growth Capital,,,8,True,,4,1,https://mergr.com/company/253703,2026-09-04T00:38:05Z
1050,Vista Equity Partners,Texas,57606,iCIMS,Internet Software and Services,"Holmdel, New Jersey, United States",2018-08-15,Secondary Buyout,,,8,True,,5,0,https://mergr.com/company/57606,2026-09-04T00:38:05Z
1050,Vista Equity Partners,Texas,41961,Alegeus,Information Technology,"Boston, Massachusetts, United States",2018-08-07,Secondary Buyout,,,8,True,,0,0,https://mergr.com/company/41961,2026-09-04T00:38:05Z
1050,Vista Equity Partners,Texas,178143,IAS,Digital Media,"New York, New York, United States",2018-06-05,"Buyout (LBO, MBO, MBI)",2021-06-30,IPO,3,False,530,2,0,https://mergr.com/company/178143,2026-09-04T00:38:05Z
1050,Vista Equity Partners,Texas,153117,Allocate Software,Software,"Richmond, United Kingdom",2018-04-23,Secondary Buyout,2021-06-28,Divestiture,3.2,False,,4,0,https://mergr.com/company/153117,2026-09-04T00:38:05Z
1050,Vista Equity Partners,Texas,222129,LogicMonitor,Internet Software and Services,"Santa Barbara, California, United States",2018-04-17,Secondary Buyout,,,8.3,True,,3,0,https://mergr.com/company/222129,2026-09-04T00:38:05Z
1050,Vista Equity Partners,Texas,249944,WorkTango,Internet Software and Services,"Austin, Texas, United States",2018-04-05,Growth Capital,,,8.3,True,,2,0,https://mergr.com/company/249944,2026-09-04T00:38:05Z
1050,Vista Equity Partners,Texas,275945,Tribute Technology,Internet Software and Services,"Waunakee, Wisconsin, United States",2018-01-01,Stake Purchase,,,8.7,True,,1,0,https://mergr.com/company/275945,2026-09-04T00:38:05Z
1050,Vista Equity Partners,Texas,161165,Datto,Information Technology,"Norwalk, Connecticut, United States",2017-10-26,"Buyout (LBO, MBO, MBI)",2020-10-20,IPO,2.9,False,618,1,0,https://mergr.com/company/161165,2026-09-04T00:38:05Z
1050,Vista Equity Partners,Texas,244191,Jamf,Software,"Minneapolis, Minnesota, United States",2017-10-11,Secondary Buyout,2020-07-14,IPO,2.8,False,627,1,0,https://mergr.com/company/244191,2026-09-04T00:38:05Z
1050,Vista Equity Partners,Texas,243157,"Gather Technologies, Inc.",Software,"Atlanta, Georgia, United States",2017-09-07,Growth Capital,2020-03-05,Spin Off,2.4,False,,1,0,https://mergr.com/company/243157,2026-09-04T00:38:05Z
1050,Vista Equity Partners,Texas,12574,EAB,Education,"Washington, District of Columbia, United States",2017-08-29,Divestiture,,,9,True,,3,0,https://mergr.com/company/12574,2026-09-04T00:38:05Z
1050,Vista Equity Partners,Texas,204951,Applause,Software,"Framingham, Massachusetts, United States",2017-08-23,Secondary Buyout,,,9,True,,0,0,https://mergr.com/company/204951,2026-09-04T00:38:05Z
1050,Vista Equity Partners,Texas,242736,SecureLink,Information Technology,"Austin, Texas, United States",2017-08-16,Growth Capital,2022-02-23,Divestiture,4.5,False,,0,0,https://mergr.com/company/242736,2026-09-04T00:38:05Z
1050,Vista Equity Partners,Texas,273857,Upside Business Travel,Internet Software and Services,"Washington, District of Columbia, United States",2017-07-09,Growth Capital,2021-09-24,Shut Down,4.2,False,,0,0,https://mergr.com/company/273857,2026-09-04T00:38:05Z
1050,Vista Equity Partners,Texas,219971,Upserve,Internet Software and Services,"Providence, Rhode Island, United States",2017-07-06,Growth Capital,2020-12-01,Divestiture,3.3,False,,1,0,https://mergr.com/company/219971,2026-09-04T00:38:05Z
1050,Vista Equity Partners,Texas,27144,Zego,Information Technology,"San Diego, California, United States",2017-06-28,Secondary Buyout,2021-05-04,Divestiture,3.8,False,,1,0,https://mergr.com/company/27144,2026-09-04T00:38:05Z
1050,Vista Equity Partners,Texas,220999,Fusion Risk Management,Internet Software and Services,"Chicago, Illinois, United States",2017-06-13,Venture,,,9.2,True,,0,0,https://mergr.com/company/220999,2026-09-04T00:38:05Z
1050,Vista Equity Partners,Texas,176039,Khoros,Internet Software and Services,"Austin, Texas, United States",2017-05-30,"Buyout (LBO, MBO, MBI)",2025-05-27,Divestiture,7.9,False,,4,0,https://mergr.com/company/176039,2026-09-04T00:38:05Z
1050,Vista Equity Partners,Texas,239978,Xactly,Internet Software and Services,"Los Gatos, California, United States",2017-05-30,Going Private,,,9.3,True,95,3,0,https://mergr.com/company/239978,2026-09-04T00:38:05Z
1050,Vista Equity Partners,Texas,239532,Zapproved,Internet Software and Services,"Portland, Oregon, United States",2017-05-16,Growth Capital,2023-01-19,Divestiture,5.7,False,,0,0,https://mergr.com/company/239532,2026-09-04T00:38:05Z
1050,Vista Equity Partners,Texas,193830,SmartBear,Software,"Somerville, Massachusetts, United States",2017-05-03,"Buyout (LBO, MBO, MBI)",,,9.3,True,,11,0,https://mergr.com/company/193830,2026-09-04T00:38:05Z
1050,Vista Equity Partners,Texas,11826,Numerator,Information Services,"Chicago, Illinois, United States",2017-04-17,Secondary Buyout,2021-04-19,Divestiture,4,False,,2,0,https://mergr.com/company/11826,2026-09-04T00:38:05Z
1050,Vista Equity Partners,Texas,257267,CentralSquare,Information Technology,"Lake Mary, Florida, United States",2016-12-07,Divestiture,,,9.7,True,,6,0,https://mergr.com/company/257267,2026-09-04T00:38:05Z
1050,Vista Equity Partners,Texas,30571,Infoblox,Information Technology,"Santa Clara, California, United States",2016-09-19,Going Private,,,9.9,True,358,3,0,https://mergr.com/company/30571,2026-09-04T00:38:05Z
1050,Vista Equity Partners,Texas,226395,Regulatory DataCorp.,Information Technology,"King of Prussia, Pennsylvania, United States",2016-09-06,Secondary Buyout,2020-01-23,Divestiture,3.3,False,,0,0,https://mergr.com/company/226395,2026-09-04T00:38:05Z
1050,Vista Equity Partners,Texas,11895,Granicus,Internet Software and Services,"Denver, Colorado, United States",2016-08-18,Secondary Buyout,,,10,True,,12,0,https://mergr.com/company/11895,2026-09-04T00:38:05Z
1050,Vista Equity Partners,Texas,230104,Vena,Internet Software and Services,"Toronto, Ontario, Canada",2016-07-26,Venture,,,10.1,True,,2,0,https://mergr.com/company/230104,2026-09-04T00:38:05Z
1050,Vista Equity Partners,Texas,223523,ESO,Software,"Austin, Texas, United States",2016-07-11,Growth Capital,,,10.1,True,,11,0,https://mergr.com/company/223523,2026-09-04T00:38:05Z
1050,Vista Equity Partners,Texas,125369,Ping Identity,Information Technology,"Denver, Colorado, United States",2016-06-01,Secondary Buyout,2019-09-18,IPO,3.3,False,299,2,0,https://mergr.com/company/125369,2026-09-04T00:38:05Z
1050,Vista Equity Partners,Texas,80505,"Marketo, Inc.",Internet Software and Services,"San Mateo, California, United States",2016-05-31,Going Private,2018-09-20,Divestiture,2.3,False,209,2,0,https://mergr.com/company/80505,2026-09-04T00:38:05Z
1050,Vista Equity Partners,Texas,16931,"Vertafore, Inc.",Software,"Denver, Colorado, United States",2016-05-02,Secondary Buyout,2020-08-13,Divestiture,4.3,False,,2,0,https://mergr.com/company/16931,2026-09-04T00:38:05Z
1050,Vista Equity Partners,Texas,149077,Cvent,Internet Software and Services,"Tysons, Virginia, United States",2016-04-18,Going Private,2021-06-23,IPO,5.2,False,519,5,0,https://mergr.com/company/149077,2026-09-04T00:38:05Z
1050,Vista Equity Partners,Texas,216635,Quickbase,Internet Software and Services,"Boston, Massachusetts, United States",2016-03-08,Divestiture,,,10.4,True,,3,0,https://mergr.com/company/216635,2026-09-04T00:38:05Z
1050,Vista Equity Partners,Texas,213950,Tomia,Software,"Vienna, Virginia, United States",2016-01-14,Secondary Buyout,2022-06-13,Divestiture,6.3,False,,1,0,https://mergr.com/company/213950,2026-09-04T00:38:05Z
1490,NGP,Texas,341556,406 Energy,Oil/Gas Exploration,"Houston, Texas, United States",2025-10-10,Growth Capital,,,0.8,True,,0,0,https://mergr.com/company/341556,2026-09-04T00:38:05Z
1490,NGP,Texas,343368,EV Realty,Business Services,"San Anselmo, California, United States",2025-09-18,Growth Capital,,,0.9,True,,0,0,https://mergr.com/company/343368,2026-09-04T00:38:05Z
1490,NGP,Texas,342215,Mora Energy,Energy Services and Equipment,"Dallas, Texas, United States",2025-04-14,Growth Capital,,,1.3,True,,0,0,https://mergr.com/company/342215,2026-09-04T00:38:05Z
1490,NGP,Texas,342198,Alva Energy,Energy Services and Equipment,"Cambridge, Massachusetts, United States",2025-01-01,"Buyout (LBO, MBO, MBI)",,,1.7,True,,0,0,https://mergr.com/company/342198,2026-09-04T00:38:05Z
1490,NGP,Texas,335276,Iron Oak Energy,Metals/Mining,"The Woodlands, Texas, United States",2024-11-04,"Buyout (LBO, MBO, MBI)",,,1.8,True,,5,0,https://mergr.com/company/335276,2026-09-04T00:38:05Z
1490,NGP,Texas,341927,Cloverleaf Infrastructure,Infrastructure,"Seattle, Washington, United States",2024-07-17,Growth Capital,,,2.1,True,,0,0,https://mergr.com/company/341927,2026-09-04T00:38:05Z
1490,NGP,Texas,339716,PhysicsX,Software,"London, United Kingdom",2023-11-27,Growth Capital,,,2.8,True,,0,0,https://mergr.com/company/339716,2026-09-04T00:38:05Z
1490,NGP,Texas,343567,Wellspring Energy Resources,Energy Services and Equipment,"Dallas, Texas, United States",2023-11-06,Growth Capital,,,2.8,True,,0,0,https://mergr.com/company/343567,2026-09-04T00:38:05Z
1490,NGP,Texas,342203,CO280,Environmental,"Vancouver, British Columbia, Canada",2023-01-01,"Buyout (LBO, MBO, MBI)",,,3.7,True,,0,0,https://mergr.com/company/342203,2026-09-04T00:38:05Z
1490,NGP,Texas,338563,Rubicon Carbon,Environmental,"Marina del Rey, California, United States",2022-11-29,Growth Capital,,,3.8,True,,0,0,https://mergr.com/company/338563,2026-09-04T00:38:05Z
1490,NGP,Texas,306181,Cygnet Energy,Energy Services and Equipment,"Calgary, Alberta, Canada",2022-09-14,Growth Capital,,,3.9,True,,0,0,https://mergr.com/company/306181,2026-09-04T00:38:05Z
1490,NGP,Texas,339671,Crown Oil Partners VII,Oil/Gas Exploration,"Midland, Texas, United States",2022-01-01,"Buyout (LBO, MBO, MBI)",,,4.7,True,,0,0,https://mergr.com/company/339671,2026-09-04T00:38:05Z
1490,NGP,Texas,339676,Foundation Minerals II,Business Services,"Midland, Texas, United States",2022-01-01,"Buyout (LBO, MBO, MBI)",,,4.7,True,,0,0,https://mergr.com/company/339676,2026-09-04T00:38:05Z
1490,NGP,Texas,295836,Via Separations,Manufacturing,"Watertown, Massachusetts, United States",2021-10-21,Venture,,,4.8,True,,0,0,https://mergr.com/company/295836,2026-09-04T00:38:05Z
1490,NGP,Texas,295771,LevelTen Energy,Internet Software and Services,"Seattle, Washington, United States",2021-08-25,Venture,,,5,True,,0,0,https://mergr.com/company/295771,2026-09-04T00:38:05Z
1490,NGP,Texas,295738,Mesa Minerals Partners II,Oil/Gas Exploration,"Houston, Texas, United States",2021-05-26,"Buyout (LBO, MBO, MBI)",,,5.3,True,,0,0,https://mergr.com/company/295738,2026-09-04T00:38:05Z
1490,NGP,Texas,295773,Orennia,Information Technology,"Calgary, Alberta, Canada",2021-05-18,Venture,,,5.3,True,,0,0,https://mergr.com/company/295773,2026-09-04T00:38:05Z
1490,NGP,Texas,295846,Persefoni,Internet Software and Services,"Mesa, Arizona, United States",2021-04-15,Venture,,,5.3,True,,0,0,https://mergr.com/company/295846,2026-09-04T00:38:05Z
1490,NGP,Texas,252069,ChargePoint,Energy Services and Equipment,"Campbell, California, United States",2021-02-26,PIPE,,,5.5,True,417,2,0,https://mergr.com/company/252069,2026-09-04T00:38:05Z
1490,NGP,Texas,280363,Anew Climate,Renewable Energy,"Houston, Texas, United States",2021-01-12,"Buyout (LBO, MBO, MBI)",,,5.6,True,,1,0,https://mergr.com/company/280363,2026-09-04T00:38:05Z
1490,NGP,Texas,339670,Axia Energy III,Oil/Gas Exploration,"Highlands Ranch, Colorado, United States",2021-01-01,"Buyout (LBO, MBO, MBI)",,,5.7,True,,0,0,https://mergr.com/company/339670,2026-09-04T00:38:05Z
1490,NGP,Texas,339703,Greenlake Energy,Oil/Gas Exploration,"Austin, Texas, United States",2021-01-01,"Buyout (LBO, MBO, MBI)",,,5.7,True,,0,0,https://mergr.com/company/339703,2026-09-04T00:38:05Z
1490,NGP,Texas,342209,Segue Sustainable Infrastructure,Renewable Energy,"San Francisco, California, United States",2021-01-01,Growth Capital,,,5.7,True,,0,0,https://mergr.com/company/342209,2026-09-04T00:38:05Z
1490,NGP,Texas,295768,Form Energy,Renewable Energy,"Weirton, West Virginia, United States",2020-11-30,Venture,,,5.8,True,,0,0,https://mergr.com/company/295768,2026-09-04T00:38:05Z
1490,NGP,Texas,295775,Voltus,Software,"San Francisco, California, United States",2020-10-30,Venture,,,5.8,True,,1,0,https://mergr.com/company/295775,2026-09-04T00:38:05Z
1490,NGP,Texas,279229,AVAD Energy Partners II,Oil/Gas Exploration,"Dallas, Texas, United States",2020-08-27,"Buyout (LBO, MBO, MBI)",,,6,True,,0,0,https://mergr.com/company/279229,2026-09-04T00:38:05Z
1490,NGP,Texas,295710,Elk Range Royalties,Oil/Gas Exploration,"Dallas, Texas, United States",2020-01-01,"Buyout (LBO, MBO, MBI)",,,6.7,True,,0,0,https://mergr.com/company/295710,2026-09-04T00:38:05Z
1490,NGP,Texas,249098,Mettle Midstream Partners,Energy Services and Equipment,"Dallas, Texas, United States",2018-03-05,Growth Capital,,,8.4,True,,0,0,https://mergr.com/company/249098,2026-09-04T00:38:05Z
1490,NGP,Texas,295691,Trilogy Midstream,Oil/Gas Exploration,"Houston, Texas, United States",2018-01-09,Growth Capital,,,8.6,True,,0,0,https://mergr.com/company/295691,2026-09-04T00:38:05Z
1490,NGP,Texas,295681,Iron Horse Midstream,Oil/Gas Exploration,"Dallas, Texas, United States",2018-01-01,"Buyout (LBO, MBO, MBI)",,,8.7,True,,0,0,https://mergr.com/company/295681,2026-09-04T00:38:05Z
1490,NGP,Texas,295686,Mallard Exploration,Oil/Gas Exploration,"Denver, Colorado, United States",2017-10-01,Growth Capital,2023-01-01,Divestiture,5.3,False,,0,0,https://mergr.com/company/295686,2026-09-04T00:38:05Z
1490,NGP,Texas,295828,Hibernia Energy III,Oil/Gas Exploration,"Houston, Texas, United States",2017-08-08,Growth Capital,,,9,True,,0,0,https://mergr.com/company/295828,2026-09-04T00:38:05Z
1490,NGP,Texas,295676,Infinity Natural Resources,Oil/Gas Exploration,"Morgantown, West Virginia, United States",2017-08-01,Growth Capital,2025-01-31,IPO,7.4,False,356,0,0,https://mergr.com/company/295676,2026-09-04T00:38:05Z
1490,NGP,Texas,295655,Black Mountain Sand,Metals/Mining,"Fort Worth, Texas, United States",2017-04-01,"Buyout (LBO, MBO, MBI)",2024-11-04,Spin Off,7.6,False,,0,0,https://mergr.com/company/295655,2026-09-04T00:38:05Z
1490,NGP,Texas,237513,Luxe Minerals,Metals/Mining,"Austin, Texas, United States",2017-03-13,Growth Capital,,,9.4,True,,0,0,https://mergr.com/company/237513,2026-09-04T00:38:05Z
1490,NGP,Texas,295823,Outrigger Energy II,Oil/Gas Exploration,"Denver, Colorado, United States",2017-01-24,Growth Capital,,,9.6,True,,0,1,https://mergr.com/company/295823,2026-09-04T00:38:05Z
1490,NGP,Texas,279222,AVAD Energy Partners I,Oil/Gas Exploration,"Dallas, Texas, United States",2017-01-12,"Buyout (LBO, MBO, MBI)",,,9.6,True,,0,0,https://mergr.com/company/279222,2026-09-04T00:38:05Z
1490,NGP,Texas,295667,Camino Natural Resources,Oil/Gas Exploration,"Denver, Colorado, United States",2017-01-01,Growth Capital,,,9.7,True,,0,0,https://mergr.com/company/295667,2026-09-04T00:38:05Z
1490,NGP,Texas,295715,Titus Oil & Gas,Oil/Gas Exploration,"Fort Worth, Texas, United States",2017-01-01,"Buyout (LBO, MBO, MBI)",,,9.7,True,,0,1,https://mergr.com/company/295715,2026-09-04T00:38:05Z
1490,NGP,Texas,295669,Confluence Resources,Oil/Gas Exploration,"Denver, Colorado, United States",2016-09-01,"Buyout (LBO, MBO, MBI)",,,10,True,,0,0,https://mergr.com/company/295669,2026-09-04T00:38:05Z
1490,NGP,Texas,295799,Lobo II,Oil/Gas Exploration,"Dallas, Texas, United States",2016-08-01,Joint Venture,,,10.1,True,,0,0,https://mergr.com/company/295799,2026-09-04T00:38:05Z
1490,NGP,Texas,261963,Wing Resources,Metals/Mining,"Dallas, Texas, United States",2016-08-01,Growth Capital,,,10.1,True,,0,1,https://mergr.com/company/261963,2026-09-04T00:38:05Z
1490,NGP,Texas,295690,Teal Natural Resources,Oil/Gas Exploration,"Dallas, Texas, United States",2016-05-17,Growth Capital,,,10.3,True,,0,0,https://mergr.com/company/295690,2026-09-04T00:38:05Z
1490,NGP,Texas,216042,Colgate Energy,Oil/Gas Exploration,"Midland, Texas, United States",2016-02-25,Growth Capital,,,10.5,True,,1,0,https://mergr.com/company/216042,2026-09-04T00:38:05Z
1490,NGP,Texas,215447,Black Mountain,Oil/Gas Exploration,"Fort Worth, Texas, United States",2016-02-10,Growth Capital,,,10.5,True,,0,0,https://mergr.com/company/215447,2026-09-04T00:38:05Z
1490,NGP,Texas,215158,PCORE Exploration & Production II,Renewable Energy,"Dallas, Texas, United States",2016-02-01,Growth Capital,,,10.6,True,,0,0,https://mergr.com/company/215158,2026-09-04T00:38:05Z
1490,NGP,Texas,260135,WRC Energy,Energy Services and Equipment,"Denver, Colorado, United States",2016-01-01,"Buyout (LBO, MBO, MBI)",,,10.7,True,,0,0,https://mergr.com/company/260135,2026-09-04T00:38:05Z
1490,NGP,Texas,295698,Aspen Energy Partners,Energy Services and Equipment,"Denver, Colorado, United States",2016-01-01,"Buyout (LBO, MBO, MBI)",,,10.7,True,,0,0,https://mergr.com/company/295698,2026-09-04T00:38:05Z
1490,NGP,Texas,295689,Tap Rock Resources,Oil/Gas Exploration,"Denver, Colorado, United States",2016-01-01,Growth Capital,,,10.7,True,,0,0,https://mergr.com/company/295689,2026-09-04T00:38:05Z
1490,NGP,Texas,208439,Juniper Resources,Oil/Gas Exploration,"Dallas, Texas, United States",2015-10-26,Growth Capital,,,10.8,True,,0,0,https://mergr.com/company/208439,2026-09-04T00:38:05Z
1490,NGP,Texas,206101,Wild Wind Petroleum,Oil/Gas Exploration,"Calgary, Alberta, Canada",2015-10-07,Growth Capital,,,10.8,True,,0,0,https://mergr.com/company/206101,2026-09-04T00:38:05Z
1490,NGP,Texas,201420,Luxe Energy,Oil/Gas Exploration,"Austin, Texas, United States",2015-05-04,Growth Capital,2021-06-02,Divestiture,6,False,,0,0,https://mergr.com/company/201420,2026-09-04T00:38:05Z
1490,NGP,Texas,295687,Rebellion Energy Solutions,Oil/Gas Exploration,"Tulsa, Oklahoma, United States",2015-05-01,Growth Capital,,,11.3,True,,0,0,https://mergr.com/company/295687,2026-09-04T00:38:05Z
1490,NGP,Texas,201419,Kinetics Energy Services,Energy Services and Equipment,"Houston, Texas, United States",2015-03-31,Growth Capital,,,11.4,True,,0,0,https://mergr.com/company/201419,2026-09-04T00:38:05Z
1490,NGP,Texas,201422,Axia Energy II,Oil/Gas Exploration,"Denver, Colorado, United States",2015-03-11,Growth Capital,,,11.4,True,,0,0,https://mergr.com/company/201422,2026-09-04T00:38:05Z
1490,NGP,Texas,201424,Fifth Creek Energy Company LLC,Oil/Gas Exploration,"Greenwood Village, Colorado, United States",2015-03-05,Growth Capital,2017-12-05,Spin Off,2.8,False,,0,0,https://mergr.com/company/201424,2026-09-04T00:38:05Z
1490,NGP,Texas,201426,Prairie Storm Energy,Oil/Gas Exploration,"Calgaary, Alberta, Canada",2015-02-04,Growth Capital,,,11.6,True,,0,0,https://mergr.com/company/201426,2026-09-04T00:38:05Z
1490,NGP,Texas,171569,Crossing Rocks Energy Partners,Energy Services and Equipment,"Fort Worth, Texas, United States",2015-01-09,"Buyout (LBO, MBO, MBI)",,,11.6,True,,0,0,https://mergr.com/company/171569,2026-09-04T00:38:05Z
1490,NGP,Texas,94569,PetroCore,Oil/Gas Exploration,United States,2014-05-16,Growth Capital,,,12.3,True,,0,0,https://mergr.com/company/94569,2026-09-04T00:38:05Z
1490,NGP,Texas,295752,Steward Energy II,Oil/Gas Exploration,"Frisco, Texas, United States",2014-01-01,"Buyout (LBO, MBO, MBI)",,,12.7,True,,0,0,https://mergr.com/company/295752,2026-09-04T00:38:05Z
1490,NGP,Texas,295659,Blackbeard Operating,Oil/Gas Exploration,"Fort Worth, Texas, United States",2014-01-01,"Buyout (LBO, MBO, MBI)",,,12.7,True,,0,0,https://mergr.com/company/295659,2026-09-04T00:38:05Z
1490,NGP,Texas,38085,TEAK Midstream LLC,Energy Services and Equipment,"Dallas, Texas, United States",2012-11-27,"Buyout (LBO, MBO, MBI)",2013-04-22,Divestiture,0.3,False,,0,0,https://mergr.com/company/38085,2026-09-04T00:38:05Z
1490,NGP,Texas,21442,CH4 Energy,Oil/Gas Exploration,"Fort Worth, Texas, United States",2012-08-24,Secondary Buyout,,,14,True,,0,0,https://mergr.com/company/21442,2026-09-04T00:38:05Z
1490,NGP,Texas,295746,Steward Energy,Oil/Gas Exploration,"Frisco, Texas, United States",2012-08-01,"Buyout (LBO, MBO, MBI)",,,14.1,True,,0,0,https://mergr.com/company/295746,2026-09-04T00:38:05Z
1490,NGP,Texas,31994,Samson Investment Co.,Oil/Gas Exploration,"Tulsa, Oklahoma, United States",2011-11-23,"Buyout (LBO, MBO, MBI)",2015-09-17,Bankruptcy,3.8,False,,0,0,https://mergr.com/company/31994,2026-09-04T00:38:05Z
1490,NGP,Texas,177790,Memorial Resource Development Corp.,Oil/Gas Exploration,"Houston, Texas, United States",2011-01-01,"Buyout (LBO, MBO, MBI)",2014-06-13,IPO,3.4,False,694,0,0,https://mergr.com/company/177790,2026-09-04T00:38:05Z
1490,NGP,Texas,38081,"Rice Energy, Inc.",Energy Services and Equipment,"Canonsburg, Pennsylvania, United States",2011-01-01,"Buyout (LBO, MBO, MBI)",,,15.7,True,778,1,0,https://mergr.com/company/38081,2026-09-04T00:38:05Z
1490,NGP,Texas,38069,Amplify Energy,Oil/Gas Exploration,"Houston, Texas, United States",2011-01-01,"Buyout (LBO, MBO, MBI)",2011-12-09,IPO,0.9,False,263,0,0,https://mergr.com/company/38069,2026-09-04T00:38:05Z
1490,NGP,Texas,25495,Northern Blizzard Resources,Oil/Gas Exploration,"Calgary, Alberta, Canada",2010-07-23,"Buyout (LBO, MBO, MBI)",2017-04-10,Secondary Sale,6.7,False,,0,0,https://mergr.com/company/25495,2026-09-04T00:38:05Z
1490,NGP,Texas,25484,"CanEra Resources, Inc.",Oil/Gas Exploration,"Houston, Texas, United States",2008-11-01,"Buyout (LBO, MBO, MBI)",2010-06-15,Divestiture,1.6,False,,0,0,https://mergr.com/company/25484,2026-09-04T00:38:05Z
1490,NGP,Texas,27950,Seven Generations Energy,Oil/Gas Exploration,"Calgary, Alberta, Canada",2008-01-01,"Buyout (LBO, MBO, MBI)",,,18.7,True,,0,0,https://mergr.com/company/27950,2026-09-04T00:38:05Z
1490,NGP,Texas,38077,Resolute Energy Corp.,Energy Services and Equipment,"Denver, Colorado, United States",2007-11-09,"Buyout (LBO, MBO, MBI)",2009-09-01,IPO,1.8,False,303,0,0,https://mergr.com/company/38077,2026-09-04T00:38:05Z
1490,NGP,Texas,30437,Chrysaor Holdings,Oil/Gas Exploration,"London, United Kingdom",2007-11-02,"Buyout (LBO, MBO, MBI)",,,18.8,True,,2,0,https://mergr.com/company/30437,2026-09-04T00:38:05Z
1490,NGP,Texas,38065,"Eagle Rock Energy Partners, L.P.",Oil/Gas Exploration,"Houston, Texas, United States",2006-06-07,PIPE,,,20.2,True,1195,1,0,https://mergr.com/company/38065,2026-09-04T00:38:05Z
1490,NGP,Texas,38057,BlueStone Natural Resources,Energy Services and Equipment,"Tulsa, Oklahoma, United States",2006-02-01,"Buyout (LBO, MBO, MBI)",,,20.6,True,,0,0,https://mergr.com/company/38057,2026-09-04T00:38:05Z
1490,NGP,Texas,38061,Crimson Pipeline,Energy Services and Equipment,"Long Beach, California, United States",2005-01-01,"Buyout (LBO, MBO, MBI)",,,21.7,True,,0,0,https://mergr.com/company/38061,2026-09-04T00:38:05Z
1490,NGP,Texas,211409,Energy Transfer Partners LP,Energy Services and Equipment,"Dallas, Texas, United States",2002-01-01,"Buyout (LBO, MBO, MBI)",2006-02-03,IPO,4.1,False,34292,0,0,https://mergr.com/company/211409,2026-09-04T00:38:05Z
1490,NGP,Texas,20143,Encore Acquisition Co.,Oil/Gas Exploration,"Fort Worth, Texas, United States",1998-01-01,"Buyout (LBO, MBO, MBI)",2001-09-03,IPO,3.7,False,,0,0,https://mergr.com/company/20143,2026-09-04T00:38:05Z
1490,NGP,Texas,38113,Pioneer Natural Resources,Oil/Gas Exploration,"Irving, Texas, United States",1997-01-01,Consolidation,2007-07-26,IPO,10.5,False,24384,1,0,https://mergr.com/company/38113,2026-09-04T00:38:05Z
1490,NGP,Texas,38097,Valaris,Energy Services and Equipment,"Houston, Texas, United States",1993-01-01,"Buyout (LBO, MBO, MBI)",,,33.7,True,2369,5,1,https://mergr.com/company/38097,2026-09-04T00:38:05Z
1667,EnCap Investments,Texas,343495,Dunamis Energy,Oil/Gas Exploration,"Denver, Colorado, United States",2024-10-25,Growth Capital,,,1.8,True,,0,0,https://mergr.com/company/343495,2026-09-04T00:38:05Z
1667,EnCap Investments,Texas,335921,X2 Resources,Oil/Gas Exploration,"Houston, Texas, United States",2024-10-01,Add-on Acquisition,,,1.9,True,,0,0,https://mergr.com/company/335921,2026-09-04T00:38:05Z
1667,EnCap Investments,Texas,343487,Aither Systems,Energy Services and Equipment,"Plano, Texas, United States",2024-01-01,"Buyout (LBO, MBO, MBI)",,,2.7,True,,0,0,https://mergr.com/company/343487,2026-09-04T00:38:05Z
1667,EnCap Investments,Texas,343537,Bildmore Clean Energy,Renewable Energy,"Houston, Texas, United States",2024-01-01,"Buyout (LBO, MBO, MBI)",,,2.7,True,,0,0,https://mergr.com/company/343537,2026-09-04T00:38:05Z
1667,EnCap Investments,Texas,343503,Ridge Runner Resources II,Oil/Gas Exploration,"Houston, Texas, United States",2023-01-01,Growth Capital,,,3.7,True,,0,0,https://mergr.com/company/343503,2026-09-04T00:38:05Z
1667,EnCap Investments,Texas,343547,Parliament Solar,Renewable Energy,"Waller, Texas, United States",2023-01-01,Growth Capital,,,3.7,True,,0,0,https://mergr.com/company/343547,2026-09-04T00:38:05Z
1667,EnCap Investments,Texas,307650,Bleutec Industries,Business Services,"Houston, Texas, United States",2022-11-30,Growth Capital,,,3.8,True,,0,0,https://mergr.com/company/307650,2026-09-04T00:38:05Z
1667,EnCap Investments,Texas,230031,Earthstone Energy,Oil/Gas Exploration,"The Woodlands, Texas, United States",2022-01-31,PIPE,,,4.6,True,420,4,0,https://mergr.com/company/230031,2026-09-04T00:38:05Z
1667,EnCap Investments,Texas,310495,Tumbleweed Royalty IV,Oil/Gas Exploration,"Fort Worth, Texas, United States",2022-01-01,"Buyout (LBO, MBO, MBI)",2024-09-11,Divestiture,2.7,False,,0,0,https://mergr.com/company/310495,2026-09-04T00:38:05Z
1667,EnCap Investments,Texas,343542,Linea Energy,Renewable Energy,"San Francisco, California, United States",2022-01-01,Growth Capital,,,4.7,True,,0,0,https://mergr.com/company/343542,2026-09-04T00:38:05Z
1667,EnCap Investments,Texas,293056,Goodrich Petroleum,Oil/Gas Exploration,"Houston, Texas, United States",2021-11-22,Going Private,2021-12-01,Divestiture,0,False,94,0,0,https://mergr.com/company/293056,2026-09-04T00:38:05Z
1667,EnCap Investments,Texas,310556,Sabalo Energy II,Oil/Gas Exploration,"Corpus Christi, Texas, United States",2021-09-22,"Buyout (LBO, MBO, MBI)",,,4.9,True,,0,0,https://mergr.com/company/310556,2026-09-04T00:38:05Z
1667,EnCap Investments,Texas,343533,Arbor Renewable Gas,Renewable Energy,"Houston, Texas, United States",2021-08-17,Growth Capital,,,5,True,,0,0,https://mergr.com/company/343533,2026-09-04T00:38:05Z
1667,EnCap Investments,Texas,310291,Grenadier Energy III,Oil/Gas Exploration,"The Woodlands, Texas, United States",2021-07-21,"Buyout (LBO, MBO, MBI)",,,5.1,True,,0,0,https://mergr.com/company/310291,2026-09-04T00:38:05Z
1667,EnCap Investments,Texas,310380,Pegasus Resources II,Oil/Gas Exploration,"Fort Worth, Texas, United States",2021-01-01,"Buyout (LBO, MBO, MBI)",,,5.7,True,,0,0,https://mergr.com/company/310380,2026-09-04T00:38:05Z
1667,EnCap Investments,Texas,343553,Solar Proponent,Renewable Energy,"Austin, Texas, United States",2020-12-08,Growth Capital,,,5.7,True,,0,0,https://mergr.com/company/343553,2026-09-04T00:38:05Z
1667,EnCap Investments,Texas,278292,Encino Environmental Services,Environmental,"Katy, Texas, United States",2020-11-17,"Buyout (LBO, MBO, MBI)",,,5.8,True,,0,0,https://mergr.com/company/278292,2026-09-04T00:38:05Z
1667,EnCap Investments,Texas,310294,Paloma Partners V,Oil/Gas Exploration,"Houston, Texas, United States",2020-01-01,"Buyout (LBO, MBO, MBI)",,,6.7,True,,0,0,https://mergr.com/company/310294,2026-09-04T00:38:05Z
1667,EnCap Investments,Texas,283918,Catalyze,Renewable Energy,"Houston, Texas, United States",2019-01-01,"Buyout (LBO, MBO, MBI)",,,7.7,True,,3,0,https://mergr.com/company/283918,2026-09-04T00:38:05Z
1667,EnCap Investments,Texas,343497,Piedra Energy IV,Oil/Gas Exploration,"Midland, Texas, United States",2018-10-11,"Buyout (LBO, MBO, MBI)",2023-04-03,Divestiture,4.4,False,,0,0,https://mergr.com/company/343497,2026-09-04T00:38:05Z
1667,EnCap Investments,Texas,310287,Forge Energy II,Oil/Gas Exploration,"San Antonio, Texas, United States",2018-01-01,"Buyout (LBO, MBO, MBI)",2023-05-12,Divestiture,5.3,False,,0,0,https://mergr.com/company/310287,2026-09-04T00:38:05Z
1667,EnCap Investments,Texas,310483,XCL Resources,Oil/Gas Exploration,"Houston, Texas, United States",2018-01-01,"Buyout (LBO, MBO, MBI)",2024-06-27,Divestiture,6.4,False,,0,0,https://mergr.com/company/310483,2026-09-04T00:38:05Z
1667,EnCap Investments,Texas,241527,Silverback Exploration II,Oil/Gas Exploration,"San Antonio, Texas, United States",2017-07-10,Growth Capital,2025-07-02,Divestiture,7.9,False,,0,0,https://mergr.com/company/241527,2026-09-04T00:38:05Z
1667,EnCap Investments,Texas,261930,Mongoose Energy,Oil/Gas Exploration,"Tulsa, Oklahoma, United States",2017-01-01,"Buyout (LBO, MBO, MBI)",,,9.7,True,,0,0,https://mergr.com/company/261930,2026-09-04T00:38:05Z
1667,EnCap Investments,Texas,293191,Black Swan Oil & Gas,Oil/Gas Exploration,"Edmond, Oklahoma, United States",2017-01-01,Growth Capital,2023-04-03,Divestiture,6.3,False,,0,0,https://mergr.com/company/293191,2026-09-04T00:38:05Z
1667,EnCap Investments,Texas,310276,Ameredev II,Oil/Gas Exploration,"Austin, Texas, United States",2017-01-01,"Buyout (LBO, MBO, MBI)",2024-06-12,Divestiture,7.4,False,,0,0,https://mergr.com/company/310276,2026-09-04T00:38:05Z
1667,EnCap Investments,Texas,310278,Enduring Resources,Oil/Gas Exploration,"Centennial, Colorado, United States",2017-01-01,"Buyout (LBO, MBO, MBI)",,,9.7,True,,0,0,https://mergr.com/company/310278,2026-09-04T00:38:05Z
1667,EnCap Investments,Texas,310557,PetroLegacy Energy II,Oil/Gas Exploration,"Austin, Texas, United States",2016-09-01,"Buyout (LBO, MBO, MBI)",,,10,True,,0,0,https://mergr.com/company/310557,2026-09-04T00:38:05Z
1667,EnCap Investments,Texas,17213,Plains All American,Energy Services and Equipment,"Houston, Texas, United States",2016-01-12,Stake Purchase,,,10.6,True,44262,4,2,https://mergr.com/company/17213,2026-09-04T00:38:05Z
1667,EnCap Investments,Texas,310289,Grayson Mill Energy,Oil/Gas Exploration,"Houston, Texas, United States",2016-01-01,"Buyout (LBO, MBO, MBI)",,,10.7,True,,0,1,https://mergr.com/company/310289,2026-09-04T00:38:05Z
1667,EnCap Investments,Texas,310293,Novo Oil & Gas,Oil/Gas Exploration,"Oklahoma City, Oklahoma, United States",2016-01-01,"Buyout (LBO, MBO, MBI)",2023-06-15,Divestiture,7.4,False,,0,1,https://mergr.com/company/310293,2026-09-04T00:38:05Z
1667,EnCap Investments,Texas,195553,Ameredev,Oil/Gas Exploration,"Austin, Texas, United States",2015-07-08,Growth Capital,2017-01-01,Unknown,1.4,False,,0,0,https://mergr.com/company/195553,2026-09-04T00:38:05Z
1667,EnCap Investments,Texas,310485,Verdun Oil,Oil/Gas Exploration,"Houston, Texas, United States",2015-01-01,"Buyout (LBO, MBO, MBI)",,,11.7,True,,0,0,https://mergr.com/company/310485,2026-09-04T00:38:05Z
1667,EnCap Investments,Texas,179761,Sierra Oil & Gas,Oil/Gas Exploration,"Mexico City, Mexico",2014-09-18,"Buyout (LBO, MBO, MBI)",,,11.9,True,,0,0,https://mergr.com/company/179761,2026-09-04T00:38:05Z
1667,EnCap Investments,Texas,179759,Sabalo Energy,Oil/Gas Exploration,"Corpus Christi, Texas, United States",2014-01-01,"Buyout (LBO, MBO, MBI)",2021-05-09,Divestiture,7.3,False,,0,1,https://mergr.com/company/179759,2026-09-04T00:38:05Z
1667,EnCap Investments,Texas,179740,Advance Energy Partners,Oil/Gas Exploration,"Houston, Texas, United States",2014-01-01,Growth Capital,2023-01-24,Divestiture,9,False,,0,0,https://mergr.com/company/179740,2026-09-04T00:38:05Z
1667,EnCap Investments,Texas,179752,Paloma Partners IV,Oil/Gas Exploration,"Houston, Texas, United States",2014-01-01,Growth Capital,,,12.7,True,,0,0,https://mergr.com/company/179752,2026-09-04T00:38:05Z
1667,EnCap Investments,Texas,179750,Fuse Energy,Oil/Gas Exploration,"Greenwood Village, Colorado, United States",2014-01-01,"Buyout (LBO, MBO, MBI)",,,12.7,True,,0,0,https://mergr.com/company/179750,2026-09-04T00:38:05Z
1667,EnCap Investments,Texas,179755,Piedra Resources III,Oil/Gas Exploration,"Midland, Texas, United States",2014-01-01,"Buyout (LBO, MBO, MBI)",2023-04-03,Divestiture,9.3,False,,0,0,https://mergr.com/company/179755,2026-09-04T00:38:05Z
1667,EnCap Investments,Texas,179766,Silverback Exploration,Oil/Gas Exploration,"San Antonio, Texas, United States",2013-11-26,"Buyout (LBO, MBO, MBI)",2016-11-01,Divestiture,2.9,False,,0,0,https://mergr.com/company/179766,2026-09-04T00:38:05Z
1667,EnCap Investments,Texas,179802,Travis Peak Resources,Oil/Gas Exploration,"Austin, Texas, United States",2013-11-01,"Buyout (LBO, MBO, MBI)",,,12.8,True,,0,0,https://mergr.com/company/179802,2026-09-04T00:38:05Z
1667,EnCap Investments,Texas,179743,Bold Energy III LLC,Oil/Gas Exploration,"Midland, Texas, United States",2013-01-01,Growth Capital,2016-11-08,Divestiture,3.8,False,,0,0,https://mergr.com/company/179743,2026-09-04T00:38:05Z
1667,EnCap Investments,Texas,179757,QStar,Oil/Gas Exploration,"Houston, Texas, United States",2013-01-01,"Buyout (LBO, MBO, MBI)",,,13.7,True,,0,0,https://mergr.com/company/179757,2026-09-04T00:38:05Z
1667,EnCap Investments,Texas,179748,Felix Energy,Oil/Gas Exploration,"Denver, Colorado, United States",2013-01-01,"Buyout (LBO, MBO, MBI)",,,13.7,True,,0,0,https://mergr.com/company/179748,2026-09-04T00:38:05Z
1667,EnCap Investments,Texas,179747,Excalibur Resources,Oil/Gas Exploration,"Dallas, Texas, United States",2013-01-01,"Buyout (LBO, MBO, MBI)",,,13.7,True,,0,0,https://mergr.com/company/179747,2026-09-04T00:38:05Z
1667,EnCap Investments,Texas,179756,Protégé Energy III,Oil/Gas Exploration,"Tulsa, Oklahoma, United States",2013-01-01,"Buyout (LBO, MBO, MBI)",,,13.7,True,,0,0,https://mergr.com/company/179756,2026-09-04T00:38:05Z
1667,EnCap Investments,Texas,78401,Modern Resources,Oil/Gas Exploration,"Calgary, Alberta, Canada",2012-12-01,"Buyout (LBO, MBO, MBI)",2020-11-02,Divestiture,7.9,False,,0,0,https://mergr.com/company/78401,2026-09-04T00:38:05Z
1667,EnCap Investments,Texas,41269,Common Resources III,Oil/Gas Exploration,"The Woodlands, Texas, United States",2012-10-09,"Buyout (LBO, MBO, MBI)",,,13.8,True,,0,0,https://mergr.com/company/41269,2026-09-04T00:38:05Z
1667,EnCap Investments,Texas,41281,Grenadier Energy Partners II,Oil/Gas Exploration,"The Woodlands, Texas, United States",2012-07-01,Stake Purchase,2021-01-31,Divestiture,8.5,False,,0,0,https://mergr.com/company/41281,2026-09-04T00:38:05Z
1667,EnCap Investments,Texas,41285,Battalion Oil,Oil/Gas Exploration,"Houston, Texas, United States",2012-02-01,Recapitalization,,,14.6,True,,2,2,https://mergr.com/company/41285,2026-09-04T00:38:05Z
1667,EnCap Investments,Texas,275105,Montage Resources Corp.,Oil/Gas Exploration,"Irving, Texas, United States",2012-01-21,Stake Purchase,,,14.6,True,634,0,0,https://mergr.com/company/275105,2026-09-04T00:38:05Z
1667,EnCap Investments,Texas,41265,Broad Oak Energy II LLC,Oil/Gas Exploration,"Dallas, Texas, United States",2012-01-01,"Buyout (LBO, MBO, MBI)",,,14.7,True,,0,0,https://mergr.com/company/41265,2026-09-04T00:38:05Z
1667,EnCap Investments,Texas,41289,Marlin Resources LLC,Oil/Gas Exploration,"Lafayette, Louisiana, United States",2012-01-01,"Buyout (LBO, MBO, MBI)",,,14.7,True,,0,0,https://mergr.com/company/41289,2026-09-04T00:38:05Z
1667,EnCap Investments,Texas,41297,Paloma Resources III LLC,Oil/Gas Exploration,"Houston, Texas, United States",2012-01-01,"Buyout (LBO, MBO, MBI)",,,14.7,True,,0,0,https://mergr.com/company/41297,2026-09-04T00:38:05Z
1667,EnCap Investments,Texas,41305,PayRock Energy LLC,Oil/Gas Exploration,"Oklahoma City, Oklahoma, United States",2012-01-01,"Buyout (LBO, MBO, MBI)",2016-06-20,Divestiture,4.4,False,,0,0,https://mergr.com/company/41305,2026-09-04T00:38:05Z
1667,EnCap Investments,Texas,41313,Phillips Energy Partners III LLC,Oil/Gas Exploration,"Shreveport, Louisiana, United States",2012-01-01,"Buyout (LBO, MBO, MBI)",,,14.7,True,,0,0,https://mergr.com/company/41313,2026-09-04T00:38:05Z
1667,EnCap Investments,Texas,28725,Forge Energy,Oil/Gas Exploration,"San Antonio, Texas, United States",2011-07-01,Growth Capital,2017-12-11,Divestiture,6.4,False,,0,0,https://mergr.com/company/28725,2026-09-04T00:38:05Z
1667,EnCap Investments,Texas,28768,Enduring Resources,Oil/Gas Exploration,"Centennial, Colorado, United States",2011-06-01,"Buyout (LBO, MBO, MBI)",2014-05-01,Divestiture,2.9,False,,0,0,https://mergr.com/company/28768,2026-09-04T00:38:05Z
1667,EnCap Investments,Texas,28745,Silver Oak Energy,Oil/Gas Exploration,"Fort Worth, Texas, United States",2011-05-18,Stake Purchase,,,15.3,True,,0,0,https://mergr.com/company/28745,2026-09-04T00:38:05Z
1667,EnCap Investments,Texas,28746,Venado Oil & Gas LLC,Oil/Gas Exploration,"Austin, Texas, United States",2011-02-01,Stake Purchase,,,15.6,True,,2,0,https://mergr.com/company/28746,2026-09-04T00:38:05Z
1667,EnCap Investments,Texas,28724,FireWheel Energy,Oil/Gas Exploration,"Midland, Texas, United States",2011-01-01,"Buyout (LBO, MBO, MBI)",,,15.7,True,,0,1,https://mergr.com/company/28724,2026-09-04T00:38:05Z
1667,EnCap Investments,Texas,28722,Dorado E&P Partners LLC,Oil/Gas Exploration,"Denver, Colorado, United States",2011-01-01,Stake Purchase,,,15.7,True,,0,0,https://mergr.com/company/28722,2026-09-04T00:38:05Z
1667,EnCap Investments,Texas,25094,PennEnergy Resources,Oil/Gas Exploration,"Cranberry Township, Pennsylvania, United States",2011-01-01,Growth Capital,,,15.7,True,,1,0,https://mergr.com/company/25094,2026-09-04T00:38:05Z
1667,EnCap Investments,Texas,28851,Tracker Resources Development III LLC,Oil/Gas Exploration,"Denver, Colorado, United States",2011-01-01,Stake Purchase,,,15.7,True,,0,0,https://mergr.com/company/28851,2026-09-04T00:38:05Z
1667,EnCap Investments,Texas,28804,Limestone Exploration II LLC,Oil/Gas Exploration,"Midland, Texas, United States",2010-10-01,Stake Purchase,,,15.9,True,,0,0,https://mergr.com/company/28804,2026-09-04T00:38:05Z
1667,EnCap Investments,Texas,28767,Empresa Energy III,Oil/Gas Exploration,"Houston, Texas, United States",2010-09-01,Stake Purchase,,,16,True,,0,0,https://mergr.com/company/28767,2026-09-04T00:38:05Z
1667,EnCap Investments,Texas,25727,Common Resources II LLC,Oil/Gas Exploration,"The Woodlands, Texas, United States",2010-05-30,"Buyout (LBO, MBO, MBI)",2012-08-01,Trade Sale - Public Company,2.2,False,,0,0,https://mergr.com/company/25727,2026-09-04T00:38:05Z
1667,EnCap Investments,Texas,28822,Phillips Energy Partners II LLC,Oil/Gas Exploration,"Shreveport, Louisiana, United States",2010-01-01,"Buyout (LBO, MBO, MBI)",,,16.7,True,,0,0,https://mergr.com/company/28822,2026-09-04T00:38:05Z
1667,EnCap Investments,Texas,28807,Lone Star Land & Energy II,Oil/Gas Exploration,"Richardson, Texas, United States",2010-01-01,"Buyout (LBO, MBO, MBI)",,,16.7,True,,0,0,https://mergr.com/company/28807,2026-09-04T00:38:05Z
1667,EnCap Investments,Texas,24655,Paloma Resources II LLC,Oil/Gas Exploration,"Houston, Texas, United States",2009-11-01,"Buyout (LBO, MBO, MBI)",2012-05-09,Trade Sale - Public Company,2.5,False,,0,0,https://mergr.com/company/24655,2026-09-04T00:38:05Z
1667,EnCap Investments,Texas,17213,Plains All American,Energy Services and Equipment,"Houston, Texas, United States",2009-08-02,Secondary Buyout,2013-10-15,IPO,4.2,False,44262,3,0,https://mergr.com/company/17213,2026-09-04T00:38:05Z
1667,EnCap Investments,Texas,28766,Empresa Energy II,Oil/Gas Exploration,"Houston, Texas, United States",2009-07-01,"Buyout (LBO, MBO, MBI)",2010-06-01,Divestiture,0.9,False,,0,0,https://mergr.com/company/28766,2026-09-04T00:38:05Z
1667,EnCap Investments,Texas,173,Royal Offshore,Oil/Gas Exploration,"Corpus Christi, Texas, United States",2008-07-29,"Buyout (LBO, MBO, MBI)",,,18.1,True,,0,0,https://mergr.com/company/173,2026-09-04T00:38:05Z
1667,EnCap Investments,Texas,28818,PetroEdge Resources II,Oil/Gas Exploration,"Houston, Texas, United States",2008-07-14,Stake Purchase,,,18.1,True,,0,0,https://mergr.com/company/28818,2026-09-04T00:38:05Z
1667,EnCap Investments,Texas,28802,Limestone Exploration LLC,Oil/Gas Exploration,"Midland, Texas, United States",2008-04-01,Stake Purchase,2010-10-01,Unknown,2.5,False,,0,0,https://mergr.com/company/28802,2026-09-04T00:38:05Z
1667,EnCap Investments,Texas,28838,Protege Energy II LLC,Oil/Gas Exploration,"Tulsa, Oklahoma, United States",2008-01-01,Stake Purchase,,,18.7,True,,0,0,https://mergr.com/company/28838,2026-09-04T00:38:05Z
1667,EnCap Investments,Texas,28858,HVL Energy LLC,Oil/Gas Exploration,"Midland, Texas, United States",2008-01-01,Stake Purchase,,,18.7,True,,0,0,https://mergr.com/company/28858,2026-09-04T00:38:05Z
1667,EnCap Investments,Texas,25732,Common Resources LLC,Oil/Gas Exploration,"The Woodlands, Texas, United States",2007-11-01,Stake Purchase,2010-05-19,Trade Sale - Public Company,2.5,False,,0,2,https://mergr.com/company/25732,2026-09-04T00:38:05Z
1667,EnCap Investments,Texas,28770,Escondido Resources,Oil/Gas Exploration,"Katy, Texas, United States",2007-11-01,Stake Purchase,,,18.8,True,,0,0,https://mergr.com/company/28770,2026-09-04T00:38:05Z
1667,EnCap Investments,Texas,28832,Plantation Petroleum Holdings IV,Oil/Gas Exploration,"Houston, Texas, United States",2007-08-01,"Buyout (LBO, MBO, MBI)",2011-11-01,Trade Sale - Public Company,4.3,False,,0,0,https://mergr.com/company/28832,2026-09-04T00:38:05Z
1667,EnCap Investments,Texas,28739,Legado Resources LLC,Oil/Gas Exploration,"The Woodlands, Texas, United States",2007-07-01,Stake Purchase,,,19.2,True,,0,0,https://mergr.com/company/28739,2026-09-04T00:38:05Z
1667,EnCap Investments,Texas,28726,Grenadier Energy Partners LLC,Oil/Gas Exploration,"Woodlands, Texas, United States",2007-04-01,"Buyout (LBO, MBO, MBI)",2012-12-01,Divestiture,5.7,False,,0,0,https://mergr.com/company/28726,2026-09-04T00:38:05Z
1667,EnCap Investments,Texas,28762,Cordillera Energy Partners III LLC,Oil/Gas Exploration,"Greenwood Village, Colorado, United States",2007-03-01,"Buyout (LBO, MBO, MBI)",2012-01-23,Divestiture,4.8,False,,0,0,https://mergr.com/company/28762,2026-09-04T00:38:05Z
1667,EnCap Investments,Texas,28859,Paloma Barnett LLC,Oil/Gas Exploration,"Houston, Texas, United States",2007-03-01,Stake Purchase,2008-04-01,Trade Sale - Public Company,1.1,False,,0,0,https://mergr.com/company/28859,2026-09-04T00:38:05Z
1667,EnCap Investments,Texas,28855,Chord Energy,Oil/Gas Exploration,"Houston, Texas, United States",2007-02-01,"Buyout (LBO, MBO, MBI)",2010-06-01,IPO,3.3,False,4877,0,0,https://mergr.com/company/28855,2026-09-04T00:38:05Z
1667,EnCap Investments,Texas,28805,Lone Star Land & Energy LLC,Oil/Gas Exploration,"Dallas, Texas, United States",2007-01-01,"Buyout (LBO, MBO, MBI)",,,19.7,True,,0,0,https://mergr.com/company/28805,2026-09-04T00:38:05Z
1667,EnCap Investments,Texas,28824,Piedra Resources LLC,Oil/Gas Exploration,"Midland, Texas, United States",2007-01-01,"Buyout (LBO, MBO, MBI)",2011-01-01,Divestiture,4,False,,0,0,https://mergr.com/company/28824,2026-09-04T00:38:05Z
1667,EnCap Investments,Texas,28843,Talon Oil & Gas LLC,Oil/Gas Exploration,"Dallas, Texas, United States",2007-01-01,"Buyout (LBO, MBO, MBI)",,,19.7,True,,0,0,https://mergr.com/company/28843,2026-09-04T00:38:05Z
1667,EnCap Investments,Texas,163,Peregrine Oil & Gas II,Oil/Gas Exploration,"Houston, Texas, United States",2007-01-01,"Buyout (LBO, MBO, MBI)",,,19.7,True,,0,0,https://mergr.com/company/163,2026-09-04T00:38:05Z
1667,EnCap Investments,Texas,28742,Navidad Resources LLC,Oil/Gas Exploration,"Tyler, Texas, United States",2007-01-01,"Buyout (LBO, MBO, MBI)",,,19.7,True,,0,0,https://mergr.com/company/28742,2026-09-04T00:38:05Z
1667,EnCap Investments,Texas,28840,Renaissance Holding Co. LLC,Oil/Gas Exploration,"Houston, Texas, United States",2007-01-01,Stake Purchase,,,19.7,True,,0,0,https://mergr.com/company/28840,2026-09-04T00:38:05Z
1667,EnCap Investments,Texas,28842,Staghorn Energy LLC,Oil/Gas Exploration,"Tulsa, Oklahoma, United States",2007-01-01,Stake Purchase,,,19.7,True,,0,0,https://mergr.com/company/28842,2026-09-04T00:38:05Z
1667,EnCap Investments,Texas,28852,Eagle Oil & Gas Co.,Oil/Gas Exploration,"Dallas, Texas, United States",2007-01-01,"Buyout (LBO, MBO, MBI)",,,19.7,True,,0,1,https://mergr.com/company/28852,2026-09-04T00:38:05Z
1667,EnCap Investments,Texas,28854,Fossil Creek Resources,Oil/Gas Exploration,"Arlington, Texas, United States",2007-01-01,"Buyout (LBO, MBO, MBI)",,,19.7,True,,0,0,https://mergr.com/company/28854,2026-09-04T00:38:05Z
1667,EnCap Investments,Texas,138185,Marquette Exploration LLC,Oil/Gas Exploration,"The Woodlands, Texas, United States",2006-09-01,"Buyout (LBO, MBO, MBI)",2011-09-08,Divestiture,5,False,,0,0,https://mergr.com/company/138185,2026-09-04T00:38:05Z
1667,EnCap Investments,Texas,12611,Laredo Energy IV,Oil/Gas Exploration,"Houston, Texas, United States",2006-08-01,"Buyout (LBO, MBO, MBI)",,,20.1,True,,0,0,https://mergr.com/company/12611,2026-09-04T00:38:05Z
1667,EnCap Investments,Texas,28850,Tracker Resource Development II LLC,Oil/Gas Exploration,"Denver, Colorado, United States",2006-05-01,Stake Purchase,2010-12-01,Trade Sale - Public Company,4.6,False,,0,0,https://mergr.com/company/28850,2026-09-04T00:38:05Z
1667,EnCap Investments,Texas,179872,Tracker Resources Development II LLC,Oil/Gas Exploration,"Denver, United States",2006-05-01,"Buyout (LBO, MBO, MBI)",2010-12-01,Divestiture,4.6,False,,0,0,https://mergr.com/company/179872,2026-09-04T00:38:05Z
1667,EnCap Investments,Texas,170,Manti Resources,Oil/Gas Exploration,"Houston, Texas, United States",2006-01-01,"Buyout (LBO, MBO, MBI)",,,20.7,True,,0,0,https://mergr.com/company/170,2026-09-04T00:38:05Z
1667,EnCap Investments,Texas,28817,PetroEdge Resources LLC,Oil/Gas Exploration,"Houston, Texas, United States",2006-01-01,Stake Purchase,2008-07-14,Trade Sale - Public Company,2.5,False,,0,0,https://mergr.com/company/28817,2026-09-04T00:38:05Z
2414,Trive Capital,Texas,284171,Polar Technology Management Group,Manufacturing,"Eynsham, United Kingdom",2026-04-24,Secondary Buyout,,,0.3,True,,0,0,https://mergr.com/company/284171,2026-09-04T00:38:05Z
2414,Trive Capital,Texas,29920,Adrianna Papell,Apparel/Textiles,"New York, New York, United States",2026-03-03,Secondary Buyout,,,0.5,True,,0,0,https://mergr.com/company/29920,2026-09-04T00:38:05Z
2414,Trive Capital,Texas,347155,PavCon,Information Technology,"Latrobe, Pennsylvania, United States",2026-02-03,Growth Capital,,,0.6,True,,0,0,https://mergr.com/company/347155,2026-09-04T00:38:05Z
2414,Trive Capital,Texas,347141,Illumis Global,Business Services,"Mt. Pleasant, South Carolina, United States",2025-11-20,Growth Capital,,,0.8,True,,0,0,https://mergr.com/company/347141,2026-09-04T00:38:05Z
2414,Trive Capital,Texas,347167,Avari,Real Estate,"Park City, Utah, United States",2025-11-10,"Buyout (LBO, MBO, MBI)",,,0.8,True,,0,0,https://mergr.com/company/347167,2026-09-04T00:38:05Z
2414,Trive Capital,Texas,346483,Rolfson Oil,Oil/Gas Exploration,"Addison, Texas, United States",2025-11-05,Growth Capital,,,0.8,True,,0,0,https://mergr.com/company/346483,2026-09-04T00:38:05Z
2414,Trive Capital,Texas,342451,Canopy Aerospace & Defense,Aerospace,"Dallas, Texas, United States",2025-09-03,"Buyout (LBO, MBO, MBI)",,,1,True,,2,0,https://mergr.com/company/342451,2026-09-04T00:38:05Z
2414,Trive Capital,Texas,282120,IFA,Aerospace,"Sheffield, United Kingdom",2025-02-26,Secondary Buyout,,,1.5,True,,0,0,https://mergr.com/company/282120,2026-09-04T00:38:05Z
2414,Trive Capital,Texas,347175,Chilton Auto Body,Automotive,"Pleasanton, California, United States",2025-02-13,Growth Capital,,,1.5,True,,0,0,https://mergr.com/company/347175,2026-09-04T00:38:05Z
2414,Trive Capital,Texas,347180,Crunch Canada,Consumer Services,"Cambridge, Ontario, Canada",2024-11-13,Growth Capital,,,1.8,True,,0,0,https://mergr.com/company/347180,2026-09-04T00:38:05Z
2414,Trive Capital,Texas,241594,Mo'Bettahs Hawaiian Style Food,Restaurants,"North Logan, Utah, United States",2024-10-22,Divestiture,,,1.8,True,,0,0,https://mergr.com/company/241594,2026-09-04T00:38:05Z
2414,Trive Capital,Texas,347147,JF Fitness of North America,Consumer Services,"Richmond, Virginia, United States",2024-06-21,Growth Capital,,,2.2,True,,0,0,https://mergr.com/company/347147,2026-09-04T00:38:05Z
2414,Trive Capital,Texas,343756,RPM,Transportation,"Birmingham, Michigan, United States",2024-05-31,"Buyout (LBO, MBO, MBI)",,,2.3,True,,2,0,https://mergr.com/company/343756,2026-09-04T00:38:05Z
2414,Trive Capital,Texas,347164,Accelint,Defense,"Falls Church, Virginia, United States",2024-05-08,Consolidation,,,2.3,True,,2,0,https://mergr.com/company/347164,2026-09-04T00:38:05Z
2414,Trive Capital,Texas,323967,Formula Wellness,Healthcare Services,"Dallas, Texas, United States",2024-03-18,"Buyout (LBO, MBO, MBI)",,,2.4,True,,0,0,https://mergr.com/company/323967,2026-09-04T00:38:05Z
2414,Trive Capital,Texas,325428,Tenpin,Leisure,"Cranfield Bedfordshire, United Kingdom",2024-02-06,Going Private,,,2.5,True,,1,0,https://mergr.com/company/325428,2026-09-04T00:38:05Z
2414,Trive Capital,Texas,347176,Claim Assist Solutions,Insurance,"San Antonio, Texas, United States",2024-01-22,Growth Capital,,,2.6,True,,1,0,https://mergr.com/company/347176,2026-09-04T00:38:05Z
2414,Trive Capital,Texas,347139,Venturi Supply,Manufacturing,"Phoenix, Arizona, United States",2023-12-20,"Buyout (LBO, MBO, MBI)",,,2.7,True,,0,0,https://mergr.com/company/347139,2026-09-04T00:38:05Z
2414,Trive Capital,Texas,347179,Clipper Media,Marketing,United States,2023-11-21,Growth Capital,,,2.8,True,,0,0,https://mergr.com/company/347179,2026-09-04T00:38:05Z
2414,Trive Capital,Texas,323878,Avatara,Information Technology,"St. Louis, Missouri, United States",2023-11-01,Growth Capital,,,2.8,True,,0,0,https://mergr.com/company/323878,2026-09-04T00:38:05Z
2414,Trive Capital,Texas,324483,Veltris,Engineering,"Milpitas, California, United States",2023-10-04,Consolidation,,,2.9,True,,1,0,https://mergr.com/company/324483,2026-09-04T00:38:05Z
2414,Trive Capital,Texas,325434,Pryor Learning,Education,"Mission, Kansas, United States",2023-08-15,Growth Capital,,,3,True,,1,0,https://mergr.com/company/325434,2026-09-04T00:38:05Z
2414,Trive Capital,Texas,324083,FoundRae,Consumer Products,"New York, New York, United States",2023-07-06,"Buyout (LBO, MBO, MBI)",,,3.1,True,,0,0,https://mergr.com/company/324083,2026-09-04T00:38:05Z
2414,Trive Capital,Texas,309393,Kittyhawk,Building Materials,"Garden Grove, California, United States",2023-01-26,Growth Capital,2026-07-16,Divestiture,3.4,False,,1,0,https://mergr.com/company/309393,2026-09-04T00:38:05Z
2414,Trive Capital,Texas,308917,HTeaO,Franchising,"Midland, Texas, United States",2023-01-10,Stake Purchase,,,3.6,True,,0,0,https://mergr.com/company/308917,2026-09-04T00:38:05Z
2414,Trive Capital,Texas,323879,Cascade Services,Consumer Services,"Tampa, Florida, United States",2022-12-15,Consolidation,,,3.7,True,,8,0,https://mergr.com/company/323879,2026-09-04T00:38:05Z
2414,Trive Capital,Texas,316380,Forward Slope,Information Technology,"San Diego, California, United States",2022-11-30,Growth Capital,2024-05-08,Divestiture,1.4,False,,2,0,https://mergr.com/company/316380,2026-09-04T00:38:05Z
2414,Trive Capital,Texas,57806,Wilson Connectivity,Communications,"Cottonwood Heights, Utah, United States",2022-08-18,Secondary Buyout,,,4,True,,1,0,https://mergr.com/company/57806,2026-09-04T00:38:05Z
2414,Trive Capital,Texas,313263,Woody's Brands,Restaurants,"Houston, Texas, United States",2022-03-28,"Buyout (LBO, MBO, MBI)",,,4.4,True,,0,0,https://mergr.com/company/313263,2026-09-04T00:38:05Z
2414,Trive Capital,Texas,297704,BPS Supply Group,Energy Services and Equipment,"Shafter, California, United States",2022-03-22,Growth Capital,,,4.4,True,,1,0,https://mergr.com/company/297704,2026-09-04T00:38:05Z
2414,Trive Capital,Texas,325429,Terraboost Media,Marketing,"Cheyenne, Wyoming, United States",2022-02-23,Growth Capital,,,4.5,True,,0,0,https://mergr.com/company/325429,2026-09-04T00:38:05Z
2414,Trive Capital,Texas,296425,Systems Innovation Engineering,Defense,"Mullica Hill, New Jersey, United States",2022-02-16,Growth Capital,2024-05-08,Divestiture,2.2,False,,0,0,https://mergr.com/company/296425,2026-09-04T00:38:05Z
2414,Trive Capital,Texas,324082,empower,Healthcare Services,"Eagan, Minnesota, United States",2022-02-04,"Buyout (LBO, MBO, MBI)",,,4.6,True,,0,0,https://mergr.com/company/324082,2026-09-04T00:38:05Z
2414,Trive Capital,Texas,314448,Allcat Claims Service,Insurance,"San Antonio, Texas, United States",2022-02-01,Growth Capital,2024-01-22,Divestiture,1.9,False,,0,0,https://mergr.com/company/314448,2026-09-04T00:38:05Z
2414,Trive Capital,Texas,277854,Premium Guard,Automotive,"Memphis, Tennessee, United States",2022-01-07,Stake Purchase,,,4.6,True,,1,0,https://mergr.com/company/277854,2026-09-04T00:38:05Z
2414,Trive Capital,Texas,286497,Thriving Brands,Food,"Cincinnati, Ohio, United States",2021-06-01,Consolidation,,,5.3,True,,1,0,https://mergr.com/company/286497,2026-09-04T00:38:05Z
2414,Trive Capital,Texas,282714,ColdTrack,Transportation,"Edison, New Jersey, United States",2021-03-10,"Buyout (LBO, MBO, MBI)",,,5.4,True,,0,0,https://mergr.com/company/282714,2026-09-04T00:38:05Z
2414,Trive Capital,Texas,281325,OWL Services,Business Services,"Irving, Texas, United States",2021-02-02,"Buyout (LBO, MBO, MBI)",,,5.6,True,,2,0,https://mergr.com/company/281325,2026-09-04T00:38:05Z
2414,Trive Capital,Texas,290724,Karman,Defense,"Huntington Beach, California, United States",2021-01-26,Consolidation,2025-02-13,IPO,4,False,345,1,0,https://mergr.com/company/290724,2026-09-04T00:38:05Z
2414,Trive Capital,Texas,123125,Valor Healthcare,Healthcare Services,"Dallas, Texas, United States",2020-09-01,Divestiture,,,6,True,,1,0,https://mergr.com/company/123125,2026-09-04T00:38:05Z
2414,Trive Capital,Texas,276291,NuBridge Commercial Lending,Real Estate,"Diamond Bar, California, United States",2020-08-12,"Buyout (LBO, MBO, MBI)",,,6,True,,0,0,https://mergr.com/company/276291,2026-09-04T00:38:05Z
2414,Trive Capital,Texas,274531,Field Aerospace,Aerospace,"Cincinnati, Ohio, United States",2020-07-27,Growth Capital,,,6.1,True,,0,0,https://mergr.com/company/274531,2026-09-04T00:38:05Z
2414,Trive Capital,Texas,274532,Rubicon Bakers,Food,"Richmond, California, United States",2020-07-22,Growth Capital,,,6.1,True,,1,0,https://mergr.com/company/274532,2026-09-04T00:38:05Z
2414,Trive Capital,Texas,287176,Choice Health at Home,Healthcare Services,"Tyler, Texas, United States",2020-07-21,Stake Purchase,,,6.1,True,,6,0,https://mergr.com/company/287176,2026-09-04T00:38:05Z
2414,Trive Capital,Texas,273286,Lucky Bucks,Consumer Services,"Toronto, Ontario, Canada",2020-06-15,Going Private,,,6.2,True,60,0,0,https://mergr.com/company/273286,2026-09-04T00:38:05Z
2414,Trive Capital,Texas,262413,Cadient Talent,Internet Software and Services,"Raleigh, North Carolina, United States",2019-06-17,Divestiture,2024-04-10,Trade Sale - Public Company,4.8,False,,0,0,https://mergr.com/company/262413,2026-09-04T00:38:05Z
2414,Trive Capital,Texas,93357,EarthLink,Communications,"Atlanta, Georgia, United States",2019-01-03,Divestiture,,,7.7,True,1097,4,0,https://mergr.com/company/93357,2026-09-04T00:38:05Z
2414,Trive Capital,Texas,292225,Vitesse Systems,Manufacturing,"Newark, California, United States",2018-12-26,Growth Capital,,,7.7,True,,3,0,https://mergr.com/company/292225,2026-09-04T00:38:05Z
2414,Trive Capital,Texas,256909,iRISE,Healthcare Services,"Coral Springs, Florida, United States",2018-12-20,Growth Capital,,,7.7,True,,0,0,https://mergr.com/company/256909,2026-09-04T00:38:05Z
2414,Trive Capital,Texas,276387,Streamland Media,Media,"Burbank, California, United States",2018-08-31,"Buyout (LBO, MBO, MBI)",2025-03-31,Unknown,6.6,False,,2,0,https://mergr.com/company/276387,2026-09-04T00:38:05Z
2414,Trive Capital,Texas,250921,Wellman,Aerospace,"Creston, Iowa, United States",2018-05-15,Special Situations/Distressed,2022-08-01,Trade Sale - Public Company,4.2,False,,0,0,https://mergr.com/company/250921,2026-09-04T00:38:05Z
2414,Trive Capital,Texas,250703,SSW Advanced Technologies,Manufacturing,"Louisville, Kentucky, United States",2018-05-07,"Buyout (LBO, MBO, MBI)",,,8.3,True,,1,0,https://mergr.com/company/250703,2026-09-04T00:38:05Z
2414,Trive Capital,Texas,276344,NxEdge,Business Services,"Boise, Idaho, United States",2016-09-23,Growth Capital,2021-11-05,Divestiture,5.1,False,,0,0,https://mergr.com/company/276344,2026-09-04T00:38:05Z
2414,Trive Capital,Texas,276346,ParFab,Energy Services and Equipment,"Inola, Oklahoma, United States",2016-05-04,Growth Capital,2021-01-29,Unknown,4.7,False,,0,0,https://mergr.com/company/276346,2026-09-04T00:38:05Z
2414,Trive Capital,Texas,217822,Iowa Northern Railway,Transportation,"Waterloo, Iowa, United States",2016-03-29,Recapitalization,2023-12-06,Divestiture,7.7,False,,0,0,https://mergr.com/company/217822,2026-09-04T00:38:05Z
2414,Trive Capital,Texas,202291,East West Copolymer LLC,Chemicals,"Baton Rouge, Louisiana, United States",2016-02-17,Secondary Buyout,2017-04-04,Bankruptcy,1.1,False,,0,0,https://mergr.com/company/202291,2026-09-04T00:38:05Z
2414,Trive Capital,Texas,212846,Amteck,Construction,"Lexington, Kentucky, United States",2015-07-14,Growth Capital,2020-01-14,Unknown,4.5,False,,3,0,https://mergr.com/company/212846,2026-09-04T00:38:05Z
2414,Trive Capital,Texas,194275,Architectural Surfaces Group,Building Materials,"Austin, Texas, United States",2015-07-01,Growth Capital,2017-12-07,Divestiture,2.4,False,,0,0,https://mergr.com/company/194275,2026-09-04T00:38:05Z
2414,Trive Capital,Texas,190118,Madison-Kipp,Metals/Mining,"Madison, Wisconsin, United States",2015-05-26,"Buyout (LBO, MBO, MBI)",2020-07-16,Unknown,5.1,False,,0,0,https://mergr.com/company/190118,2026-09-04T00:38:05Z
2414,Trive Capital,Texas,242650,American Veterinary Group,Consumer Services,"Tampa, Florida, United States",2015-01-01,Growth Capital,2021-03-16,Trade Sale - Public Company,6.2,False,,1,0,https://mergr.com/company/242650,2026-09-04T00:38:05Z
2414,Trive Capital,Texas,135093,ISR Group LLC,Defense,"Savannah, Tennessee, United States",2014-10-14,Special Situations/Distressed,,,11.8,True,,0,0,https://mergr.com/company/135093,2026-09-04T00:38:05Z
2414,Trive Capital,Texas,135065,Merlin RAMCo,Defense,"Jacksonville, Florida, United States",2014-10-14,Growth Capital,,,11.8,True,,0,0,https://mergr.com/company/135065,2026-09-04T00:38:05Z
2414,Trive Capital,Texas,32719,Residential Design Services,Building Materials,"Anaheim, California, United States",2014-09-15,Recapitalization,2017-12-07,Divestiture,3.2,False,,1,0,https://mergr.com/company/32719,2026-09-04T00:38:05Z
2414,Trive Capital,Texas,97369,"AGM Automotive, Inc.",Automotive,"Troy, Michigan, United States",2014-04-16,"Buyout (LBO, MBO, MBI)",2017-02-21,Divestiture,2.8,False,,2,0,https://mergr.com/company/97369,2026-09-04T00:38:05Z
2414,Trive Capital,Texas,122745,"Chrome Plus International, Inc.",Metals/Mining,"Wichita, Kansas, United States",2013-12-01,"Buyout (LBO, MBO, MBI)",,,12.8,True,,0,0,https://mergr.com/company/122745,2026-09-04T00:38:05Z
2414,Trive Capital,Texas,122053,Valence Surface Technologies,Aerospace,"El Segundo, California, United States",2013-10-17,"Buyout (LBO, MBO, MBI)",2019-07-08,Trade Sale - Public Company,5.7,False,,7,0,https://mergr.com/company/122053,2026-09-04T00:38:05Z
2414,Trive Capital,Texas,1701,"Coast Plating, Inc.",Metals/Mining,"Gardena, California, United States",2013-10-01,Secondary Buyout,,,12.9,True,,0,0,https://mergr.com/company/1701,2026-09-04T00:38:05Z
2414,Trive Capital,Texas,56862,Southern Towing Co.,Transportation,"Memphis, Tennessee, United States",2013-06-19,"Buyout (LBO, MBO, MBI)",2019-05-30,Divestiture,5.9,False,,0,0,https://mergr.com/company/56862,2026-09-04T00:38:05Z
2414,Trive Capital,Texas,4140,Huron,Automotive,"Lexington, Michigan, United States",2013-02-28,Secondary Buyout,2015-09-02,Trade Sale - Public Company,2.5,False,,0,0,https://mergr.com/company/4140,2026-09-04T00:38:05Z
2414,Trive Capital,Texas,56858,"Precise Packaging, Inc.",Chemicals,"Fall River, Massachusetts, United States",2013-01-11,"Buyout (LBO, MBO, MBI)",2019-08-22,Divestiture,6.6,False,,0,0,https://mergr.com/company/56858,2026-09-04T00:38:05Z
2414,Trive Capital,Texas,103589,NCSG Crane & Heavy Haul,Business Services,"Acheson, Alberta, Canada",2006-10-16,"Buyout (LBO, MBO, MBI)",2024-07-19,Divestiture,17.8,False,,2,1,https://mergr.com/company/103589,2026-09-04T00:38:05Z
